date,llm_seasonal_gross,llm_seasonal_net,llm_event_time_gross,llm_event_time_net,lm_seasonal_gross,lm_seasonal_net,lm_event_time_gross,lm_event_time_net,llm_guidance_seasonal_gross,llm_guidance_seasonal_net,llm_guidance_event_time_gross,llm_guidance_event_time_net,llm_margins_seasonal_gross,llm_margins_seasonal_net,llm_margins_event_time_gross,llm_margins_event_time_net,llm_demand_seasonal_gross,llm_demand_seasonal_net,llm_demand_event_time_gross,llm_demand_event_time_net,llm_overall_seasonal_gross,llm_overall_seasonal_net,llm_overall_event_time_gross,llm_overall_event_time_net,llm_delta_seasonal_gross,llm_delta_seasonal_net,llm_delta_event_time_gross,llm_delta_event_time_net,market_SPY
2021-02-11,,,0.0026691782252149156,0.0016493369553736458,,,0.0026691782252149156,0.0016493369553736458,,,0.0026691782252149156,0.0016493369553736458,,,0.015641071100770176,0.014621229830928907,,,-0.0038167682125627156,-0.004836609482403985,,,-0.0038167682125627156,-0.004836609482403985,,,,,-0.01554871401841229
2021-02-12,,,0.0006766377566007251,0.0006567964867594553,,,0.0006766377566007251,0.0006567964867594553,,,0.0006766377566007251,0.0006567964867594553,,,-0.005895376186340617,-0.005915217456181887,,,0.003962644728071396,0.0039428034582301265,,,0.003962644728071396,0.0039428034582301265,,,,,-0.0030363833799302853
2021-02-15,,,0.004513261470418861,0.0030934202005775914,,,0.002578869547004592,0.0009875997057347508,,,0.004513261470418861,0.0030934202005775914,,,0.002906479965132658,0.001386638695291388,,,0.006085579060907037,0.004565737791065767,,,0.007317948554092735,0.006298107284251465,,,,,-0.004694099197220747
2021-02-16,,,0.02265929673270528,0.021972788796197344,,,0.01703914831434271,0.016352640377834772,,,0.02265929673270528,0.021972788796197344,,,0.024900405763681244,0.024380564493839973,,,0.010011593330963353,0.009241752061122084,,,0.011982876317405949,0.011296368380898012,,,,,-0.0065476563306767765
2021-02-17,,,-0.009651861251618387,-0.010238369188126324,,,-0.011165015446293211,-0.01155985671613448,,,-0.009651861251618387,-0.010238369188126324,,,-0.048363598393528884,-0.04888343966337015,,,-0.00815088231347791,-0.008704056916652513,,,0.009951412815258307,0.009348238212083703,,,,,-0.002546564763493464
2021-02-18,,,0.0014486546296416276,0.001285956216943215,,,0.0025604396200789303,0.0024294872391265494,,,0.0014486546296416276,0.001285956216943215,,,-0.005416344960049779,-0.005436186229891049,,,-0.008022143787553579,-0.008041985057394849,,,0.004460146259733316,0.004440304989892047,,,,,0.016924354423578425
2021-02-19,,,0.01613555898681082,0.016115717716969548,,,0.008978084594638742,0.008758243324797473,,,0.01613555898681082,0.016115717716969548,,,0.017639798745079177,0.017619957475237907,,,0.01613611685411665,0.01611627558427538,,,0.014274067011568295,0.014254225741727024,,,,,-0.009044142272625733
2021-02-22,,,-0.001986222239095531,-0.0021727301756034674,,,-0.001517063947024777,-0.0017035718835327136,,,-0.001986222239095531,-0.0021727301756034674,,,-0.02853006506387004,-0.028549906333711312,,,0.011555363395844787,0.011535522126003516,,,0.009259110235760435,0.009239268965919164,,,,,0.011131061900506278
2021-02-23,,,0.0009314770465588124,0.0007866357767175425,,,0.005425742140417637,0.0050559008705763665,,,0.0009314770465588124,0.0007866357767175425,,,-0.007118873198604353,-0.007138714468445623,,,0.0023376612894901276,0.0023178200196488576,,,-0.0031730682723497723,-0.0031929095421910423,,,,,-0.018031567487773903
2021-02-24,,,0.0009727250979901618,0.000698915574180638,,,-0.0009785305959133326,-0.0012003920677748044,,,0.0009727250979901618,0.000698915574180638,,,0.00977778862048645,0.009091280683978513,,,0.0014809730713000934,0.0009432746586016808,,,-0.0028482165540231075,-0.003546629252435806,,,,,-0.0032037353298436377
2021-02-25,,,0.01342660862316649,0.01315676735332522,,,0.01216595650698462,0.011879448570476682,,,0.01342660862316649,0.01315676735332522,,,0.0005265764330228627,0.00010673516318159286,,,0.001986790841491647,0.0017447273494281552,,,0.0031206068621838024,0.002672194163771104,,,,,0.0022702837161550082
2021-02-26,,,0.01167391711488322,0.01165407584504195,,,0.011072777593047593,0.011052936323206322,,,0.01167391711488322,0.01165407584504195,,,0.003911918607532247,0.003892077337690977,,,0.01329669092997268,0.01327684966013141,,,0.013671330857560973,0.013651489587719702,,,,,0.006928445644952097
2021-03-01,,,-0.0030738665385035687,-0.0030937078083448388,,,-0.0025344475868034717,-0.0025542888566447417,,,-0.0030738665385035687,-0.0030937078083448388,,,-0.002581053699819891,-0.002600894969661161,,,-0.012521346614140401,-0.012541187883981671,,,0.0020591329982859886,0.0020392917284447185,,,,,0.008303492377721433
2021-03-02,0.003692027109873798,0.001672185840032528,-0.0005131130688040362,-0.000532954338645306,0.0052959153674222575,0.0032760740975809875,0.0027642287633564237,0.0027443874935151537,0.006502641788212825,0.004482800518371554,-0.0005131130688040362,-0.000532954338645306,0.008465343098618218,0.006445501828776947,0.012112873716029274,0.012093032446188003,0.005977574801439199,0.003957733531597929,0.010871818676130782,0.010851977406289511,-0.00033058358754340517,-0.0023504248573846752,-0.0022258354117175166,-0.0022456766815587867,,,,,0.009206819587199266
2021-03-03,-0.0036168902401163064,-0.0036367315099575764,-0.011219277250637875,-0.011239118520479145,-0.005644484179174715,-0.0056643254490159846,-0.007685426037539371,-0.007705267307380641,-0.006950505203220311,-0.006970346473061581,-0.011219277250637875,-0.011239118520479145,-0.009138054093358619,-0.00915789536319989,-0.006349112316552915,-0.006368953586394184,-0.0063128331890714914,-0.006332674458912761,-0.015765406161558398,-0.015785247431399668,-0.0024650161841640386,-0.0024848574540053086,-0.0015331802199354263,-0.0015530214897766961,,,,,-0.0033559757947329016
2021-03-04,0.016878561541973827,0.016858720272132557,0.01632900243609313,0.01630916116625186,0.007071768319065017,0.007051927049223747,0.005353098047100022,0.005333256777258753,0.0181962032021517,0.01817636193231043,0.01632900243609313,0.01630916116625186,0.004726969412237048,0.004707128142395778,0.014840534453329505,0.014820693183488234,0.015375168408866956,0.015355327139025685,0.01563311242484282,0.015613271155001548,0.0030222569775641486,0.0030024157077228786,0.0060615493872227776,0.006041708117381508,,,,,-0.004605869719310207
2021-03-05,0.0002881433514358156,0.0002683020815945458,0.0006556454855866922,0.0006358042157454224,0.00532116613176372,0.005301324861922451,0.009055083954396598,0.009035242684555328,-0.002788545941834933,-0.002808387211676203,0.0006556454855866922,0.0006358042157454224,-0.004960596772702094,-0.004980438042543364,-0.0011171764269461704,-0.0011370176967874402,-0.004995625227189028,-0.005015466497030298,-0.00116314451991828,-0.0011829857897595498,0.003984232753760614,0.003964391483919344,0.009017449253381089,0.008997607983539819,,,,,0.009917734693828617
2021-03-08,-0.0015384842920453806,-0.0015583255618866504,0.0008271270458042284,0.0008072857759629586,-0.006398430172728578,-0.006418271442569848,0.005551583829125661,0.0055317425592843915,-0.0024619754336430016,-0.0024818167034842717,0.0008271270458042284,0.0008072857759629586,-0.005361269366231207,-0.0053811106360724765,-0.001784425122512682,-0.0018042663923539517,0.004214640602252344,0.004194799332411074,-0.0017881645927551992,-0.001808005862596469,-0.0035412727800784444,-0.0035611140499197144,0.0007142437413398023,0.0006944024714985325,,,,,-0.001624347573697671
2021-03-09,0.0012854168142242273,0.0012655755443829575,0.004820545095633755,0.0048007038257924855,0.0025431019931154153,0.0025232607232741453,0.0014810199563162502,0.0014611786864749804,-0.0008972715606638121,-0.0009171128305050819,0.004820545095633755,0.0048007038257924855,-0.0003809611371546548,-0.0004008024069959246,-0.005627405349822642,-0.005647246619663911,0.00275004070501398,0.00273019943517271,-0.0008761612985729028,-0.0008960025684141726,-0.002853843914760429,-0.002873685184601699,-0.00202938673541472,-0.00204922800525599,,,,,-0.013552549556717142
2021-03-10,-0.00891333897755018,-0.00893318024739145,-0.009298242320748357,-0.009318083590589627,-0.005843498898491402,-0.0058633401683326715,-0.006657758019294375,-0.0066775992891356445,-0.005460502801361795,-0.005480344071203065,-0.009298242320748357,-0.009318083590589627,-0.011236280850717276,-0.011256122120558546,-0.015567206127930288,-0.015587047397771558,-0.0021555133790023343,-0.0021753546488436043,-0.005615047212421934,-0.0056348884822632036,-0.0027535400793424897,-0.0027733813491837597,-0.004415734900801018,-0.004435576170642288,,,,,-0.01198615935403835
2021-03-11,0.002099137736222799,0.002079296466381529,0.0070017624493944886,0.006648587846219885,-0.0006626060141467077,-0.0006824472839879775,0.004921360306992837,0.004651519037151567,0.0019332472306913678,0.001913405960850098,0.0070017624493944886,0.006648587846219885,0.005428736157264996,0.0054088948874237265,0.004605401191638825,0.004335559921797555,0.0022771158990292847,0.0022572746291880147,0.01061163432610032,0.010306078770544765,0.0013874375298946681,0.0013675962600533983,0.015946540809191227,0.015526699539349957,,,,,-0.009633975146017604
2021-03-12,-0.0051475017306463755,-0.005167343000487645,0.007591484014281609,0.007571642744440339,-0.00642802007441045,-0.006447861344251719,-0.0019976676710264157,-0.0020175089408676857,-0.004594264306946899,-0.004614105576788169,0.007591484014281609,0.007571642744440339,-0.005941966866232697,-0.005961808136073966,-0.008486236190851417,-0.008506077460692688,-0.015226875037996489,-0.01524671630783776,-0.013761250896546125,-0.013781092166387395,-0.010858392637894287,-0.010878233907735558,-0.00522513220272635,-0.00524497347256762,,,,,0.005948768184591335
2021-03-15,-0.006737363890549408,-0.006757205160390678,-0.01615553955359991,-0.01662776177582213,-0.004979718818205928,-0.004999560088047197,-0.006255013993706857,-0.006899855263548127,-0.005627479185589444,-0.005647320455430714,-0.01615553955359991,-0.01662776177582213,-0.009440140598976167,-0.009459981868817437,-0.01732137267349367,-0.017874547276668273,-0.0017259905263028036,-0.0017458317961440734,-0.013646224749184657,-0.01420892316188307,-0.004841594768913701,-0.004861436038754971,-0.009098086019207814,-0.00928459395571575,,,,,0.0020466830967762473
2021-03-16,-0.007936840414557167,-0.007956681684398437,0.0010467640257674138,0.0005269227559261439,-0.013015949920543092,-0.013035791190384362,-0.01578380186437952,-0.01613697646755412,-0.00788018720493526,-0.00790002847477653,0.0010467640257674138,0.0005269227559261439,-0.010529438968344955,-0.010549280238186225,-0.02056304463385226,-0.020832885903693532,-0.00935951774844157,-0.00937935901828284,-0.02219545536892653,-0.022965296638767802,-0.01341206941987573,-0.013431910689717,-0.022004385192414967,-0.022524226462256238,,,,,0.008075338894745432
2021-03-17,0.003057628186158984,0.0030377869163177138,0.027023122617723938,0.025836614681216,-0.004803997571865386,-0.004823838841706655,0.00038483610206648325,2.213768936807053e-05,0.004604994375037405,0.0045851531051961355,0.027023122617723938,0.025836614681216,-0.0013282258035154718,-0.0013480670733567416,0.01779994022961079,0.016780098959769518,0.0034244977588143363,0.0034046564889730663,0.025789054737590078,0.024769213467748807,-0.0012481075646794126,-0.0012679488345206825,0.02241829928241974,0.021815124679245138,,,,,-0.004219779109701949
2021-03-18,-0.007283837438975073,-0.0073036787088163425,0.007748410029779862,0.0075285687599385915,-0.004552416383823248,-0.004572257653664517,-0.005725193366326142,-0.005911701302834078,-0.00749025206524017,-0.00751009333508144,0.007748410029779862,0.0075285687599385915,-0.0010001977930846895,-0.0010200390629259593,0.008303779438853557,0.008283938169012286,-0.00297468499241918,-0.00299452626226045,-2.0879359016438663e-05,-4.0720628857708504e-05,-0.0022299189857544616,-0.0022497602555957316,0.001677102984151644,0.0016572617143103742,,,,,0.0022239366018439455
2021-03-19,-0.0075856161048782345,-0.007605457374719504,-0.003892103858207063,-0.003911945128048333,-0.004985965100750313,-0.005005806370591582,0.002005341869935534,0.0017355006000942643,-0.002449950529269461,-0.002469791799110731,-0.003892103858207063,-0.003911945128048333,0.0020734825951026284,0.0020536413252613584,0.008478825160500914,0.008458983890659643,-0.0002720672162724938,-0.0002919084861137636,0.02112622889556955,0.02110638762572828,0.004240946244079287,0.004221104974238017,0.014872698985544237,0.014852857715702966,,,,,0.007361494333640639
2021-03-22,0.00858231742110558,0.00856247615126431,-0.007009528345495286,-0.008029369615336556,0.0025896094157479774,0.0025697681459067073,0.007408268834572148,0.007055094231397545,0.011230386716031,0.01121054544618973,-0.007009528345495286,-0.008029369615336556,0.008858436540073338,0.008838595270232067,0.023466520102799687,0.023446678832958416,0.00024460606679901215,0.0002247647969577423,0.008623603784595996,0.008603762514754726,0.009623250201906297,0.009603408932065027,0.009665086179521415,0.009645244909680144,,,,,-0.0029228119369226757
2021-03-23,-0.0023780953882437603,-0.0023979366580850303,-0.04140627381464301,-0.04167611508448428,-0.004106634367748378,-0.004126475637589648,-0.031047273873794225,-0.03326711514363549,-0.0003976750809129778,-0.00041751635075424763,-0.04140627381464301,-0.04167611508448428,-0.004791123274025595,-0.004810964543866865,-0.01752049837655441,-0.017540339646395682,-0.0019559006144361443,-0.0019757418842774144,-0.027484757170502805,-0.027504598440344075,-0.004726324843913998,-0.004746166113755268,-0.029007530343639527,-0.029027371613480797,,,,,0.005504527613131582
2021-03-24,-0.013176941996929287,-0.013196783266770557,0.006248864787621766,0.005895690184447163,0.0032609526452887574,0.0032411113754474874,0.013097660299589364,0.012827819029748094,-0.011101193857499796,-0.011121035127341066,0.006248864787621766,0.005895690184447163,-0.007230608550542222,-0.007250449820383492,0.008297582830413541,0.007777741560572271,-0.016771978797690386,-0.016791820067531656,0.009607729527272568,0.009087888257431299,-0.005067037016056812,-0.005086878285898082,0.006248864787621766,0.005895690184447163,,,,,-0.00680118535173313
2021-03-25,-0.00035485335721846534,-0.00037469462705973515,0.0,0.0,0.005627542814895491,0.005607701545054221,0.0,0.0,-5.263332319892233e-05,-7.247459304019217e-05,0.0,0.0,0.002384498962096311,0.002364657692255041,0.0,0.0,-0.005973867784352556,-0.0059937090541938255,0.0,0.0,-0.0039674021573426616,-0.003987243427183931,0.0,0.0,,,,,-0.0035135923122158186
2021-03-26,0.0023518689034647128,0.0023320276336234427,0.0,0.0,0.0019940536027201056,0.0019742123328788355,0.0,0.0,0.0003959571709175741,0.0003761159010763043,0.0,0.0,0.0052407898335352365,0.005220948563693967,0.0,0.0,0.006478404286394221,0.006458563016552951,0.0,0.0,-0.003715079163817858,-0.0037349204336591282,0.0,0.0,,,,,-0.0037191168339816283
2021-03-29,-0.012446930013124621,-0.012466771282965892,0.0,0.0,-0.0043559207605296385,-0.004375762030370908,0.0,0.0,-0.012977590199071375,-0.012997431468912645,0.0,0.0,-0.004938200621305608,-0.0049580418911468775,0.0,0.0,-0.005307103028725044,-0.005326944298566313,0.0,0.0,-0.008997008454909375,-0.009016849724750645,0.0,0.0,,,,,-0.012674236101479441
2021-03-30,-0.00014764545423957137,-0.0001674867240808412,0.0,0.0,0.0011445710230906098,0.00112472975324934,0.0,0.0,0.0028288121147404532,0.002808970844899183,0.0,0.0,0.0016253284677908084,0.0016054871979495385,0.0,0.0,0.006616841500058687,0.006597000230217418,0.0,0.0,0.0017905284900169988,0.001770687220175729,0.0,0.0,,,,,0.005836697288641446
2021-03-31,0.0012439886065715583,0.0012241473367302885,0.0,0.0,0.011477367372609543,0.011457526102768272,0.0,0.0,0.0008515059636511335,0.0008316646938098637,0.0,0.0,0.007203763400010645,0.007183922130169375,0.0,0.0,0.003718965722187266,0.003699124452345996,0.0,0.0,0.007360041393133364,0.007340200123292094,0.0,0.0,,,,,-0.0046834257422299075
2021-04-01,0.007836689177536257,0.007816847907694987,0.0,0.0,0.012511591456644683,0.012491750186803412,0.0,0.0,0.00694041876188535,0.006920577492044081,0.0,0.0,0.0007397273926560283,0.0007198861228147585,0.0,0.0,0.012469760025002365,0.012449918755161094,0.0,0.0,0.008607774986999647,0.008587933717158377,0.0,0.0,,,,,0.0006174353060044435
2021-04-02,0.005333761031763896,0.005313919761922627,0.0,0.0,0.0012110961778044951,0.0011912549079632253,0.0,0.0,0.005233972416329495,0.0052141311464882255,0.0,0.0,0.004984663337822708,0.004964822067981438,0.0,0.0,-0.004312767312749287,-0.0043326085825905565,0.0,0.0,-0.0010434452434305713,-0.0010632865132718411,0.0,0.0,,,,,0.005768213247965059
2021-04-05,-0.001030810537583353,-0.0010506518074246227,0.0,0.0,-0.004175381977218999,-0.004195223247060269,0.0,0.0,-0.0010783388685417228,-0.0010981801383829926,0.0,0.0,0.003273512860264567,0.003253671590423297,0.0,0.0,0.0011211998173287913,0.0011013585474875214,0.0,0.0,0.004355664267969031,0.0043358229981277615,0.0,0.0,,,,,0.005391842936329327
2021-04-06,0.005587139276095568,0.005567298006254298,0.0,0.0,0.00179843306253933,0.0017785917926980601,0.0,0.0,0.007650483298164049,0.007630642028322779,0.0,0.0,0.011999359223863498,0.011979517954022228,0.0,0.0,0.0030107900862090253,0.0029909488163677553,0.0,0.0,0.0019861904244444784,0.0019663491546032083,0.0,0.0,,,,,0.00779923619870071
2021-04-07,0.0018805606225683613,0.0018607193527270915,0.0,0.0,-0.004544307163083232,-0.0045641484329245014,0.0,0.0,0.0024990083573361924,0.0024791670874949223,0.0,0.0,0.0059820025364523965,0.005962161266611127,0.0,0.0,0.004369274384179382,0.0043494331143381125,0.0,0.0,0.006371837356720138,0.006351996086878868,0.0,0.0,,,,,-0.0006033403296036299
2021-04-08,-0.007907002108316276,-0.007926843378157546,0.0,0.0,-0.002791925758099216,-0.002811767027940486,0.0,0.0,-0.006694465464825945,-0.006714306734667215,0.0,0.0,-0.0005652631585473036,-0.0005851044283885734,0.0,0.0,-0.0029608369577837773,-0.0029806782276250473,0.0,0.0,-0.0028407569140359926,-0.0028605981838772626,0.0,0.0,,,,,-0.004176281432485829
2021-04-09,-0.007754139906731648,-0.007773981176572918,0.0,0.0,-0.008335699709516163,-0.008355540979357434,0.0,0.0,-0.007980483437413075,-0.008000324707254345,0.0,0.0,-0.004326405297694527,-0.004346246567535797,0.0,0.0,-0.00685459639936712,-0.00687443766920839,0.0,0.0,-0.008271597432031416,-0.008291438701872687,0.0,0.0,,,,,-0.00039690031997030584
2021-04-12,0.0021496880098585067,0.0021298467400172366,0.0,0.0,0.007771056766103512,0.007751215496262243,0.0,0.0,-0.0014552625148378587,-0.0014751037846791285,0.0,0.0,0.001065585115285289,0.0010457438454440193,0.0,0.0,0.0022492710583606954,0.0022294297885194253,0.0,0.0,-0.0009485555455116951,-0.0009683968153529649,0.0,0.0,,,,,-0.01808067877353825
2021-04-13,-0.0006222353358373497,-0.0006420766056786196,0.0,0.0,-0.0015788433601138657,-0.0015986846299551355,0.0,0.0,0.00010426886266502039,8.442759282375055e-05,0.0,0.0,-0.004882840018971948,-0.004902681288813218,0.0,0.0,-0.0006350110130329961,-0.0006548522828742659,0.0,0.0,0.0035085273147591814,0.0034886860449179114,0.0,0.0,,,,,-0.015438237196653937
2021-04-14,-0.0024988092500625933,-0.0025186505199038633,0.0,0.0,-0.005729369869149015,-0.005749211138990284,0.0,0.0,-0.00027590851528458415,-0.00029574978512585397,0.0,0.0,-0.002705988473052215,-0.002725829742893485,0.0,0.0,0.0004941743375626792,0.0004743330677214094,0.0,0.0,-0.011385325105641907,-0.011405166375483177,0.0,0.0,,,,,-0.014069695735898335
2021-04-15,0.0032604964181406695,0.0032406551482993995,0.0,0.0,0.0008168857015505154,0.0007970444317092456,0.0,0.0,0.006104112626121615,0.006084271356280345,0.0,0.0,-9.980210671788753e-05,-0.00011964337655915737,0.0,0.0,0.0013874725726254825,0.0013676313027842126,0.0,0.0,0.00562358821334559,0.00560374694350432,0.0,0.0,,,,,-0.010489715103616293
2021-04-16,0.007876289381114274,0.007856448111273003,0.0,0.0,0.0052270644978249375,0.005207223227983668,0.0,0.0,0.010218177248635885,0.010198335978794614,0.0,0.0,-0.003975960100236667,-0.003995801370077936,0.0,0.0,0.0007928755683415389,0.0007730342985002691,0.0,0.0,0.0021998612547951615,0.0021800199849538915,0.0,0.0,,,,,0.004877516493957845
2021-04-19,-0.0033793395493867118,-0.003399180819227982,0.0,0.0,0.005168524020327581,0.005148682750486311,0.0,0.0,-0.005982383063372246,-0.006002224333213515,0.0,0.0,0.001581243609255184,0.0015614023394139142,0.0,0.0,0.0019692461443955728,0.001949404874554303,0.0,0.0,0.005631110136911706,0.005611268867070436,0.0,0.0,,,,,-0.009480269608960534
2021-04-20,0.0018736395050264198,0.00185379823518515,-0.007251624743049523,-0.009271466012890793,0.000941016245986602,0.0009211749761453322,-0.007251624743049523,-0.009271466012890793,-0.0017876115224458242,-0.001807452792287094,-0.007251624743049523,-0.009271466012890793,0.011903459050427792,0.011883617780586522,-5.232149348610715e-05,-0.001072162763327377,-0.0004177053796728114,-0.0004375466495140812,-5.232149348610715e-05,-0.001072162763327377,0.004012104461278927,0.003992263191437658,-0.007251624743049523,-0.009271466012890793,,,,,-0.003679788094433256
2021-04-21,-0.0029614467490729143,-0.0029812880189141844,0.01756105063409763,0.016874542697589694,0.001385867516353799,0.0013660262465125291,0.032359440226417346,0.03167293228990941,-0.0023266372863627247,-0.0023464785562039947,0.01756105063409763,0.016874542697589694,0.0003700593853974213,0.00035021811555615147,0.031077610487811547,0.030057769217970275,0.0004596119207908936,0.00043977065094962377,0.035034872991977384,0.034015031722136116,-0.004252698296154836,-0.0042725395659961056,0.022918821849609028,0.022148980579767757,,,,,0.014771511275646798
2021-04-22,0.01121975058990049,0.01119990932005922,0.015861110488605907,0.015841269218764636,0.012368868868732528,0.012349027598891258,0.010782101336486974,0.010262260066645705,0.00869277697021082,0.00867293570036955,0.015861110488605907,0.015841269218764636,0.0015013636488232437,0.001481522378981974,0.006793345021953057,0.006773503752111787,0.0027548296638561925,0.0027349883940149225,0.012574373066746358,0.012554531796905088,0.007683631145670326,0.007663789875829057,0.016484683144339346,0.016464841874498076,,,,,-0.0034389036816756535
2021-04-23,0.006151353966784713,0.0061315126969434435,0.021151877306126422,0.02073203603628515,0.002444251102316039,0.002424409832474769,0.008749510403685382,0.00799633580051078,0.0062275405804064,0.006207699310565131,0.021151877306126422,0.02073203603628515,0.008713535243843537,0.008693693974002267,0.01909953150923053,0.01791302357272259,0.001672516915822972,0.001652675645981702,0.024238388571173025,0.023718547301331754,0.0018997583254813932,0.0018799170556401234,0.022603652311981227,0.022383811042139958,,,,,0.008592671253137896
2021-04-26,-0.001529712415267892,-0.0015495536851091618,-0.005323191445258538,-0.006009699381766475,-0.013043917668123663,-0.013063758937964933,-0.0056854939343180914,-0.005705335204159361,-0.0016636926932532478,-0.0016835339630945176,-0.005323191445258538,-0.006009699381766475,0.004398477977338618,0.004378636707497348,-0.00807547197524816,-0.008428646578422764,0.004658588840630307,0.004638747570789037,-0.007749534349670762,-0.007969375619512031,0.005719150590113083,0.005699309320271813,-0.0015999802326209615,-0.001786488169128898,,,,,-0.009789794480108749
2021-04-27,0.0004062885744137504,0.00038644730457248057,-0.022705051327539385,-0.023201083073571133,0.007768533671139874,0.007748692401298604,-0.006789324442803913,-0.007375832379311849,0.0019219487905934238,0.001902107520752154,-0.022705051327539385,-0.023201083073571133,0.00565291618247156,0.00563307491263029,-0.017132541186851674,-0.017652382456692945,0.00391438344533826,0.0038945421754969897,-0.019458689519237515,-0.020430911741459737,0.0016240412470182666,0.0016041999771769968,-0.024470605594235396,-0.025299970673600475,,,,,-0.0017798131365438508
2021-04-28,-0.004230978098045526,-0.004250819367886796,-0.017547115825731124,-0.017941957095572395,0.004258699407448746,0.0042388581376074765,0.0012075435940669538,0.0006698451813685411,0.00019933252907109594,0.0001794912592298261,-0.017547115825731124,-0.017941957095572395,0.0010889710939437358,0.001069129824102466,-0.0034791403076909755,-0.0034989815775322455,0.0015311705919481278,0.001511329322106858,6.925019974426093e-05,-7.559107009700891e-05,9.20734554452976e-05,7.223218560402776e-05,-0.0053520049108099765,-0.0057468461806512465,,,,,-0.009970242604016355
2021-04-29,0.0015935267565575367,0.001573685486716267,0.020128587393248257,0.020108746123406986,-0.006597538597393718,-0.0066173798672349874,0.012340655014005872,0.012320813744164601,0.004189461315902802,0.004169620046061533,0.020128587393248257,0.020108746123406986,-0.0030516822309404057,-0.0030715235007816757,0.020334854884873577,0.020315013615032306,0.0054970097208774105,0.005477168451036141,-0.0021687649008674224,-0.0021886061707086925,-0.00018349710388518986,-0.0002033383737264597,0.006988654421020299,0.006968813151179029,,,,,-0.0032493638349061493
2021-04-30,0.001277795574938595,0.0012579543050973252,-0.0005612633252960915,-0.0007811045951373614,0.002821769379091496,0.002801928109250226,0.004690776238177794,0.004470934968336524,0.005768730651077303,0.005748889381236033,-0.0005612633252960915,-0.0007811045951373614,0.003919938261540329,0.003900096991699059,-0.0037964832576990737,-0.0038163245275403437,0.012957028665537038,0.012937187395695767,0.0035187612609565763,0.0030989199911153065,0.003480571162606687,0.0034607298927654168,0.007115613011029292,0.006895771741188022,,,,,0.009723389512031444
2021-05-03,0.004960125417762293,0.004940284147921023,0.004489515603148331,0.0044696743333070615,0.0035606188777336095,0.0035407776078923395,1.2796315185076637e-05,-0.0001320449546561932,0.007515153449004684,0.007495312179163415,0.004489515603148331,0.0044696743333070615,-0.005446194641024325,-0.005466035910865595,-0.003592461055892393,-0.003612302325733663,0.0024799822057215634,0.0024601409358802934,0.00026907271076469577,4.923144092342592e-05,0.0066768725746892965,0.006657031304848027,-0.012314952662901116,-0.012334793932742387,,,,,-0.018520524655115778
2021-05-04,0.011270427263515029,0.011250585993673758,0.007634667330684787,0.007448159394176851,0.01337052347017087,0.0133506822003296,0.009181303191423561,0.008883684143804513,0.011363698884307986,0.011343857614466716,0.007634667330684787,0.007448159394176851,0.008107077628135013,0.008087236358293743,0.01631628150484269,0.01609644023500142,0.01325889033393892,0.01323904906409765,0.00787205502141394,0.0074077693071282254,0.007901420273781094,0.007881579003939824,0.007272486670992603,0.007085978734484667,,,,,0.005258660079004329
2021-05-05,0.014051203664890911,0.014031362395049641,-0.005284105059715819,-0.005446803472414232,0.01706184829980821,0.01704200702996694,-0.00829792464058363,-0.008460623053282042,0.018978922123674892,0.01895908085383362,-0.005284105059715819,-0.005446803472414232,0.017710917504666857,0.017691076234825586,-0.011163408286534903,-0.011383249556376172,0.011797451599753872,0.011777610329912602,0.0025658797765124143,0.0024460385066711445,0.011297225385297718,0.011277384115456448,-0.004042678536172224,-0.004205376948870637,,,,,0.003095091625655355
2021-05-06,0.011401434077263871,0.0113815928074226,0.0013947489272132466,0.0012637965462608657,0.00408894533141034,0.004069104061569071,-0.003753657497704431,-0.003873498767545701,0.015477509172558537,0.015457667902717267,0.0013947489272132466,0.0012637965462608657,0.001213038306594881,0.0011931970367536112,0.01343797510286231,0.013251467166354374,0.0009135887907041132,0.0008937475208628434,0.005977578830478629,0.0057759193788191774,0.010098849932340025,0.010079008662498754,0.0013383501742654058,0.0012073977933130249,,,,,-0.006055649512664796
2021-05-07,0.00133645118286696,0.0013166099130256903,-0.014633399329701912,-0.014653240599543182,-0.012270153032800997,-0.012289994302642267,-0.005739426744107852,-0.005759268013949122,0.0029436864993412776,0.0029238452295000075,-0.014633399329701912,-0.014653240599543182,-0.00019637953670558622,-0.00021622080654685606,-0.018740780407125564,-0.018760621676966835,0.003940103777026707,0.003920262507185438,-0.0069533471188162645,-0.007056521721990868,-0.006650005730799838,-0.006669847000641107,-0.013138143405053388,-0.013257984674894658,,,-0.01335573234798626,-0.01437557361782753,-0.01542663639827302
2021-05-10,-0.0017139739516130875,-0.0017338152214543573,-0.006608035623821653,-0.006627876893662923,-0.005206868978163949,-0.005226710248005219,0.0017475903116737457,0.001636839950923385,-0.0016954460557594558,-0.0017152873256007257,-0.006608035623821653,-0.006627876893662923,-0.012438034992648464,-0.012457876262489734,-0.004114150008069939,-0.004133991277911209,-0.0002677061867713479,-0.0002875474566126177,-0.008150784755883824,-0.008170626025725094,0.00401638733711554,0.0039965460672742705,-0.009733622922977997,-0.009753464192819267,,,0.01713985252212169,0.01562001125228042,0.0012734245848524672
2021-05-11,0.003654618569850124,0.0036347773000088538,0.005255204615544396,0.005010363345703126,-0.00030724826170890757,-0.0003270895315501774,0.0064797987161216,0.006251624112946996,0.004526231024897701,0.004506389755056431,0.005740546376148607,0.005620705106307337,0.007533404660671962,0.0075135633908306925,0.0034988064114628084,0.003169441332097729,0.0031988357854383434,0.0031789945155970734,0.0069912493138913415,0.0068285509011929285,0.0011358432584967632,0.0011160019886554933,0.012754045294225642,0.01242107271125306,,,0.018798212431178518,0.018445037828003916,-0.005344419799701683
2021-05-12,0.006873803190806035,0.006853961920964766,-0.008605516266646908,-0.00873646864759929,0.001899175913107072,0.0018793346432658023,-0.0007261484556372209,-0.0008048132548902554,0.005325432580748177,0.005305591310906907,-0.009663906834495478,-0.009808748104336748,0.0017768819402286667,0.001757040670387397,0.00014508703302495984,-1.7611379673452838e-05,0.0013407995912945933,0.0013209583214533235,-0.0007975033342466353,-0.0009006779374212385,0.008339842507321095,0.008320001237479824,-0.006445591799109162,-0.006465433068950432,,,0.020075104616672834,0.019805263346831564,0.003039438324901722
2021-05-13,-0.009346866551469678,-0.009366707821310948,-0.005391879054067996,-0.005684447596636538,-0.001462827252861558,-0.0014826685227028278,-0.000522128651133457,-0.0005975254765302824,-0.009342144665757092,-0.009361985935598362,-0.0052063907330890885,-0.005517141093839449,-0.006208422115827672,-0.006228263385668942,-0.00332012035295499,-0.00346496162279626,-0.01260626542397511,-0.012626106693816381,-0.0014609623373562143,-0.0016903274167212935,-0.010894091911314456,-0.010913933181155726,-0.0016475343836099845,-0.0017673756534512543,,,-0.0015805314749359088,-0.0023003727447771785,0.0007203736007579398
2021-05-14,-0.003482121329799137,-0.003501962599640407,-0.009168289897231814,-0.009271464500406418,-0.0022109069787972363,-0.0022307482486385063,-0.005496310644524521,-0.005645706570236236,-0.0006919220469221304,-0.0007117633167634003,-0.009840297073512225,-0.009951047434262587,-0.007761859500644584,-0.007781700770485854,-0.01466374253013529,-0.01468358379997656,-0.003931632453773509,-0.003951473723614779,-0.005672618039399432,-0.005759125975907369,-0.007221621474191003,-0.007241462744032273,-0.012610183282971314,-0.012630024552812584,,,-0.018893703981118094,-0.019413545250959365,0.018099567804530148
2021-05-17,0.0006725572452419559,0.0006527159754006861,0.004829983193018353,0.004810141923177084,0.006660306292762083,0.006640465022920814,0.006886864338259133,0.006867023068417863,-0.0012713346237831283,-0.001291175893624398,0.0058955841194765594,0.00587574284963529,0.00013123155224169236,0.00011139028240042252,0.003436588305827332,0.003416747035986062,-0.0008180588046593357,-0.0008379000745006055,0.003658188320194348,0.003638347050353078,0.005214731103470573,0.005194889833629303,0.0030494679235246545,0.0030296266536833844,,,0.021476724381824075,0.021456883111982804,-0.002152911902203236
2021-05-18,-0.007339596849440244,-0.007359438119281514,-0.003859897375722685,-0.004070647736473046,0.00010002940984629033,8.018814000502049e-05,-0.003527209804849442,-0.0036859399635796007,-0.009732094372674645,-0.009751935642515915,-0.002107653332849046,-0.002327494602690316,-0.004115470883735539,-0.004135312153576809,-0.013026892878988953,-0.013296734148830223,0.005447359002925249,0.0054275177330839796,0.0036269646608306574,0.0034112900576560544,-0.0029668858044533467,-0.0029867270742946167,-0.007706898532905073,-0.008019669095675636,,,0.013897060233880218,0.01362721896403895,-0.010778472418840446
2021-05-19,0.0009299286853634223,0.0009100874155221525,-0.008147993238018833,-0.00865501399503959,-1.605032200328177e-05,-3.589159184455161e-05,-0.007681943344591859,-0.00802714346610777,0.003556499454146385,0.003536658184305115,-0.009318294910731462,-0.009762378604815157,-0.0032386935678861486,-0.0032585348377274187,-0.007643330794089129,-0.008059997460755796,0.009009371080785984,0.008989529810944714,-0.0026563876312150174,-0.0029938759598798167,0.003792912440949016,0.003773071171107746,-0.004406419434502925,-0.004970705148788639,,,-0.0007480315724092733,-0.001110729985107686,0.002452031984519376
2021-05-20,-0.004245417638906693,-0.004265258908747962,0.007099991364986395,0.006826903341898372,0.00017161412184978075,0.0001517728520085109,0.004008940100840479,0.0037299895192583186,-0.0028134880998799267,-0.0028333293697211967,0.005732503727348204,0.005447510942355419,0.0036744466215054977,0.0036546053516642277,0.014126083101563824,0.013884019609500333,0.006084917480319779,0.00606507621047851,-0.0016051132368147683,-0.0017426015654795676,0.0024615254937872533,0.0024416842239459832,-0.00177584363860433,-0.0020684121811728727,,,0.0005257006001341052,0.0003391926636261687,0.002899963523689486
2021-05-21,-0.006572868740549173,-0.006592710010390443,0.0008405656738437982,0.0005318355151136395,0.0013780403858421053,0.0013581991160008355,-0.0067246959768226845,-0.006981910984037692,-0.005359011743505754,-0.005378853013347023,0.0024528918951022168,0.0021339053261156477,-0.00013602467572889493,-0.00015586594557016477,0.00745077217917724,0.006922994401399462,-0.0067745918824156925,-0.006794433152256962,0.003892315131883886,0.0036835849731537275,-0.0005427636390310936,-0.0005626049088723634,-0.007545605337003597,-0.007665446606844867,,,-0.00036132614499550034,-0.00038116741483677015,0.015431063327644878
2021-05-24,-0.008924581923528692,-0.008944423193369962,0.0028938099501935356,0.0026775401089236942,-0.00272390844015942,-0.00274374971000069,0.0013192781063390592,0.0012994368364977894,-0.009489931362956207,-0.009509772632797477,-0.0019418699945196278,-0.002170044597694231,-0.003507240784159038,-0.003527082054000308,0.011510022638874117,0.011365181369032846,0.0008333786687683559,0.000813537398927086,-0.006095672806703482,-0.0061869426479733225,-0.0004949028308256845,-0.0005147441006669543,-0.0020371900128088854,-0.0021681423937612663,,,-0.00791546090828818,-0.00793530217812945,0.009666223705060428
2021-05-25,0.00047051960387720776,0.00045067833403593795,0.010283902758947569,0.01004428126932608,-0.007510517688275667,-0.0075303589581169365,0.005165306856961737,0.004920465587120467,-0.0011584378929351269,-0.0011782791627763967,0.01112960154069832,0.010875994037090816,0.00265587291500774,0.0026360316451664698,-0.007176719981946197,-0.007506085061311276,-0.0028533635397457804,-0.0028732048095870505,0.005504911095889392,0.005193403159381456,-0.007399579467253024,-0.007419420737094294,0.0021482061028707733,0.0017811426108072812,,,0.014649986851878544,0.014630145582037273,0.00440558165064453
2021-05-26,0.003218813353769834,0.0031989720839285638,0.007730566913554874,0.007460725643713604,-0.004175188656558998,-0.0041950299264002676,0.012691447456513072,0.01232972584479146,0.006473960421180001,0.006454119151338732,0.007649665694698668,0.007363157758190732,-0.005500031329118353,-0.005519872598959623,0.010317032365796746,0.010297191095955475,0.006471241455719257,0.006451400185877987,0.008885359541822294,0.008774609181071933,0.0018061809717014737,0.001786339701860204,0.02752751465066699,0.027239816237968575,,,0.004862545774067984,0.004842704504226715,0.016576331803415112
2021-05-27,0.008425083417032145,0.008405242147190874,0.008049939608512247,0.008030098338670976,0.006550223481176967,0.006530382211335698,0.009904905276740686,0.009885064006899416,0.008307518700707485,0.008287677430866214,0.010160878579972225,0.010141037310130954,0.002989337025781684,0.002969495755940414,-0.002337778946223149,-0.002357620216064419,-0.0036779728501319317,-0.0036978141199732017,0.013666801558292245,0.013646960288450975,-0.005440666805602561,-0.00546050807544383,0.009888624679155765,0.009868783409314495,,,0.007777911021633818,0.007758069751792549,-0.01259639359755138
2021-05-28,0.0029892559163437193,0.0029694146465024493,-0.001523665952108386,-0.0016344163128587468,-0.000836359319461806,-0.0008562005893030758,-0.002238123525860088,-0.00243978297751954,0.004633052810914723,0.004613211541073453,-0.00024442243098040284,-0.0003753748119327838,-0.010347642945097803,-0.010367484214939073,-0.01287167594623994,-0.01289151721608121,-0.005833351204064405,-0.005853192473905674,0.0018766740368760906,0.0017139756241776778,-0.004281239090817873,-0.004301080360659143,0.0013928586336541735,0.0012301602209557607,,,-0.0015274300524384943,-0.001547271322279764,-0.006557266860247379
2021-05-31,0.000847112761514876,0.0008272714916736062,-0.013714532539121947,-0.013734373808963217,-0.000713782101478197,-0.0007336233713194668,-0.013732248086194554,-0.013877089356035825,0.004504831097619462,0.004484989827778192,-0.015379048203131001,-0.015398889472972271,0.0037629618262898165,0.0037431205564485465,-0.007174976056172301,-0.00719481732601357,-0.006223884785231039,-0.0062437260550723085,-0.010893783121832878,-0.011135846613896369,0.002617232327034036,0.002597391057192766,-0.01570789833482665,-0.01572773960466792,,,-0.007564295047200638,-0.0075841363170419075,-0.009712335355460677
2021-06-01,0.006333580517826766,0.006313739247985496,0.006903190828128599,0.006783349558287329,0.0024911515681423774,0.0024713102983011073,0.00713474848596814,0.006749827851047505,0.008744212453561107,0.008724371183719836,0.0036925257410118833,0.0035476844711706135,0.00941302840917866,0.00939318713933739,0.008855690255987128,0.008669182319479192,0.007258060795656128,0.007238219525814858,0.008367145399077515,0.007947304129236245,-0.0017718407363173025,-0.0017916820061585723,0.011379212214005636,0.0111927042774977,,,-0.01147041169103648,-0.01149025296087775,-0.00380790783471352
2021-06-02,0.0038735595045632995,0.0012287182347220293,0.007722520287857299,0.007591567906904918,0.009089473281920606,0.006444632012079335,0.015199415917029922,0.014893860361474366,0.0009561462549345576,-0.0018136950149067123,0.009334971648194293,0.00917227323549588,-0.0022732166586662272,-0.005168057928507497,0.009776662674667107,0.009556821404825838,0.005457602016721089,0.0029377607468798186,0.0035832883244324674,0.0034523359434800865,0.004585602033777218,0.0023157607639359484,0.011371070593224947,0.011151229323383678,-0.0010375256647056838,-0.003057366934546954,0.007121145481146191,0.007101304211304922,-0.014663547623119277
2021-06-03,-0.001675165960445063,-0.0016950072302863329,-0.014567407426585799,-0.014787248696427068,0.0011479613059632368,0.001128120036121967,-0.004557764844564429,-0.0047442727810723655,-0.001162039478884977,-0.0011818807487262468,-0.01640302584580449,-0.01662286711564576,0.004373301572708391,0.004353460302867121,-0.008948450421660759,-0.00921829169150203,-0.007774351177609051,-0.007794192447450321,-0.011897237744219802,-0.012167079014061073,-0.004267060650766714,-0.004286901920607984,0.0005484204206345974,0.00036191248412666095,-0.0037141851539322715,-0.0037340264237735415,-0.0021120721495576436,-0.0021319134193989136,0.00746666041495847
2021-06-04,0.005147578991440548,0.005127737721599278,-0.0005003851140937456,-0.0005202263839350154,0.003112720257522142,0.003092878987680872,-0.006628559037943078,-0.006648400307784348,0.0015010661764544714,0.0014812249066132016,-0.0033361313191121924,-0.0033559725889534624,0.0016905551816052966,0.0016707139117640268,0.005911639298698747,0.005891798028857477,-0.005743702757657218,-0.005763544027498488,-0.00210591197418716,-0.0022686103868855725,0.007613068914082935,0.007593227644241665,0.010095689571932166,0.009875848302090897,0.001592451524101049,0.0015726102542597791,-0.0056725167078500345,-0.005859024644357971,-0.001964449668086621
2021-06-07,0.008588937173926878,0.008569095904085607,0.006836582269873855,0.006816741000032585,0.006631894812392777,0.006612053542551508,0.00336338403471397,0.0031435427648727004,0.009959625711711072,0.009939784441869801,0.007492770198770517,0.007472928928929247,0.0006001360264145106,0.0005802947565732408,0.002905973592861091,0.002886132323019821,0.010260340445134943,0.010240499175293672,0.004860703456488107,0.004840862186646837,0.01526767783647203,0.01524783656663076,0.013315921028552346,0.013296079758711075,0.0023765823411220563,0.0023567410712807863,0.010317888915848662,0.009898047646007392,-0.015698869239529234
2021-06-08,-0.0002295501662390731,-0.0002493914360803429,0.005629455003082887,0.005234613733241617,0.003511774647366059,0.003491933377524789,0.013377811783192535,0.012707970513351265,0.0008982454232739912,0.0008784041534327213,0.0031952393321709564,0.0029253980623296866,0.00348572306986214,0.00346588180002087,0.011027462421260233,0.010474287818085631,-0.006771501773306092,-0.006791343043147362,7.729276918888237e-05,-0.0003425485006523875,0.0008865268516187255,0.0008666855817774557,0.014540008964734601,0.013603501028226665,0.002539659099758923,0.002519817829917653,0.010505678495555483,0.010235837225714212,-0.01069136989328312
2021-06-09,-0.0017633400393397003,-0.00178318130918097,0.0007158808741664596,0.0005531824614680469,-0.007683699019899404,-0.007703540289740673,-0.013198860756531261,-0.013468702026372532,-0.005551768932298862,-0.005571610202140131,0.0009809822642972235,0.0007944743277892869,-0.0004777435838654795,-0.0004975848537067493,-0.0017752161051536415,-0.0020450573749949113,-0.0007861498828261801,-0.0008059911526674499,0.004503568394670339,0.004340869981971926,0.0019831675849439623,0.0019633263151026922,0.007392936845921895,0.0073730955760806256,-0.003474739761275103,-0.003494581031116373,-0.003932947831411515,-0.004286122434586119,0.003928652321952386
2021-06-10,-0.004545378334877961,-0.004565219604719231,0.001938021550927052,0.0011848469477524488,-0.00031134156193719786,-0.0003311828317784677,0.0024280248122960837,0.0020748502091214806,-0.0028139557719290206,-0.0028337970417702907,0.0013327654235136908,0.0004795908203390878,0.001354236591118732,0.0013343953212774623,-0.00907912343378181,-0.009432298036956414,-0.0030694517662850293,-0.0030892930361262993,-0.0025134736098910756,-0.0031833148797323456,-0.0019515041603203262,-0.0019713454301615962,0.011340966664116853,0.010821125394275584,0.0010966281047076545,0.0010767868348663847,0.0038197412673446896,0.0030498999975034197,0.009699392246838245
2021-06-11,-0.002958166913682614,-0.002978008183523884,-0.00448044954918847,-0.00475029081902974,0.0013175068637440307,0.0012976655939027609,-0.01700753755516793,-0.01786071215834253,-0.0016217951325307733,-0.0016416364023720432,-0.008408533275737467,-0.00876170787891207,0.004320869085921913,0.004301027816080644,0.011679048873641719,0.011659207603800448,0.004170630237908368,0.004150788968067099,0.0038816470812348958,0.003611805811393626,-0.0008210616384291686,-0.0008409029082704384,-0.015341061854864335,-0.015360903124705606,-0.0009329003441135991,-0.0009527416139548689,-0.005689956816762505,-0.007043131419937109,0.02244403980860965
2021-06-14,-0.004151916581112837,-0.0041717578509541066,-0.0029790430132306325,-0.0029988842830719026,-0.007923882993093365,-0.007943724262934635,-0.0015858076349584485,-0.0016056489047997183,-0.002055414678612609,-0.002075255948453879,-0.0015987031645940952,-0.001618544434435365,-0.01159509698421677,-0.01161493825405804,0.0005764130304579673,0.0005565717606166975,-0.005795541078849546,-0.005815382348690816,0.0058233248456222575,0.005803483575780988,-0.0051671676662183585,-0.005187008936059628,-0.0038008787442855296,-0.0038207200141267997,-0.0005002027722914373,-0.0005200440421327072,0.03181383272377899,0.03179399145393772,0.03253248712608059
2021-06-15,-0.0003095624374711836,-0.00032940370731245343,-0.0024090234252165206,-0.0024288646950577906,-0.0036521590415245497,-0.0036720003113658198,0.0006441488656179399,0.0006243075957766701,0.002774197045251739,0.002754355775410469,-0.004994563197932715,-0.0050144044677739846,-0.004795222221086998,-0.004815063490928267,-0.005462195716050981,-0.005982036985892251,-0.0017469411730803505,-0.0017667824429216203,0.000892606173190794,0.0002060982366828575,-0.004996680958540646,-0.005016522228381916,0.0006441488656179399,0.00029097426244333675,0.002555208161518628,0.002535366891677358,0.016410515157953554,0.015890673888112283,0.005038503766035873
2021-06-16,0.002276857426442583,0.002257016156601313,0.030935558039438593,0.029415716769597325,0.0004182470582647993,0.0003984057884235295,0.028752595378742418,0.02723275410890115,0.0038960740642006372,0.003876232794359367,0.030935558039438593,0.029915716769597322,0.0025864989938699443,0.0025666577240286742,0.03311852070013477,0.0315986794302935,-0.0029168159694928364,-0.0029366572393341064,0.03311852070013477,0.0305986794302935,0.00195680642561398,0.0019369651557727102,0.028752595378742418,0.02723275410890115,-0.005836213210424372,-0.005856054480265642,-0.02672766947230254,-0.02774751074214381,-0.01040491932035048
2021-06-17,0.0007100873764058421,0.0006902461065645723,-0.008853213809868143,-0.009873055079709413,-0.0020197357108937067,-0.0020395769807349767,0.0,0.0,-0.0050011143388701135,-0.005020955608711383,-0.008853213809868143,-0.009873055079709413,-0.002674218543544077,-0.002694059813385347,-0.008853213809868143,-0.008873055079709414,0.002811664617233013,0.002791823347391743,-0.008853213809868143,-0.008873055079709414,0.0048975084298161775,0.004877667159974908,0.0,0.0,-0.0042485489012310945,-0.004268390171072364,0.0,0.0,-0.02297250908804438
2021-06-18,-0.00024896867808633233,-0.00026880994792760214,0.0,0.0,0.002901972716137999,0.0028821314462967288,0.0,0.0,0.001778604568654106,0.0017587632988128362,0.0,0.0,0.0010037510241675263,0.0009839097543262564,0.0,0.0,0.002599517332362432,0.002579676062521162,0.0,0.0,0.002882609205390324,0.002862767935549054,0.0,0.0,-0.0012766675038712108,-0.0012965087737124806,0.0,0.0,0.0034248260857820956
2021-06-21,-0.002224862668237744,-0.002244703938079014,0.0,0.0,-0.0038739263258334364,-0.0038937675956747064,0.0,0.0,-0.0003219976078793832,-0.000341838877720653,0.0,0.0,-0.004884729501724389,-0.004904570771565658,0.0,0.0,-0.0020653261065496295,-0.0020851673763908995,0.0,0.0,-0.002532143343406526,-0.002551984613247796,0.0,0.0,-0.0034184695550424846,-0.0034383108248837546,0.0,0.0,-0.008462352048413613
2021-06-22,-0.0005121215216214794,-0.0005319627914627493,0.0,0.0,-0.004891269717750821,-0.00491111098759209,0.0,0.0,-0.006268980556873853,-0.006288821826715123,0.0,0.0,0.0042728051735779,0.00425296390373663,0.0,0.0,-0.0016893156471126658,-0.0017091569169539356,0.0,0.0,0.001448369838670388,0.0014285285688291182,0.0,0.0,0.0034426035069933247,0.0034227622371520547,0.0,0.0,-0.004088929861976509
2021-06-23,0.00039036930911525575,0.00037052803927398593,0.0,0.0,-0.00038620685528340665,-0.00040604812512467646,0.0,0.0,0.004256329629170184,0.004236488359328915,0.0,0.0,-0.006816063001573447,-0.0068359042714147165,0.0,0.0,0.003423962968001501,0.003404121698160231,0.0,0.0,0.0028009576725156957,0.0027811164026744256,0.0,0.0,0.0021072759824278114,0.0020874347125865414,0.0,0.0,-0.006253064789657925
2021-06-24,-0.002347581610885073,-0.002367422880726343,0.0,0.0,-0.017014689209610336,-0.017034530479451606,0.0,0.0,-0.006252741205729634,-0.0062725824755709035,0.0,0.0,0.0008880024918576646,0.0008681612220163947,0.0,0.0,-0.006400802818435691,-0.006420644088276961,0.0,0.0,-0.00410471112827443,-0.004124552398115699,0.0,0.0,-0.006597171383755859,-0.006617012653597129,0.0,0.0,-0.0010686997505802154
2021-06-25,-0.008593314577220602,-0.008613155847061873,0.0,0.0,-0.008390591308328706,-0.008410432578169976,0.0,0.0,-0.005453052412481375,-0.005472893682322645,0.0,0.0,-0.00894288526760377,-0.00896272653744504,0.0,0.0,-0.00787480569255019,-0.00789464696239146,0.0,0.0,-0.00580685823534996,-0.005826699505191229,0.0,0.0,0.0021238483224585436,0.0021040070526172736,0.0,0.0,0.012205782538664334
2021-06-28,0.006492746648438574,0.006472905378597305,0.0,0.0,-0.002148327032822285,-0.002168168302663555,0.0,0.0,0.003357583096791461,0.003337741826950191,0.0,0.0,0.006034009149963743,0.006014167880122473,0.0,0.0,-0.00029844615975088,-0.00031828742959214983,0.0,0.0,0.005937027412634119,0.005917186142792849,0.0,0.0,0.004197356535658739,0.004177515265817469,0.0,0.0,0.0022075342418987898
2021-06-29,-0.006020910597106251,-0.00604075186694752,0.0,0.0,0.004338900659305048,0.004319059389463778,0.0,0.0,-0.00532809028395332,-0.005347931553794589,0.0,0.0,-0.002833571817901552,-0.002853413087742822,0.0,0.0,-0.0011431813058906393,-0.001163022575731909,0.0,0.0,0.001082499884135682,0.0010626586142944122,0.0,0.0,-0.011371295569433032,-0.011391136839274302,0.0,0.0,-0.0012649832074256295
2021-06-30,0.013675769778770178,0.013655928508928907,0.0,0.0,0.005414860251136404,0.005395018981295134,0.0,0.0,0.010755213499501051,0.01073537222965978,0.0,0.0,0.009845430102953495,0.009825588833112225,0.0,0.0,0.0055873581007721065,0.005567516830930837,0.0,0.0,0.014301581159580884,0.014281739889739613,0.0,0.0,0.01661916036003997,0.0165993190901987,0.0,0.0,-0.010912191281083783
2021-07-01,-0.0018769191398448765,-0.0018967604096861463,0.0,0.0,-7.684914396435122e-05,-9.669041380562106e-05,0.0,0.0,-0.0006200597103417499,-0.0006399009801830197,0.0,0.0,0.007055122680315613,0.007035281410474344,0.0,0.0,0.0040197292584076075,0.003999887988566338,0.0,0.0,0.0013038792061737248,0.001284037936332455,0.0,0.0,-0.0076782032440400605,-0.00769804451388133,0.0,0.0,-0.017941512391747905
2021-07-02,-0.0027554551695178134,-0.0027752964393590834,0.0,0.0,0.005068618877750612,0.005048777607909343,0.0,0.0,0.0033569519380503357,0.0033371106682090657,0.0,0.0,-0.0004793898700594379,-0.0004992311399007077,0.0,0.0,-0.00116205893802801,-0.0011819002078692798,0.0,0.0,-0.0033440886159206568,-0.003363929885761927,0.0,0.0,-0.0008377082887709372,-0.000857549558612207,0.0,0.0,-0.0048693869998065464
2021-07-05,-0.004187896580647464,-0.004207737850488734,0.0,0.0,-0.008584781440221421,-0.008604622710062692,0.0,0.0,-0.0020490017627177934,-0.0020688430325590634,0.0,0.0,-0.012655936576183822,-0.012675777846025093,0.0,0.0,-0.0005492937345824289,-0.0005691350044236987,0.0,0.0,-0.00022445069948110602,-0.00024429196932237583,0.0,0.0,0.004287293046592498,0.004267451776751229,0.0,0.0,-0.0001116080590016777
2021-07-06,-0.0059736253505226,-0.00599346662036387,0.0,0.0,0.006471101457534212,0.006451260187692942,0.0,0.0,-0.003178053763212736,-0.0031978950330540062,0.0,0.0,0.003923956681695061,0.0039041154118537908,0.0,0.0,0.0010594693325204005,0.0010396280626791307,0.0,0.0,0.00043691197621663347,0.00041707070637536365,0.0,0.0,-0.0009383932029981071,-0.0009582344728393769,0.0,0.0,0.019927229049378603
2021-07-07,0.0011485328509677067,0.001128691581126437,0.0,0.0,-0.001475646572059175,-0.0014954878419004447,0.0,0.0,0.003667384203388427,0.003647542933547157,0.0,0.0,-0.0017003463069050068,-0.0017201875767462766,0.0,0.0,0.0014509419305625965,0.0014311006607213266,0.0,0.0,0.001317312833652752,0.0012974715638114822,0.0,0.0,0.012556604414879373,0.012536763145038102,0.0,0.0,0.0019130197362018375
2021-07-08,-0.00825733425329235,-0.008277175523133621,0.0,0.0,-0.004227107591795273,-0.004246948861636543,0.0,0.0,-0.007283401594990899,-0.007303242864832168,0.0,0.0,-0.01129807491640955,-0.011317916186250821,0.0,0.0,0.0005677782797606362,0.0005479370099193664,0.0,0.0,-0.0106416949200532,-0.010661536189894471,0.0,0.0,-0.0043002326234512014,-0.004320073893292471,0.0,0.0,0.011290134621253722
2021-07-09,0.012774937130668906,0.012755095860827636,0.0,0.0,0.009411039650179094,0.009391198380337824,0.0,0.0,0.011696510366948888,0.011676669097107618,0.0,0.0,0.007872534606292073,0.007852693336450802,0.0,0.0,0.0053475554433887115,0.005327714173547442,0.0,0.0,0.013088831361930647,0.013068990092089377,0.0,0.0,0.003130517733655677,0.003110676463814407,0.0,0.0,-0.005012251583930705
2021-07-12,0.0025212990560697507,0.0025014577862284807,0.0,0.0,-0.00821395980416019,-0.00823380107400146,0.0,0.0,-0.0013147750565322275,-0.0013346163263734973,0.0,0.0,-0.00026181500968048416,-0.00028165627952175397,0.0,0.0,-0.006666922043384323,-0.006686763313225592,0.0,0.0,-0.0066210804844728036,-0.006640921754314073,0.0,0.0,-0.005124912325522091,-0.00514475359536336,0.0,0.0,-0.01255438143058718
2021-07-13,0.009181216683341716,0.009161375413500445,0.0,0.0,0.003944840128394564,0.003924998858553294,0.0,0.0,0.008366418582841754,0.008346577313000484,0.0,0.0,0.00874804653525458,0.008728205265413309,0.0,0.0,0.0065398283579880465,0.006519987088146777,0.0,0.0,0.008137134177890526,0.008117292908049255,0.0,0.0,0.0030640859990788694,0.0030442447292375993,0.0,0.0,-0.010136284384556049
2021-07-14,-0.004715637644146925,-0.004735478913988195,0.0,0.0,-0.00364668795765586,-0.00366652922749713,0.0,0.0,-0.0025810434066983814,-0.0026008846765396515,0.0,0.0,0.001291613578177142,0.0012717723083358722,0.0,0.0,-0.011248136774529426,-0.011267978044370696,0.0,0.0,0.003958958302279152,0.003939117032437882,0.0,0.0,0.00500830701005555,0.004988465740214281,0.0,0.0,-0.007497486709893142
2021-07-15,-0.005534755028661513,-0.005554596298502783,0.0,0.0,-0.011318999832375984,-0.011338841102217254,0.0,0.0,-0.004516326881842843,-0.0045361681516841125,0.0,0.0,0.0016015533510088595,0.0015817120811675897,0.0,0.0,-0.005234429312303744,-0.005254270582145014,0.0,0.0,-0.010281969890551558,-0.010301811160392828,0.0,0.0,0.0035154358885414114,0.0034955946187001413,0.0,0.0,0.02389316705678679
2021-07-16,-0.0015745922336098464,-0.0015944335034511162,0.0,0.0,-0.006486677977440715,-0.0065065192472819845,0.0,0.0,-0.002698770090405367,-0.002718611360246637,0.0,0.0,-0.013288443155628923,-0.013308284425470194,0.0,0.0,-0.001529588146612318,-0.0015494294164535877,0.0,0.0,-0.004215605136094647,-0.004235446405935916,0.0,0.0,0.003186088267225766,0.003166246997384496,0.0,0.0,-0.00855525347146835
2021-07-19,0.010322897338208938,0.010303056068367667,0.0,0.0,0.006745957524829989,0.006726116254988719,0.0,0.0,0.012596074771326168,0.012576233501484898,0.0,0.0,0.0008026788902779428,0.0007828376204366729,0.0,0.0,-0.002117779611897082,-0.002137620881738352,0.0,0.0,0.002424798073497249,0.0024049568036559788,0.0,0.0,-0.0016208738436830003,-0.0016407151135242701,0.0,0.0,0.009703381241099818
2021-07-20,0.007637636769906704,0.0076177955000654345,0.0,0.0,-0.004538198043662733,-0.004558039313504003,0.0,0.0,0.0063220281794487965,0.006302186909607527,0.0,0.0,-0.004750881555295294,-0.004770722825136564,0.0,0.0,0.01189124893937741,0.011871407669536139,0.0,0.0,0.0055100948381807124,0.005490253568339443,0.0,0.0,0.001155114778242726,0.0011352735084014561,0.0,0.0,-0.009452198958957325
2021-07-21,-0.006446530982721341,-0.00646637225256261,-0.02112514911165797,-0.02214499038149924,-0.010890889833133494,-0.010910731102974764,-0.008459690979830903,-0.009479532249672172,-0.0035849732732720976,-0.0036048145431133677,-0.02112514911165797,-0.02214499038149924,0.0036104274649971582,0.003590586195155888,0.0,0.0,-0.00226636432915589,-0.00228620559899716,-0.008459690979830903,-0.009479532249672172,-0.00737472466228261,-0.0073945659321238795,0.017221158591498864,0.016201317321657593,0.006345773624067005,0.006325932354225736,-0.03379060724348504,-0.034810448513326306,0.010727303141616629
2021-07-22,-0.010319957100862566,-0.010339798370703836,0.0014964424391763118,0.0011432678360017087,-0.008552781555843922,-0.008572622825685192,0.007802660956126195,0.007282819686284925,-0.010496963944353996,-0.010516805214195266,0.0014964424391763118,0.0011432678360017087,-0.0021119479887104983,-0.0021317892585517684,0.01462966074352845,0.01360981947368718,-0.006067087301077079,-0.006086928570918348,-0.005890987473353001,-0.006577495409860938,-0.001349914988651224,-0.0013697562584924939,-0.001306650603313253,-0.0013264918731545228,-0.006764420473488547,-0.006784261743329817,-0.011115994594723455,-0.011135835864564726,0.004714460627164296
2021-07-23,0.010401727230095775,0.010381885960254505,0.010439720708724787,0.010169879438883516,0.0014263304091602924,0.0014064891393190226,0.006084837279118423,0.005731662675943819,0.009329001530656113,0.009309160260814842,0.010439720708724787,0.010169879438883516,0.009013322226073157,0.008993480956231887,0.0019360563549830068,0.001416215085141737,0.0039989155911436675,0.003979074321302398,0.007210161509057816,0.006940320239216547,0.01149197226183684,0.01147213099199557,0.039330886796934084,0.03931104552709282,0.005334418198731587,0.005314576928890318,-0.0059108394455282265,-0.0064306807153694965,-0.0012430168742390002
2021-07-26,0.0011812509302520577,0.0011614096604107879,0.0052114564407376995,0.00519161517089643,0.0008751383417493902,0.0008552970719081204,0.00756705067302262,0.00754720940318135,0.0028313891059160504,0.0028115478360747803,0.0052114564407376995,0.00519161517089643,0.006753988978520038,0.006734147708678769,0.007005729910240788,0.006985888640399518,0.002863476551485125,0.002843635281643855,0.019871688376440683,0.01885184710659941,0.0006487715809441463,0.0006289303111028765,-0.022625277762360785,-0.022645119032202055,0.005300135322180807,0.005280294052339538,0.0013780755566132896,0.0013582342867720198,3.1612212510134796e-05
2021-07-27,0.011362128895783127,0.011342287625941857,0.01879698054201523,0.017777139272173958,0.013823307797561413,0.013803466527720142,0.024036815959507424,0.023016974689666153,0.007495418335747642,0.007475577065906372,0.01879698054201523,0.017777139272173958,-0.00033380513656976196,-0.0003536464064110318,0.004183306568783851,0.0031634652989425815,-0.0006163775044609812,-0.000636218774302251,0.02264538299315741,0.02262554172331614,0.009182279046816094,0.009162437776974824,0.009717863988597086,0.008698022718755817,0.004176451567478215,0.004156610297636945,-0.0003384368873158485,-0.0016916114904904516,-0.0067226646497232645
2021-07-28,-0.00725541489188266,-0.007275256161723929,0.010304286973313717,0.009941588560615304,-0.009406484067586547,-0.009426325337427818,-0.007782604817987676,-0.008052446087828947,-0.0028132121160346843,-0.0028330533858759543,0.010304286973313717,0.009941588560615304,0.0030072672237742015,0.0029874259539329315,0.004130644460500044,0.004110803190658774,-0.004612750079442618,-0.0046325913492838875,0.00045340224744477853,-6.64390223964913e-05,-0.009607198897793393,-0.009627040167634663,0.01244711872098292,0.011593944117808317,-0.013857694797189762,-0.013877536067031033,0.009213963033816858,0.008944121763975587,0.005386794216302837
2021-07-29,0.004208792975598993,0.004188951705757724,-0.007433633768889782,-0.0074534750387310516,0.0005942570009041109,0.0005744157310628411,0.003716727840657713,0.003696886570816443,0.005107770858620873,0.005087929588779604,-0.007433633768889782,-0.0074534750387310516,0.007083899361420808,0.007064058091579538,0.0015873907221912917,0.0012342161190166887,0.003986627482913799,0.003966786213072529,-0.008225618891782388,-0.008245460161623658,0.0018986706541792228,0.001878829384337953,0.008788079280018476,0.008768238010177206,0.001193861847882692,0.0011740205780414222,-0.018054652741569727,-0.018074494011410997,-0.004524818283748622
2021-07-30,-0.0003015451548133638,-0.0003213864246546336,-0.001783484941401967,-0.0018033262112432367,0.005723268967342064,0.005703427697500795,0.012670049707851218,0.012450208438009949,-0.0032226764011862377,-0.0032425176710275077,-0.001783484941401967,-0.0018033262112432367,0.0009194079057549404,0.0008995666359136705,-0.010976896539288997,-0.010996737809130267,-0.0002311705822773194,-0.0002510118521185892,0.024863678018354186,0.024643836748512917,0.007475257677031361,0.007455416407190091,-0.015987408255420922,-0.016340582858595524,0.0026492680134918567,0.0026294267436505867,-0.019401690089161906,-0.019621531359003175,-0.013001663401439711
2021-08-02,0.009627351473550254,0.009607510203708983,0.01153576799529199,0.011230212439736435,0.003946488381960364,0.0039266471121190945,0.010356187094686288,0.0097172982057974,0.007482096251144835,0.007462254981303565,0.01153576799529199,0.011230212439736435,-0.0018042364419068382,-0.001824077711748108,-0.0032583005984764823,-0.003678141868317752,0.0029430954009967147,0.0029232541311554447,0.01774516296986209,0.01705865503335415,0.013655249411961529,0.013635408142120258,0.004455272549312541,0.0036854312794712715,0.014009363898379007,0.013989522628537737,0.010239458339139501,0.009886283735964898,-0.01357731331751566
2021-08-03,0.007147364757902043,0.007127523488060773,0.006672871003065999,0.0065280297332247295,0.005531297200543767,0.005511455930702497,0.013127940270244168,0.013108099000402898,0.007642929301459961,0.007623088031618691,0.006672871003065999,0.0065280297332247295,-0.011122020053991988,-0.011141861323833258,0.013347578383555613,0.013327737113714343,0.0030533055234724035,0.0030334642536311335,0.001558405468712091,0.0015385641988708211,0.009119102039892149,0.009099260770050879,-0.004393681618959056,-0.004613522888800326,0.0020979710050542805,0.0020781297352130104,0.007739583231558837,0.007719741961717567,0.0023784670949431597
2021-08-04,0.005880844148134494,0.005861002878293224,-0.0014616934850130645,-0.0017176458659654455,0.0004888120766022991,0.00046897080676102927,0.0047731012265373705,0.004228259956696101,9.83773511156541e-05,7.853608127438426e-05,-0.0014616934850130645,-0.0017176458659654455,0.009600444701628588,0.009580603431787318,0.008061979402342673,0.007375471465834737,0.004561641641712341,0.004541800371871072,0.010696776609503043,0.010476935339661774,0.013341698748317275,0.013321857478476005,0.0013838362432672287,0.0011973283067592921,-0.0034966483364661655,-0.0035164896063074355,-0.009499601299184611,-0.00982896637854969,0.017850003820514715
2021-08-05,-0.003736858705879427,-0.003756699975720697,0.00015274864553023937,2.1796264577858407e-05,-0.002839463709354756,-0.002859304979196026,-0.012195832464711197,-0.012326784845663578,-0.004360655358753282,-0.004380496628594552,0.00015274864553023937,2.1796264577858407e-05,0.0033425641440176374,0.0033227228741763673,-0.007392272672575713,-0.007412113942416983,-0.0046641457594229635,-0.004683987029264233,0.008747552581141226,0.008584854168442813,-0.003387949418935103,-0.003407790688776373,0.0034852381998156288,0.0033225397871172162,6.147241662390196e-05,4.163114678263212e-05,0.003597941316133906,0.0034352429034354933,0.0022399077493078234
2021-08-06,-0.004662236186194171,-0.004682077456035441,-0.00346092942851908,-0.0034807706983603502,0.007225421891403815,0.007205580621562545,-0.0005246347224799491,-0.0005444759923212189,-0.0019432237553502901,-0.00196306502519156,-0.00346092942851908,-0.0034807706983603502,-0.005126718340648435,-0.005146559610489705,-0.01787006280358884,-0.01808990407343011,-0.0070542412691271955,-0.007074082538968465,-0.008130863541974481,-0.008150704811815752,-0.00511250309685686,-0.00513234436669813,0.010503553666885749,0.010483712397044478,0.006047070631047591,0.006027229361206321,0.0021033791318040406,0.001958537861962771,-0.0008250215872086519
2021-08-09,0.0012419781540740776,0.0012221368842328078,0.0029730331003553602,0.0028531918305140904,0.004368104387490961,0.004348263117649691,-0.006535783263518716,-0.006822291200026653,0.008059731037984373,0.008039889768143103,0.0029730331003553602,0.0028531918305140904,-0.0023898456093759887,-0.0024096868792172588,-0.00897866061997625,-0.00899850188981752,0.004481726107562187,0.004461884837720917,-0.0015287754130160528,-0.0017152833495239894,0.0014934407914008394,0.0014735995215595695,-0.003358383098691472,-0.003378224368532742,0.003978236131598284,0.003958394861757014,0.009293429730574287,0.009162477349621907,0.003624087535627929
2021-08-10,0.0035518701475606915,0.0035320288777194214,-0.0012459757579757688,-0.001599150361150372,0.0012269050966880815,0.0012070638268468117,-0.012271278721928708,-0.012457786658436644,0.008577569803422239,0.008557728533580968,-0.0012459757579757688,-0.001599150361150372,0.004668140512907329,0.004648299243066059,-0.0037054376644386072,-0.004058612267613211,-0.0007909490045039796,-0.0008107902743452495,-0.01789457599376438,-0.01813663948582787,-0.0037798063593659434,-0.0037996476292072134,-0.007172050856468248,-0.007441892126309518,0.012716004259161404,0.012696162989320133,0.007619647939709224,0.007349806669867954,0.014846019158775148
2021-08-11,-0.003947873303071364,-0.003967714572912634,-0.008464587562624033,-0.008584428832465303,-0.0030139878339208864,-0.0030338291037621565,-0.008823266310058,-0.009128821865613555,-0.006281220096531877,-0.006301061366373146,-0.008464587562624033,-0.008584428832465303,-0.004370119731663291,-0.004389961001504561,-0.005043261561833527,-0.005329769498341463,-0.0009894559160559258,-0.0010092971858971956,-0.012089552939962249,-0.012109394209803519,-0.007690652451583339,-0.007710493721424609,-0.00615763227084958,-0.006413584651801961,-0.012338120325490955,-0.012357961595332225,-0.0034619389643471515,-0.0034817802341884216,0.0028932075150023273
2021-08-12,-0.004599791729966371,-0.004619632999807641,-0.009714248302618734,-0.009734089572460004,-0.0068438647544594375,-0.006863706024300707,0.005064446819964572,0.0050446055501233026,-0.010112851626957409,-0.01013269289679868,-0.009714248302618734,-0.009734089572460004,-0.004821180522123179,-0.004841021791964449,0.004522531626093167,0.004502690356251897,-0.0040932503517364105,-0.00411309162157768,0.007515586138803697,0.0074957448689624276,-0.005127922039232638,-0.005147763309073908,-0.008741946225415777,-0.008761787495257047,-0.0013182237256041882,-0.001338064995445458,0.0009072213142821326,0.0007623800444408628,-0.004040199539171008
2021-08-13,0.00032254114850245597,0.00030269987866118615,0.009305686939638975,0.009132436578888615,0.0025818528303994046,0.0025620115605581345,0.007359798894728027,0.007339957624886757,-0.002557412272128065,-0.002577253541969335,0.009305686939638975,0.009132436578888615,-0.005887019804792094,-0.005906861074633364,0.009950260854399737,0.009787562441701324,0.007745487092504846,0.007725645822663577,0.0016681406757274274,0.0016482994058861576,0.0010280865050431784,0.0010082452352019086,0.011053484572987217,0.011033643303145947,0.0006604233284105837,0.0006405820585693139,0.0015203934530285557,0.0013894410720761748,0.01264917581065883
2021-08-16,0.002301476090498661,0.002281634820657391,0.008108437873452402,0.007874310889325418,-0.0010341780261723804,-0.0010540192960136502,0.0026074752978141246,0.002462634027972855,-0.0034529895535075836,-0.0034728308233488536,0.008108437873452402,0.007874310889325418,0.0036117942598448347,0.0035919529900035646,0.019935230360010766,0.019790389090169495,0.0033279088782013355,0.0033080676083600655,-0.003105256486639493,-0.0032250977564807627,0.007409497577641401,0.007389656307800131,0.0021755270879410616,0.0021556858180997915,-0.00212626272695967,-0.00214610399680094,0.0019510892829048918,0.001681248013063622,0.005196320823077638
2021-08-17,-0.006625974709212813,-0.006645815979054083,-0.0020763331947771142,-0.002207285575729495,-0.008785430655172455,-0.008805271925013725,-0.004685777554879242,-0.0048306188247205116,-0.0053451668828264284,-0.005365008152667698,-0.0020763331947771142,-0.002207285575729495,-0.006882294623833059,-0.006902135893674328,0.004597103258477045,0.004375241786615573,-0.009193991374561714,-0.009213832644402984,-0.009178011346853641,-0.009364519283361577,-0.005093886541942545,-0.005113727811783815,-0.00438239730797645,-0.0045840567596359015,-0.007571608894920583,-0.007591450164761852,0.008720433873652147,0.008557735460953734,0.01737331591195601
2021-08-18,0.00576456998193068,0.00574472871208941,0.00669162746618154,0.006449563974118048,0.005856436431007361,0.005836595161166092,0.002083865368959187,0.001939024099117917,0.005720560606070173,0.005700719336228903,0.00669162746618154,0.006449563974118048,0.001968411869538514,0.001948570599697244,0.013356616743331773,0.01325344214015717,-0.00047556756032852976,-0.0004954088301697996,0.0033193064847759027,0.003208556124025542,0.007169440947897628,0.007149599678056358,0.007540463278415533,0.007420622008574263,0.0035540603991617223,0.0035342191293204523,-0.005286969043041698,-0.005449667455740111,0.002495578809440957
2021-08-19,-0.0012640018008926168,-0.0012838430707338866,-0.0031977209094374032,-0.003395339957056451,-0.009462967949935557,-0.009482809219776827,0.0024862328495079897,0.0021788098803203148,-0.0035056979887785264,-0.0035255392586197964,-0.0031977209094374032,-0.003395339957056451,-9.646773189811442e-05,-0.00011630900173938426,-0.0046111807267319085,-0.004797688663239845,-0.015264382277787675,-0.015284223547628945,0.0005832762259030087,0.00034121273383951663,-0.005825377292990229,-0.0058452185628314985,-0.005306264757825753,-0.005603883805444801,0.0007799360494706031,0.0007600947796293333,0.0059956665087019315,0.005832235495270918,-0.012989159348925639
2021-08-20,-0.00017074020947563384,-0.00019058147931690368,-0.001963062383295612,-0.0020417271825486465,-0.0017183319847701162,-0.001738173254611386,0.0015123584928340914,0.0014300172229928215,-0.003546691290611338,-0.0035665325604526082,-0.001963062383295612,-0.0020417271825486465,0.0025588021204011394,0.0025389608505598693,0.004398137586137971,0.004287387225387611,0.0063289277472049765,0.006309086477363707,-0.006054222433294239,-0.006341920845992652,0.003446587480659069,0.003426746210817799,-0.00046760718996206874,-0.00048744845980333855,0.00013673861043707325,0.00011689734059580341,0.006861843920859555,0.006770574079589714,-0.01456975119170234
2021-08-23,0.002999763880635678,0.002979922610794408,0.0018624570186997064,0.0018426157488584366,0.0018200045011676144,0.0018001632313263446,-0.005596274392196685,-0.0056161156620379545,0.0032448813432392892,0.003225040073398019,0.0008076642290211905,0.0007322674036243651,0.010138064627449761,0.01011822335760849,0.005854536535631019,0.00583469526578975,0.003143323547615297,0.0031234822777740268,0.003782748347134629,0.0035962404106266925,3.106959601303916e-05,1.1228326171769317e-05,0.010436059331130232,0.010416218061288961,0.0007059767837167621,0.0006861355138754923,0.00011159854802932426,2.509061152138776e-05,0.01864020725454374
2021-08-24,-0.001486532241367175,-0.0015063735112084448,0.0034112163565614383,0.0027247084200535017,-0.0017561001014497896,-0.0017759413712910594,-0.0007385127922284983,-0.0010440683477840537,-0.003048897163345596,-0.003068738433186866,0.004421703670690464,0.0037351957341825275,-0.0050100270091620325,-0.005029868279003302,0.008560683026645175,0.00825512747108962,0.002680796220477233,0.002660954950635963,0.00043204744646950163,0.0004122061766282318,3.5556185620191916e-05,1.5714915778922075e-05,0.0010015349075353196,0.000695979351979764,-0.0034531412740338996,-0.0034729825438751696,0.0035887160491123345,0.003053001763398049,0.019440322928615972
2021-08-25,0.0013830961940637515,0.0013632549242224817,0.012863331882119758,0.012655990612278487,0.009711208434833349,0.009691367164992078,-0.005725411668375871,-0.0058119196048838076,0.005252235752658138,0.0052323944828168685,0.013130891564626174,0.01292722676537314,0.0007895627589477733,0.0007697214891065035,0.00907533303997523,0.009055491770133959,0.0004920784268219527,0.00047223715698068293,0.007126047474658862,0.0069062062048175915,-0.0032729830879872496,-0.0032928243578285196,0.00019471931698833,-8.269771042869738e-05,0.005162703790337744,0.005142862520496475,0.0008416661372581951,0.0007449017904938483,-0.0014947113461084571
2021-08-26,0.000147523825380802,0.00012768255553953216,-0.003636592447191972,-0.003656433717033242,0.0027551274193055447,0.0027352861494642747,-0.00675561746273216,-0.00677545873257343,0.0011479281446051606,0.0011280868747638908,-0.0032561299558091735,-0.0032759712256504436,-0.0006422839196637414,-0.0006621251895050112,-0.0030284855361743905,-0.0031483268060156604,-0.003016971431590895,-0.0030368127014321652,0.003505104677966636,0.003485263408125366,-0.0008240553427448921,-0.0008438966125861619,-0.004312291727094648,-0.004332132996935917,-0.0006370826297489238,-0.0006569238995901936,-0.009900708170537412,-0.009920549440378682,-0.0037350605324958375
2021-08-27,-0.008577376610499905,-0.008597217880341176,-0.010056626110712771,-0.010076467380554042,-0.006004665130532015,-0.006024506400373285,-0.009836567430296563,-0.009927837271566405,-0.009278505726592633,-0.009298346996433903,-0.00909537739835712,-0.00911521866819839,0.003192191200365173,0.003172349930523903,-0.013961958941321836,-0.013981800211163107,-0.007761189834321398,-0.007781031104162668,-0.008928445949656773,-0.009091144362355186,-0.008206049329606134,-0.008225890599447404,-0.006328092342295774,-0.006447933612137044,-0.0038435817889300866,-0.0038634230587713566,-0.00860071081635513,-0.008745552086196401,0.016555887214664278
2021-08-30,0.005700045685368381,0.005680204415527111,0.005012657688328015,0.004849959275629602,-0.0026666144730205996,-0.0026864557428618696,1.0781642394586816e-05,-0.0003423929607800164,0.0035685223427375165,0.0035486810728962465,0.003397399606135363,0.00324422500296076,0.00016966149896362887,0.00014982022912235902,0.00394418739468036,0.00367434612483909,0.002657608614050684,0.002637767344209414,0.008377518172373088,0.007524343569198485,-0.00042061419920555454,-0.00044045546904682435,-0.004776353379410054,-0.005424766077822753,-0.0020689262836277172,-0.0020887675534689873,-0.0012487699719375082,-0.0014504294235969599,-0.011697502502478363
2021-08-31,0.004133019447181217,0.004113178177339948,0.01409470217750684,0.013932003764808427,-0.001615445196225758,-0.0016352864660670278,0.011354410972780744,0.011334569702939473,0.004519871755773695,0.004500030485932426,0.013933897523984367,0.013771199111285954,-0.0032041118491103956,-0.0032239531189516657,0.002672951481423576,0.002653110211582306,0.0038381531297889404,0.0038183118599476704,0.02443287962826059,0.02441303835841932,0.0032061527195103162,0.003186311449669046,0.003704184278163127,0.0034343430083218574,0.0033119854957313205,0.0032921442258900505,0.005695570744515363,0.0056757294746740935,-0.00936199720851405
2021-09-01,0.0004658443186400102,0.0004460030487987404,-0.004964851390553434,-0.005228282403984447,0.004164358286870569,0.004144517017029299,-0.010560232381410645,-0.011170982742161006,0.0014275984723448876,0.0014077572025036178,-0.00314215846249679,-0.0034000949704332977,0.0002345401989010329,0.00021469892905976305,-0.0048272718231645965,-0.005389970235863009,0.007122652119945054,0.0071028108501037844,-0.01981991459311074,-0.02033975586295201,0.0028762502132036183,0.0028564089433623483,0.002617884379039209,0.002264709775864606,0.00341146076399422,0.00339161949415295,-0.008093969490477058,-0.00835666790317547,0.0075565947415794366
2021-09-02,0.00433334676803946,0.0013135054981981901,-0.0045234516226105945,-0.004626626225785198,0.008184211419736333,0.005164370149895063,0.010260120218707197,0.010140278948865928,0.002711326581026241,-0.00018351468881502896,-0.003613929529568514,-0.003710693876332861,0.00682922131132524,0.00393438004148397,0.009408718391315657,0.009388877121474386,-0.0027911906134037434,-0.005936031883245013,-0.02638311038418444,-0.02660295165402571,-0.0006369492767339321,-0.0037817905465752024,-0.010191013510459528,-0.010710854780300797,0.0002148502039262673,-0.003429991065915003,-0.0036865050763404557,-0.0038730130128483923,-0.0038606563514553827
2021-09-03,0.006272122009923171,0.006252280740081902,0.005378667033052518,0.005358825763211249,0.0044660825379951585,0.004446241268153889,-0.010900320189338692,-0.010920161459179963,0.011802536219039698,0.011782694949198428,0.005862551117901926,0.005842709848060656,-0.0033411982471714466,-0.0033610395170127166,-0.0017559290612738886,-0.0020257703311151584,0.0018395999399447721,0.0018197586701035023,0.017212528266097628,0.017192686996256357,-0.006955484800336774,-0.0069753260701780435,-0.02043594611111708,-0.02045578738095835,0.0009171999431566644,0.0008973586733153946,-0.0008431780503975134,-0.0009741304313498943,0.0004236594660791404
2021-09-06,0.004999399924116882,0.004979558654275612,0.008712099054016702,0.00860134869326634,0.00843700651299522,0.008417165243153949,0.024274490135963694,0.02381020442167798,0.003741105674756398,0.003721264404915128,0.007609551506964195,0.007506376903789591,0.004227585744592935,0.004207744474751665,-0.010113580055005594,-0.010133421324846865,-0.004943801232456108,-0.004963642502297377,-0.009926882706332175,-0.010946723976173444,0.0019554944305197677,0.001935653160678498,0.014719705970435933,0.014699864700594662,0.002335582284965866,0.002315741015124596,0.015360942999585436,0.015216101729744165,-0.001317871883769861
2021-09-07,-0.000779385462482636,-0.0007992267323239058,0.005035396966460401,0.0041822223632857975,-0.010091713958583055,-0.010111555228424326,-0.009288263663347134,-0.00959381921890269,-0.002020550068520789,-0.002040391338362059,0.0021977335276892815,0.0014636065435622973,-0.007011853181081967,-0.007031694450923237,-0.00958133058966179,-0.01035117185950306,-0.009527863155297953,-0.009547704425139223,0.03193843882748052,0.031251930890972585,-0.006633050339199011,-0.00665289160904028,-0.016331908859796705,-0.016751750129637977,0.0061101369300037775,0.006090295660162508,0.010761290787161338,0.010141449517320067,0.004193320036788295
2021-09-08,0.0004263733105037554,0.00040653204066248556,-0.014952700658345936,-0.015172541928187205,-0.008516586080484514,-0.008536427350325785,-0.007298031429418983,-0.008217872699260253,-0.0027755572426801794,-0.0027953985125214495,-0.012651685065883211,-0.01287152633572448,-0.002440057001779662,-0.002459898271620932,-0.008029452811509241,-0.008715960748017178,-0.0008502974214544892,-0.000870138691295759,0.00984524448006252,0.00982540321022125,-0.0007881292036290496,-0.0008079704734703195,0.005046432562131886,0.0037765912922906163,0.006072177016121512,0.006052335746280242,0.007134377310813683,0.007114536040972413,0.015962300474450908
2021-09-09,-0.0017886637365967656,-0.0018085050064380354,0.0016301188599048683,0.0016102775900635985,-0.007444192286634559,-0.007464033556475828,-0.010006683621883816,-0.010026524891725086,-0.002287235873128901,-0.002307077142970171,-0.0006269449790607569,-0.0006467862489020267,0.001210460949272095,0.0011906196794308252,0.01619432913969676,0.01617448786985549,-0.00042926923785202575,-0.00044911050769329557,0.011973012727046317,0.011953171457205047,0.0009129723032095527,0.0008931310333682829,7.233975446441221e-06,-1.260729439482862e-05,0.0005974097776824533,0.0005775685078411835,-0.0005252508226095687,-0.0007450920924508386,0.0014764339759192335
2021-09-10,0.00013978062271991637,0.00011993935287864653,0.019690343209268563,0.019220501939427294,0.004466593495315099,0.00444675222547383,0.014278437504560237,0.014258596234718967,-0.0021416894878585474,-0.0021615307576998174,0.01722828068059326,0.016791772744085325,0.01081449853344478,0.01079465726360351,0.04488335377266672,0.044363512502825456,-0.01110010957670824,-0.011119950846549511,-0.007184054222486173,-0.007203895492327443,-0.001839388090767953,-0.0018592293606092228,0.025386783131173207,0.025366941861331937,-0.0009225795368814349,-0.0009424208067227047,-0.00512720534566658,-0.0053970466155078495,0.007563326726045538
2021-09-13,0.0011180603533340189,0.001098219083492749,0.014226853476485335,0.011207012206644065,0.0075183182669931806,0.007498476997151911,0.016479478117264842,0.015459636847423573,-0.0025261191127684338,-0.002545960382609704,0.010053009617387476,0.0070331683475462065,0.011593551074005157,0.011573709804163886,0.022543821165251,0.021523979895409728,-0.002734456393625545,-0.002754297663466815,0.016015099261534438,0.015495257991693169,-0.0015949458201112779,-0.0016147870899525477,0.023399749750440207,0.023379908480598937,-0.0016237449762216832,-0.001643586246062953,-0.00461857195436155,-0.00763841322420282,-0.02207189311134128
2021-09-14,-0.004455727343670932,-0.004475568613512201,-0.02134736996648286,-0.022033877902990797,-0.004928804029435907,-0.004948645299277177,-0.002137259249758383,-0.0028237671862663197,-0.006820340460381831,-0.006840181730223101,-0.017789652037227932,-0.018309493307069203,0.005682170461122037,0.005662329191280767,0.00181515583405506,0.0012953145642137902,0.0017311693022428742,0.0017113280324016044,0.011564946353101013,0.011545105083259743,0.0011750590985040651,0.0011552178286627953,0.009919059265044328,0.008899217995203058,0.0017458900326779506,0.0017260487628366808,-0.008252955875937218,-0.008939463812445154,-5.590242123132416e-05
2021-09-15,-0.0014131017114488997,-0.0014329429812901695,-0.01995758431223782,-0.021977425582079088,-0.002117698919123563,-0.002137540188964833,-0.01182252167603326,-0.012342362945874529,-0.0028506628552116275,-0.0028705041250528976,-0.01468465866228047,-0.01570449993212174,0.00581892716090416,0.00579908589106289,-0.009459411711491228,-0.010479252981332498,0.008318165264695358,0.008298323994854088,0.002958060373095206,0.002938219103253936,-0.004470756625366376,-0.004490597895207646,-0.01182252167603326,-0.01184236294587453,0.004812446664461345,0.0047926053946200755,0.00016560262086723343,-0.0003542386489740364,-0.008795532973221443
2021-09-16,0.0025018715208740133,0.0024820302510327433,0.0,0.0,-0.009785220190348852,-0.009805061460190122,0.0,0.0,0.0037551151580950196,0.0037352738882537495,-0.0023674831813425,-0.0033873244511837697,-0.0014659040344780425,-0.0014857453043193123,0.0,0.0,-0.0005246724482786819,-0.0005445137181199517,-0.006166505147342738,-0.0061863464171840075,-0.004023768079505746,-0.004043609349347016,0.0,0.0,0.0057691241603486584,0.005749282890507389,-0.0023674831813425,-0.0033873244511837697,-0.012926943664659962
2021-09-17,-0.0030536939722443576,-0.0030735352420856277,0.0,0.0,0.008644247438950155,0.008624406169108884,0.0,0.0,-0.006019691922400462,-0.006039533192241732,-0.014754754745538334,-0.014774596015379605,-3.2474230985436725e-05,-5.2315500826706566e-05,0.0,0.0,0.001157849793797204,0.0011380085239559342,0.0,0.0,0.0027906122712284265,0.0027707710013871564,0.0,0.0,-0.0012276072722154016,-0.0012474485420566714,-0.014754754745538334,-0.014774596015379605,-0.009179676036216278
2021-09-20,0.007613761970428443,0.007593920700587173,0.0,0.0,0.010032673935937722,0.010012832666096452,0.0,0.0,0.009849413283634936,0.009829572013793666,0.0,0.0,0.002161048837915784,0.002141207568074514,0.0,0.0,0.002051733436082309,0.002031892166241039,0.0,0.0,0.006589172228994411,0.006569330959153141,0.0,0.0,-0.0014732402948723217,-0.0014930815647135915,0.0,0.0,-0.0031953578477089684
2021-09-21,0.0008199785552823885,0.0008001372854411187,0.0,0.0,-0.0013696988018410822,-0.001389540071682352,0.0,0.0,-0.0010468385451662399,-0.0010666798150075097,0.0,0.0,-0.00018059776120188387,-0.0002004390310431537,0.0,0.0,-0.008980208199399556,-0.009000049469240826,0.0,0.0,-0.0047650126214826005,-0.00478485389132387,0.0,0.0,-0.00317217776998744,-0.00319201903982871,0.0,0.0,0.010554927965916283
2021-09-22,-0.0071565167970623,-0.007176358066903569,0.0,0.0,-0.0026717024264696285,-0.0026915436963108985,0.0,0.0,-0.007135943077609341,-0.007155784347450611,0.0,0.0,0.004399452367263849,0.00437961109742258,0.0,0.0,-0.009282722381644765,-0.009302563651486035,0.0,0.0,-0.00593460743842434,-0.0059544487082656096,0.0,0.0,-0.006148745747406217,-0.006168587017247487,0.0,0.0,-0.014110319895135337
2021-09-23,0.0022909134275298296,0.0022710721576885595,0.0,0.0,0.003781543296151678,0.003761702026310408,0.0,0.0,-0.00044252589572615214,-0.00046236716556742196,0.0,0.0,0.006140471696209182,0.0061206304263679125,0.0,0.0,0.002768639289740464,0.002748798019899194,0.0,0.0,1.3585707408447778e-05,-6.255562432822063e-06,0.0,0.0,-0.00856435688086235,-0.008584198150703621,0.0,0.0,0.0008169464185385777
2021-09-24,-0.011445139623559392,-0.011464980893400662,0.0,0.0,-0.008746407900557092,-0.008766249170398362,0.0,0.0,-0.011870864770627716,-0.011890706040468987,0.0,0.0,-0.018855242493925763,-0.018875083763767033,0.0,0.0,-0.0014643722316781405,-0.0014842135015194103,0.0,0.0,-0.00013503352024429177,-0.0001548747900855616,0.0,0.0,-0.012894834649473115,-0.012914675919314385,0.0,0.0,-0.0048458637666695115
2021-09-27,0.00492487255604588,0.00490503128620461,0.0,0.0,-0.010474852334969836,-0.010494693604811107,0.0,0.0,0.009055230484664382,0.009035389214823112,0.0,0.0,0.005478638873138812,0.005458797603297543,0.0,0.0,0.00849516160667154,0.00847532033683027,0.0,0.0,0.0051878421421587065,0.005168000872317437,0.0,0.0,0.009999248472944533,0.009979407203103263,0.0,0.0,-0.003124404037981421
2021-09-28,0.007358178584730243,0.007338337314888974,0.0,0.0,-0.0020822685823694564,-0.0021021098522107265,0.0,0.0,0.004515174974355454,0.004495333704514185,0.0,0.0,-0.0024209928568628344,-0.0024408341267041045,0.0,0.0,0.001866797070820339,0.0018469558009790693,0.0,0.0,0.013143976430512579,0.013124135160671308,0.0,0.0,0.0009161142241810444,0.0008962729543397746,0.0,0.0,0.011510336078350614
2021-09-29,-0.0005481682499532542,-0.000568009519794524,0.0,0.0,0.0023895482039055574,0.0023697069340642874,0.0,0.0,-0.0004227519537521804,-0.0004425932235934502,0.0,0.0,0.0019610307189769152,0.0019411894491356454,0.0,0.0,-0.006961655036789374,-0.006981496306630644,0.0,0.0,-0.0018758317506907818,-0.0018956730205320516,0.0,0.0,0.004872444170103511,0.004852602900262242,0.0,0.0,0.006399269807043195
2021-09-30,-0.01118521309958325,-0.011205054369424521,0.0,0.0,-0.0020433851265117056,-0.0020632263963529756,0.0,0.0,-0.008825694125638252,-0.008845535395479522,0.0,0.0,-0.0002585610726238627,-0.0002784023424651325,0.0,0.0,-0.009047768502211964,-0.009067609772053235,0.0,0.0,-0.00518333629771961,-0.005203177567560879,0.0,0.0,-0.010278443235670787,-0.010298284505512057,0.0,0.0,0.01519137918187008
2021-10-01,-0.0019545275161006806,-0.0019743687859419506,0.0,0.0,-0.0006228778681859129,-0.0006427191380271827,0.0,0.0,-0.0009838944120523704,-0.0010037356818936403,0.0,0.0,-0.006814592804796765,-0.006834434074638035,0.0,0.0,0.0022231469008802615,0.0022033056310389915,0.0,0.0,-0.007824857968032582,-0.007844699237873853,0.0,0.0,0.003060741574062005,0.003040900304220735,0.0,0.0,-0.001219562471748814
2021-10-04,0.0011441252301455651,0.0011242839603042953,0.0,0.0,0.004271271370143992,0.004251430100302722,0.0,0.0,-0.0012181029775109736,-0.0012379442473522434,0.0,0.0,0.011776864929487561,0.01175702365964629,0.0,0.0,0.010283869826448966,0.010264028556607695,0.0,0.0,0.0010425656311118872,0.0010227243612706174,0.0,0.0,-0.004000745995655461,-0.0040205872654967304,0.0,0.0,-0.007175368728377873
2021-10-05,-0.0065715594006544725,-0.006591400670495742,0.0,0.0,-0.008424155826489768,-0.008443997096331039,0.0,0.0,-0.005957147180128089,-0.005976988449969359,0.0,0.0,0.0001739066229492353,0.00015406535310796547,0.0,0.0,0.005702553719559265,0.005682712449717996,0.0,0.0,-0.00011192478211381751,-0.00013176605195508735,0.0,0.0,-0.005910164086932811,-0.00593000535677408,0.0,0.0,-0.0019824469856853932
2021-10-06,-0.010390433979701984,-0.010410275249543254,0.0,0.0,-0.004933148469197644,-0.004952989739038914,0.0,0.0,-0.013704474403154178,-0.013724315672995448,0.0,0.0,-0.005886376227423169,-0.005906217497264439,0.0,0.0,0.009984179857974736,0.009964338588133465,0.0,0.0,-0.005552581030927407,-0.005572422300768677,0.0,0.0,-0.00581916353398481,-0.0058390048038260796,0.0,0.0,0.003147464703983527
2021-10-07,0.001655456990656383,0.001635615720815113,0.0,0.0,-0.0052602288132621786,-0.005280070083103448,0.0,0.0,0.007812353179958244,0.007792511910116974,0.0,0.0,0.0014452340186770843,0.0014253927488358145,0.0,0.0,-0.006738127190972713,-0.006757968460813983,0.0,0.0,-0.002850907957711195,-0.002870749227552465,0.0,0.0,-0.001093008844761871,-0.0011128501146031409,0.0,0.0,0.0024223069429907262
2021-10-08,0.002267176023570565,0.002247334753729295,0.0,0.0,0.003743666417679814,0.003723825147838544,0.0,0.0,0.0005559134047192008,0.0005360721348779309,0.0,0.0,-0.0005973784481017805,-0.0006172197179430503,0.0,0.0,-0.005916424791159586,-0.005936266061000855,0.0,0.0,-0.0073307329388865375,-0.007350574208727807,0.0,0.0,0.00780380499003918,0.0077839637201979105,0.0,0.0,-0.011448268794567062
2021-10-11,-0.00636737105453488,-0.00638721232437615,0.0,0.0,-0.009107222662637617,-0.009127063932478887,0.0,0.0,-0.00987487778719303,-0.0098947190570343,0.0,0.0,-0.017200340440538475,-0.017220181710379746,0.0,0.0,-0.002740233155464719,-0.002760074425305989,0.0,0.0,-0.008971295381743398,-0.008991136651584668,0.0,0.0,0.00249313028964461,0.00247328901980334,0.0,0.0,0.0014753875979065523
2021-10-12,-0.004675455602719425,-0.0046952968725606945,0.0,0.0,-0.009706539116237728,-0.009726380386078998,0.0,0.0,-0.005207629983971708,-0.005227471253812978,0.0,0.0,0.005226063339307287,0.005206222069466017,0.0,0.0,-0.008333117023773512,-0.008352958293614782,0.0,0.0,0.007110263265932025,0.007090421996090755,0.0,0.0,3.0440850170426748e-05,1.0599580329156906e-05,0.0,0.0,0.002990511631527859
2021-10-13,-0.01117865076544125,-0.01119849203528252,0.0,0.0,0.0010536619405812145,0.0010338206707399447,0.0,0.0,-0.006323758539206845,-0.006343599809048114,0.0,0.0,-0.006909563329090158,-0.006929404598931428,0.0,0.0,-0.0023419280207643486,-0.0023617692906056187,0.0,0.0,-0.005418450427609266,-0.005438291697450535,0.0,0.0,-0.006806735885098288,-0.006826577154939557,0.0,0.0,0.028172214412873098
2021-10-14,0.007426890695082247,0.007407049425240978,0.0,0.0,0.008120327234242206,0.008100485964400935,0.0,0.0,0.0033703742546579776,0.0033505329848167076,0.0,0.0,0.0037092563069765216,0.0036894150371352516,0.0,0.0,0.0008972961119393941,0.0008774548420981243,0.0,0.0,0.012636196966589804,0.012616355696748533,0.0,0.0,-0.0006531397668398803,-0.0006729810366811501,0.0,0.0,0.02112529072409841
2021-10-15,-0.0007708405938573054,-0.0007906818636985752,0.0,0.0,-0.00021281148992783466,-0.0002326527597691045,0.0,0.0,-0.0018751621229350784,-0.0018950033927763483,0.0,0.0,0.00901860700244906,0.00899876573260779,0.0,0.0,-0.007580278523766179,-0.007600119793607449,0.0,0.0,-0.005669427787489453,-0.005689269057330723,0.0,0.0,-0.002082701241175801,-0.002102542511017071,0.0,0.0,-0.00890567685614696
2021-10-18,0.010834961071260696,0.010815119801419425,0.0,0.0,0.006175614805654012,0.006155773535812742,0.0,0.0,0.009849344103953342,0.009829502834112071,0.0,0.0,0.005704501945285066,0.005684660675443797,0.0,0.0,-0.002557684656395706,-0.0025775259262369762,0.0,0.0,0.0017765241429351167,0.0017566828730938469,0.0,0.0,-0.003777026208959651,-0.003796867478800921,0.0,0.0,-0.0026812169770408234
2021-10-19,-0.005541515798683443,-0.005561357068524712,-0.0037217225223264983,-0.004741563792167768,0.0015639594565826226,0.0015441181867413528,0.0,0.0,-0.0007847706613530181,-0.0008046119311942879,-0.0037217225223264983,-0.004741563792167768,0.001942639962453134,0.0019227986926118642,0.0,0.0,0.0023295284158729515,0.0023096871460316815,0.0,0.0,-0.002795569039184806,-0.002815410309026076,-0.0037217225223264983,-0.004741563792167768,0.0014164968451222879,0.001396655575281018,0.0,0.0,-0.015617862020207096
2021-10-20,0.002446142595731386,0.002426301325890116,0.014326497585092746,0.014306656315251475,0.004569066759004828,0.004549225489163558,0.01367135939284636,0.012651518123005091,0.006770329681831645,0.006750488411990376,0.014326497585092746,0.014306656315251475,0.00817340003213906,0.008153558762297789,-0.015407979001720307,-0.016427820271561578,0.016752464416854865,0.016732623147013594,0.0,0.0,0.0024645935320201304,0.0024447522621788603,0.027997856977939106,0.026978015708097835,-0.0007455670706220385,-0.0007654083404633083,0.01367135939284636,0.012651518123005091,-0.006017777153598303
2021-10-21,-0.003828526245981116,-0.003848367515822386,-0.013516554043572937,-0.014036395313414206,-0.008726821009105386,-0.008746662278946656,-0.025600343255121505,-0.026620184524962776,-0.0030957211232917337,-0.0031155623931330037,-0.013516554043572937,-0.014036395313414206,-0.00087060483225955,-0.0008904461021008198,-0.04872659880138297,-0.04974644007122424,-0.007819933264378104,-0.007839774534219374,0.0,0.0,-0.007924491337186021,-0.007944332607027291,0.024043581595984465,0.023523740326143194,0.004724376902756684,0.004704535632915415,-0.04023795729762347,-0.04175779856746474,0.0039516550394940175
2021-10-22,-0.004095556011079436,-0.004115397280920706,-0.007092451809240674,-0.007112293079081944,0.0072438585126053945,0.007224017242764125,0.006212393900921431,0.005692552631080161,-0.004332350361737229,-0.004352191631578499,-0.007092451809240674,-0.007112293079081944,0.0006358519677298752,0.0006160106978886054,-0.0031519028730953025,-0.0031717441429365725,0.002944673125906752,0.002924831856065482,0.0,0.0,-0.00644576683525009,-0.0064656081050913595,-0.003760398633535722,-0.003780239903376992,-0.0017115432020560761,-0.001731384471897346,-0.019500371070997852,-0.019853545674172454,0.013744389829770665
2021-10-25,0.009032764531023113,0.009012923261181843,-0.01666006887940641,-0.01667991014924768,-0.0003904396467890592,-0.000410280916630329,-0.01791799120217369,-0.01793783247201496,0.01274793288053281,0.01272809161069154,-0.01666006887940641,-0.01667991014924768,-0.0016569611033195944,-0.0016768023731608642,-0.02108107506382395,-0.02160091633366522,0.005997564184121534,0.005977722914280265,0.0,0.0,0.006412513257962389,0.00639267198812112,-0.006906113610896511,-0.007259288214071114,0.005519694607031556,0.005499853337190286,-0.031906427803253215,-0.03192626907309448,-0.00753992221517974
2021-10-26,-0.006915311509548508,-0.0069351527793897775,0.015649637800491334,0.014296463197316731,0.00806149260081096,0.00804165133096969,0.012452653704499207,0.011349479101324604,-0.003093088665096555,-0.003112929934937825,0.015649637800491334,0.014296463197316731,-0.00017163048982669904,-0.00019147175966796888,0.012944646227935341,0.012424804958094072,-0.0001469668491805992,-0.00016680811902186905,0.016513960288644325,0.014494119018803054,-0.0050803123368593425,-0.005100153606700612,-0.005344333100021043,-0.00628084103652898,0.003762609707023405,0.003742768437182135,-0.013159741972562838,-0.013429583242404109,-0.006715610840745678
2021-10-27,0.005090344163483598,0.005070502893642329,-0.002339828251493821,-0.0032096695213350906,-0.004284321142399614,-0.004304162412240883,0.006659184707128736,0.006189343437287467,0.007017845216007727,0.006998003946166458,0.0028870797254541836,0.0022839051222795807,0.005120147289770172,0.005100306019928902,-0.007039608316831258,-0.008059449586672528,0.008389392932418117,0.008369551662576847,0.00021473871637119057,-0.0007384358868034127,-0.0010737781861702989,-0.0010936194560115687,0.007796006542172419,0.006942831938997816,0.004711832085759683,0.004691990815918414,-0.005801325286821805,-0.006771166556663075,-0.0231401793271252
2021-10-28,0.008304514588344594,0.008284673318503324,0.0035955422908422307,0.0032899867352866752,0.008440444890963059,0.008420603621121788,0.019736844026623342,0.019431288471067787,0.003434595284324077,0.0034147540144828068,-0.001708653040091357,-0.0021284943099326267,0.0067816417871975065,0.006761800517356237,-0.005807464477127788,-0.005970162889826201,-0.00418626279941596,-0.00420610406925723,0.010995490187375298,0.010975648917534027,0.0032449882397970475,0.0032251469699557775,0.012956944599749587,0.012687103329908318,0.003694287189997446,0.003674445920156176,-0.004776759341824631,-0.005082314897380187,-0.0013093251259940208
2021-10-29,0.003671547153022918,0.003651705883181648,-0.00462908552926862,-0.00477392679910989,0.004892358409610761,0.004872517139769492,0.0023018034936492324,0.0019569622238079626,0.004304855314253606,0.004285014044412336,-0.009357686542119761,-0.009544194478627697,0.002142684672065104,0.002122843402223834,0.003061891160466528,0.003042049890625258,0.007910454186305614,0.007890612916464344,0.0004923401954815738,0.0003058322589736373,-0.004492873878670388,-0.0045127151485116574,-0.00014756761574340627,-0.000510266028441819,-0.0022453234477841227,-0.0022651647176253928,-0.015372717927021037,-0.015614781419084529,-0.011206558530455157
2021-11-01,-0.0024240209983767552,-0.0024438622682180253,0.021343595775614982,0.02132375450577371,0.0069105617325303514,0.006890720462689082,0.01427008456024511,0.014250243290403839,-0.0032370295804230037,-0.0032568708502642737,0.012394421298239533,0.012374580028398263,0.0009413250445688137,0.0009214837747275439,0.025864353611058235,0.025719512341216964,0.006000197982993935,0.005980356713152665,0.03312605871324096,0.03310621744339969,0.003020500912903158,0.003000659643061888,0.013990435877782202,0.013970594607940931,-0.0019510483862387323,-0.0019708896560800024,0.013723924366137253,0.013404083096295982,-0.005343833701026868
2021-11-02,-0.012006623732039708,-0.012026465001880978,-0.00449028311398445,-0.004821235494936831,-0.006977395930064849,-0.0069972371999061185,0.00627158064380241,0.00605173937396114,-0.011115571225552269,-0.01113541249539354,-0.00663362217180323,-0.006996320584501643,0.008581229643422623,0.008561388373581353,0.00694056160556507,0.006559609224612689,-0.002139090437803144,-0.002158931707644414,-0.0017585971613360563,-0.002028438431177326,-0.009279672288838865,-0.009299513558680136,0.0017556345207318347,0.0017357932508905648,0.0036831281843138775,0.0036632869144726074,-0.0023247072931125495,-0.0024354576538629102,-0.00916546855984346
2021-11-03,-0.003970787134991993,-0.003990628404833263,0.0023503277254958987,0.002148668273836447,-0.005688327436086146,-0.005708168705927416,-0.013982831348895136,-0.014260248376312163,-0.0016914662384023005,-0.0017113075082435703,0.0043746048192061125,0.00413254132714262,-0.012762999952599725,-0.012782841222440996,0.007104330498655298,0.006784489228814029,0.005712000139817604,0.005692158869976334,0.01103992798762947,0.010214531162232645,-0.0018702430886399501,-0.00189008435848122,-0.00778207797247657,-0.008192828333226931,0.012344221596235806,0.012324380326394536,0.009460715601052116,0.009120361510698026,-0.0005568880967780077
2021-11-04,-0.0009910261497724226,-0.0010108674196136925,-0.00111993517269416,-0.0011397764425354299,0.00166965988419919,0.0016498186143579202,-0.006234385437788977,-0.00639708385048739,-0.0010214174636921647,-0.0010412587335334345,0.0021975462857425822,0.002177705015901312,-0.00424743041322459,-0.0042672716830658595,-0.019564495158742413,-0.019584336428583683,-0.010761604333909151,-0.010781445603750422,3.785715520595624e-05,-8.19841146353136e-05,0.002066957237960812,0.002047115968119542,-0.002186893776759815,-0.0022976441375101757,-0.005559034630408417,-0.005578875900249687,-7.703463247908313e-06,-2.7544733089178154e-05,-0.018855012304922925
2021-11-05,0.008838806092815753,0.008818964822974482,0.02104323844865858,0.02102339717881731,0.005629806320567116,0.005609965050725846,0.013456268856905077,0.013228094253730473,0.00678064634862386,0.006760805078782591,0.02314293247943688,0.02312309120959561,0.002431219589605807,0.002411378319764537,0.0075515372838779946,0.007365029347370058,0.006259962192196884,0.006240120922355615,0.003196960934912462,0.003066008553960081,0.005130181276257216,0.0051103400064159464,0.0019247741809299244,0.0018215995777553214,0.00355717016189,0.0035373288920487298,0.002275262554455818,0.002255421284614548,-0.015657497699301026
2021-11-08,-0.013250600848064911,-0.013270442117906182,-0.0049216069860374065,-0.005108114922545343,-0.009612605793504238,-0.009632447063345508,-0.00517870653514553,-0.005309658916097911,-0.010653078905681526,-0.010672920175522797,-0.004295704267244571,-0.004482212203752507,-0.011034046676809413,-0.011053887946650683,-0.016449424786825942,-0.016469266056667212,-0.01721125044777344,-0.01723109171761471,-0.01115492354970641,-0.011265673910456771,0.0003032387836226988,0.000283397513781429,-0.006012622557661367,-0.0061157971608359705,-0.007169665079780341,-0.00718950634962161,0.0050197482278638295,0.00499990695802256,0.023901718232311353
2021-11-09,-0.005379787860232341,-0.00539962913007361,0.003827889297116919,0.003654201873429495,-0.00015123524136088223,-0.00017107651120215207,0.015923183943052206,0.015576419596287859,-0.004059786518141449,-0.004079627787982719,0.004486662802076909,0.004285003350417457,0.0018973990578073016,0.0018775577879660318,0.011237944866553684,0.010932389310998129,0.00939931784685201,0.009379476577010739,0.011583299703239961,0.011480125100065358,0.0026875240966049013,0.0026676828267636313,0.010018309973008085,0.009921545626243738,-4.513306253998289e-05,-6.497433238125273e-05,0.019684530932718294,0.019593261091448454,-0.013681648394014312
2021-11-10,0.009124929079784613,0.009105087809943343,0.010388644143603153,0.010118802873761882,0.011729522965477947,0.011709681695636676,0.00804028051249241,0.007806153528365426,0.013038229315722343,0.013018388045881072,0.0075194578155921964,0.007249616545750927,0.00480770905061427,0.004787867780773,0.01109836324059237,0.010701598893828023,0.0014986494117795734,0.0014788081419383036,0.009382467466833425,0.009185703120069078,0.005445500157460974,0.005425658887619704,0.010571699734749203,0.010341602054651523,0.006201719326929617,0.006181878057088347,-0.008554740701416447,-0.008574581971257718,-0.01158464136300097
2021-11-11,0.0080633242371531,0.008043482967311829,0.002725726250941852,0.002572551647767249,0.0033854834575513387,0.0033656421877100687,0.007026436956729682,0.006881595686888412,0.003465592195102639,0.003445750925261369,0.0032210704366731485,0.0030473830129857248,0.008925927749424425,0.008906086479583155,0.0026663610032782274,0.002575091162008386,0.013561678462672262,0.013541837192830992,-0.0006776302689871366,-0.0008641382054950732,0.012853881582569872,0.012834040312728601,0.013238253605383117,0.013218412335541847,0.00316300862704829,0.00314316735720702,0.009085482081711038,0.008856117002345959,0.020686048811534352
2021-11-12,0.0016972572590263357,0.001677415989185066,-0.005853777967065522,-0.005984730348017903,0.00418587497541742,0.00416603370557615,-0.004795742219050651,-0.004882250155558588,0.00018037873934378945,0.0001605374695025196,-0.006982060749688129,-0.00711301313064051,0.0041835768929516515,0.004163735623110382,-0.00670562558735182,-0.006725466857193089,0.007836892214432234,0.007817050944590963,-0.003333801205752749,-0.003430565552517096,0.012649484012549408,0.012629642742708138,0.0002033485658479925,0.00018350729600672265,0.008545305016628812,0.008525463746787542,-0.007911016204541169,-0.007930857474382439,0.032435738861644525
2021-11-15,0.004904473820161424,0.004884632550320155,0.01635249870457452,0.01617015743473325,0.006535593522382456,0.006515752252541186,0.008189005665526376,0.008110340866273342,0.0062797996537835715,0.006259958383942302,0.017535942740830375,0.017344672899560532,0.00603758784421473,0.00601774657437346,0.004203807309059584,0.004183966039218314,-0.0008576725383385095,-0.0008775138081797793,0.011034990988653022,0.011015149718811752,0.0026507277246262603,0.0026308864547849903,0.006380270544239261,0.00628900070296942,-0.0035302928399636446,-0.0035501341098049147,0.0179672396486898,0.01788489837884853,-0.012407232917078792
2021-11-16,-0.004521769889043521,-0.004541611158884791,-0.0033380249258083434,-0.0034689773067607243,-0.009926933270556479,-0.00994677454039775,0.0012849614019392768,0.001265120132098007,-0.004435143687061022,-0.004454984956902291,-0.004044391314329975,-0.004175343695282356,-0.006124309989079382,-0.006144151258920652,0.005164598120418444,0.005078090183910507,-0.0068029019929405285,-0.006822743262781798,-0.009929056754047871,-0.009948898023889142,-0.006499146201494853,-0.0065189874713361224,0.0052722762288606095,0.005181006387590769,-0.0006925325355765996,-0.0007123738054178694,-0.0021588687499737858,-0.0023037100198150555,-0.003570738524668382
2021-11-17,0.0019414688577272105,0.0019216275878859406,0.008128374881738645,0.008108533611897374,0.010488391888402546,0.010468550618561275,0.0067839318465086895,0.00658394351784389,0.006257724995537554,0.006237883725696285,0.0071419400147261156,0.007122098744884846,0.002762231726815778,0.002742390456974508,0.0026442374299065225,0.0024620584977275905,-0.004861566928421102,-0.004881408198262371,0.002653044756379841,0.002633203486538571,-0.006569030456702797,-0.006588871726544067,-0.0012099980560591075,-0.0013726964687575203,0.005372988618374326,0.0053531473485330565,-0.0035904669041927585,-0.0037867787622693225,0.004237111060345633
2021-11-18,0.004698919260484928,0.0046790779906436585,-0.010525236526956291,-0.010845077796797562,-0.002562487329638652,-0.002582328599479922,-0.0059759458768957815,-0.006172257734972346,-0.0035682120171401654,-0.0035880532869814355,-0.012515100434295172,-0.012834941704136443,0.000784014683233164,0.0007641734133918942,-0.020217991414084983,-0.02055449935059292,-0.0030992560792284865,-0.0031190973490697565,-0.005282482948079502,-0.005373752789349343,0.0013705700602926335,0.0013507287904513637,0.001486286188652923,0.001266444918811653,0.0035320419958300153,0.0035122007259887453,-0.004498726702209965,-0.004831067972051235,0.019495674088461534
2021-11-19,-0.004325971191185024,-0.004345812461026294,0.005539352085418877,0.005408399704466496,-0.001112943605039718,-0.0011327848748809877,0.00045862420586022246,0.00032072738046339704,-0.005480091706638129,-0.005499932976479399,0.006145474672205201,0.006000633402363931,0.0019003779617240701,0.0018805366918828003,0.007452371433561989,0.00743253016372072,0.00237022747186786,0.00235038620202659,-0.0003070129582545128,-0.0003268542280957826,-0.0062788105609355715,-0.006298651830776841,0.0026292844653821017,0.0025427765288741654,0.00018623025752816796,0.00016638898768689812,0.013575405999845136,0.013430564730003865,-0.010375427862710729
2021-11-22,-0.008115008566528019,-0.00813484983636929,-0.005786469114775507,-0.005858941963564145,-0.0016102342400075367,-0.0016300755098488065,5.5670397534061077e-05,-1.6802451254577182e-05,-0.008958780408853312,-0.008978621678694582,-0.007184176779482555,-0.00726284157873559,-0.0043410445731049754,-0.004360885842946245,-0.005910834088159395,-0.006002103929429236,-0.01052503844221056,-0.01054487971205183,0.0021134772177588386,0.0020936359479175686,-0.0069442886687461555,-0.006964129938587425,0.00628698784596237,0.0061332180046925295,-0.005874142132782936,-0.005893983402624206,-0.0020939962555152555,-0.0021138375253565256,-0.002218056305363092
2021-11-23,-0.001966685199770342,-0.001986526469611612,-0.002360343622549517,-0.0026978319512143164,-0.00245153379258381,-0.00247137506242508,-0.007874166244156409,-0.008148174180664346,-0.007533512378877165,-0.0075533536487184345,-0.001118578829592598,-0.001471753432767201,-0.00766688757781199,-0.0076867288476532595,-0.007447892562948678,-0.007711323576379691,0.005344607831994398,0.005324766562153129,-0.016025702820496073,-0.01639402893882219,-6.080223281535596e-05,-8.06435026566258e-05,-0.0031548415161717146,-0.0033944630057932044,-0.013911944353316254,-0.013931785623157524,0.012537338075394672,0.012392496805553401,0.009030713336679153
2021-11-24,-0.0002319495744329339,-0.0002517908442742037,0.00015489698422289336,-0.00019034111101520182,-0.004172031567626376,-0.004191872837467646,0.0013824033521451316,0.0012244668442086236,0.0001952834770843348,0.00017544220724306496,0.00015489698422289336,-4.7483968158059005e-05,-0.0021200776892731366,-0.0021399189591144066,0.01926072457377518,0.01885906512211573,-0.00187214053517442,-0.0018919818050156898,0.004730028148917184,0.004244277788166823,-0.007194148379202597,-0.007213989649043867,0.002504175431907174,0.0020297887075204496,0.0006398782633076569,0.0006200369934663871,0.012691042573476943,0.012004534636969006,0.005262426819132804
2021-11-25,-0.0002939866111934808,-0.0003138278810347506,-0.0015464717559853175,-0.001732979692493254,0.0022790831844535717,0.0022592419146123016,0.005687018326646471,0.005513330902959047,0.00034887104534863517,0.00032902977550736535,-0.0015464717559853175,-0.001732979692493254,0.004840721004028818,0.004820879734187549,0.0070538205020455064,0.0069228681210931255,0.004336052446003963,0.004316211176162693,0.013436723333777021,0.01341688206393575,-0.001680773558448763,-0.0017006148282900327,0.003454133323672979,0.0032120698316094867,0.0027784062255371833,0.0027585649556959133,-0.005352524434397086,-0.005526211858084509,-0.0036577167835311064
2021-11-26,-0.011070448770478851,-0.011090290040320121,-0.004381056133936131,-0.0044918064946864915,-0.004489735327011579,-0.004509576596852849,0.004163411396926728,0.003983313716829048,-0.0059172020607008435,-0.005937043330542113,-0.004381056133936131,-0.0044918064946864915,0.006439778352340227,0.006419937082498957,-0.013668042965783275,-0.013687884235624545,-0.010152236067303894,-0.010172077337145164,0.008393463204719034,0.00823076479202062,-0.007172366824939699,-0.007192208094780969,0.004115930181560101,0.003710374626004545,-0.0023438523494572275,-0.0023636936192984975,0.012931227230431663,0.012729567778772212,-0.000992052609676497
2021-11-29,-0.013584506079954962,-0.013604347349796233,0.00347010876542065,0.00345026749557938,-0.007003895407103521,-0.00702373667694479,0.001448263088586619,0.0014284218187453491,-0.008429787680416474,-0.008449628950257745,0.00347010876542065,0.00345026749557938,-0.00488681099081395,-0.00490665226065522,0.019408086139963004,0.019263244870121734,-0.004013521113631298,-0.0040333623834725675,0.010156589720727078,0.010136748450885807,-0.0031991153346405884,-0.0032189566044818585,0.006070088524935343,0.006050247255094073,-0.006469199539527792,-0.006489040809369062,0.003262577791359583,0.002892736521518313,-0.01464385389206968
2021-11-30,-0.010164737095279153,-0.010184578365120423,0.00266537659090855,0.00242053532106728,-0.008218271667811548,-0.008238112937652819,0.0072362685110189656,0.007016427241177695,-0.004883461666285539,-0.004903302936126809,0.00266537659090855,0.00242053532106728,-0.008540603483007052,-0.008560444752848322,-0.0021897825915813372,-0.00245248100427975,-0.00593871494173924,-0.0059585562115805095,0.005242391959175345,0.005122550689334075,-0.0049215595886511546,-0.004941400858492424,0.0035245567829859503,0.0035047155131446802,0.0017762033836087737,0.001756362113767504,-0.0011177338140054898,-0.0012486861949578707,-0.002139911183721477
2021-12-01,0.007872041282281604,0.007852200012440334,0.005033333964886838,0.004763492695045568,0.010184169284398227,0.010164328014556957,0.003478940061445785,0.0032646543471600707,0.008459677472480616,0.008439836202639345,0.005033333964886838,0.004763492695045568,0.0017913756748998769,0.001771534405058607,-0.0023376700833863673,-0.0026352891310054147,0.006925403629080187,0.006905562359238918,0.004234494706260849,0.0028146534364195796,0.001410374145661461,0.0013905328758201912,-0.00011145756952589208,-0.0007265369346052572,-0.004006874898901017,-0.004026716168742286,0.0003368056410474173,-0.0003020832478414716,-0.002450262390098379
2021-12-02,0.005144033772130359,0.002624192502289089,0.009746754614779474,0.009726913344938203,0.001658667398266575,-0.001236173871574695,0.0054822685479915065,0.005371518187241146,0.0038013824400986718,0.0012815411702574017,0.009746754614779474,0.009726913344938203,0.005233274685896107,0.0020884334160548366,0.01501998993714573,0.01500014866730446,-0.0016009016365675574,-0.004745742906408827,0.0004765521139264095,0.0002067108440851397,0.00191318811551891,-0.00110665315432236,0.004655751102652891,0.004469243166144955,0.005441598564135126,0.0017967572942938562,0.0007663631525224894,0.0007465218826812196,0.003033868785888849
2021-12-03,0.0007008437425360253,0.0006810024726947555,-0.007206778474815809,-0.007226619744657078,-0.00014067526613828485,-0.0001605165359795547,-0.005139299849381981,-0.005384141119223251,-0.005006540650731223,-0.005026381920572492,-0.007206778474815809,-0.007226619744657078,0.0038212341762774577,0.0038013929064361876,0.010696522229284874,0.010176680959443605,0.019028514707450248,0.019008673437608977,0.01930711058690826,0.01903726931706699,0.004056165478835021,0.004036324208993751,-0.013326430317669086,-0.013546271587510355,-0.004343190438756694,-0.004363031708597964,-0.013923951774962572,-0.013943793044803842,-0.005628599407009105
2021-12-06,-0.004000465353783657,-0.004020306623624926,-0.001129449558449232,-0.0012921479711476447,-0.0006413815530606562,-0.000661222822901926,-0.0003477429836647372,-0.00047869536461711814,-0.005574390001264834,-0.005594231271106104,-0.001129449558449232,-0.0012921479711476447,0.004591519611842489,0.004571678342001219,-0.0050623935602735265,-0.005082234830114796,0.0008885844300937779,0.000868743160252508,-0.00884273060140208,-0.009195905204576683,0.008428836570528314,0.008408995300687044,0.005282018036050373,0.005062176766209103,-0.011405368250839612,-0.011425209520680882,-0.014281219562202475,-0.014301060832043746,0.0056669237479964885
2021-12-07,0.014420102470220235,0.014400261200378964,0.005457193596424136,0.005104018993249532,0.01712211109428565,0.01710226982444438,0.009329028044312262,0.008666329631613848,0.014180502951515565,0.014160661681674295,0.005457193596424136,0.005104018993249532,0.0036415155418028713,0.0036216742719616013,-0.005950894034701845,-0.0062564495902574,0.01649588137670783,0.016476040106866558,0.012518687459143335,0.011998846189302066,0.011069865279357806,0.011050024009516535,0.021721743573554796,0.021451902303713525,0.002248003488823161,0.002228162218981891,-0.005529158054105662,-0.005715665990613598,0.011619873996018049
2021-12-08,0.00717261311712053,0.00715277184727926,0.009516580483176692,0.009096739213335422,0.005078038502328491,0.005058197232487222,-0.0009577429625934515,-0.0016442508991013878,0.011368723569812472,0.011348882299971202,0.009516580483176692,0.009096739213335422,0.002816054193865082,0.002796212924023812,-0.010489233698005371,-0.011592408301179974,0.012883064307286349,0.012863223037445078,-0.012284405410466086,-0.013637580013640689,0.009606508917991988,0.009586667648150717,0.008808632085791024,0.007538790815949754,0.011882599893004157,0.011862758623162887,0.018417743196703106,0.018397901926861835,0.002189722604353017
2021-12-09,0.004720998361906287,0.004701157092065017,0.01097215151205112,0.01045231024220985,0.002629172681081794,0.002609331411240524,0.016284790160509155,0.015764948890667884,0.00507614899931836,0.00505630772947709,0.01097215151205112,0.01045231024220985,0.0005363184049020572,0.0005164771350607874,0.03915258444523978,0.03863274317539851,0.001145588446077421,0.0011257471762361512,-0.014910729440947179,-0.016930570710788448,0.0034350866581299294,0.0034152453882886594,0.03459467488111556,0.034574833611274294,-0.0014301604370723225,-0.0014500017069135924,0.0004078129489918259,-0.0003120283208494439,0.004349320492391229
2021-12-10,0.0017790739459006971,0.0017592326760594273,-0.0022479698633574574,-0.0025178111331987272,0.0016327829298079521,0.0016129416599666823,0.006443694316173818,0.006090519712999214,0.0040231013849540975,0.004003260115112828,-0.0022479698633574574,-0.0025178111331987272,0.006210615311898357,0.006190774042057087,0.04806447600884017,0.048044634738998906,-0.005117264508650833,-0.005137105778492103,0.002105672248564172,0.002085830978722902,-0.008356643070017392,-0.008376484339858662,-0.001670547379716697,-0.0016903886495579668,2.890349290046723e-07,-1.955223491226517e-05,-0.004076125347955839,-0.004095966617797109,0.0010647088233566304
2021-12-13,-0.0015303353549945137,-0.0015501766248357835,0.011079643934386393,0.010393135997878456,0.005134054115516262,0.005114212845674993,0.004695629889820493,0.00434245528664589,-0.00013692504461611937,-0.00015676631445738921,0.011079643934386393,0.010393135997878456,-0.0035975723980895963,-0.0036174136679308663,0.022000386838897767,0.021980545569056497,-0.010628674309640464,-0.010648515579481734,0.0008854373481643751,0.0008655960783231053,-0.005742958566436293,-0.005762799836277563,0.001082694929109655,0.0007295203259350518,-0.0029385800005695545,-0.0029584212704108245,-0.0038258094642137364,-0.004095650734055006,0.0004809283240054807
2021-12-14,0.004158263765368611,0.0041384224955273415,-0.008304635111069825,-0.008324476380911095,0.0053354622310586575,0.005315620961217388,0.022525408524236824,0.022505567254395554,0.010190275786454706,0.010170434516613435,-0.008304635111069825,-0.008324476380911095,0.006523693047332232,0.006503851777490963,-0.027173682694239337,-0.02819352396408061,0.004085072204317072,0.004065230934475803,0.03666301476614309,0.03664317349630182,0.0016835603361639584,0.0016637190663226886,0.010421415173309467,0.010401573903468197,0.0074993260668380635,0.007479484796996794,0.026079782027834758,0.025059940757993487,-0.007457138368971328
2021-12-15,0.001386134715659966,0.0013662934458186962,-0.010294844798568719,-0.01031468606840999,0.0054192244794504935,0.005399383209609224,-0.02823739349562654,-0.02925723476546781,0.004030181746920658,0.004010340477079388,-0.010294844798568719,-0.01031468606840999,-0.005292896991002827,-0.005312738260844096,-0.051999166803927466,-0.05235234140710207,0.0012686023173351171,0.0012487610474938473,-0.03998412568740539,-0.04000396695724666,-0.004119555622899999,-0.004139396892741269,-0.012040684119855871,-0.01256052538969714,0.009228301186854047,0.009208459917012777,-0.04669625382850384,-0.04771609509834511,0.0039614368784064435
2021-12-16,0.002329526940691287,0.002309685670850017,0.013356050460886318,0.011336209191045048,0.005468269775278159,0.005448428505436889,0.01568419506896024,0.015664353799118968,0.007515808910607394,0.007495967640766124,0.013356050460886318,0.011336209191045048,0.0017299429022884366,0.0017101016324471668,0.0025779484633599026,0.0005581071935186325,-0.002632864854186817,-0.002652706124028087,0.0,0.0,0.0019350449008163975,0.0019152036309751277,0.01568419506896024,0.015664353799118968,0.007105110933758034,0.007085269663916764,-0.002376850242918227,-0.002396691512759497,-0.0005901525825483533
2021-12-17,0.00538425358232425,0.00536441231248298,-0.014444433349749541,-0.01646427461959081,0.0014565411201287598,0.00143669985028749,-0.028531316413539454,-0.029551157683380725,0.006018257476924527,0.005998416207083257,-0.014444433349749541,-0.01646427461959081,0.0033025622239908764,0.0032827209541496064,0.014086883063789912,0.014067041793948642,-0.0021728061579437616,-0.0021926474277850316,0.0,0.0,0.008102746106679506,0.008082904836838236,-0.028531316413539454,-0.029551157683380725,0.0041415930015554075,0.004121751731714138,-0.022899929875380032,-0.023919771145221303,0.023504851398236548
2021-12-20,0.004916332639036618,0.004896491369195348,0.014580097854330454,0.014560256584489183,0.005446096709401882,0.005426255439560612,0.0,0.0,0.005030426390987844,0.005010585121146574,0.014580097854330454,0.014560256584489183,0.009748207311230377,0.009728366041389106,0.014580097854330454,0.014560256584489183,0.005221266167814355,0.005201424897973085,0.0,0.0,0.0043361800609628826,0.004316338791121613,0.0,0.0,0.0034832349244815278,0.0034633936546402577,-0.0004931439894884093,-0.0005129852593296791,0.017786903927227593
2021-12-21,-0.008844359081614767,-0.008864200351456037,0.0,0.0,-0.008318835381501091,-0.008338676651342362,0.0,0.0,-0.008455285378837982,-0.008475126648679252,0.0,0.0,-0.006215534785038869,-0.006235376054880139,0.0,0.0,-0.008699680055014342,-0.008719521324855612,0.0,0.0,-0.008464624044764273,-0.008484465314605543,0.0,0.0,-0.010180058451044777,-0.010199899720886047,0.0,0.0,0.0047243120781215175
2021-12-22,0.000646946880283647,0.0006271056104423772,0.0,0.0,-0.00292668504595487,-0.00294652631579614,0.0,0.0,0.0008851947068193519,0.0008653534369780821,0.0,0.0,-0.0064251523273265235,-0.006444993597167793,0.0,0.0,0.0004624070391470239,0.0004425657693057541,0.0,0.0,0.0024825005524431246,0.0024626592826018545,0.0,0.0,-0.006737503827122876,-0.006757345096964146,0.0,0.0,-0.007913629306642522
2021-12-23,-0.0010197485667919823,-0.001039589836633252,0.0,0.0,0.011534373860723354,0.011514532590882084,0.0,0.0,-0.002252320213568096,-0.002272161483409366,0.0,0.0,0.0031758657277309935,0.0031560244578897234,0.0,0.0,0.003042016732257631,0.003022175462416361,0.0,0.0,0.004469125685068499,0.00444928441522723,0.0,0.0,0.01020402238830416,0.01018418111846289,0.0,0.0,-0.011756526191817662
2021-12-24,-0.008723246753857501,-0.008743088023698772,0.0,0.0,0.001946692066226316,0.0019268507963850462,0.0,0.0,-0.001870922593930742,-0.0018907638637720118,0.0,0.0,-0.00925117323628901,-0.009271014506130281,0.0,0.0,0.0032335979049127675,0.0032137566350714975,0.0,0.0,0.008671971001134593,0.008652129731293322,0.0,0.0,-0.005404473373025902,-0.005424314642867171,0.0,0.0,0.01358257248397754
2021-12-27,0.00016629785190617336,0.00014645658206490351,0.0,0.0,0.0046845162233227,0.004664674953481431,0.0,0.0,-0.0003549214752338603,-0.0003747627450751301,0.0,0.0,0.008277045575058442,0.008257204305217172,0.0,0.0,0.0076598303159262915,0.007639989046085022,0.0,0.0,0.004734428511305254,0.004714587241463984,0.0,0.0,-0.003979036204776687,-0.0039988774746179566,0.0,0.0,0.003370241476618574
2021-12-28,0.007353999008650615,0.007334157738809345,0.0,0.0,0.007239984228675368,0.007220142958834099,0.0,0.0,0.003990178681199365,0.003970337411358095,0.0,0.0,0.008454738551154292,0.008434897281313022,0.0,0.0,0.0076296698386848355,0.007609828568843566,0.0,0.0,0.0015901204174514696,0.0015702791476101998,0.0,0.0,-0.0013722092331559174,-0.0013920505029971872,0.0,0.0,0.005761577437307652
2021-12-29,-0.002181808225978958,-0.002201649495820228,0.0,0.0,-0.002036462154304218,-0.002056303424145488,0.0,0.0,4.138233483922532e-05,2.154106499795548e-05,0.0,0.0,0.004611771562318734,0.004591930292477464,0.0,0.0,0.007469822366721841,0.007449981096880572,0.0,0.0,-0.0018438678399146369,-0.0018637091097559067,0.0,0.0,-0.002782378077025506,-0.002802219346866776,0.0,0.0,-0.018710445856715996
2021-12-30,0.0019770103724350355,0.0019571691025937654,0.0,0.0,-0.0012327679617674947,-0.0012526092316087645,0.0,0.0,-0.00016334468098994775,-0.0001831859508312176,0.0,0.0,-0.005997068104840471,-0.0060169093746817405,0.0,0.0,0.0006529427950728792,0.0006331015252316094,0.0,0.0,0.003957167939012143,0.003937326669170874,0.0,0.0,0.005136075212577494,0.005116233942736225,0.0,0.0,0.010681823297139958
2021-12-31,0.0028487049623764013,0.0028288636925351313,0.0,0.0,-0.0051288083692671085,-0.005148649639108378,0.0,0.0,0.000489538941947601,0.00046969767210633113,0.0,0.0,-0.0016046269036752228,-0.0016244681735164926,0.0,0.0,-0.004650785810391821,-0.00467062708023309,0.0,0.0,-0.0009955339104748898,-0.0010153751803161596,0.0,0.0,-0.005021882279119538,-0.005041723548960808,0.0,0.0,0.0054786237203579
2022-01-03,-0.003159032685010839,-0.003178873954852109,0.0,0.0,-0.005804400641765808,-0.005824241911607078,0.0,0.0,-0.001195800936803576,-0.0012156422066448458,0.0,0.0,-0.010650154200052074,-0.010669995469893345,0.0,0.0,0.005455613418052452,0.005435772148211182,0.0,0.0,0.0024776379891301784,0.0024577967192889083,0.0,0.0,-0.00911621681965448,-0.00913605808949575,0.0,0.0,-0.011734737528559136
2022-01-04,0.0041791515825085335,0.004159310312667264,0.0,0.0,0.0056247159442836606,0.005604874674442391,0.0,0.0,0.004091506870701367,0.004071665600860097,0.0,0.0,0.0019100960743075601,0.0018902548044662903,0.0,0.0,0.007603750416035719,0.0075839091461944496,0.0,0.0,0.0017199661212463219,0.001700124851405052,0.0,0.0,0.012308690719990398,0.012288849450149127,0.0,0.0,-0.004706772881949428
2022-01-05,0.0024408811312219003,0.0024210398613806303,0.0,0.0,0.0027258823097143017,0.0027060410398730317,0.0,0.0,0.0034148797970358566,0.0033950385271945866,0.0,0.0,0.006043389270315641,0.0060235480004743715,0.0,0.0,0.0008906151062067699,0.0008707738363655001,0.0,0.0,0.003845924540271689,0.003826083270430419,0.0,0.0,-0.0022055362741908863,-0.0022253775440321563,0.0,0.0,0.0033808892479216812
2022-01-06,0.005760405674638015,0.005740564404796746,0.0,0.0,0.006105949201824765,0.006086107931983495,0.0,0.0,0.005435712828284624,0.005415871558443354,0.0,0.0,-0.0066618927193794475,-0.006681733989220717,0.0,0.0,0.0016317809661439073,0.0016119396963026375,0.0,0.0,0.007690206850457522,0.007670365580616252,0.0,0.0,-0.006645813958671344,-0.006665655228512614,0.0,0.0,0.0010571347819186006
2022-01-07,0.004251032166753002,0.0042311908969117325,0.0,0.0,-0.00316283758940223,-0.0031826788592435,0.0,0.0,0.003337294853262375,0.003317453583421105,0.0,0.0,0.0030467376827912757,0.0030268964129500056,0.0,0.0,0.002920080814697218,0.002900239544855948,0.0,0.0,-0.0003863053185349935,-0.0004061465883762633,0.0,0.0,0.007279639733979194,0.007259798464137925,0.0,0.0,-0.002733883043839036
2022-01-10,0.00011347725329251962,9.363598345124978e-05,0.0,0.0,0.002323016938765632,0.002303175668924362,0.0,0.0,0.003936224589723952,0.003916383319882683,0.0,0.0,0.00033701251743067234,0.00031717124758940253,0.0,0.0,-0.002963810515568134,-0.002983651785409404,0.0,0.0,0.0039308239163536735,0.003910982646512404,0.0,0.0,0.006867837733095274,0.006847996463254004,0.0,0.0,-0.0006583709487255618
2022-01-11,0.0005023792462163293,0.0004825379763750595,0.0,0.0,-7.71374189963217e-05,-9.697868883759155e-05,0.0,0.0,0.004169415171435917,0.004149573901594647,0.0,0.0,-0.002219604155251645,-0.002239445425092915,0.0,0.0,0.0055708139743399845,0.005550972704498715,0.0,0.0,0.005174923747275045,0.005155082477433776,0.0,0.0,-0.004333831598979002,-0.004353672868820271,0.0,0.0,-0.00229175116027569
2022-01-12,0.006763061221080037,0.006743219951238767,0.0,0.0,0.007752945532713877,0.0077331042628726076,0.0,0.0,0.011298648231549163,0.011278806961707893,0.0,0.0,0.007527222029630076,0.007507380759788807,0.0,0.0,0.007981913414309455,0.007962072144468185,0.0,0.0,0.009810436046321043,0.009790594776479773,0.0,0.0,0.011953002834459062,0.011933161564617791,0.0,0.0,0.00215818763312714
2022-01-13,0.007983454526588628,0.007963613256747357,0.0,0.0,0.00450195847057238,0.00448211720073111,0.0,0.0,0.010426629143892786,0.010406787874051516,0.0,0.0,0.0055605150488440835,0.005540673779002814,0.0,0.0,0.00579996336174099,0.00578012209189972,0.0,0.0,0.00866878433967002,0.00864894306982875,0.0,0.0,0.008433615926395716,0.008413774656554445,0.0,0.0,0.01666641170292471
2022-01-14,-0.0031929748915118794,-0.0032128161613531494,0.0,0.0,-0.004154414727928331,-0.0041742559977696,0.0,0.0,-0.0050673089821946585,-0.005087150252035928,0.0,0.0,-0.001698203145510932,-0.0017180444153522018,0.0,0.0,-0.0020644801924519854,-0.0020843214622932554,0.0,0.0,-0.002660487749018038,-0.002680329018859308,0.0,0.0,-0.00393201546729105,-0.00395185673713232,0.0,0.0,-0.027753242850244275
2022-01-17,0.005910724807870228,0.005890883538028959,0.0,0.0,0.0036682344385603888,0.0036483931687191187,0.0,0.0,0.011195702591320335,0.011175861321479064,0.0,0.0,0.014887767640541373,0.014867926370700103,0.0,0.0,0.010899616622921167,0.010879775353079896,0.0,0.0,0.003157034750755329,0.003137193480914059,0.0,0.0,0.010001307758688717,0.009981466488847446,0.0,0.0,-0.0021253529096065815
2022-01-18,0.01768000146482221,0.01766016019498094,0.0,0.0,0.012459855728942662,0.012440014459101392,0.0,0.0,0.016308430538846785,0.016288589269005515,0.0,0.0,0.012118924898427398,0.012099083628586128,0.0,0.0,0.007746263224053508,0.0077264219542122385,0.0,0.0,0.011571859859816847,0.011552018589975576,0.0,0.0,0.015673134064841533,0.015653292795000263,0.0,0.0,0.0024216366350968688
2022-01-19,0.003254355939460933,0.003234514669619663,0.0,0.0,0.0007578616010378639,0.0007380203311965941,0.0,0.0,0.0016361135961095036,0.0016162723262682338,0.0,0.0,0.00030373522069783443,0.0002838939508565646,0.0,0.0,0.002881917183150215,0.002862075913308945,0.0,0.0,-0.0006315766569171891,-0.0006514179267584589,0.0,0.0,-0.002067790233645894,-0.0020876315034871642,0.0,0.0,0.0037359338865581293
2022-01-20,0.003732015718761035,0.003712174448919765,0.0,0.0,0.011693112904499522,0.011673271634658252,0.0,0.0,0.004415198457510601,0.004395357187669331,0.0,0.0,0.004016279194730896,0.003996437924889626,0.0,0.0,0.007070625120588689,0.007050783850747419,0.0,0.0,0.008364917109005901,0.00834507583916463,0.0,0.0,0.006505289129070446,0.006485447859229177,0.0,0.0,-0.0036110603945342934
2022-01-21,-0.0026315497258779727,-0.0026513909957192427,0.0,0.0,0.002359015170708266,0.002339173900866996,0.0,0.0,-0.0049272043409491,-0.004947045610790369,0.0,0.0,0.010006335901597406,0.009986494631756136,0.0,0.0,0.007528421816470607,0.007508580546629337,0.0,0.0,0.0040583057112780554,0.004038464441436786,0.0,0.0,-0.006686370706639459,-0.006706211976480729,0.0,0.0,-0.01884393960726438
2022-01-24,0.0036696301512647578,0.0036497888814234877,0.0,0.0,0.0020433683707090228,0.0020235271008677527,0.0,0.0,-0.0008289379997128282,-0.000848779269554098,0.0,0.0,0.0047885323322820195,0.00476869106244075,0.0,0.0,9.932353525182736e-05,7.948226541055751e-05,-0.01004463416035195,-0.01106447543019322,0.010388189689006566,0.010368348419165296,0.0,0.0,-0.0029764514401718345,-0.0029962927100131045,-0.005524149685836033,-0.007543990955677303,0.004087950320855072
2022-01-25,-0.004586151133784855,-0.0046059924036261244,-0.040207872683977186,-0.042227713953818455,0.004415496813259513,0.004395655543418244,-0.040207872683977186,-0.042227713953818455,-0.005819205097841659,-0.005839046367682929,-0.040207872683977186,-0.042227713953818455,-0.00010840868639570844,-0.00012824995623697828,0.0,0.0,-0.006288841955877714,-0.006308683225718983,-0.0037817606228915945,-0.004801601892732864,0.005991163654487305,0.005971322384646036,-0.017209889389000255,-0.018229730658841526,-0.0026302851699262636,-0.0026501264397675336,-0.023060720696408226,-0.024247228632916163,0.019480852355806322
2022-01-26,0.0014705986226842271,0.0014507573528429573,-0.008326243635479957,-0.008846084905321227,0.012200083008395798,0.012180241738554528,-0.0061546143582058566,-0.006174455628047126,0.003749056527472462,0.003729215257631192,-0.008326243635479957,-0.008846084905321227,0.0028000925222190776,0.0027802512523778075,0.00949878196116466,0.00847894069132339,0.014441571587458617,0.014421730317617346,0.003937682555011951,0.003167841285170681,0.0012852849202414085,0.0012654436504001387,-0.010497872912754058,-0.011517714182595328,-0.0013372657935081037,-0.0013571070633493735,-0.004027758217884408,-0.004630932821059011,-0.016392475454077626
2022-01-27,0.0053619740777775815,0.005342132807936312,-0.047641722549256804,-0.04766156381909807,0.007450140809048121,0.0074302995392068515,-0.052644377846894574,-0.05333088578340251,-0.0028447934027814314,-0.0028646346726227015,-0.047641722549256804,-0.04766156381909807,0.00700469852856897,0.0069848572587277,0.0013774264534955525,2.4251850320949377e-05,0.013960737501426096,0.013940896231584825,-0.02937009681402153,-0.0293899380838628,0.0031614651198162078,0.0031416238499749377,0.006628619766922528,0.005942111830414591,0.014048876753217608,0.014029035483376338,-0.02281471337112247,-0.02283455464096374,0.009982108150680125
2022-01-28,-0.0014199023782745998,-0.0014397436481158696,-0.0016387317688577596,-0.0026585730386990292,-0.002376851911140662,-0.0023966931809819322,-0.008587015047706004,-0.009506856317547274,-0.0032128856017109506,-0.0032327268715522206,-0.0016387317688577596,-0.0026585730386990292,-0.013940921210100155,-0.013960762479941425,-0.005108421790376201,-0.005128263060217471,-0.00508357715033432,-0.00510341842017559,-0.0042612138302532635,-0.004481055100094534,-0.006364724097934399,-0.0063845653677756685,-0.02235433297410235,-0.02287417424394362,-0.0031638131213720597,-0.0031836543912133297,0.0024442170583146164,0.0017243757884733467,-0.003133777454351838
2022-01-31,0.0037929933358798185,0.0037731520660385484,0.013121295419720874,0.013101454149879604,-0.0014341365211126278,-0.0014539777909538976,0.016050147076629172,0.016030305806787902,-0.002127248383312054,-0.002147089653153324,0.013121295419720874,0.013101454149879604,-0.004502474706490706,-0.004522315976331975,0.0010276984378501108,0.001007857168008841,-0.0018348489861790274,-0.0018546902560202972,0.01175026538366557,0.0117304241138243,0.0074826602955087584,0.007462819025667489,0.01090122261809125,0.01088138134824998,-0.005346436364376324,-0.005366277634217593,0.019855722771221745,0.019835881501380475,-0.00019456780411730712
2022-02-01,0.00981192059545797,0.009792079325616699,0.0066402578849716065,0.006620416615130337,-0.000944604479568574,-0.0009644457494098438,0.020952877791323533,0.020933036521482262,0.003992876196768282,0.003973034926927012,0.0066402578849716065,0.006620416615130337,0.0007000672838785166,0.0006802260140372468,0.01473212796943028,0.01471228669958901,0.0005185148437536757,0.0004986735739124059,-0.009108138803259669,-0.00912798007310094,0.008973007865243528,0.008953166595402257,0.005440466471020422,0.005420625201179152,-0.002740538246282405,-0.002760379516123675,0.0035254522224925783,0.0033627538097941658,-0.011101883617743447
2022-02-02,0.008413593669253226,0.008393752399411956,-0.004412594601900429,-0.004765769205075033,0.001647466567838568,0.0016276252979972982,-0.0006218612247998246,-0.0011417024946410944,0.007043957169148456,0.007024115899307186,-0.004412594601900429,-0.004765769205075033,0.00039177557006155744,0.00037193430022028763,-0.01509813679078692,-0.01536797806062819,0.000890456215871048,0.0008706149460297782,-0.0019613495615616503,-0.002147857498069587,0.00030592334365663054,0.00028608207381536073,0.0017424883196223893,0.0013893137164477862,0.002032956219113674,0.002013114949272404,-0.001006264038038566,-0.0014927719745465025,-0.003199017895914702
2022-02-03,0.010098275584153035,0.010078434314311765,-0.018559697661105354,-0.019055729407137102,-0.005707229666154154,-0.005727070935995423,-0.011314686360489618,-0.011501194296997554,0.003790388085847883,0.003770546816006613,-0.018559697661105354,-0.019055729407137102,0.003099586355755808,0.003079745085914538,-0.00694008913039898,-0.006959930400240249,0.005380320046077962,0.005360478776236692,-0.016043240303415515,-0.016205938716113928,0.00019099162487147547,0.00017115035503020563,-0.014144392821212975,-0.014164234091054245,0.006939102071072831,0.006919260801231561,-0.0033918428546696605,-0.003554541267368073,0.014780490541688618
2022-02-04,0.0063021583343486,0.00628231706450733,-0.0011472603955335016,-0.0014171016653747714,0.003117473170331349,0.0030976319004900788,-0.0010343271885718819,-0.0011970256012702946,0.00931159019014386,0.00929174892030259,-0.0011472603955335016,-0.0014171016653747714,-0.008278361324799068,-0.008298202594640338,-8.807235382551903e-05,-0.0004412469570001222,0.008800889186243208,0.008781047916401937,0.00913737730467826,0.008617536034836991,0.0038748358491593055,0.0038549945793180354,0.009886088423066725,0.009616247153225455,0.008500422718147195,0.008480581448305925,-0.007990694905940041,-0.008232758398003533,0.006889207661864738
2022-02-07,-0.003973530384518267,-0.003993371654359537,0.015072022317585507,0.015052181047744237,0.0011944499533468947,0.0011746086835056249,0.011800173834241524,0.011780332564400253,-0.0017283664648751335,-0.0017482077347164033,0.015072022317585507,0.015052181047744237,0.006086439802203081,0.006066598532361811,0.005393976129786782,0.005174134859945512,-0.0010183011231395533,-0.0010381423929808232,0.005039554114058525,0.005019712844217255,0.0010287307647469865,0.0010088894949057167,0.012661006094726257,0.012641164824884987,0.011396070884408332,0.011376229614567062,0.007380863260397838,0.0071792038087383865,0.01953542765950944
2022-02-08,-0.0053613046965375125,-0.005381145966378782,-0.0063972090533056985,-0.006875383656480301,0.009778676192671788,0.009758834922830518,-0.007216443449418245,-0.007694618052592849,0.0032884389807108366,0.0032685977108695666,-0.0063972090533056985,-0.006875383656480301,-0.009223001077306392,-0.009242842347147662,0.004020742857164198,0.004000901587322928,-0.0008567339337968716,-0.0008765752036381414,-0.005925326419193605,-0.006570167689034875,0.011208125331094797,0.011188284061253526,-0.004115991951304188,-0.004585833221145457,0.0003294329132319668,0.00030959164339069696,-0.015164932999177486,-0.01533862042286491,0.013431530778754697
2022-02-09,-0.003169421442941883,-0.0031892627127831532,0.0062879085066592285,0.005818067236817959,0.005162299864506677,0.005142458594665407,0.007254668925565984,0.006891970512867571,-0.0010369353865059133,-0.0010567766563471831,0.0062879085066592285,0.005818067236817959,0.013473071983343687,0.013453230713502417,0.0184062427481211,0.017969734811613163,0.013120685777970875,0.013100844508129605,0.011944050012012356,0.011390875408837754,0.0030520321586955945,0.0030321908888543245,0.015113472567987913,0.014726964631479976,-0.0015443767900917907,-0.0015642180599330605,0.0036134465413392262,0.0034269386048312897,0.005309953468225048
2022-02-10,-0.0015555355200991897,-0.0015753767899404595,-0.014951152155867405,-0.014970993425708675,0.002182442156885518,0.002162600887044248,-0.005174213237737599,-0.005319054507578869,0.000522626446975559,0.0005027851771342892,-0.014951152155867405,-0.014970993425708675,0.004386883452651973,0.004367042182810703,-0.005062612809882922,-0.005082454079724192,0.001248060911499295,0.0012282196416580251,-0.012033736981237523,-0.012053578251078794,0.004112673400240241,0.004092832130398971,-0.006947725029788243,-0.006967566299629513,-0.0062454348479607305,-0.006265276117802,-0.0037637398069764096,-0.0037835810768176797,0.019663279787845767
2022-02-11,0.0038673512357218914,0.0038475099658806214,-0.014992532373939705,-0.015012373643780975,0.0007045309924517962,0.0006846897226105264,-0.017769334257900747,-0.017789175527742018,-0.003194193286964686,-0.003214034556805956,-0.014992532373939705,-0.015012373643780975,0.005362339814751892,0.005342498544910622,-0.008909845265991145,-0.008929686535832416,0.0016470189125013454,0.0016271776426600756,-0.008854927922577738,-0.008874769192419009,0.005382703904784909,0.00536286263494364,-0.027963187516431186,-0.027983028786272457,-0.004412941929982803,-0.004432783199824072,-0.012628615083110637,-0.012648456352951908,0.005308924746121546
2022-02-14,0.0038860862646053346,0.0038662449947640645,-0.006287785408784023,-0.006509646880645495,0.0015635590029764376,0.0015437177331351678,-0.006261271472304405,-0.006644749105782039,0.0071355488457538335,0.007115707575912564,-0.006287785408784023,-0.006509646880645495,-0.0021883182708882995,-0.0022081595407295695,-0.008483540890622615,-0.008646239303321028,-0.00386160559725654,-0.00388144686709781,-0.006946454539047943,-0.007307204899798304,-0.0024452120749685335,-0.0024650533448098036,-0.00018997610401085517,-0.0003764840405187917,-0.003208953479032481,-0.003228794748873751,-0.007637087360966055,-0.007871214345093039,0.009587869944767569
2022-02-15,-0.0016932446804393264,-0.0017130859502805962,-0.003754669124163191,-0.003774510394004461,0.007097489380164232,0.007077648110322962,-0.00254377076960372,-0.00256361203944499,-0.0014523667232307705,-0.0014722079930720403,-0.003754669124163191,-0.003774510394004461,-0.005715552269652396,-0.005735393539493666,-0.015777365639350616,-0.016122206909191885,-0.0075808733198508005,-0.00760071458969207,-0.00595304015900879,-0.006167325873294505,0.002943316511062756,0.002923475241221486,-0.01193677608645942,-0.012099474499157834,-0.00033565709291935586,-0.0003554983627606257,-0.006100185868450927,-0.006120027138292196,-0.0027822804888817387
2022-02-16,-0.004513717703375539,-0.004533558973216808,0.009338264567184767,0.009064577143497343,-0.003402700746964013,-0.003422542016805283,0.0019614539589323373,0.0017044332019115803,-0.0011220907367316749,-0.0011419320065729447,0.009338264567184767,0.009064577143497343,-0.010549993463442132,-0.010569834733283403,-0.002685517117437408,-0.002816469498389789,-0.011722497003288701,-0.011742338273129971,-0.00015651628228802704,-0.0003192146949864397,0.005022126842253102,0.005002285572411833,-0.0018946262061442787,-0.0020394674759855484,-0.0014521581168223524,-0.0014719993866636222,0.0024110901505808744,0.0022579155474062714,0.0012120039744509814
2022-02-17,-0.009954101723712944,-0.009973942993554214,-0.0107791560711715,-0.011023239765255195,-0.0066163405970927,-0.00663618186693397,-0.0009958918018940985,-0.0010871616431639398,-0.009329470384384031,-0.009349311654225301,-0.0107791560711715,-0.011023239765255195,-0.01467183736499033,-0.0146916786348316,-0.015680627829717107,-0.015800469099558376,0.0024665930082258536,0.0024467517383845836,-0.011781462908085434,-0.012026304177926704,-0.008586241766199938,-0.008606083036041209,-0.013809263284777327,-0.01408307280858685,-0.0040850540212914385,-0.004104895291132708,0.011270744195660928,0.011133255866996128,-0.007191662056303061
2022-02-18,0.0005367860021907311,0.0005169447323494613,-0.006121868331158187,-0.006204209600999456,0.002306874094085698,0.002287032824244428,-0.0019783959895614857,-0.002064903926069422,0.004882387537497319,0.00486254626765605,-0.006121868331158187,-0.006204209600999456,-0.0003325367603388002,-0.00035237803018007,-0.006948306514898634,-0.007225723542315661,-0.00032784254688487946,-0.0003476838167261493,0.0015113415078974544,0.0014326767086444198,0.0022274173029996694,0.0022075760331583994,0.0026777703600768116,0.0025579290902355417,0.0005127328133671324,0.0004928915435258626,-0.002187484611493871,-0.0022628814368906964,0.011365423280543352
2022-02-21,-0.013560959185103715,-0.013580800454944985,-0.0030228271010976464,-0.0030426683709389164,-0.008683589603515833,-0.008703430873357103,0.007805077444347219,0.00778523617450595,-0.010615873993349928,-0.010635715263191198,-0.0030228271010976464,-0.0030426683709389164,0.001961072768657847,0.001941231498816577,-0.00425231143723423,-0.004272152707075499,-0.008154076320428728,-0.008173917590269999,-0.008360931749148627,-0.008443273018989898,-0.007161988140083279,-0.007181829409924549,0.006416241274784417,0.0063964000049431475,-0.009101778146297278,-0.009121619416138548,0.004961609770247491,0.004811516399565886,-0.012481339854263362
2022-02-22,-0.004367491796110352,-0.004387333065951622,0.004369425662361478,0.004124584392520208,0.003514704547178643,0.003494863277337373,-0.00512423866272574,-0.005306417594904672,-0.0022661655415240206,-0.0022860068113652906,0.004369425662361478,0.004124584392520208,-0.0009017954294236116,-0.0009216366992648814,-0.011459063100784771,-0.011478904370626042,-0.004528914928607214,-0.0045487561984484835,-0.006290559087463239,-0.006569223886716274,0.012508902990057066,0.012489061720215796,-0.0029455767133222868,-0.00329875131649689,-0.005561031022729188,-0.005580872292570457,0.006512785303815188,0.006159610700640585,0.00908585376659432
2022-02-23,-0.006989567005024566,-0.007009408274865836,0.0032956359055730617,0.002932657380829831,-0.009919887993331447,-0.009939729263172718,0.0032384350496022806,0.0029587898581923833,-0.012746190382249889,-0.01276603165209116,0.0032956359055730617,0.002932657380829831,-0.010972094628795497,-0.010991935898636767,-0.001177051037742264,-0.0014968923075835338,-0.00469399528885988,-0.0047138365587011495,-0.0014843342085079352,-0.0019480257457288842,-0.009546791772896072,-0.009566633042737343,4.9408253609958255e-05,-0.00034405938985768516,-0.006331424410456962,-0.006351265680298232,0.011630475213750383,0.011321041183728118,-0.0016171616325568738
2022-02-24,0.0010352740301625835,0.0010154327603213136,0.007155147618795964,0.007135306348954694,-0.001478106669408355,-0.0014979479392496248,-0.0010124262922147562,-0.001232267562056026,0.00400010839737628,0.00398026712753501,0.007155147618795964,0.007135306348954694,-0.0004048417780432925,-0.00042468304788456234,0.0071391324635937635,0.006508180082641382,0.00747981884353021,0.0074599775736889406,0.005456090098001879,0.00543624882816061,0.005421771015992019,0.0054019297461507495,0.002833136864961031,0.0024132955951197614,0.005987632663955453,0.005967791394114183,0.0020092871524954982,0.001989445882654228,0.013363718028140514
2022-02-25,0.0002151427956516433,0.00019530152581037345,0.005993668371853378,0.005619660435345441,-0.004968415729299021,-0.00498825699914029,0.003604659108614265,0.0031889845054396617,0.004069271351757782,0.004049430081916512,0.005993668371853378,0.005619660435345441,0.012262084319384532,0.012242243049543262,0.01374538743051995,0.013625546160678681,0.005839752033420395,0.0058199107635791255,0.004261322009585666,0.004123833680920867,-0.004296675303276029,-0.004316516573117299,0.008133197361162357,0.008030022757987754,0.0004442612374726748,0.000424419967631405,0.0002481204425620791,-6.933987489823835e-05,0.008739558876044162
2022-02-28,-0.00402761721825249,-0.004047458488093759,0.004316232532247638,0.004219468185483292,0.006521707375460178,0.006501866105618909,-0.0022716771766841323,-0.0024733366283435842,0.00011642504335281079,9.658377351154095e-05,0.004316232532247638,0.004219468185483292,-0.003684232121649547,-0.003704073391490817,0.0038172235721442467,0.003597382302302977,-0.0037974295604826513,-0.0038172708303239214,0.0019134336503838917,0.001739746226696468,0.0038373718605002327,0.0038175305906589627,-0.00414177695891027,-0.0043282848954182065,-0.0025763534301895055,-0.0025961947000307756,0.005841883112790287,0.005822041842949017,0.020507107734114793
2022-03-01,-0.0010977226595808923,-0.001117563929422162,-0.001287042918751275,-0.001306884188592545,-0.00603403598010973,-0.006053877249950999,-0.0006313298526693621,-0.0006511711225106319,0.003329284345032983,0.003309443075191713,-0.001287042918751275,-0.001306884188592545,0.008968166634343674,0.008948325364502404,0.004123385137539659,0.004103543867698389,0.011353358062311122,0.011333516792469852,0.002618764933055793,0.002598923663214523,0.005760311656234286,0.005740470386393017,0.009135629007933587,0.009115787738092317,0.004261638162222428,0.0042417968923811585,-0.004925234382492976,-0.005021998729257323,0.008518521602525198
2022-03-02,0.003027182072365228,-0.00011765919747604202,0.004197519667472036,0.004034821254773623,0.010518279992734247,0.0072484387228929775,0.008121906236985471,0.007959207824287058,0.002712084974278807,-0.00030775629556246313,0.004197519667472036,0.004034821254773623,-0.008779980389283334,-0.011299821659124604,0.00074354355780153,0.000612591176849149,0.0003906757918239259,-0.002379165478017344,0.0009567597482147937,0.0008744184783735238,0.004542576548575428,0.0015227352787341576,0.0015872839492335616,0.001476533588483201,-0.002262646551050275,-0.006032487820891545,0.005445767912844599,0.0050350175520942385,-0.016812442812185635
2022-03-03,-0.005470403847432831,-0.0054902451172741005,-0.0014956379017593176,-0.0016757355818569977,-0.0041375758729565795,-0.004157417142797849,0.0016669140313911727,0.0015470727615499028,-0.007338386834108285,-0.007358228103949554,-0.0014956379017593176,-0.0016757355818569977,0.0007471334185177175,0.0007272921486764477,0.0007304451176971588,0.000710603847855889,-0.011444681830700631,-0.011464523100541902,-0.004745592018796091,-0.004832099955304028,-0.010995422797593801,-0.011015264067435072,-0.006353551837957689,-0.006373393107798959,-0.007147575239397533,-0.007167416509238802,0.004175263328995871,0.004055422059154601,-0.0002564849018802384
2022-03-04,0.012850037490832189,0.012830196220990919,0.008223170491745898,0.008112420130995536,0.011358883020017148,0.011339041750175877,0.006828674788433157,0.006697722407480776,0.012942565414490646,0.012922724144649376,0.008223170491745898,0.008112420130995536,0.004933854288978343,0.004914013019137073,-0.0015103674021444378,-0.0017802086719857077,0.015258735469470854,0.015238894199629583,0.01195475627280867,0.011851581669634067,0.020078952713813,0.02005911144397173,0.016647459439055618,0.01642761816921435,0.013825595622919816,0.013805754353078546,0.012302627242712083,0.012032785972870812,-0.012412079118543029
2022-03-07,0.010623911668187692,0.010604070398346422,0.006817770436655372,0.006797929166814103,-0.0007061229803963232,-0.000725964250237593,0.0064533851381757094,0.00643354386833444,0.00762188449614911,0.007602043226307841,0.006817770436655372,0.006797929166814103,0.0011968933095658982,0.0011770520397246284,0.007084001938512094,0.006939160668670824,-0.001660417079812071,-0.0016802583496533408,0.006235697438602158,0.006215856168760889,0.0035554309155491765,0.0035355896457079064,0.007997611571697516,0.007977770301856245,0.006293057067754522,0.006273215797913252,0.006890446764866029,0.006537272161691425,-0.0052210782660288
2022-03-08,0.0001691381792898114,0.00014929690944854156,0.0010300059268356261,0.0007046091014388007,-0.004451917993697048,-0.0044717592635383175,-0.0015190479408067892,-0.0018305558773147256,-0.0031744415423899802,-0.0031942828122312503,0.0010300059268356261,0.0007046091014388007,0.007989872999766515,0.007970031729925244,0.011424074851122443,0.011404233581281172,-0.0025287346234333305,-0.0025485758932746005,8.862207503448905e-05,-0.0002026477662353522,-0.006998271946965895,-0.0070181132168071645,-0.0011706738341916538,-0.0015405151040329237,-0.014904760659712218,-0.014924601929553489,-0.012119433715461592,-0.01263927498530286,0.017103512766043938
2022-03-09,0.006344054223202611,0.006324212953361341,0.010696619054403812,0.010191063498848256,-0.0014250624366665757,-0.0014449037065078455,0.005117256881952571,0.004673173187868877,0.006386267771381689,0.006366426501540419,0.010696619054403812,0.010191063498848256,0.008310475743284092,0.008290634473442821,0.015293564475893117,0.014797532729861371,0.0043650132037327885,0.004345171933891519,0.010882923662209451,0.010446415725701515,-0.0005668431403478905,-0.0005866844101891603,-0.004040531580416408,-0.004504817294702122,0.012888650962166792,0.012868809692325522,0.0200062708704503,0.01973642960060903,0.0074928719198745775
2022-03-10,0.0030109968145200644,0.0029911555446787944,-0.004839792722542333,-0.004859633992383603,0.00624514110138466,0.006225299831543391,-0.0006112711799940215,-0.0007311124498352913,0.00474601596293512,0.00472617469309385,-0.004839792722542333,-0.004859633992383603,0.0033172510341881664,0.0032974097643468964,-0.005122928983754237,-0.005142770253595506,0.010296400863286911,0.010276559593445641,0.005858496077577167,0.005838654807735898,0.005399657992754658,0.005379816722913389,0.0004771875565129117,0.0004573462866716419,-0.0003546837329052588,-0.0003745250027465286,-0.005901007660300384,-0.005920848930141653,-0.007208234714365935
2022-03-11,1.51812485549227e-05,-4.660021286347142e-06,0.0023775533368083426,0.0023577120669670726,0.004020718541183646,0.004000877271342376,0.01670338899923472,0.01668354772939345,0.0010720045228158476,0.0010521632529745778,0.0023775533368083426,0.0023577120669670726,0.008209457713677273,0.008189616443836003,0.0092945184602951,0.00927467719045383,0.0005928230453190811,0.0005729817754778113,-0.0007546305777372487,-0.0007744718475785185,0.007709397003014089,0.007689555733172819,0.00471891683292754,0.004699075563086271,-5.843830331708072e-05,-7.827957315835056e-05,-0.002577701170269217,-0.002597542440110487,-0.010670891030844398
2022-03-14,0.0007755662910704231,0.0007557250212291533,0.0011914404199483667,0.000893821372329319,0.008909024036166308,0.008889182766325037,0.013896306129648628,0.013247893431235929,-0.003069616791251638,-0.003089458061092908,0.0011914404199483667,0.000893821372329319,0.00904978425757555,0.009029942987734279,0.01803251003581252,0.017846002099304585,0.003936671953633009,0.003916830683791739,0.006495480236509312,0.006051396542425618,-0.004230425077720201,-0.004250266347561471,-0.006253220552525529,-0.006398061822366799,0.006399192645326408,0.006379351375485139,0.004998973094957004,0.004312465158449068,0.0008406030216387972
2022-03-15,-0.000822442423687994,-0.0008422836935292638,-0.0037942421531142953,-0.0038140834229555653,0.005602561090377489,0.00558271982053622,0.005421932740280914,0.005402091470439644,0.006404332059257889,0.006384490789416619,-0.0037942421531142953,-0.0038140834229555653,0.001252132939386752,0.0012322916695454822,0.009966590902334416,0.009246749632493147,0.004177105879719402,0.004157264609878132,-0.012038944958471264,-0.012358786228312534,0.000965136662901725,0.0009452953930604551,0.0001455954712112975,-1.710294148711517e-05,0.013917679616946087,0.013897838347104816,-0.01919637443682685,-0.01921621570666812,-0.012902161643192245
2022-03-16,0.003379212379401454,0.003359371109560184,0.013702369215877943,0.013196813660322387,-0.008831190787169658,-0.008851032057010929,-0.008009124710227277,-0.008678965980068547,-0.000457216358213032,-0.00047705762805430184,0.013702369215877943,0.013196813660322387,0.004779239522404083,0.004759398252562813,0.0019434880498172824,0.0016736467799760126,0.003414817182307607,0.003394975912466337,0.011729596928899433,0.011459755659058164,0.003859906154641095,0.003840064884799825,0.007186533230667258,0.007000025294159322,0.001712785185231623,0.0016929439153903533,0.011794456693294908,0.011074615423453638,-0.0069025430513623975
2022-03-17,-0.0040209934133152644,-0.004040834683156534,0.010124373221752015,0.009454531951910745,-0.0014946797688169602,-0.00151452103865823,0.0029911024583795798,0.00272126118853831,0.00028482301771712293,0.0002649817478758531,0.010124373221752015,0.009454531951910745,0.005147080601274466,0.0051272393314331964,0.008183129146189499,0.007829954543014895,0.002754552477499575,0.002734711207658305,0.003828711228421137,0.003225536625246534,0.005999065104829997,0.005979223834988727,0.02343338336908658,0.02271354209924531,-0.0030115452686496416,-0.0030313865384909116,0.023284182470575843,0.022597674534067906,0.003912104187063781
2022-03-18,-0.0017309146147081525,-0.0017507558845494223,0.0027738613970542114,0.0025040201272129416,-0.0026098787928093142,-0.0026297200626505843,-0.013333329346540782,-0.013686503949715385,-0.0049024867202921985,-0.004922327990133468,0.0027738613970542114,0.0025040201272129416,0.005270852569504915,0.005251011299663645,0.03846517949271083,0.036945338222869564,-0.00453460904979603,-0.0045544503196373,-0.00046842428796050597,-0.0006882655578017759,-0.006971452851748099,-0.006991294121589368,-0.01444520320641729,-0.01471504447625856,-0.006615938035366552,-0.006635779305207821,-0.02480096880516336,-0.02532081007500463,0.013188432397173822
2022-03-21,5.790295377364196e-05,3.806168393237212e-05,-0.011540900915876812,-0.011560742185718082,0.0036257598350475026,0.0036059185652062326,-0.00012453653658078823,-0.00014437780642205807,-0.0046377624150943375,-0.004657603684935607,-0.011540900915876812,-0.011560742185718082,-0.0023876471842654984,-0.0024074884541067684,0.0009482660633528539,0.0009284247935115841,0.0023179500757396637,0.0022981088058983937,0.012880496239771633,0.012860654969930363,0.0020359222650180586,0.0020160809951767886,0.0013894036061038173,0.0013695623362625475,-4.814794408308093e-05,-6.798921392435077e-05,0.0029737443172813682,0.002953903047440098,0.007176376194468537
2022-03-22,0.009070918746451481,0.00905107747661021,-0.004219477597385271,-0.004572652200559874,0.0065778215817949015,0.006557980311953632,0.009900228942020872,0.009880387672179601,0.01121267590801956,0.01119283463817829,-0.004219477597385271,-0.004572652200559874,0.004863026464171548,0.004843185194330278,0.026834543407069034,0.026814702137227763,0.005489189148280442,0.005469347878439172,-0.005982729566203687,-0.00658590416937829,0.00213915104509068,0.00211930977524941,-0.030228959770709718,-0.03124880104055099,0.008393564778666797,0.008373723508825526,-0.017652754433548745,-0.017672595703390016,-0.024724184594579146
2022-03-23,0.0026325384271855823,0.0026126971573443123,0.03128126948792942,0.02826142821808815,-0.0062598725914357126,-0.006279713861276982,0.0005542002981056005,0.00020102569493099726,-0.0028605136012349874,-0.0028803548710762575,0.03128126948792942,0.02826142821808815,-0.005843590273455497,-0.005863431543296767,0.027140716346196192,0.02612087507635492,-0.005137059620697312,-0.005156900890538582,0.04152820225365039,0.03800836098380912,-0.003107521552720302,-0.003127362822561572,0.016977146080222383,0.01595730481038111,-0.002598968717331611,-0.002618809987172881,0.0,0.0,0.003828034019332849
2022-03-24,-0.0023220606520757484,-0.0023419019219170184,-0.0004334308465312464,-0.00045327211637251623,0.005890602514418475,0.005870761244577205,0.0012259638765083811,0.0012061226066671113,-0.0016072571605797448,-0.0016270984304210146,-0.0004334308465312464,-0.00045327211637251623,-0.0011375290198238422,-0.001157370289665112,-0.027254431193924233,-0.027274272463765504,-0.0003110646640887213,-0.0003309059339299911,-0.022009388880757486,-0.022029230150598756,0.000921731902005743,0.0009018906321644731,-0.009661313270864613,-0.009681154540705884,0.001367176762993541,0.0013473354931522713,0.0,0.0,0.0012723693055582963
2022-03-25,0.002560646164514249,0.002540804894672979,0.013924703353078272,0.012904862083237002,-0.005578069942587784,-0.005597911212429053,-0.001574575876155393,-0.002094417145996663,-0.0002406405650415347,-0.0002604818348828045,0.013924703353078272,0.012904862083237002,-0.00852355186368782,-0.00854339313352909,0.013924703353078272,0.013904862083237001,0.00396295277009346,0.00394311150025219,-0.001574575876155393,-0.0015944171459966628,-0.00841212532343049,-0.00843196659327176,-0.017073855105389057,-0.017093696375230328,-0.008746649770662793,-0.008766491040504063,0.0,0.0,0.005032793139099656
2022-03-28,-0.009271723725042945,-0.009291564994884215,0.0,0.0,0.0003523903827463079,0.0003325491129050381,0.0,0.0,-0.006918079070604655,-0.006937920340445924,0.0,0.0,0.001824370515691856,0.0018045292458505862,0.0,0.0,-0.003662374096212076,-0.003682215366053346,0.0,0.0,-0.008532323666773083,-0.008552164936614353,0.0,0.0,0.0009779967709626844,0.0009581555011214146,0.0,0.0,0.01825830649816318
2022-03-29,-0.00040752704589080285,-0.00042736831573207267,0.0,0.0,-0.002317739188143514,-0.002337580457984784,0.0,0.0,-0.003306448457463494,-0.0033262897273047642,0.0,0.0,-0.012712279097758392,-0.012732120367599662,0.0,0.0,-0.007527350692637984,-0.007547191962479253,0.0,0.0,-0.006179130816703252,-0.006198972086544521,0.0,0.0,0.005227263276022576,0.005207422006181306,0.0,0.0,-0.022215621044852196
2022-03-30,0.0028107072128077115,0.0027908659429664415,0.0,0.0,-0.00019232486152753053,-0.00021216613136880037,0.0,0.0,0.0029526113921057723,0.0029327701222645023,0.0,0.0,0.004597374706776146,0.004577533436934876,0.0,0.0,0.0018205318383518604,0.0018006905685105906,0.0,0.0,0.00291331692727035,0.00289347565742908,0.0,0.0,0.004180041948188565,0.004160200678347295,0.0,0.0,-0.006022137677102024
2022-03-31,0.0040048392097324775,0.003984997939891208,0.0,0.0,0.0009131347218507349,0.0008932934520094651,0.0,0.0,0.0023734358336244404,0.0023535945637831704,0.0,0.0,-0.0016951906513822182,-0.001715031921223488,0.0,0.0,0.004463712081829697,0.004443870811988428,0.0,0.0,0.003537417449589089,0.003517576179747819,0.0,0.0,0.002494904906287461,0.002475063636446191,0.0,0.0,0.006979969550726883
2022-04-01,-0.006206223375273302,-0.006226064645114572,0.0,0.0,-0.0021801674480328367,-0.0022000087178741068,0.0,0.0,-0.003483787099118396,-0.003503628368959666,0.0,0.0,-0.013008191620067881,-0.013028032889909152,0.0,0.0,-0.0024372863786360777,-0.0024571276484773477,0.0,0.0,-0.0018861254433600663,-0.0019059667132013361,0.0,0.0,0.009353121271168843,0.009333280001327573,0.0,0.0,-0.016917538393993348
2022-04-04,-0.007253677040968173,-0.007273518310809443,0.0,0.0,-0.006404751968059494,-0.0064245932379007635,0.0,0.0,-0.009049926901135229,-0.0090697681709765,0.0,0.0,-0.005583682401140128,-0.005603523670981397,0.0,0.0,-2.147660801053025e-05,-4.131787785180009e-05,0.0,0.0,0.0019379910498425051,0.0019181497800012353,0.0,0.0,-0.012145634820924928,-0.012165476090766198,0.0,0.0,0.01671543952858867
2022-04-05,0.0025318572170102763,0.0025120159471690062,0.0,0.0,0.0029784045274379722,0.002958563257596702,0.0,0.0,0.0033539254560255582,0.0033340841861842882,0.0,0.0,-0.004342642301480293,-0.0043624835713215624,0.0,0.0,0.001564259090588653,0.0015444178207473832,0.0,0.0,0.004857052960635558,0.004837211690794288,0.0,0.0,0.006883523376914072,0.006863682107072802,0.0,0.0,0.00453192273970715
2022-04-06,-0.003359684869243998,-0.003379526139085268,0.0,0.0,-0.011925745426199764,-0.011945586696041035,0.0,0.0,-0.007169432827077549,-0.007189274096918818,0.0,0.0,0.00030009049444380126,0.00028024922460253144,0.0,0.0,-0.005010326464373195,-0.005030167734214465,0.0,0.0,-0.010114901736893868,-0.010134743006735138,0.0,0.0,-0.004126098606807516,-0.004145939876648785,0.0,0.0,0.009792423844277476
2022-04-07,-0.001323293211220343,-0.0013431344810616128,0.0,0.0,-0.0001958824711490864,-0.00021572374099035625,0.0,0.0,-0.002522991438389348,-0.002542832708230618,0.0,0.0,-0.010820614330987043,-0.010840455600828313,0.0,0.0,-0.005557658454367467,-0.005577499724208737,0.0,0.0,-0.00896453286282596,-0.008984374132667231,0.0,0.0,-0.006084666445611474,-0.006104507715452743,0.0,0.0,-0.005800380276739792
2022-04-08,-0.004234095844153581,-0.00425393711399485,0.0,0.0,-0.0014695494642228482,-0.001489390734064118,0.0,0.0,-0.006384535111572692,-0.006404376381413962,0.0,0.0,-0.0012005993781716226,-0.0012204406480128924,0.0,0.0,-0.006795736220416473,-0.006815577490257743,0.0,0.0,-0.004642466795592735,-0.004662308065434005,0.0,0.0,-0.00527856008957283,-0.0052984013594140995,0.0,0.0,0.009431400589628103
2022-04-11,0.017587972452854796,0.017568131183013525,0.0,0.0,0.008447733485954796,0.008427892216113526,0.0,0.0,0.016965686717220797,0.016945845447379527,0.0,0.0,0.010337639059450017,0.010317797789608747,0.0,0.0,0.015081049385324848,0.015061208115483577,0.0,0.0,0.006106635104568242,0.0060867938347269725,0.0,0.0,0.006931717417698442,0.006911876147857173,0.0,0.0,0.012233187115879396
2022-04-12,0.0023918013781064687,0.0023719601082651987,0.0,0.0,0.0011853400821078483,0.0011654988122665785,0.0,0.0,-0.0020879359554650465,-0.0021077772253063165,0.0,0.0,0.0018641867684644625,0.0018443454986231927,0.0,0.0,-0.002406549401066993,-0.002426390670908263,0.0,0.0,-0.006150490132082791,-0.00617033140192406,0.0,0.0,0.0016057711943756672,0.0015859299245343974,0.0,0.0,0.003041658221508925
2022-04-13,-0.0057884727297164845,-0.005808313999557754,0.0,0.0,-0.010084411091789758,-0.010104252361631028,0.0,0.0,-0.002142763948917374,-0.002162605218758644,0.0,0.0,-0.009948764963330296,-0.009968606233171567,0.0,0.0,-0.0025585162932681774,-0.0025783575631094474,0.0,0.0,-0.004189612756167936,-0.004209454026009206,0.0,0.0,-0.003808435966858037,-0.003828277236699307,0.0,0.0,0.003058409819685748
2022-04-14,-0.003687459893265181,-0.003707301163106451,0.0,0.0,0.00383883963394685,0.00381899836410558,0.0,0.0,-0.0028808183377903238,-0.002900659607631594,0.0,0.0,-0.00143186769413918,-0.0014517089639804498,0.0,0.0,0.0029388803077249753,0.0029190390378837053,0.0,0.0,0.0010879195467692684,0.0010680782769279986,0.0,0.0,0.0017715016650445212,0.0017516603952032514,0.0,0.0,0.003453775632098921
2022-04-15,-0.0020094156428752258,-0.002029256912716496,0.0,0.0,-0.00329109630108039,-0.00331093757092166,0.0,0.0,-0.0018419517236243493,-0.0018617929934656191,0.0,0.0,0.008410605380075542,0.008390764110234272,0.0,0.0,-0.005591496479053687,-0.0056113377488949566,0.0,0.0,-0.0013854119885080632,-0.001405253258349333,0.0,0.0,0.006385410697016362,0.006365569427175093,0.0,0.0,-0.009016797912133168
2022-04-18,-0.002176147113530487,-0.002195988383371757,0.0,0.0,0.0022435154288699827,0.0022236741590287126,0.0,0.0,0.001233906297481907,0.0012140650276406372,0.0,0.0,-0.0036178697679727922,-0.0036377110378140623,0.0,0.0,0.002908756679996946,0.002888915410155676,0.0,0.0,0.0011030831482525746,0.0010832418784113048,0.0,0.0,-0.0007172381947634573,-0.0007370794646047272,0.0,0.0,-0.001142815482643833
2022-04-19,0.011423712360813881,0.01140387109097261,0.02273382808838509,0.021713986818543817,0.005627483229401195,0.0056076419595599255,0.0,0.0,0.013804359245870972,0.013784517976029701,0.02273382808838509,0.021713986818543817,-0.009283330174379559,-0.00930317144422083,0.0,0.0,0.005805772761723983,0.005785931491882714,0.0,0.0,0.007722041164982978,0.007702199895141708,0.0,0.0,0.010630438046153573,0.010610596776312303,0.02273382808838509,0.021713986818543817,-0.0011977478569757949
2022-04-20,-0.0008490132172543005,-0.0008688544870955703,0.001592275587213532,0.001572434317372262,0.000207649712345985,0.00018780844250471516,0.0,0.0,-0.004090414292249142,-0.004110255562090412,0.001592275587213532,0.001572434317372262,-0.00033331128655996606,-0.00035315255640123587,0.0,0.0,-0.00335709097087835,-0.00337693224071962,0.0,0.0,-0.0033119936263179828,-0.003331834896159253,0.0,0.0,-0.004812079682463735,-0.004831920952305005,0.001592275587213532,0.001572434317372262,0.0046973325078885075
2022-04-21,0.005474037806327096,0.005454196536485827,0.01599445384468634,0.015474612574845071,-0.0031947529954264864,-0.0032145942652677564,-0.0008838067890185042,-0.001903648058859774,0.005647424043054024,0.005627582773212754,0.01599445384468634,0.015474612574845071,0.004986819758260673,0.004966978488419403,0.0,0.0,0.008541549194903915,0.008521707925062644,0.01940224143585456,0.01838240016601329,-0.009153029465302394,-0.009172870735143664,0.017634627857817553,0.01661478658797628,-0.004528022664799021,-0.004547863934640291,0.01624379239649228,0.015557284459984343,0.011478066716013258
2022-04-22,0.007436139818893635,0.007416298549052365,0.0028204901066338772,0.002800648836792607,0.0058388392550658,0.005818997985224531,-0.0019783764889366173,-0.0019982177587778874,0.011083074611089587,0.011063233341248317,0.0028204901066338772,0.002800648836792607,-0.0067249195228633735,-0.006744760792704643,-0.008757125706107538,-0.009776966975948808,0.005895429470853149,0.005875588201011879,-0.0041659687591453776,-0.004685810028986648,-0.0013113492495469142,-0.001331190519388184,-0.01228869049616399,-0.01330853176600526,0.004372019479310506,0.004352178209469236,-0.0015560901283782954,-0.001975931398219565,-0.011163896901762449
2022-04-25,0.009754611642848118,0.009734770373006848,-0.003935760666582799,-0.003955601936424069,0.006941994519047277,0.006922153249206008,0.014986031913012954,0.014966190643171683,0.013544534442050872,0.013524693172209602,-0.003935760666582799,-0.003955601936424069,0.0007423837408703296,0.0007225424710290598,-0.024958005289903107,-0.024977846559744377,0.006006547667762985,0.005986706397921715,-0.026853209288217772,-0.027873050558059043,0.005490790083335417,0.005470948813494148,-0.0010684692251283767,-0.0010883104949696465,0.016468952884200472,0.0164491116143592,-0.003401861898497005,-0.003421703168338275,-0.0008950993335153923
2022-04-26,0.0027216318169455064,0.0027017905471042364,0.011952089007211564,0.011932247737370293,0.003453996720538234,0.003434155450696964,0.022213659542402914,0.020860484939228312,0.005611076320893783,0.005591235051052514,0.011952089007211564,0.011932247737370293,0.011373929939142685,0.011354088669301415,0.016282951116616373,0.015263109846775104,0.0011724181841353543,0.0011525769142940844,0.004599378744632232,0.0039128708081242955,0.0015699059802629645,0.0015500647104216946,-0.004921681600425776,-0.005441522870267046,-0.0015222249431714949,-0.0015420662130127647,-0.0023331624016646128,-0.0033530036715058824,0.01677601102424897
2022-04-27,-0.0011159826377547602,-0.00113582390759603,-0.05258488638612413,-0.0536047276559654,0.0020899397073333437,0.0020700984374920736,-0.003619545057994056,-0.004389386327835325,-0.004645973317086445,-0.004665814586927715,-0.05258488638612413,-0.0536047276559654,-0.000999035347560781,-0.0010188766174020509,-0.011257392133599942,-0.01177723340344121,-0.0014291703586969823,-0.001449011628538252,-0.0006663592671954568,-0.0006862005370367266,0.0013823484483361098,0.00136250717849484,0.014768896266377729,0.013915721663203127,-0.0026059081210230567,-0.0026257493908643267,-0.01789978674027955,-0.018586294676787487,-0.0076994705169383115
2022-04-28,-0.006888161264791255,-0.006908002534632525,-0.005605133993546785,-0.006458308596721388,-0.010297419320622739,-0.01031726059046401,0.010713358125715323,0.01016018352254072,-0.009518487560664021,-0.009538328830505292,-0.005605133993546785,-0.006458308596721388,-0.003917536739465807,-0.003937378009307077,0.02411923080770595,0.02359938953786468,-0.005586963166632382,-0.0056068044364736514,0.009951560041116431,0.009431718771275162,-0.0021093229093874094,-0.0021291641792286794,0.011101921166260464,0.011082079896419194,-0.0023208170963292807,-0.0023406583661705507,0.003546792543737294,0.0029602846072293576,-0.008564750190193537
2022-04-29,-0.0017610237635832388,-0.0017808650334245086,0.004270202259992561,0.0038503609901512914,-0.005626591544101021,-0.005646432813942291,0.0022387722909530394,0.0018189310211117696,-0.0057536987272947746,-0.005773539997136044,0.004270202259992561,0.0038503609901512914,0.005964084623065996,0.0059442433532247265,0.026758029040073683,0.026738187770232413,0.004151309924974408,0.004131468655133139,0.029633577274198027,0.029413736004356757,-0.0008695997082582285,-0.0008894409780994983,0.014405428833319375,0.013885587563478106,-0.011751375912610044,-0.011771217182451315,0.016394334001437465,0.016231635588739052,0.0027053681101432137
2022-05-02,0.005343695210905011,0.005323853941063742,0.006900574382257708,0.006547399779083104,-0.002747496490257531,-0.002767337760098801,0.000669438104403894,0.0002745968345626242,0.0036091983930910745,0.0035893571232498045,0.006900574382257708,0.006547399779083104,0.013942402117362217,0.013922560847520946,-0.020268948793476533,-0.020622123396651135,0.00727770411625351,0.00725786284641224,-0.0024216997903908546,-0.0024415410602321246,0.004958554438699178,0.0049387131688579085,-0.0009189908322362328,-0.0011888321020775026,-0.005662076099262371,-0.005681917369103641,0.009218823558720474,0.009032315622212538,0.009768237095338472
2022-05-03,0.00945931313703021,0.00943947186718894,-0.00614320215545866,-0.0065797100919665966,0.004917090964836467,0.004897249694995197,0.012818383536806555,0.012431875600298618,0.008249524898403304,0.008229683628562034,-0.00614320215545866,-0.0065797100919665966,0.009581944463062188,0.009562103193220917,0.009187032985885987,0.009167191716044716,0.0034477851510367197,0.0034279438811954496,0.016418883753839854,0.015832375817331917,0.00407487034872709,0.0040550290788858205,-0.009532727588824091,-0.00975256885866536,0.00042554348899036254,0.0004057022191490927,-0.006524850797641231,-0.007003025400815835,0.0006056866111672221
2022-05-04,-0.009614075341351697,-0.009633916611192967,0.004439742391371607,0.003836567788197004,-0.005908587269931924,-0.0059284285397731935,0.008860800069205591,0.008416716375121897,-0.007186762333801368,-0.007206603603642637,0.004439742391371607,0.003836567788197004,-3.64874241819968e-05,-5.632869402326664e-05,-0.0033473359921281365,-0.003950510595302739,-0.006748106000442351,-0.006767947270283621,-0.0012459503234455525,-0.0014086487361439652,-0.019167429854860897,-0.019187271124702168,0.020071221741329213,0.019551380471487943,-0.005761944577469327,-0.005781785847310597,0.01067591987488253,0.01044496749393015,0.015098566494806898
2022-05-05,-0.0015425950728345447,-0.0015624363426758145,-0.013699647062750573,-0.013719488332591843,-0.009872314312969484,-0.009892155582810754,-0.01022974810950068,-0.01024958937934195,-0.0025536410702613477,-0.0025734823401026177,-0.013699647062750573,-0.013719488332591843,-0.006458881876687937,-0.006478723146529207,-0.0004253089665421459,-0.0004451502363834157,0.0018316326816955747,0.0018117914118543049,0.004721878387369967,0.004702037117528698,-0.0014128436485171328,-0.0014326849183584026,-0.01601015716597796,-0.01602999843581923,-2.5045258624317723e-05,-4.4886528465587565e-05,-6.720228871238184e-05,-8.704355855365168e-05,0.00990473380823187
2022-05-06,-0.010545184235810967,-0.010565025505652238,-0.019784902542223034,-0.019804743812064304,-0.013271034452220248,-0.013290875722061519,-0.007966206087287892,-0.007986047357129163,-0.00873534993969624,-0.008755191209537511,-0.019784902542223034,-0.019804743812064304,0.007844300031513152,0.007824458761671881,-0.0018669557556074516,-0.0018867970254487214,-0.007007592611560011,-0.0070274338814012806,0.018866152013966513,0.018846310744125242,-0.008310805945709716,-0.008330647215550987,-0.007012944684835596,-0.007032785954676866,-0.012232469789417083,-0.012252311059258354,-0.005615344748870396,-0.005635186018711665,0.009740020735790722
2022-05-09,-0.012815732463502337,-0.012835573733343607,-0.0029715059022790264,-0.003134204314977439,-0.01709509591653556,-0.01711493718637683,0.003662930126642423,0.003643088856801153,-0.010235875930185545,-0.010255717200026816,-0.0029715059022790264,-0.003134204314977439,-0.014387423303718935,-0.014407264573560206,-0.0027463417931457013,-0.0027661830629869713,-0.00485995378436032,-0.0048797950542015895,0.004900841276941037,0.004881000007099768,-0.013217851396220712,-0.013237692666061982,0.004882111194236258,0.004719412781537845,-0.010567125283262063,-0.010586966553103334,0.00365525785424188,0.003544507493491519,0.00657528151456499
2022-05-10,-0.012560830797387394,-0.012580672067228665,0.001383958673040725,0.001239117403199455,-0.012295581076489683,-0.012315422346330953,-0.005695074286593316,-0.005896733738252768,-0.011977895298435286,-0.011997736568276556,0.001383958673040725,0.001239117403199455,-0.002515076914400463,-0.002534918184241733,-0.01070074150937161,-0.01092058277921288,-0.011343478742222489,-0.01136332001206376,-0.0018985552566249848,-0.0020850631931329214,-0.025292041983744747,-0.025311883253586017,0.00273034665521045,0.0025676482425120374,-0.0034029761690917704,-0.0034228174389330404,0.013278772465944756,0.013077113014285305,0.026084184103806862
2022-05-11,0.0028043169442921317,0.0027844756744508617,-0.003930449315049022,-0.004350290584890292,-0.003054615739884879,-0.003074457009726149,-0.012443737551759464,-0.0126302454882674,0.005455178756510991,0.005435337486669721,-0.003930449315049022,-0.004350290584890292,0.0036532404938301177,0.0036333992239888477,0.005927756828815844,0.005341248892307908,0.00939495741858875,0.009375116148747479,-0.0077673288375944265,-0.007787170107435696,-0.0042990740396971,-0.004318915309538369,0.001036807371967948,0.0006697438799044559,0.004678203487993152,0.004658362218151882,-0.0014247247529239413,-0.0016817455099446983,-0.001776778577526561
2022-05-12,0.011065339155770432,0.011045497885929161,-0.02182416617879965,-0.02207477667941015,0.0037973362784630427,0.0037774950086217726,-0.0030470207917040887,-0.0031437851384684356,0.009264361142976185,0.009244519873134915,-0.02182416617879965,-0.02207477667941015,0.001783062411308406,0.0017632211414671361,-0.017125694426419584,-0.017455059505784663,0.0024333611969345123,0.0024135199270932423,-0.0038671082044779218,-0.0042520288393985564,0.00642610573683202,0.006406264466990751,-0.008823312423541625,-0.009054264804494006,0.008094144156970177,0.008074302887128907,-0.015262258117123992,-0.015424956529822405,-0.02155874521273149
2022-05-13,0.009151225016523892,0.009131383746682622,0.00442771498819132,0.004316964627440959,0.004555615100805051,0.004535773830963781,0.005798101017564405,0.005701336670800058,0.007106792305012891,0.007086951035171621,0.00442771498819132,0.004316964627440959,0.00625097199350471,0.0062311307236634405,-0.01978257445115304,-0.01980241572099431,0.0073793217623378884,0.007359480492496619,0.0013234201681327114,0.0013035788982914416,0.007822122431120834,0.007802281161279565,0.0007692747960331148,0.0006494335261918449,-0.000562607845980001,-0.0005824491158212708,-0.0036927449178508175,-0.0037125861876920875,0.01812679797668837
2022-05-16,-0.013871286541278664,-0.013891127811119935,-0.013972583505245105,-0.013992424775086375,-0.0058369726565568325,-0.005856813926398102,0.001891106905362871,0.0018712656355216013,-0.008101171099361475,-0.008121012369202745,-0.013972583505245105,-0.013992424775086375,-0.008093265941725679,-0.00811310721156695,-0.0010457388856966038,-0.0011905801555378737,-0.009018383875263387,-0.009038225145104658,-0.0061367170258649585,-0.006156558295706228,-0.004595612416784453,-0.004615453686625723,-0.013580853073288142,-0.013691603434038503,-0.0024380621446912706,-0.0024579034145325407,-0.006060567104461154,-0.006080408374302424,-0.004554693740524973
2022-05-17,-0.004779145224337672,-0.004798986494178942,0.007487621616296404,0.007117780346455134,0.006359014065688354,0.006339172795847084,0.00514445623958479,0.004865686398314949,-0.008318109244763242,-0.008337950514604512,0.007487621616296404,0.007117780346455134,-0.0028567326341271265,-0.0028765739039683966,0.021425898599556542,0.02115208907574702,-0.002211422010243179,-0.002231263280084449,0.004258040790818504,0.004013199520977234,-0.0021501508631624755,-0.0021699921330037455,0.01161564706386009,0.011275292973506,-0.0030577452142161593,-0.0030775864840574293,0.0004841238942127524,8.094929103814928e-05,0.0016666848877735507
2022-05-18,-0.011473289355305963,-0.011493130625147233,0.002660481542827397,0.002640640272986127,-0.004687352762048132,-0.004707194031889401,0.0051947981021515256,0.005174956832310256,-0.010773874095338573,-0.010793715365179844,0.002660481542827397,0.002640640272986127,0.004668155122961946,0.004648313853120677,0.010396512991318291,0.010376671721477021,-0.00018453742288021546,-0.0002043786927214853,0.012580864861783052,0.012561023591941781,-0.006881878914219743,-0.006901720184061012,0.001118815374238689,0.0010989741043974193,0.0035939435265862074,0.0035741022567449374,0.002223415067643288,0.002203573797802018,0.014885057533465584
2022-05-19,-0.004764259231685872,-0.004784100501527141,-0.000725095136466257,-0.0008163649777360982,0.006835894729691844,0.006816053459850574,-0.0020830259692177777,-0.0022695339057257143,-0.007454995978684487,-0.007474837248525756,-0.000725095136466257,-0.0008163649777360982,0.0008586163929781357,0.0008387751231368659,0.010456407594915076,0.010436566325073806,-0.007705255300629113,-0.007725096570470383,-0.0043857996422183715,-0.004516752023170752,-0.004353330095786673,-0.004373171365627942,-0.001310359948458276,-0.001413534551632879,0.0029640397142545252,0.002944198444413255,-0.004210819571092834,-0.004373517983791247,-0.01714485495164808
2022-05-20,0.007664743587932725,0.007644902318091455,-0.002047225520246483,-0.0022099239329448953,0.015044547198180477,0.015024705928339207,0.0057206766905256445,0.005700835420684375,0.00990147611379974,0.00988163484395847,-0.002047225520246483,-0.0022099239329448953,0.00731022411298525,0.007290382843143981,0.008603940912692362,0.008417432976184426,0.012288843844818292,0.012269002574977022,0.009400562281177242,0.009055721011335973,0.006737872510295978,0.006718031240454708,0.006541484030991089,0.006287876527383586,0.00660184482361318,0.006582003553771911,-0.0016763273023435391,-0.001980482297675005,-0.013288119355167494
2022-05-23,0.0014017118908605936,0.0013818706210193237,0.005026286008878136,0.004939778072370199,0.006382064516489684,0.0063622232466484145,0.0054154394760066015,0.005395598206165332,-0.0013025776217126667,-0.0013224188915539365,0.005026286008878136,0.004939778072370199,-0.007993332006088608,-0.008013173275929878,0.019284487582295475,0.019264646312454205,-0.002220190569133196,-0.002240031838974466,-0.006953669604646323,-0.0070846219855987035,-0.0020623436040864834,-0.0020821848739277535,0.004752502693827489,0.004732661423986219,0.004720502205688988,0.0047006609358477185,0.004324707851218454,0.004304866581377184,-0.017134057308307415
2022-05-24,0.010004581218126266,0.009984739948284995,-0.005514982961682491,-0.005534824231523761,0.01185513370095545,0.01183529243111418,-0.004382513975423304,-0.004559931002840332,0.011318848032150143,0.011299006762308873,-0.005514982961682491,-0.005534824231523761,0.013584369683692643,0.013564528413851373,-0.008260843248689961,-0.008405684518531232,0.00973635408410179,0.00971651281426052,0.0043946348105197,0.004089079254964144,0.010130807050834564,0.010110965780993294,-0.003114200067994285,-0.0032109644147586317,0.0030030971850954213,0.0029832559152541513,-0.0023528508720074446,-0.0024351921418487143,-0.00825549919027957
2022-05-25,0.0065549859054528856,0.006535144635611616,0.0018545179910029069,0.0017632481497330656,0.002923322708078206,0.002903481438236936,0.007234797567546246,0.007043527726276405,0.003767997138996157,0.003748155869154887,0.0018545179910029069,0.0017632481497330656,-0.001126806920327024,-0.0011466481901682938,-0.020384461483289075,-0.020547159895987488,-0.00024258999882515592,-0.00026243126866642573,-0.00190249377730819,-0.0019223350471494597,-0.005838022442178785,-0.0058578637120200545,-0.007995317596343875,-0.008198492199518478,-0.004198678034446124,-0.0042185193042873935,-0.006974421282097087,-0.0071371196947955,0.005316002666186925
2022-05-26,-0.005924255158624887,-0.005944096428466157,0.010190580047890956,0.010016892624203532,-0.00453423438220571,-0.004554075652046979,0.002927014917457359,0.0027191394595819014,-0.005983822773098169,-0.006003664042939438,0.010190580047890956,0.010016892624203532,0.0012488152064323438,0.001228973936591074,0.008622906891951089,0.00840306562210982,-0.003645894798955447,-0.003665736068796717,-0.012116011118449201,-0.012469185721623805,0.004361271365522321,0.004341430095681051,0.001991957330462927,0.001972116060621657,-0.008199918081770022,-0.008219759351611292,0.008948180291569637,0.00867076326415261,0.006246066270940265
2022-05-27,-0.0031811547494097273,-0.0032009960192509973,0.005234596663101083,0.005032937211441631,-0.00865571164309116,-0.00867555291293243,0.0036410474856392637,0.003439388033979812,-0.003570710942037425,-0.003590552211878695,0.005234596663101083,0.005032937211441631,-0.005188089410244227,-0.005207930680085497,0.017635779429819608,0.017615938159978337,-0.0022950944152572914,-0.0023149356850985614,-0.0006372335732008462,-0.0008570748430421161,0.0025326617610488406,0.0025128204912075705,-0.0013093695553037243,-0.0015792108251449942,0.0029949395566253034,0.0029750982867840334,0.0066342355998054115,0.006514394329964142,0.00351901597261417
2022-05-30,-0.004972037193280217,-0.004991878463121486,-0.0010457848787269151,-0.0011489594819015182,-0.005365922152588867,-0.005385763422430137,-0.009800181598179093,-0.010320022868020362,-0.005953809794194492,-0.005973651064035762,-0.0010457848787269151,-0.0011489594819015182,-0.003765183245084243,-0.003785024514925513,0.005720516069521044,0.0055340081330131075,-0.008940421593111272,-0.008960262862952543,-0.004956885594269787,-0.004976726864111057,0.005713203651299334,0.005693362381458064,-0.004585922532492761,-0.004696672893243122,-0.0012222183043407372,-0.001242059574182007,0.00044706322542376227,0.0003363128646734015,-0.01506042472281599
2022-05-31,0.005256890711654479,0.005237049441813209,-0.002553490038838993,-0.0027642403995893536,0.008097724752276117,0.008077883482434847,-0.006112462369021653,-0.006732303638862922,0.005303582654944336,0.005283741385103066,-0.002553490038838993,-0.0027642403995893536,0.007460313701743604,0.007440472431902334,-0.0019828966216588577,-0.0020027378915001277,-0.005398542132055942,-0.005418383401897211,-0.004157724365697901,-0.004827565635539171,0.010378237510764235,0.010358396240922964,-0.0036463282473058814,-0.0037661695171471513,-0.001377937310522874,-0.0013977785803641438,-0.007355436618615197,-0.007861388999567578,-0.02493113780295897
2022-06-01,0.003992980142620013,0.0039731388727787436,0.006182503546494257,0.005690440054430764,0.010377439413144153,0.010357598143302883,-0.008271316050557812,-0.009053062082303843,0.0016482689129076467,0.0016284276430663768,0.006182503546494257,0.005690440054430764,0.0031399427066445967,0.0031201014368033267,0.026081533779177667,0.025611692509336398,0.003979490499817079,0.003959649229975809,0.0007317321095408579,0.00037855750636625466,-0.0008361884225980484,-0.0008560296924393182,-0.006689128478228144,-0.007153414192513858,0.008009139620221033,0.007989298350379762,-0.00014897320028083028,-0.0004366716129792429,0.0010778894392942107
2022-06-02,0.005407603262520627,0.0021377619926793573,2.9757459826794744e-05,9.916189985524903e-06,0.007372599071559446,0.004602757801718177,0.012803649374425737,0.012783808104584467,0.002749006894104372,-0.0006458343757368978,2.9757459826794744e-05,9.916189985524903e-06,-0.0018276952994420587,-0.004972536569283328,0.019623752838858054,0.019603911569016783,-0.001737443433558715,-0.004257284703399985,-0.0009165567383171793,-0.0009363980081584491,0.002938689303169373,-8.115196667189727e-05,0.01833077978131338,0.01831093851147211,0.007247671429626137,0.0032278301597848677,0.003578555748200564,0.003558714478359294,-0.004709536370021694
2022-06-03,0.0042450482827491726,0.004225207012907903,0.005911390221805417,0.005891548951964147,0.008414536788684368,0.008394695518843098,-0.00010680761735058081,-0.00012664888719185065,0.001208294164141463,0.0011884528943001931,0.005911390221805417,0.005891548951964147,-0.008729168879091566,-0.008749010148932836,-0.013935893571282814,-0.013955734841124084,0.003805046601232827,0.003785205331391557,0.011277738110317952,0.011257896840476681,-0.0008112467824654412,-0.0008310880523067111,-0.00213323896531167,-0.00215308023515294,-0.006515733181126908,-0.0065355744509681775,0.004109951253935137,0.004090109984093868,0.005533243488882622
2022-06-06,-0.01252366017627582,-0.01254350144611709,-0.012545296072740172,-0.012690137342581443,-0.0009469635042584981,-0.0009668047740997679,0.009485009321334845,0.009465168051493575,-0.011948057003137141,-0.011967898272978412,-0.012545296072740172,-0.012690137342581443,-0.007387060250551629,-0.0074069015203928985,-0.016137008164951984,-0.016156849434793254,-0.006579201547622017,-0.006599042817463287,-0.01137224294811424,-0.01139208421795551,-0.006425994998094861,-0.006445836267936131,-0.006893714622094427,-0.0070385558919356965,-0.00499198992658955,-0.00501183119643082,-0.0034916204402881124,-0.003678128376796049,0.008201489888433944
2022-06-07,-0.00015247282485582325,-0.0001723140946970931,-0.002673840080863299,-0.0028365384935617115,0.0055655367710645345,0.005545695501223265,-0.000763257758567522,-0.0011830990284087918,1.5532869935136473e-06,-1.8287982847756194e-05,-0.002673840080863299,-0.0028365384935617115,-0.0015920519026025315,-0.0016118931724438013,-0.00024536964619556456,-0.0005152109160368344,-0.001102849105559002,-0.0011226903754002718,-0.01232321284986405,-0.012593054119705321,0.00466026992873525,0.0046404286588939804,0.002615979203896382,0.0023961379340551123,0.00026104934302873667,0.00024120807318746683,0.011057823561957133,0.01070464895878253,0.0020006557526455193
2022-06-08,-0.0017957954485620237,-0.0018156367184032935,0.0066308759924482204,0.005877701389273618,0.007845513095001866,0.007825671825160595,0.01170147446683506,0.01093163319699379,-0.006753824622933502,-0.0067736658927747715,0.0066308759924482204,0.005877701389273618,0.0009761261127899934,0.0009562848429487236,-0.0052749843113033545,-0.006628158914477957,0.005716649839866084,0.005696808570024814,0.008757912923612433,0.008738071653771162,-0.0012110912549294292,-0.001230932524770699,0.0024937403865459076,0.0016643753071808284,0.0029369988952835796,0.0029171576254423096,0.011607502576560718,0.010887661306719448,0.00884146393913432
2022-06-09,-0.011612809371633316,-0.011632650641474587,-0.011015193464805579,-0.012035034734646849,-0.0020500234850316587,-0.0020698647548729287,0.012097874589918883,0.011744699986744279,-0.013286375761061106,-0.013306217030902377,-0.011015193464805579,-0.012035034734646849,-0.005407344903117381,-0.0054271861729586505,-0.0024644950240855223,-0.003984336293926792,-0.0038735076493211784,-0.0038933489191624484,0.011415662154521684,0.00906248755134708,-0.0004501766271223506,-0.00047001789696362044,0.005759503436103042,0.005072995499595105,-0.006761994180475843,-0.0067818354503171125,0.0010925842585098417,0.0004060763220019053,0.0030013251152658516
2022-06-10,-0.0077836157338318085,-0.007803457003673078,-0.0053411228045576,-0.005610964074398869,0.00023470213913748955,0.0002148608692962197,0.002099237743164525,0.0010793964733232552,-0.007857885160511613,-0.007877726430352883,-0.0053411228045576,-0.005610964074398869,0.004899076471621869,0.004879235201780599,-0.0012980282231551121,-0.001317869492996382,-0.0017753935253692482,-0.001795234795210518,-0.002833528462600506,-0.002853369732441776,-0.0014322772409477227,-0.0014521185107889926,-0.012155857694349981,-0.01237569896419125,-0.004870394595050134,-0.004890235864891404,-0.011193687130710459,-0.01121352840055173,0.00631071176161635
2022-06-13,0.00889134717839122,0.008871505908549949,0.007465355817301141,0.007445514547459871,-0.000296085143752782,-0.0003159264135940518,0.001195365401188327,0.0011755241313470572,0.004371247067579007,0.004351405797737737,0.007465355817301141,0.007445514547459871,0.0028905413153848952,0.002870700045543625,-0.0025293583851841994,-0.003549199655025469,0.00784276865523921,0.00782292738539794,0.024661509915740232,0.02464166864589896,0.004899565657646744,0.004879724387805475,-0.00336390647985238,-0.0036337477496936497,0.001261808227479129,0.0012419669576378591,-0.004165793742151184,-0.004185635011992454,-0.007271405891568605
2022-06-14,-0.0019417441231598387,-0.0019615853930011087,-0.0015611063171670676,-0.001914280920341671,-0.0011861386642479238,-0.0012059799340891936,0.0,0.0,-0.0033579735644906628,-0.003377814834331933,-0.0015611063171670676,-0.001914280920341671,0.005218434179476664,0.005198592909635394,0.0,0.0,0.008272583385855556,0.008252742116014285,-0.0027100307438419624,-0.0032298720136832324,0.0025252816949687326,0.0025054404251274626,-0.0019305265842091135,-0.002950367854050383,0.0022315226755954265,0.0022116814057541565,-0.0019305265842091135,-0.002950367854050383,-0.0014957255521460544
2022-06-15,-0.006742946040835245,-0.006762787310676514,-0.021258957781959447,-0.021278799051800718,-0.0016997039114412388,-0.0017195451812825086,0.0,0.0,-0.007134398726188894,-0.0071542399960301635,-0.021258957781959447,-0.021278799051800718,-0.01149713471009147,-0.011516975979932741,0.0,0.0,-0.0018093379400205,-0.00182917920986177,-0.03007709173712636,-0.03009693300696763,-0.0006567608901332581,-0.0006766021599745279,-0.011182233977055367,-0.011202075246896637,-0.00960495978520124,-0.009624801055042511,-0.011182233977055367,-0.011202075246896637,0.0026445370632264265
2022-06-16,-0.0015387353171318757,-0.0015585765869731455,-0.004427587242746537,-0.004447428512587806,-7.920449922698553e-05,-9.904576906825537e-05,0.0,0.0,-0.0012452109187485044,-0.0012650521885897742,-0.004427587242746537,-0.004447428512587806,-0.005725781483651479,-0.005745622753492749,0.0,0.0,0.0024202902414031946,0.0024004489715619246,-0.0047051361072592,-0.00472497737710047,-0.0017087134520546374,-0.0017285547218959072,-0.0002892319561219048,-0.0003090732259631746,-0.0004710396739142017,-0.0004908809437554715,-0.0002892319561219048,-0.0003090732259631746,0.009505813229591542
2022-06-17,-0.0036907684300687346,-0.0037106096999100046,0.0084339820534175,0.006414140783576229,-0.007078318045083347,-0.0070981593149246165,0.0,0.0,-0.0017307238904481492,-0.001750565160289419,0.0084339820534175,0.006414140783576229,0.008865225759633603,0.008845384489792333,0.0,0.0,0.003290794535197046,0.003270953265355776,0.0,0.0,-0.003077813514140916,-0.003097654783982186,0.0,0.0,-0.0028451064074180438,-0.002864947677259314,0.0,0.0,-0.0038511528944701334
2022-06-20,0.003515124009970144,0.003495282740128874,0.0,0.0,0.00025399906156822055,0.0002341577917269507,0.0,0.0,0.0017046523676720396,0.0016848110978307698,0.0,0.0,0.009050802183121175,0.009030960913279904,0.0,0.0,-0.003696815234303527,-0.003716656504144797,0.0,0.0,0.004493619740665644,0.004473778470824375,0.0,0.0,-0.001976789366640766,-0.001996630636482036,0.0,0.0,0.006212839813053206
2022-06-21,0.005161967158082148,0.005142125888240878,0.0,0.0,0.0040901939014007516,0.004070352631559482,0.0,0.0,0.005121991466617133,0.005102150196775864,0.0,0.0,0.0013219526939482543,0.0013021114241069845,0.0,0.0,0.000593935942337441,0.0005740946724961712,0.0,0.0,0.0011842469657324314,0.0011644056958911616,0.0,0.0,-0.00972471995347661,-0.00974456122331788,0.0,0.0,-0.002444226711069142
2022-06-22,0.004008142525969219,0.003988301256127949,0.0,0.0,0.005025429827484981,0.005005588557643712,0.0,0.0,0.001746633409800788,0.0017267921399595181,0.0,0.0,0.003458791148385827,0.003438949878544557,0.0,0.0,0.005183900880852077,0.005164059611010807,0.0,0.0,0.008673441923955229,0.008653600654113958,0.0,0.0,0.0015067043611075512,0.0014868630912662814,0.0,0.0,-0.0008129638406095818
2022-06-23,0.0014405513347090226,0.0014207100648677528,0.0,0.0,-0.0021347684743883155,-0.0021546097442295855,0.0,0.0,0.0036601322300481853,0.0036402909602069153,0.0,0.0,0.0020026132146192047,0.0019827719447779346,0.0,0.0,0.0009618368462853272,0.0009419955764440574,0.0,0.0,0.009495593571316907,0.009475752301475637,0.0,0.0,0.004564719387309665,0.004544878117468396,0.0,0.0,0.009604709462264882
2022-06-24,-0.0024144554408658814,-0.0024342967107071514,0.0,0.0,0.0008185593819893672,0.0007987181121480974,0.0,0.0,-0.0016485296362952345,-0.0016683709061365043,0.0,0.0,0.0016795764935656973,0.0016597352237244275,0.0,0.0,-0.013054117314150814,-0.013073958583992084,0.0,0.0,-0.005061653495309397,-0.0050814947651506666,0.0,0.0,-0.004422642594075092,-0.004442483863916362,0.0,0.0,-0.021443664081595593
2022-06-27,-0.0035767347922386825,-0.0035965760620799525,0.0,0.0,-0.009123104140502804,-0.009142945410344074,0.0,0.0,-0.002507491591242708,-0.002527332861083978,0.0,0.0,-0.010288320126407416,-0.010308161396248686,0.0,0.0,0.0004624141041178059,0.0004425728342765361,0.0,0.0,-0.0001185327085968732,-0.00013837397843814305,0.0,0.0,-0.003934737431168039,-0.003954578701009309,0.0,0.0,-0.013781195608822516
2022-06-28,0.0006559255004908449,0.000636084230649575,0.0,0.0,-0.001580525547769697,-0.0016003668176109668,0.0,0.0,-0.0014082824630317833,-0.0014281237328730532,0.0,0.0,0.005549391419095773,0.005529550149254503,0.0,0.0,0.0009919286510645942,0.0009720873812233243,0.0,0.0,-0.00259702426389629,-0.00261686553373756,0.0,0.0,-0.0030356884565357622,-0.0030555297263770323,0.0,0.0,-0.015824039371871046
2022-06-29,0.012750447742185214,0.012730606472343944,0.0,0.0,0.00682048282115378,0.00680064155131251,0.0,0.0,0.012125010099950845,0.012105168830109574,0.0,0.0,0.004452036092945366,0.004432194823104097,0.0,0.0,-0.008299045645823296,-0.008318886915664566,0.0,0.0,0.00818524557192489,0.00816540430208362,0.0,0.0,0.0039392380069561,0.0039193967371148304,0.0,0.0,-0.025189777318331275
2022-06-30,-0.0011050489378042136,-0.0011248902076454834,0.0,0.0,0.002321187899546745,0.002301346629705475,0.0,0.0,0.0002002684806098956,0.00018042721076862576,0.0,0.0,0.00339676396820799,0.00337692269836672,0.0,0.0,0.0035038839101000432,0.003484042640258773,0.0,0.0,0.01200213343172566,0.01198229216188439,0.0,0.0,-0.003060140184219143,-0.003079981454060413,0.0,0.0,-0.00698090884170699
2022-07-01,0.0010624409544826297,0.0010425996846413598,0.0,0.0,0.0005507327358993119,0.0005308914660580421,0.0,0.0,0.0025371669210068892,0.002517325651165619,0.0,0.0,0.0017495953972906375,0.0017297541274493677,0.0,0.0,0.003131739628763751,0.003111898358922481,0.0,0.0,0.009729781454505121,0.00970994018466385,0.0,0.0,0.0077231105137612124,0.007703269243919943,0.0,0.0,0.0087237728970051
2022-07-04,-0.006933985919877456,-0.006953827189718725,0.0,0.0,-0.003296846126212394,-0.003316687396053664,0.0,0.0,-0.006216004253728993,-0.006235845523570263,0.0,0.0,-0.011904464304336934,-0.011924305574178205,0.0,0.0,-0.0025901823768012464,-0.0026100236466425164,0.0,0.0,-0.0153870429674152,-0.01540688423725647,0.0,0.0,-0.003369587692872114,-0.003389428962713384,0.0,0.0,-0.0026537247302084177
2022-07-05,0.002363768353576698,0.002343927083735428,0.0,0.0,0.002883855213273702,0.002864013943432432,0.0,0.0,-0.000411291653612908,-0.0004311329234541778,0.0,0.0,0.00791572147257457,0.0078958802027333,0.0,0.0,0.0017810046915629346,0.0017611634217216648,0.0,0.0,0.005698607499965536,0.005678766230124266,0.0,0.0,-0.0018324626909028974,-0.0018523039607441672,0.0,0.0,0.002655690901360419
2022-07-06,0.01021320323062428,0.01019336196078301,0.0,0.0,0.006193593049339245,0.006173751779497976,0.0,0.0,0.010856756089706758,0.010836914819865488,0.0,0.0,0.009523355580994312,0.009503514311153042,0.0,0.0,0.0011481842023427016,0.0011283429325014318,0.0,0.0,0.0033642170067488195,0.0033443757369075494,0.0,0.0,-0.00018755438795942103,-0.00020739565780069087,0.0,0.0,0.01246139246381861
2022-07-07,-0.0009151234791962629,-0.0009349647490375327,0.0,0.0,0.003993709952649464,0.003973868682808195,0.0,0.0,-0.0017421460510248302,-0.0017619873208661,0.0,0.0,0.0038281908964778663,0.0038083496266365963,0.0,0.0,0.007434216842480801,0.007414375572639531,0.0,0.0,0.003906962331234727,0.003887121061393457,0.0,0.0,0.006577491068723913,0.006557649798882644,0.0,0.0,0.015084547454944808
2022-07-08,0.0008212137280425025,0.0008013724582012327,0.0,0.0,-0.011691490116776546,-0.011711331386617816,0.0,0.0,0.0016766478632565737,0.001656806593415304,0.0,0.0,-0.008734264823762113,-0.008754106093603383,0.0,0.0,-0.007821666723546734,-0.007841507993388005,0.0,0.0,-0.0036334890690042573,-0.0036533303388455274,0.0,0.0,-0.004301757054765203,-0.004321598324606472,0.0,0.0,-0.00028051728198752457
2022-07-11,0.003137308573958393,0.003117467304117123,0.0,0.0,0.010697359402194177,0.010677518132352907,0.0,0.0,0.0058869204639873315,0.005867079194146062,0.0,0.0,0.0001904152951823293,0.00017057402534105946,0.0,0.0,0.008041664917457995,0.008021823647616725,0.0,0.0,0.008709892154317438,0.008690050884476167,0.0,0.0,-0.005882819376359018,-0.005902660646200287,0.0,0.0,0.015369444785263697
2022-07-12,-0.0017543749838740408,-0.0017742162537153106,0.0,0.0,0.00242768227424036,0.00240784100439909,0.0,0.0,-0.0012331576311380155,-0.0012529989009792853,0.0,0.0,0.0017107976347352088,0.001690956364893939,0.0,0.0,0.0016237246464463478,0.001603883376605078,0.0,0.0,-0.0002392908617093667,-0.0002591321315506365,0.0,0.0,-0.007243032919767828,-0.007262874189609097,0.0,0.0,0.0014933932427751984
2022-07-13,0.0022114680407875134,0.0021916267709462434,0.0,0.0,-0.008483974837309644,-0.008503816107150914,0.0,0.0,0.0023100259784245986,0.0022901847085833285,0.0,0.0,-0.005669697654051793,-0.005689538923893063,0.0,0.0,-0.011046046851172657,-0.011065888121013927,0.0,0.0,-0.009410646574741895,-0.009430487844583165,0.0,0.0,2.4473013706741154e-05,4.631743865471312e-06,0.0,0.0,-0.0087313804621022
2022-07-14,-0.001992737355427661,-0.002012578625268931,0.0,0.0,0.0019320374782385297,0.0019121962083972599,0.0,0.0,-0.003547430811459612,-0.003567272081300882,0.0,0.0,0.002371905929479848,0.0023520646596385778,0.0,0.0,0.00623998048771135,0.00622013921787008,0.0,0.0,0.004799866003916131,0.0047800247340748616,0.0,0.0,-0.0031120083138813787,-0.0031318495837226487,0.0,0.0,-0.006058403874186102
2022-07-15,0.00039584962104147886,0.00037600835120020905,0.0,0.0,0.000737221925254973,0.0007173806554137032,0.0,0.0,-0.0007332756551911013,-0.0007531169250323711,0.0,0.0,0.0011401914869374127,0.001120350217096143,0.0,0.0,0.0003500930651655562,0.0003302517953242864,0.0,0.0,0.0015377385242143007,0.001517897254373031,0.0,0.0,-0.002763905807489954,-0.002783747077331224,0.0,0.0,-0.01580590163821516
2022-07-18,-0.002144326970122956,-0.002164168239964226,0.0,0.0,0.00324516637443871,0.00322532510459744,0.0,0.0,-0.00042627266653502,-0.0004461139363762898,0.0,0.0,-0.010420706567083694,-0.010440547836924965,0.0,0.0,-0.0032926527870477257,-0.0033124940568889957,0.0,0.0,0.0016113208211750718,0.001591479551333802,0.0,0.0,-0.00807487952355649,-0.00809472079339776,0.0,0.0,-0.00928947239107003
2022-07-19,-0.0011609603705042826,-0.0011808016403455524,0.0,0.0,0.004270943284962116,0.004251102015120846,0.02527605143349232,0.024256210163651048,-0.0032138851169870655,-0.0032337263868283356,0.0,0.0,-0.0077270618075218275,-0.007746903077363097,0.0,0.0,-0.007147972926247088,-0.007167814196088358,0.0,0.0,-0.014414840369575327,-0.014434681639416597,0.0,0.0,-0.009560559948741193,-0.009580401218582463,-0.01001131272947553,-0.0110311539993168,-0.0034581835688186624
2022-07-20,0.00905893019015664,0.00903908892031537,-0.006926279558800097,-0.007946120828641367,-0.008050430556397897,-0.008070271826239168,0.0073154229058238025,0.005628914969315866,0.010549218158113195,0.010529376888271925,-0.006926279558800097,-0.007946120828641367,0.00018813188892070204,0.0001682906190794322,0.009368786308669108,0.007348945038827838,-0.007229006493752375,-0.007248847763593645,-0.006926279558800097,-0.007946120828641367,-0.0009343482255141644,-0.0009541894953554342,0.021005883654566793,0.018986042384725524,-0.007933109767644879,-0.00795295103748615,0.016510847205215895,0.014991005935374625,0.009319435213164695
2022-07-21,-0.008440999905083221,-0.008460841174924492,0.032098859880984223,0.03074568527780962,-0.002905865910000506,-0.002925707179841776,0.0010813683363362827,0.0005615270664950129,-0.008378972391867592,-0.008398813661708863,0.032098859880984223,0.03074568527780962,-0.004124758139865431,-0.0041445994097067005,-0.015858529204047327,-0.01621170380722193,-0.0024110273459300863,-0.0024308686157713563,0.03200604287910036,0.03098620160925909,-0.004908797693003848,-0.004928638962845118,-0.012456176093893045,-0.012976017363734315,-0.002012895792677487,-0.002032737062518757,0.02233377730278585,0.02181393603294458,0.01940846814282593
2022-07-22,-0.008837916429028148,-0.008857757698869418,0.022969331670955745,0.022699490401114474,-0.011440993275457063,-0.011460834545298334,0.022788597673283312,0.02251875640344204,-0.00747882814713878,-0.00749866941698005,0.022969331670955745,0.022699490401114474,-1.5498898552762652e-05,-3.5340168394032493e-05,0.029596100586703145,0.029576259316861874,-0.006762556693240301,-0.006782397963081571,0.019858297445095745,0.019505122841921144,-0.006017000402890958,-0.006036841672732228,0.013295199798739554,0.012775358528898285,-0.015412664044512865,-0.015432505314354136,0.028845189577274406,0.028492014974099804,-0.014723996669147477
2022-07-25,-0.0006089331300470208,-0.0006287743998882906,-0.014976603672665956,-0.014996444942507226,0.008109905611795545,0.008090064341954275,0.004280610998225576,0.004260769728384306,0.00047282883638125744,0.00045298756653998763,-0.014976603672665956,-0.014996444942507226,-0.004061600300681784,-0.004081441570523053,0.022327769614549114,0.022307928344707843,-0.0006162874658985559,-0.0006361287357398257,-0.012951520459975347,-0.012971361729816618,-0.00016126485783052313,-0.00018110612767179298,0.009730828003807757,0.009710986733966486,0.00351112035703921,0.00349127908719794,0.021878654048240593,0.02152547944506599,0.004801102150858938
2022-07-26,0.015251800158954505,0.015231958889113235,0.010707135943624418,0.009887294673783149,0.009558308362346217,0.009538467092504947,0.0009890974501301115,0.0003692561802888418,0.014696050976852969,0.014676209707011698,0.010707135943624418,0.009887294673783149,0.014864703092902859,0.014844861823061588,0.024048922631093816,0.02336241469458588,0.010539030793223401,0.010519189523382131,0.005051474677347179,0.0045316334075059085,0.013317215803594233,0.013297374533752963,0.028357387809537858,0.027737546539696588,0.00551217444401942,0.0054923331741781505,-0.010588244443122783,-0.011408085712964052,-0.010965983330732842
2022-07-27,-0.005638672259943231,-0.0056585135297845006,-0.01265539986566795,-0.01287524113550922,0.004124664893851722,0.004104823624010452,-0.012826396928393024,-0.013046238198234293,-0.010768564201954038,-0.010788405471795309,-0.01265539986566795,-0.01287524113550922,-3.7904912608133223e-06,-2.3631761102083164e-05,-0.007259653173498638,-0.007279494443339907,-0.003354239203084662,-0.003374080472925932,-0.020842164162954896,-0.021112005432796167,-0.008212314621175491,-0.008232155891016762,-0.002226128488061252,-0.002579303091235855,-0.002473845797558036,-0.002493687067399306,-0.0009800888232617709,-0.0009999300931030407,0.005701667973095237
2022-07-28,-0.007509141347620214,-0.007528982617461484,-0.005794262008172734,-0.006099817563728289,-0.003886718759084966,-0.003906560028926235,0.0020781515617229033,0.0018916436252149667,-0.005971974193598462,-0.005991815463439731,-0.005794262008172734,-0.006099817563728289,-0.011078543244597908,-0.011098384514439178,0.008954256543294795,0.008534415273453526,-0.0014051104506074483,-0.001424951720448718,-0.004695891476410567,-0.0050490660795851705,-0.00601853415853227,-0.006038375428373539,0.009377182735768005,0.009357341465926735,-0.004189881814463364,-0.004209723084304634,0.005052780742834665,0.00474722518727911,-0.0009619531575649765
2022-07-29,0.008162137974198111,0.00814229670435684,0.012035297281713323,0.012015456011872053,0.005145698277388672,0.005125857007547402,0.003923356908702803,0.0039035156388615333,0.005621751929295912,0.005601910659454643,0.012035297281713323,0.012015456011872053,0.0036100100336616467,0.0035901687638203767,0.0037312038525071593,0.0037113625826658892,-0.0073284371903854575,-0.007348278460226727,0.028224119521105002,0.02820427825126373,-0.000756075477096281,-0.0007759167469375508,0.0034558235807667093,0.0034359823109254392,0.004853992785949418,0.0048341515161081485,-0.00022170881166852507,-0.0004082167481764616,-0.0196599640843228
2022-08-01,-0.0006965761927795536,-0.0007164174626208234,0.009163279831418838,0.009018438561577568,-0.001915531304179298,-0.0019353725740205677,0.0012592705339799504,0.0010727625974720138,-0.0007033972402416058,-0.0007232385100828756,0.009163279831418838,0.009018438561577568,-0.0011103527671437255,-0.0011301940369849953,-0.0018302644635390334,-0.002100105733380303,0.005204155645693875,0.005184314375852606,-0.003291356128880818,-0.003644530732055421,-0.005361242818065201,-0.005381084087906471,0.007282012567253304,0.0070121712974120344,0.01611110162726106,0.016091260357419788,0.01728686725624939,0.01714202598640812,0.010691266907253194
2022-08-02,-0.008645884250668333,-0.008665725520509603,-0.004923440666874268,-0.005143281936715538,-0.005596814177619397,-0.0056166554474606665,-0.0021083366854896366,-0.0026043684315213826,-0.007122788298072204,-0.007142629567913473,-0.004923440666874268,-0.005143281936715538,0.004101014755523158,0.004081173485681888,0.015893635387540416,0.015873794117699146,0.012692894006349785,0.012673052736508515,0.004262001836908336,0.0037421605670670656,0.0010916001513969625,0.0010717588815556927,0.007971304378466194,0.0075228916800534965,-0.013370564716358328,-0.013390405986199599,0.0038730250783800208,0.003599215554570497,-0.006175007840896085
2022-08-03,0.010179595480707126,0.010159754210865856,0.0034320873787986785,0.003245579442290742,0.006827841642840123,0.006808000372998853,-0.0005667070704448857,-0.0006865483402861555,0.010157756744986542,0.010137915475145271,0.0034320873787986785,0.003245579442290742,0.004557750137992568,0.0045379088681512985,0.007552441010423472,0.007532599740582202,0.003587998083337124,0.003568156813495854,0.007978737485166379,0.007758896215325109,0.006429976001376153,0.0064101347315348835,-0.005170742024737737,-0.005357249961245673,0.005952950084158741,0.005933108814317471,-0.015421422666273596,-0.015541263936114866,-0.005392902622109119
2022-08-04,0.0007566069707415288,0.000736765700900259,0.0018555565300537816,0.0018357152602125118,-0.00747290573990414,-0.0074927470097454095,0.006189226978783389,0.00616938570894212,-0.00047456968575997766,-0.0004944109556012475,0.0018555565300537816,0.0018357152602125118,0.0034388787169024673,0.0034190374470611973,-0.013504810618842133,-0.013524651888683403,0.000873667220697559,0.0008538259508562892,0.007228642901737168,0.007208801631895898,-0.0026089830967953656,-0.0026288243666366356,0.0010508356887919436,0.0010309944189506738,-0.004423807569253306,-0.004443648839094576,0.006860701433467842,0.006840860163626572,-0.011287276524186485
2022-08-05,0.008762853245981188,0.008743011976139917,-0.003554807209066839,-0.0036655575698171998,0.002221379270534153,0.002201538000692883,-0.010379257618268118,-0.010399098888109389,0.0053906362627798785,0.005370794992938609,-0.003554807209066839,-0.0036655575698171998,0.01191396612424319,0.01189412485440192,0.006361050290257036,0.006341209020415767,0.00968699748770522,0.009667156217863949,2.3747771392378103e-06,-1.746649270203203e-05,0.014828066664564994,0.014808225394723724,-0.010737918634363821,-0.010882759904205092,0.005276431639687475,0.005256590369846205,-0.013569317597127708,-0.013589158866968978,-0.006717116043563065
2022-08-08,-0.0034918798269842344,-0.0035117210968255044,0.006552102866092304,0.006448928262917701,0.011068987067544875,0.011049145797703604,0.00990102870475099,0.009881187434909719,-0.006474688494270742,-0.006494529764112011,0.006552102866092304,0.006448928262917701,-0.008860111769643145,-0.008879953039484415,0.021542195497550053,0.021355687561042117,-0.003154862526020187,-0.003174703795861457,0.011971216921197958,0.011951375651356688,-0.004739047724885467,-0.004758888994726737,0.0020402794029416287,0.0018204381331003588,0.0007221057795318148,0.000702264509690545,0.00633391691205946,0.0062231665513090995,0.005186794847644061
2022-08-09,0.005126616433445287,0.0051067751636040175,-0.005457541589266771,-0.00569716307888826,0.003643903309759486,0.003624062039918216,-0.00808069273044234,-0.008267200666950277,0.0045089037878998164,0.004489062518058547,-0.005457541589266771,-0.00569716307888826,0.002039539481431117,0.002019698211589847,-0.0009303908361556664,-0.0009502321059969362,0.0025746639070768837,0.0025548226372356137,-0.0051338823948546605,-0.005353723664695931,0.0007887895144131837,0.0007689482445719139,-0.0062933719563671355,-0.0064560703690655485,-0.0029400490993723993,-0.0029598903692136694,-0.006565460999632588,-0.006710302269473858,-0.0016016877503003402
2022-08-10,0.012581590691084964,0.012561749421243693,0.019290821479979642,0.019199551638709803,0.011272331893760437,0.011252490623919167,0.0031598548240783743,0.0030630904773140274,0.008691871133695156,0.008672029863853885,0.019290821479979642,0.019199551638709803,-0.0047864280655019464,-0.004806269335343216,0.013826431183081456,0.013806589913240186,0.0014402011719232555,0.0014203599020819857,0.007177042850598577,0.007066292489848216,0.006629455907495141,0.006609614637653871,0.009783841484653968,0.009597333548146032,0.005519373123688609,0.005499531853847339,-4.209710096356525e-06,-0.0001073843132709597,0.0040952820251072275
2022-08-11,-0.008892606018922944,-0.008912447288764214,0.0019036357827106423,0.0018171278462027058,-0.0002832035351440637,-0.0003030448049853335,-0.0034465521138065166,-0.0034663933836477866,-0.010729589027251539,-0.01074943029709281,0.0019036357827106423,0.0018171278462027058,-0.010924738351301935,-0.010944579621143206,0.0017059148342510782,0.0016860735644098083,-0.0076236436356905135,-0.007643484905531783,0.0026914883812440187,0.0025883137780694154,-0.00258046128264236,-0.00260030255248363,0.004611538403487081,0.004514774056722734,-0.007439740351666509,-0.007459581621507778,-0.0031704197758651896,-0.0031902610457064597,0.004461140393217322
2022-08-12,-0.002007541842176018,-0.002027383112017288,-0.005085912995309305,-0.005293254265150575,-0.0071648040294165355,-0.007184645299257805,-0.008553013518749764,-0.008866505582241828,-0.0006219657870262171,-0.000641807056867487,-0.005085912995309305,-0.005293254265150575,0.0022320368196658003,0.0022121955498245302,-0.0024812596435580155,-0.0025011009133992855,-0.005045321316933048,-0.005065162586774317,0.000391903921172063,0.0002292055084736503,-0.006700425223346601,-0.006720266493187871,0.0003834928764729281,0.0003636516066316583,-0.0010085916259586422,-0.001028432895799912,-0.002005130204414618,-0.002301894551178965,0.015007278210809938
2022-08-15,-0.005419509373890345,-0.005439350643731615,0.0030564203570353048,0.002866644446671159,-0.002098833482589886,-0.002118674752431156,0.007563030292459036,0.007443189022617766,-0.0045715510754446645,-0.004591392345285934,0.0030564203570353048,0.002866644446671159,0.0021200162733671854,0.0021001750035259154,0.0044681677693803904,0.004105469356681978,0.0077194539002914744,0.007699612630450205,0.008340454411605728,0.008087279808431125,-0.0010768275212093698,-0.0010966687910506396,0.007200694858656072,0.006984425017386231,0.001355836549621868,0.0013359952797805982,0.010781422983045427,0.010690153141775585,-0.003290647659508039
2022-08-16,0.00030486742154816476,0.00028502615170689495,0.0006742038030333811,0.0005543625331921112,-0.004139562016954056,-0.004159403286795325,-0.007959949758621474,-0.008356261616698038,0.00019822666098926606,0.00017838539114799622,0.0006742038030333811,0.0005543625331921112,-0.009027246472486747,-0.009047087742328017,-0.0022208293435095026,-0.0022406706133507727,-0.0036979527685191485,-0.0037177940383604185,-0.0001363636458126087,-0.0005562049156538786,-0.006489126412299165,-0.0065089676821404345,-0.008037305873755092,-0.008257147143596362,9.911075411399989e-05,7.926948427273005e-05,-0.014813041480440981,-0.014909805827205328,-0.015765435985303
2022-08-17,0.008383557895853815,0.008363716626012544,-0.00878778463368197,-0.009031868327765664,0.004328849581120349,0.004309008311279079,-0.0007883297789341159,-0.0013258181075989153,0.0077924591140599644,0.007772617844218695,-0.00878778463368197,-0.009031868327765664,-0.0035505938413573773,-0.0035704351111986474,-0.018373447655400988,-0.019193288925242257,0.007454623116756848,0.007434781846915578,-0.008175040526490233,-0.008409167510617217,0.00394078945035406,0.00392094818051279,-0.014764204128883117,-0.014972079586758575,0.002766356009906573,0.002746514740065303,-0.012487762771019338,-0.012790937374193942,0.012219446582291793
2022-08-18,0.003810895669165537,0.003791054399324267,0.010150358500787611,0.009897183897613009,0.006753073589201637,0.006733232319360368,0.0008966705084947771,0.0007234201477444163,0.003392518688700552,0.003372677418859282,0.010150358500787611,0.009897183897613009,0.004979319611897549,0.00495947834205628,0.005857533580672036,0.0055876923108307665,0.001576224294131387,0.0015563830242901172,-0.001935794076809666,-0.002066746457762047,-0.00521184180839368,-0.00523168307823495,0.002423905219775476,0.0022790639499342064,-0.0035116267391965272,-0.0035314680090377973,0.0023186151403594506,0.002110739682483993,-0.0031663698930699535
2022-08-19,0.0035278545223135435,0.0035080132524722735,0.006873380396049837,0.006782110554779996,0.011950215699831943,0.011930374429990672,-0.0008479863529455341,-0.000967827622786804,0.003052766734932953,0.003032925465091683,0.006873380396049837,0.006782110554779996,0.006352676377984659,0.006332835108143389,0.012072204734767666,0.012052363464926396,0.004178778600706472,0.004158937330865202,-0.002715449316947581,-0.002812213663711928,0.0013070039264214822,0.0012871626565802124,0.002954533685140319,0.002851359081965716,0.003599045871829014,0.003579204601987744,0.004639393822918543,0.004465706399231119,0.012740516890351383
2022-08-22,-0.0029439346334170155,-0.0029637759032582855,0.011540118029933611,0.011286943426759009,0.005367500670850553,0.005347659401009283,0.0014303427179392552,0.0014105014480979854,-0.00801878825699777,-0.00803862952683904,0.011540118029933611,0.011286943426759009,0.006248646304948632,0.006228805035107363,0.007826332184754486,0.0078064909149132165,0.0024675559669370684,0.0024477146970957983,0.01113896073475457,0.010947690893484728,0.0027154191943070186,0.0026955779244657485,5.374965279017794e-05,-7.720272816220302e-05,-0.004105420650717458,-0.004125261920558727,0.009063806460374734,0.008918965190533463,0.004697148245006888
2022-08-23,0.007197219512677752,0.007177378242836483,0.006673709859638825,0.006098313034242,0.01218801255276871,0.01216817128292744,0.0020509376838972852,0.0018003271832867846,0.006453735371980199,0.006433894102138929,0.006673709859638825,0.006098313034242,0.0013560128729518464,0.0013361716031105766,0.010238527497277664,0.009352019560769727,0.011668401807429618,0.011648560537588348,0.0089703579408427,0.00883940555989032,0.008604828424235322,0.008584987154394052,-0.00493719059481266,-0.0055284604360825015,0.0038808878932186514,0.0038610466233773813,0.013569165817215494,0.01303417303222271,-0.000962512832236806
2022-08-24,-0.00562727072982519,-0.00564711199966646,0.0005725153629210266,0.0004812455216511853,-0.0066582429641157265,-0.006678084233956996,0.0067736442416698696,0.006642691860717489,-0.009362573633863037,-0.009382414903704308,0.0005725153629210266,0.0004812455216511853,-0.00587420997550317,-0.005894051245344439,-0.006789529439036457,-0.006809370708877727,-0.010005024587374935,-0.010024865857216205,-0.0006448248064556301,-0.0007415891532199769,-0.005991937590295038,-0.006011778860136307,-0.0053922877496168685,-0.005503038110367229,-0.0060396423213563075,-0.006059483591197577,0.0013690716997360093,0.0013492304298947395,0.0043165348345093335
2022-08-25,-0.00012416642487517865,-0.0001440076947164485,0.012326577477383475,0.012140069540875539,-0.00356027570979868,-0.00358011697963995,0.014116092248065983,0.013971250978224712,-0.00025579928294663934,-0.00027564055278790915,0.012326577477383475,0.012140069540875539,0.006520805505511554,0.006500964235670284,0.00026689516802720983,-0.0004196127684807266,0.006948828085408587,0.0069289868155673175,0.015490462662087107,0.015288803210427656,0.005852519200707999,0.00583267793086673,0.011910094474156406,0.011890253204315136,0.003167861605906569,0.003148020336065299,-0.006078713724988336,-0.006320777217051828,0.021941138161388984
2022-08-26,0.0017185733315472282,0.0016987320617059584,0.01025612387133807,0.0102362826014968,-0.0018493223667307088,-0.0018691636365719786,-0.0022727943081420135,-0.0022926355779832835,0.003100677011018217,0.003080835741176947,0.01025612387133807,0.0102362826014968,-0.00342612908686412,-0.00344597035670539,-0.020750974376883967,-0.020770815646725237,0.002236220251129996,0.002216378981288726,0.002962926046175759,0.0029430847763344888,7.712997839715713e-05,5.728870855588729e-05,0.005972032137759764,0.0059521908679184945,0.0028035000170172006,0.0027836587471759306,0.00754714305661261,0.0073273017867713395,0.023326785819591356
2022-08-29,0.014360077277768224,0.014340236007926953,0.0008137509244084368,0.000703000563658076,-0.004053460531217336,-0.004073301801058605,0.0065303870175807315,0.006427212414406128,0.013668426542387778,0.013648585272546507,0.0008137509244084368,0.000703000563658076,2.010433442622972e-05,2.630645849598784e-07,-0.03263189087943478,-0.033151732149276046,0.0034323560529740532,0.003412514783132783,0.0022400059425100515,0.002095164672668782,0.00866177247797955,0.00864193120813828,0.0016203524037078144,0.0015005111338665445,0.01363935596740614,0.01361951469756487,-0.01853876705148907,-0.01868360832133034,0.0012431924864606536
2022-08-30,-0.008408186014086952,-0.008428027283928222,-0.009999271913287717,-0.010241335405351208,0.009512945997319715,0.009493104727478444,0.006507914352037606,0.00601188260600586,-0.010454676602616654,-0.010474517872457925,-0.009999271913287717,-0.010241335405351208,-0.00936651976052106,-0.00938636103036233,0.005573238776843903,0.005553397507002633,0.0004707975687163052,0.00045095629887503537,0.001973512048914059,0.0015885914139934243,-0.0024217748673731262,-0.0024416161372143963,0.007373398256770794,0.006924985558358096,-0.001399593175722795,-0.0014194344455640648,0.0013330471410892076,0.0009203487283907949,0.002242096526487769
2022-08-31,-0.004089584326956018,-0.004109425596797288,-0.009044653655333416,-0.009189494925174686,-0.0031393730322981026,-0.0031592143021393726,-0.003923139818524258,-0.004067981088365528,-0.0037671188356684995,-0.0037869601055097696,-0.009044653655333416,-0.009189494925174686,-0.0034257871359475098,-0.00344562840578878,-0.00895681694354905,-0.008976658213390321,-0.0058817589879762155,-0.005901600257817485,-0.012304007453041116,-0.012490515389549052,-0.0076692186100530135,-0.007689059879894283,-0.021098621526725064,-0.021285129463233,0.0027771453968298207,0.0027573041269885507,-0.008883884786478558,-0.009070392722986494,0.012318641732130153
2022-09-01,-0.011465368360967863,-0.011485209630809134,-0.012060549442218044,-0.012080390712059314,-0.015418069945677182,-0.015437911215518452,-0.005588576993940922,-0.005608418263782192,-0.01045870431277876,-0.010478545582620031,-0.012060549442218044,-0.012080390712059314,-0.010527969465695716,-0.010547810735536987,0.01496522088754798,0.01494537961770671,-0.018083014318584764,-0.018102855588426035,-0.015335992332061961,-0.015355833601903231,-0.013143913619331163,-0.013163754889172433,-0.010714822123305484,-0.010734663393146755,-0.012175744288211589,-0.01219558555805286,0.0007779891755330583,0.0007581479056917885,-0.00882227136044067
2022-09-02,-0.0014646601196120698,-0.00385950138945334,0.006620557263879709,0.006475715994038439,-0.00042170257671874517,-0.0034415438465600153,0.002947442660350761,0.002927601390509491,0.004044661664033063,0.0013998203941917925,0.006620557263879709,0.006475715994038439,-0.001303255725396378,-0.004698096995237648,-0.010623128636896961,-0.010642969906738232,0.0025669557870815415,0.0002971145172402717,-0.010104743868327394,-0.010124585138168664,-0.0012916517050389764,-0.004061492974880246,-0.0021502975456496034,-0.00233680548215754,0.004789014501848654,0.0011441732320073839,0.01832235299808239,0.01830251172824112,0.004143774098800845
2022-09-05,0.002965805557165656,0.0029459642873243858,-0.00242591355379676,-0.0025886119664951727,0.0030739611060583635,0.0030541198362170935,0.00622350166698152,0.00620366039714025,0.0027806987894578652,0.0027608575196165952,-0.00242591355379676,-0.0025886119664951727,-0.007294354211423937,-0.007314195481265206,0.006536987964352259,0.006017146694510989,0.007831531843832312,0.007811690573991043,0.013930736304807375,0.013910895034966104,-0.002214604089218232,-0.002234445359059502,-0.01238034848319792,-0.01290018975303919,0.0014322661737775008,0.001412424903936231,-0.008985646307143231,-0.0092054875769845,0.00019550867250761605
2022-09-06,0.0010312264113895714,0.0010113851415483016,0.009044268996090609,0.00871490391672553,-0.001818667069033747,-0.0018385083388750168,0.0030186101501203325,0.0026654355469457294,0.0027848622761974667,0.0027650210063561967,0.009044268996090609,0.00871490391672553,0.000355628229618557,0.0003357869597772872,0.024707531650695724,0.024687690380854454,0.008070183697860757,0.008050342428019486,0.011300813105933461,0.010995257550377906,0.0002623605049596883,0.00024251923511841848,0.006768797336270194,0.006548956066428924,0.006718789312664265,0.006698948042822996,0.0145384029084475,0.014185228305272897,0.0039329903260330035
2022-09-07,-0.002783907234236181,-0.0028037485040774512,-0.0030009282982275814,-0.003220769568068851,-0.003545996936465505,-0.003565838206306775,0.0018732607146056672,0.0016534194447643973,0.0005469520036683398,0.00052711073382707,-0.0030009282982275814,-0.003220769568068851,0.0021541833461438398,0.0021343420763025697,0.00486133328432381,0.00484149201448254,-0.0002064964792261592,-0.00022633774906742905,-0.0023795835648914116,-0.002566091501399348,-0.0029920426745586176,-0.0030118839443998876,-0.007900621918547835,-0.008920463188389105,0.0022553126574348242,0.002235471387593554,-6.834473624502601e-05,-0.00033818600608629583,-0.008687056865443354
2022-09-08,-0.0008155225897238522,-0.000835363859565122,0.005259773068619229,0.004989931798777959,-0.0052799147278170255,-0.005299755997658295,0.0036544180695764327,0.0036345767997351627,-0.00037372949892047064,-0.00039357076876174045,0.005259773068619229,0.004989931798777959,0.006706243666942127,0.0066864023971008575,0.00905826846172264,0.00903842719188137,-0.004393547641436568,-0.004413388911277838,0.0030408965150488998,0.00282105524520763,0.002278017799029461,0.002258176529188191,0.011864843898068723,0.010845002628227454,0.0010166892457488738,0.000996847975907604,-0.006595797752342712,-0.006615639022183982,-0.01700524242639878
2022-09-09,0.0018785971725278003,0.0018587559026865305,-0.012252602836386111,-0.01277244410622738,0.0010524260457465684,0.0010325847759052986,0.0026887516957236,0.00201891042588233,-0.0023626125678224558,-0.002382453837663726,-0.012252602836386111,-0.01277244410622738,-0.004345382929534104,-0.004365224199375374,-0.0067057008637175786,-0.006725542133558848,-8.70563056932297e-05,-0.00010689757553449954,-0.011690137360808872,-0.012376645297316809,0.005058916497532387,0.005039075227691117,-0.0032381843151144014,-0.0032580255849556715,-0.006124888686059336,-0.006144729955900606,-0.020626614477439777,-0.02297978908061438,-0.02232281779590417
2022-09-12,0.0062008575083385906,0.006181016238497321,0.023861285061610782,0.023141443791769512,-0.005581258693872042,-0.005601099963713311,0.0017070794219339602,0.0014372381520926904,0.003927728069425353,0.003907886799584083,0.023861285061610782,0.023141443791769512,0.005772824539490191,0.005752983269648922,-0.006432527716814573,-0.008452368986655844,-0.0077800450123377204,-0.00779988628217899,-0.007885178803768511,-0.008605020073609781,0.011773510081268888,0.011753668811427618,-0.009339766270411914,-0.009609607540253185,9.657268632907307e-05,7.673141648780322e-05,0.02785269847440086,0.02733285720455959,-0.011811225242885692
2022-09-13,0.008107948214978393,0.008088106945137122,0.003899541327185785,0.003629700057344515,0.002329062102418046,0.002309220832576776,0.0032780056906892563,-7.516891248534729e-05,0.004888062813643679,0.004868221543802409,0.003899541327185785,0.003629700057344515,0.013077929142788013,0.013058087872946742,0.007205216072537324,0.007185374802696054,0.0015583764821348184,0.0015385352122935486,-0.00934328025558634,-0.01336312152542761,0.008757582175996356,0.008737740906155086,0.010114292058768792,0.009094450788927523,-0.003333589482885861,-0.003353430752727131,0.007625344751077456,0.007605503481236187,-0.004565428134332694
2022-09-14,-0.005192612276947721,-0.0052124535467889905,-0.0070017527202741086,-0.007354927323448712,0.004036780177812067,0.004016938907970798,-0.005974808210364446,-0.007994649480205717,-0.003532039063745711,-0.003551880333586981,-0.0070017527202741086,-0.007354927323448712,-0.003064560766604725,-0.003084402036445995,0.017470088123576755,0.017450246853735484,0.0015470410565686932,0.0015271997867274234,0.007363428560709817,0.0063435872908685475,-0.00541951093522261,-0.00543935220506388,0.0032273226996688553,0.0032074814298275853,-0.004680043520729475,-0.004699884790570745,-0.009657363696412402,-0.009677204966253673,-0.002745107453136386
2022-09-15,0.011149870128281746,0.011130028858440475,0.031682590118977894,0.030662748849136622,0.011367675531928474,0.011347834262087204,0.0,0.0,0.00391975238754038,0.0038999111176991103,0.031682590118977894,0.030662748849136622,0.013908968831683521,0.013889127561842251,6.343094869798449e-05,4.358967885671465e-05,0.011995453932109282,0.011975612662268011,0.04652746403255392,0.046507622762712655,0.0037551866844532586,0.0037353454146119886,0.001864643308731262,0.0018448020388899921,-0.006408867251661579,-0.006428708521502849,-0.007849416546924948,-0.008869257816766217,0.021789542786724736
2022-09-16,-0.0009632214267568523,-0.0009830626965981221,-0.0020168901252034153,-0.0020367313950446853,-0.001267439775327367,-0.0012872810451686368,0.0,0.0,-0.003276652065061156,-0.003296493334902426,-0.0020168901252034153,-0.0020367313950446853,-0.007828359345976706,-0.007848200615817976,-0.04706198286528518,-0.047081824135126446,-0.004223381351578591,-0.0042432226214198605,-0.018352374228131962,-0.018372215497973233,-0.0031315135461517443,-0.0031513548159930144,0.001425855673076848,0.001406014403235578,-0.006953354974988446,-0.006973196244829716,0.0,0.0,0.012645927068980267
2022-09-19,-0.011799735050312676,-0.011819576320153947,0.014348444618665912,0.012328603348824642,-0.009094256045850617,-0.009114097315691887,0.0,0.0,-0.00829538311851375,-0.008315224388355021,0.014348444618665912,0.012328603348824642,-0.00595692616681099,-0.0059767674366522595,-0.014348444618665912,-0.014368285888507182,-0.010896382206663814,-0.010916223476505085,0.0,0.0,-0.01202803961341263,-0.012047880883253901,-0.02903227630773897,-0.03005211757758024,-0.003476952906855846,-0.003496794176697116,0.0,0.0,-0.010103002279758022
2022-09-20,0.002297203732790444,0.002277362462949174,0.0,0.0,-0.0003571753426454133,-0.0003770166124866831,0.0,0.0,-0.0033227804189343013,-0.0033426216887755713,0.0,0.0,-0.0016766633381483098,-0.0016965046079895796,0.0,0.0,9.7439943911308e-05,7.759867407003816e-05,0.0,0.0,-0.00430113204698316,-0.004320973316824429,0.0,0.0,0.0010170529321154378,0.000997211662274168,0.0,0.0,0.004304792976960625
2022-09-21,-0.006150934793143006,-0.006170776062984276,0.0,0.0,-0.006202006893204957,-0.006221848163046227,0.0,0.0,-0.008598451845964486,-0.008618293115805756,0.0,0.0,-0.005994682892461377,-0.006014524162302646,0.0,0.0,-0.002384527956146597,-0.002404369225987867,0.0,0.0,0.0024932421639156793,0.0024734008940744093,0.0,0.0,-0.00758113294243952,-0.007600974212280789,0.0,0.0,-0.00399786059985352
2022-09-22,0.0144974271092883,0.01447758583944703,0.0,0.0,0.010789369687314442,0.010769528417473171,0.0,0.0,0.011927378670983847,0.011907537401142577,0.0,0.0,0.010842745886336214,0.010822904616494943,0.0,0.0,0.01375534763311765,0.01373550636327638,0.0,0.0,0.010029555846762767,0.010009714576921496,0.0,0.0,0.005645371848506005,0.005625530578664735,0.0,0.0,-0.00264800221844097
2022-09-23,-0.00804636577045733,-0.0080662070402986,0.0,0.0,-0.00377652528783725,-0.00379636655767852,0.0,0.0,-0.006929590541300316,-0.006949431811141586,0.0,0.0,0.0019593013987802346,0.0019394601289389648,0.0,0.0,0.005008696711154788,0.004988855441313518,0.0,0.0,-0.0022151379603051607,-0.0022349792301464308,0.0,0.0,-0.013152884885613864,-0.013172726155455134,0.0,0.0,0.002518582143568926
2022-09-26,-0.002612229577079586,-0.002632070846920856,0.0,0.0,0.004307413348923837,0.004287572079082568,0.0,0.0,-0.007268273902940492,-0.0072881151727817615,0.0,0.0,-0.0057405180864832026,-0.005760359356324472,0.0,0.0,-0.00101729786575952,-0.0010371391356007898,0.0,0.0,-0.00473562239294769,-0.00475546366278896,0.0,0.0,-0.002683594569091785,-0.002703435838933055,0.0,0.0,0.00729088228672925
2022-09-27,0.008113131130386336,0.008093289860545066,0.0,0.0,0.005035276062378503,0.005015434792537234,0.0,0.0,0.00449034474670465,0.00447050347686338,0.0,0.0,0.0035957283234323567,0.0035758870535910867,0.0,0.0,0.004963760687295864,0.004943919417454594,0.0,0.0,0.0048369133952461466,0.004817072125404877,0.0,0.0,-0.0003885198169430448,-0.00040836108678431464,0.0,0.0,-0.0032518433227241017
2022-09-28,-0.0026950565787582717,-0.0027148978485995417,0.0,0.0,-0.0030645287775088667,-0.0030843700473501367,0.0,0.0,-0.0002664424344922811,-0.0002862837043335509,0.0,0.0,0.00514804601207039,0.00512820474222912,0.0,0.0,-0.006006584984794346,-0.006026426254635615,0.0,0.0,-0.004854734553289497,-0.004874575823130767,0.0,0.0,0.004470623843150341,0.004450782573309072,0.0,0.0,0.012182366860078009
2022-09-29,-0.0019698388803068706,-0.0019896801501481406,0.0,0.0,-0.006646514370637159,-0.006666355640478429,0.0,0.0,-0.0024566945946337335,-0.0024765358644750035,0.0,0.0,-0.0005671731381023046,-0.0005870144079435744,0.0,0.0,-0.0029625582814690604,-0.0029823995513103304,0.0,0.0,0.003961606850434639,0.003941765580593369,0.0,0.0,-0.0025638608617508246,-0.0025837021315920946,0.0,0.0,-0.012081320487566494
2022-09-30,-0.006018600022769417,-0.006038441292610687,0.0,0.0,-0.0014750082423799077,-0.0014948495122211775,0.0,0.0,-0.004030735921744924,-0.004050577191586194,0.0,0.0,-8.674994044881312e-06,-2.8516263886151154e-05,0.0,0.0,-0.006398603519148831,-0.0064184447889901,0.0,0.0,-0.001864352491950369,-0.0018841937617916388,0.0,0.0,0.009182193419308031,0.00916235214946676,0.0,0.0,0.0005497296859848788
2022-10-03,0.0044612708877760435,0.004441429617934774,0.0,0.0,0.004105900479241205,0.004086059209399935,0.0,0.0,0.0017308890948533676,0.0017110478250120977,0.0,0.0,0.01041412932933667,0.0103942880594954,0.0,0.0,0.008950529451409506,0.008930688181568235,0.0,0.0,0.0035846657226081616,0.0035648244527668915,0.0,0.0,-0.0043032588110564415,-0.004323100080897711,0.0,0.0,0.029054410992554125
2022-10-04,0.0023082316736726394,0.0022883904038313693,0.0,0.0,0.0009622618909257211,0.0009424206210844512,0.0,0.0,0.007594791510459602,0.007574950240618332,0.0,0.0,0.0038812127901039564,0.0038613715202626864,0.0,0.0,0.0016262039481880555,0.0016063626783467857,0.0,0.0,-0.00038937238992024087,-0.0004092136597615107,0.0,0.0,0.00281138150300278,0.00279154023316151,0.0,0.0,0.002933877168878052
2022-10-05,0.002957311934429205,0.0029374706645879348,0.0,0.0,0.002109896221642024,0.002090054951800754,0.0,0.0,-0.0017954925504542543,-0.0018153338202955241,0.0,0.0,0.00744071782123646,0.007420876551395191,0.0,0.0,0.0005425106460625398,0.00052266937622127,0.0,0.0,0.006689618029135133,0.0066697767592938636,0.0,0.0,-0.005148094774962864,-0.005167936044804133,0.0,0.0,0.016245359572667928
2022-10-06,-0.0014137195107744513,-0.001433560780615721,0.0,0.0,-0.009489872947384674,-0.009509714217225945,0.0,0.0,-0.005366710015387695,-0.005386551285228964,0.0,0.0,-0.007127743185435305,-0.0071475844552765745,0.0,0.0,-0.007264544368924486,-0.0072843856387657556,0.0,0.0,-0.0037039853161450545,-0.0037238265859863245,0.0,0.0,-0.00494139266304662,-0.00496123393288789,0.0,0.0,0.0014867219599052905
2022-10-07,-0.002514497830336214,-0.002534339100177484,0.0,0.0,-0.002272550772163824,-0.002292392042005094,0.0,0.0,-0.0013811417221858066,-0.0014009829920270764,0.0,0.0,-6.575363380004196e-05,-8.55949036413118e-05,0.0,0.0,-0.008874026142462736,-0.008893867412304007,0.0,0.0,-0.0028100928959323285,-0.0028299341657735985,0.0,0.0,0.004698542589507776,0.004678701319666506,0.0,0.0,0.006868548048627687
2022-10-10,-0.0005778828685652701,-0.0005977241384065399,0.0,0.0,0.0008561962098904627,0.0008363549400491929,0.0,0.0,0.002245051809287045,0.002225210539445775,0.0,0.0,0.0011883311586563944,0.0011684898888151246,0.0,0.0,-0.007709009336483538,-0.007728850606324808,0.0,0.0,-0.0035288612751529086,-0.0035487025449941786,0.0,0.0,0.006047041993848201,0.006027200724006932,0.0,0.0,-0.0001446151383195371
2022-10-11,-0.011379561405919697,-0.011399402675760967,0.0,0.0,-0.01764665920363525,-0.01766650047347652,0.0,0.0,-0.009836181796682816,-0.009856023066524087,0.0,0.0,0.00202409470613054,0.00200425343628927,0.0,0.0,-0.010685503708448174,-0.010705344978289445,0.0,0.0,-0.0018441770381334363,-0.0018640183079747061,0.0,0.0,-0.0075377359063343585,-0.007557577176175628,0.0,0.0,-0.001394483392806234
2022-10-12,0.0072603950783380194,0.00724055380849675,0.0,0.0,-0.0016533611878728066,-0.0016732024577140764,0.0,0.0,0.008434221793447959,0.008414380523606688,0.0,0.0,-0.0010183698011761652,-0.001038211071017435,0.0,0.0,-0.005689046646953064,-0.005708887916794333,0.0,0.0,0.007291866431010839,0.0072720251611695695,0.0,0.0,0.020566673913174224,0.020546832643332954,0.0,0.0,-0.008094306363979564
2022-10-13,-0.008244227287567019,-0.008264068557408289,0.0,0.0,-0.011974368979830737,-0.011994210249672007,0.0,0.0,-0.0008469957157516417,-0.0008668369855929115,0.0,0.0,-0.012780671180191425,-0.012800512450032695,0.0,0.0,-0.008158017973623997,-0.008177859243465268,0.0,0.0,-0.010950900349981155,-0.010970741619822425,0.0,0.0,0.009419772905974684,0.009399931636133414,0.0,0.0,0.005213314948533165
2022-10-14,-0.0018050301217730075,-0.0018248713916142773,0.0,0.0,-0.0008472226584162329,-0.0008670639282575027,0.0,0.0,-0.0003101223859260302,-0.0003299636557673,0.0,0.0,-0.004390629876783042,-0.004410471146624312,0.0,0.0,-0.00575739611302007,-0.00577723738286134,0.0,0.0,0.0036328876554026224,0.0036130463855613523,0.0,0.0,0.00022766199306189366,0.00020782072322062382,0.0,0.0,-0.008886909081043393
2022-10-17,-0.008254187408587327,-0.008274028678428597,0.0,0.0,-0.000507628336883427,-0.0005274696067246968,0.0,0.0,-0.007210313921587531,-0.007230155191428801,0.0,0.0,-0.004505023751315861,-0.00452486502115713,0.0,0.0,-0.010274214876860858,-0.010294056146702129,0.0,0.0,-0.0017604508877874514,-0.0017802921576287212,0.0,0.0,-0.01009710295785822,-0.01011694422769949,0.0,0.0,0.007801437599447736
2022-10-18,0.002190966209611754,0.002171124939770484,0.0,0.0,0.002210750907860305,0.002190909638019035,0.0,0.0,0.003979464173767294,0.003959622903926025,0.0,0.0,0.0035390936417454416,0.0035192523719041716,0.0,0.0,0.005881903890709729,0.005862062620868459,0.0,0.0,-0.0027888971286241376,-0.0028087383984654077,0.0,0.0,0.008050907808738947,0.008031066538897676,0.0,0.0,0.012418157048905032
2022-10-19,0.004371056663082774,0.004351215393241505,0.0,0.0,-0.0006806536387934728,-0.0007004949086347426,0.0,0.0,0.0059937691503353235,0.005973927880494054,0.0,0.0,0.0007099032999380306,0.0006900620300967608,0.008258292887421637,0.007238451617580367,0.004960165807156476,0.0049403245373152065,0.0007602839404670103,-0.0002595573293742595,-0.0010597643912679464,-0.0010796056611092162,0.0,0.0,-0.0009526687476017343,-0.0009725100174430041,0.0007602839404670103,-0.0002595573293742595,0.004511845479609589
2022-10-20,0.006659860296898662,0.006640019027057392,0.0,0.0,0.0015546263790381376,0.0015347851091968678,0.013668102279723482,0.012648261009882212,0.008590125745738426,0.008570284475897156,0.0,0.0,0.007602814248924526,0.007582972979083257,0.005088406504556275,0.005068565234715006,-0.000321201394151982,-0.0003410426639932518,0.02367486823173215,0.02365502696189088,0.010048365370823611,0.010028524100982341,0.013668102279723482,0.012648261009882212,0.018131902130880055,0.018112060861038785,0.018671485255727815,0.018151643985886545,-0.002668736069112665
2022-10-21,0.000932113103389226,0.0009122718335479562,0.00216386613170072,0.0001440248618594501,0.0042791387787232335,0.004259297508881964,0.0010507276320117498,0.00103088636217048,0.003780789507413146,0.003760948237571876,0.00216386613170072,0.0001440248618594501,0.008695779465666305,0.008675938195825034,0.0036107319756483736,0.0035908907058071035,-0.000611497238301513,-0.0006313385081427828,-0.005814845398612489,-0.006334686668453759,0.001209226777559344,0.0011893855077180742,0.02077213112308174,0.01925228985324047,0.007140900979832873,0.007121059709991604,0.0038106070083155173,0.002457432405140914,0.005473621372395598
2022-10-24,-0.009873337426731042,-0.009893178696572313,0.006133843804166372,0.006114002534325103,0.004364374017914376,0.004344532748073106,0.01852381049889773,0.01850396922905646,-0.004035491830284149,-0.004055333100125419,0.006133843804166372,0.006114002534325103,-0.008904005654120938,-0.008923846923962208,-0.010674693402265456,-0.010694534672106727,-0.004466207966148432,-0.0044860492359897015,-0.005148752132918766,-0.005168593402760035,-0.00456518738428259,-0.00458502865412386,0.00012838461364783615,0.00010854334380656631,-0.011347713461237405,-0.011367554731078675,0.025972362169026725,0.025952520899185455,-0.002915403611010503
2022-10-25,0.007848752053136301,0.007828910783295031,-7.820748204978578e-05,-9.804875189105562e-05,0.00757896310755192,0.00755912183771065,0.0014159642359632407,0.001396122966121971,0.003468624415513835,0.003448783145672565,-7.820748204978578e-05,-9.804875189105562e-05,0.00812239800873358,0.008102556738892309,-0.006929209105385026,-0.006949050375226295,-0.0004372524866568875,-0.0004570937564981573,-0.004960698817541409,-0.004980540087382679,0.0036495161342948376,0.0036296748644535676,0.0256625983028963,0.02564275703305503,0.004414578358172168,0.004394737088330898,0.015682701383894194,0.015162860114052925,0.010771018380116626
2022-10-26,-0.00762714289008358,-0.007646984159924849,0.007859986100949512,0.007173478164441575,-0.005380116929675299,-0.005399958199516569,-0.01021457760198255,-0.010984418871823819,-0.0012389758568783563,-0.001258817126719626,0.007859986100949512,0.007173478164441575,-0.012123520830412432,-0.012143362100253702,0.010635154511210516,0.010281979908035912,0.00033499884697894833,0.0003151575771376785,0.011663477955142776,0.011310303351968172,-0.007822888353725889,-0.00784272962356716,-0.008569182923916027,-0.009422357527090629,0.003666886103628246,0.003647044833786976,0.004656159887403394,0.004052985284228791,-0.019665466926366393
2022-10-27,-0.0005450983117658639,-0.0005649395816071337,0.007888330940581362,0.007118489670740092,-0.005095431642536889,-0.005115272912378159,0.005343886459164874,0.003990711855990271,-0.0007851955243966743,-0.0008050367942379442,0.007888330940581362,0.007118489670740092,-0.000386615357891279,-0.0004064566277325488,0.005716173416689868,0.004446332146848598,-0.0014017241916411544,-0.0014215654614824242,0.017801665474489164,0.017531824204647894,-0.0066519767230396945,-0.006671817992880964,0.011078972792932285,0.010159131523091015,0.005024144090200924,0.005004302820359655,0.00662900613718409,0.00640916486734282,-0.0032116810493050263
2022-10-28,0.003385460334590952,0.003365619064749682,0.007790220050090668,0.007270378780249398,-0.012404640455348753,-0.012424481725190024,0.017820601588919117,0.017300760319077846,0.0047014764826487435,0.004681635212807474,0.007790220050090668,0.007270378780249398,0.0001348556693333905,0.00011501439949212065,0.010851093993564284,0.01049791939038968,-0.004170579229940276,-0.004190420499781545,0.005705536515751841,0.0046856952459105716,0.005130520720312358,0.005110679450471088,0.006485223031994752,0.006098715095486816,-0.003240715595692424,-0.003260556865533694,0.013350060928950871,0.0130802196591096,-0.021418931946364017
2022-10-31,-0.008075361848959309,-0.00809520311880058,-0.0023168838130968213,-0.002536725082938091,-0.011375656238316025,-0.011395497508157295,-0.00491881303206379,-0.00518865430190506,-0.001447580376901951,-0.0014674216467432208,-0.0023168838130968213,-0.002536725082938091,-0.008962698550871152,-0.008982539820712423,0.0014394735427625555,0.0012196322729212856,-0.003697020857416515,-0.003716862127257785,0.031345417651674624,0.030992243048500023,-0.000413081008712686,-0.0004329222785539558,-0.010182437958834575,-0.010368945895342511,-0.007245720009695013,-0.007265561279536282,0.011455423428884556,0.011149867873329,-0.015965669132499305
2022-11-01,0.009060332777560402,0.009040491507719132,0.020889234611761332,0.02086939334192006,0.0065961507566270755,0.006576309486785806,0.0063097327558933325,0.006289891486052063,0.011124778118061916,0.011104936848220646,0.020889234611761332,0.02086939334192006,0.004330857113085944,0.004311015843244674,0.003468002746718257,0.003448161476876987,0.0013178122509178367,0.0012979709810765668,0.011994624948220827,0.011974783678379557,0.0068088269879334265,0.006788985718092157,0.02243380023195226,0.02241395896211099,-0.0003077692689732042,-0.00032761053881447404,-0.0038994528603947132,-0.003919294130235983,0.015482484527953089
2022-11-02,-0.012245506930826704,-0.012265348200667974,-0.02709704198199831,-0.027283549918506247,-0.013871569172452768,-0.013891410442294038,-0.010942817901268878,-0.01127377028222126,-0.010117137096645329,-0.0101369783664866,-0.02709704198199831,-0.027283549918506247,-0.0157133703337932,-0.01573321160363447,-0.015045309287275543,-0.015315150557116814,-0.01011934298332557,-0.01013918425316684,-0.014388884400038143,-0.014408725669879413,-0.004848252358291581,-0.004868093628132851,-0.007439623988915844,-0.007459465258757114,-0.0034935199744061465,-0.0035133612442474166,-0.005357079890068284,-0.005501921159909553,0.010327034801688617
2022-11-03,0.0038967788605637557,0.0038769375907224857,0.0096709450346717,0.009508246621973287,-0.0003254689612023909,-0.0003453102310436607,-0.0005539734054801019,-0.0006738146753213718,0.002267244291897494,0.002247403022056224,0.0096709450346717,0.009508246621973287,0.007238832468380398,0.007218991198539128,0.025041958492862608,0.025022117223021337,0.003823573207909263,0.003803731938067993,0.002919842317443815,0.0027000010476025452,0.0037926654572519175,0.0037728241874106475,0.0152251992421501,0.01520535797230883,-0.0008438741834391472,-0.000863715453280417,0.002839682174496261,0.00270872979354388,-0.007434282566132655
2022-11-04,-0.001118829713492149,-0.0011386709833334189,0.00619679569864523,0.00605195442880396,0.003691860810319962,0.003672019540478692,0.0003042708045920932,0.00019352044384173244,0.0006302615200700426,0.0006104202502287728,0.00619679569864523,0.00605195442880396,-0.005493518490788635,-0.005513359760629904,0.013058404620503228,0.013038563350661957,0.004693868403357115,0.004674027133515846,0.0011520485598122045,0.0011322072899709347,-0.003069283812821434,-0.0030891250826627042,0.006400157092989531,0.006237458680291118,-0.009379879054044367,-0.009399720323885637,0.01166022968836451,0.011258570236705059,-0.01604753801644976
2022-11-07,0.0006481451653939097,0.0006283038955526398,0.004083994112591846,0.0038641528427505764,-0.002484062079805671,-0.002503903349646941,0.01446902292451091,0.01444918165466964,-1.2965154511247745e-05,-3.2806424352517586e-05,0.004083994112591846,0.0038641528427505764,-0.002233644358175725,-0.002253485628016995,0.0002682282377534165,0.00024838696791214666,0.0045191638959368174,0.004499322626095548,-0.0013129508632844823,-0.0013327921331257521,1.6448176216737886e-06,-1.8196452219596053e-05,0.007846719609486068,0.007684021196787655,0.003941519187800523,0.003921677917959253,-0.004793414608091122,-0.0048132558779323915,-0.032129817216258294
2022-11-08,0.002530972580203114,0.002511131310361844,0.004887823876409658,0.004701315939901722,0.004336995099637926,0.0043171538297966565,0.008485973159894687,0.00829946522338675,-0.001548077096369914,-0.0015679183662111837,0.004887823876409658,0.004701315939901722,-0.005429234522989795,-0.005449075792831065,-0.0006823386089124693,-0.0009021798787537392,0.010081712796520002,0.010061871526678732,0.0005322910202206713,0.0002624497503794015,0.0034014812322121363,0.0033816399623708662,0.018589869608757872,0.018445028338916602,-0.008762650113908262,-0.008782491383749532,0.02092057806210494,0.020734070125597005,-0.005498450587258952
2022-11-09,0.0006261427154098109,0.0006063014455685411,0.010301552309675593,0.00993885389697718,0.003162063194441962,0.003142221924600692,0.0038012810237409156,0.003484736457196349,0.0006905183675426085,0.0006706770977013387,0.010301552309675593,0.00993885389697718,0.004192955051870631,0.004173113782029361,0.012546291632709212,0.012240736077153657,-0.0029643476938053318,-0.0029841889636466018,0.014267830326489577,0.01388132238998164,-0.0020107974437930318,-0.002030638713634302,0.002912774240431501,0.00265682185947912,-0.0031181872760202775,-0.0031380285458615475,0.00759247780909196,0.007275933242547394,0.02710456513472148
2022-11-10,-0.0026429018540106777,-0.0026627431238519478,-0.0108119820650653,-0.010922732425815661,-0.005886689963076168,-0.0059065312329174375,0.004987060143072153,0.004895790301802312,-0.004441816496163882,-0.004461657766005152,-0.0108119820650653,-0.010922732425815661,0.0014969279292747217,0.001477086659433452,-0.009493065945053466,-0.009512907214894737,-0.0194578281938833,-0.019477669463724572,-0.010154282042423683,-0.010174123312264954,0.0029804952678514143,0.0029606539980101443,-0.01606701625679932,-0.016197968637751702,0.0037121262846483843,0.0036922850148071143,-0.0073875748998033525,-0.007665749502977956,0.0052637269861000036
2022-11-11,-0.005658951303945371,-0.005678792573786641,0.00293360021065908,0.0027887589408178105,0.0015028560131928256,0.0014830147433515558,0.0009877238800482385,0.0008428826102069687,-0.0008932456422608079,-0.0009130869121020777,0.00293360021065908,0.0027887589408178105,0.002907351187872685,0.002887509918031415,-0.003805645679217118,-0.003950486949058388,-0.004868428977630117,-0.004888270247471386,-0.004561614507712475,-0.004748122444220411,-0.0020290917276933537,-0.0020489329975346238,0.0026466928286373696,0.0025268515587960998,0.0066219390322529575,0.006602097762411688,0.007396688165040653,0.007265735784088272,-0.005675295146544412
2022-11-14,-0.006597268308465028,-0.006617109578306297,0.002149741950760394,0.00193545623647468,-0.006273995838516122,-0.006293837108357392,0.004579930944383262,0.004323978563430881,-0.0035847949839506316,-0.0036046362537919016,0.002149741950760394,0.00193545623647468,-0.002689166398013247,-0.002709007667854517,0.005415542570131093,0.0053957013002898235,0.003158317149704687,0.003138475879863417,-0.002788434265328321,-0.003308275535169591,-0.010702358557207983,-0.010722199827049254,-0.0017564776903980141,-0.0019672280511483747,-0.008234355583901252,-0.008254196853742523,0.010529543823284035,0.010509702553442765,0.0055958823045034745
2022-11-15,-0.004996923536624939,-0.005016764806466209,-0.009156119285098078,-0.009252883631862425,-0.008088638221748483,-0.008108479491589753,-0.009443622595525078,-0.009622287394778111,-0.008052051848552136,-0.008071893118393406,-0.009156119285098078,-0.009252883631862425,-0.00589181684955805,-0.00591165811939932,-0.014384037585503611,-0.014570545522011548,-0.01219034840344286,-0.01221018967328413,-0.0018352861120026626,-0.0018551273818439324,0.005612054164879525,0.005592212895038255,-0.008957283334636862,-0.009060457937811465,-0.007634414912862611,-0.007654256182703881,0.0010354336402956694,0.0008530923704543996,-0.016690541882938836
2022-11-16,0.005770984062507679,0.00575114279266641,0.009115037122251752,0.00902376728098191,0.00411112930229994,0.0040912880324586705,0.0031753098976216153,0.00309991307222479,0.006151993597658965,0.006132152327817696,0.009115037122251752,0.00902376728098191,0.0029491929554467736,0.0029293516856055035,0.009968386176837046,0.009348544906995776,0.008734834035120355,0.008714992765279084,0.0048391756023676985,0.004569334332526429,4.106896056250281e-05,2.122769072123297e-05,0.009936093863947918,0.009825343503197557,-0.0003550874244197186,-0.0003749286942609884,0.008446633801876643,0.008301792532035373,-0.002790556989674009
2022-11-17,-0.00627581154326521,-0.006295652813106479,-0.013299915067682263,-0.013319756337523534,-0.004827027485411431,-0.0048468687552527005,-0.0024026078685338435,-0.002481272667786878,-0.0033241611940628205,-0.0033440024639040905,-0.013299915067682263,-0.013319756337523534,0.002878275990638529,0.002858434720797259,-0.007569306405119177,-0.007589147674960447,-0.001768231031602334,-0.0017880723014436037,-0.017312288315058544,-0.017332129584899814,-0.0037013948416829145,-0.0037212361115241846,-0.013450847791166457,-0.013570689061007727,-0.010227133661361666,-0.010246974931202937,-0.005806235268017501,-0.005892743204525438,0.0015742522031731987
2022-11-18,0.001985491334739166,0.001965650064897896,0.003717284877602729,0.00339829830861616,-0.0002771743246361841,-0.0002970155944774539,0.0028368370136742237,0.0027614401882773984,0.0017872106473182658,0.001767369377476996,0.003717284877602729,0.00339829830861616,0.0091529286084263,0.00913308733858503,-0.017712390221041086,-0.017843342601993467,0.0022895914398700784,0.0022697501700288084,0.001447640639693621,0.0012849422269952083,0.0011339139750784488,0.001114072705237179,-0.005308334870025424,-0.005530196341886896,0.005675597946184996,0.005655756676343726,0.0009747397254792518,0.0007104540111935375,-0.00046710717003151103
2022-11-21,-0.0009537305392924925,-0.0009735718091337623,0.006149662712380367,0.0058765746892923435,0.0044620752236296385,0.004442233953788369,0.015896766651375197,0.015733384711677467,0.00596309075848811,0.00594324948864684,0.006149662712380367,0.0058765746892923435,-0.001507294126530119,-0.0015271353963713888,-0.006499862877886989,-0.0067863708143949255,-0.001035774674410593,-0.0010556159442518629,-0.006269965471997027,-0.006414806741838297,-0.012410305303718103,-0.012430146573559373,0.0028712659482816403,0.002668091345107037,-0.009284319886489686,-0.009304161156330957,0.008709038554417617,0.008507379102758166,0.009178867338590857
2022-11-22,-0.0032790661757650594,-0.0032989074456063294,-0.004238793347243254,-0.004408634617084524,-0.0033821924602072187,-0.0034020337300484887,-0.0029039455097782754,-0.0030071201129528787,-0.004504088369903354,-0.004523929639744624,-0.004238793347243254,-0.004408634617084524,-0.00143765886257953,-0.0014575001324207998,0.01424721429531465,0.013993606791707146,-0.011664003326834975,-0.011683844596676245,0.0030270927765207395,0.0027850292844572473,0.006864615643200844,0.006844774373359575,0.000540552715497862,0.0005207114456565922,-0.015541901890380391,-0.015561743160221662,0.0018880586099543394,0.001519732491628221,0.004271097488596665
2022-11-23,-0.005112955148062863,-0.0051327964179041325,0.009379307092899247,0.009128696592288746,0.001883825138814639,0.0018639838689733692,0.0002543712336053137,-2.9893113159033054e-05,-0.009438550883676865,-0.009458392153518135,0.009379307092899247,0.009128696592288746,-0.001375939186913061,-0.0013957804567543309,-0.0021520172597517453,-0.002421858529593015,-0.0017512001921137568,-0.0017710414619550266,0.013256720594685334,0.012930061143025882,0.004726569286290658,0.004706728016449388,-0.001364397321012489,-0.0015862587928739608,-0.011923668445862644,-0.011943509715703914,0.006736281946466767,0.006505329565514386,0.007831586199188223
2022-11-24,-0.005747298195729639,-0.005767139465570908,-0.0021543613483978046,-0.002340869284905741,-0.008371953620647646,-0.008391794890488916,0.0037010087056893555,0.003356492111172761,-0.005118910558672127,-0.005138751828513396,-0.0021543613483978046,-0.002340869284905741,-0.006422293337482787,-0.006442134607324057,0.016280694083421275,0.015860852813580004,-0.0030276330295205475,-0.0030474742993618176,0.0110394345379951,0.010876736125296688,-0.005122293796019917,-0.005142135065861186,0.007215949617506136,0.006688171839728358,-0.01242540140534698,-0.012445242675188251,0.00016096722917067954,8.2302429917645e-05,-0.007092095104538454
2022-11-25,0.003803506868069746,0.003783665598228476,0.005836631616370421,0.005616790346529151,0.004869219932163493,0.004849378662322224,0.0044229203783226635,0.004180856886259171,0.004805757193406306,0.004785915923565036,0.005836631616370421,0.005616790346529151,-0.008470907182928741,-0.008490748452770012,0.008297567638170501,0.00816661525721812,0.012829730333682045,0.012809889063840774,0.011646316023094131,0.01140425253103064,0.0004045728905007692,0.0003847316206594994,0.013172725598396032,0.012861217661888096,0.006919958618837076,0.006900117348995806,-0.0016316808900158058,-0.0017626332709681867,0.010355969492515937
2022-11-28,-0.006886262233112783,-0.006906103502954053,-0.003985900823559783,-0.004096651184310144,-0.0032051878774416245,-0.0032250291472828946,-0.005219384018720016,-0.005405891955227952,-0.008624286916772514,-0.008644128186613784,-0.003985900823559783,-0.004096651184310144,-0.002855816888997567,-0.002875658158838837,-0.0014553812372769537,-0.0017252225071182235,-0.0032783077850514833,-0.0032981490548927533,-0.009395058604751004,-0.009539899874592275,-0.0017788680898340944,-0.0017987093596753643,-1.87522561074481e-05,-0.00018145066880586078,0.0023643874338984128,0.0023445461640571427,-0.009659330323604103,-0.009812504926778706,0.018398306423863975
2022-11-29,-0.0006586970387949184,-0.0006785383086361882,0.003463878096052867,0.003444036826211597,-0.004688121833487172,-0.004707963103328441,0.01135784839797759,0.01133800712813632,0.001210171627993202,0.0011903303581519322,0.003463878096052867,0.003444036826211597,-0.0033331239761319603,-0.0033529652459732304,0.0037380341403655294,0.0037181928705242594,-0.005409903989219235,-0.0054297452590605045,0.018465671992226162,0.01844583072238489,-0.00038270219269434524,-0.00040254346253561506,0.011512285818101224,0.011492444548259954,0.0007935887679324585,0.0007737474980911887,0.003951283222758752,0.003931441952917483,-0.010191644716165515
2022-11-30,-0.0012217311693592248,-0.0012415724392004946,0.012579499497291535,0.012459658227450265,0.009972709756421158,0.009952868486579888,0.008218293133447966,0.007982542772697606,0.0022470840093377145,0.0022272427394964445,0.012579499497291535,0.012459658227450265,-0.0006035249297102058,-0.0006233661995514756,0.006683111273385403,0.006538270003544133,0.0032766215856569955,0.0032567803158157255,0.00416605481485793,0.00414621354501666,-0.008003996573510572,-0.008023837843351842,-0.014466316484168027,-0.014486157754009297,0.0039001740286229367,0.0038803327587816666,-0.0004019758733290746,-0.0004932457145989159,-0.009284652212860234
2022-12-01,-0.001312467490739884,-0.0013323087605811538,-0.00017559622948434134,-0.0003065486104367223,0.0021337070317824156,0.0021138657619411455,-0.006719710807185204,-0.006839552077026474,-0.0006335713861382875,-0.0006534126559795573,-0.00017559622948434134,-0.0003065486104367223,0.00040126067296640533,0.0003814194031251355,-0.002357770525707875,-0.002377611795549145,-0.004298736926525389,-0.004318578196366658,-0.01756287192514162,-0.017749379861649556,0.0009264949667396258,0.000906653696898356,-0.003959126238420136,-0.003978967508261406,-0.011302223142325284,-0.011322064412166554,0.0006802203800271994,0.0005834560332628526,0.015173627699522463
2022-12-02,-0.009302384587595587,-0.012447225857436857,-0.0211940055355229,-0.02133884680536417,-0.015497466713956867,-0.018517307983798137,-0.027287188478642276,-0.027418140859594656,-0.007455870547468761,-0.010600711817310031,-0.0211940055355229,-0.02133884680536417,-0.0052981671019253634,-0.008568008371766633,-0.032121438411182576,-0.03214127968102384,-0.018158629393754774,-0.020678470663596044,-0.03790973147752039,-0.03792957274736166,-0.007876598860539173,-0.010771440130380443,-0.018555756269658174,-0.018775597539499443,-0.00034302169484240475,-0.004112862964683675,-0.005265101014298454,-0.005591760465957906,-0.0016247838536457282
2022-12-05,0.007197480448404209,0.007177639178562939,0.007628841852045421,0.00749788947109304,0.0020300694642081327,0.0020102281943668626,0.0018497622278231228,0.001829920957981853,0.005832392159727584,0.0058125508898863145,0.007628841852045421,0.00749788947109304,-0.00012747625585344396,-0.0001473175256947138,0.009178422204021625,0.009158580934180354,0.0078081276415212925,0.007788286371680023,0.013293900811889619,0.013274059542048348,0.0059485835780053176,0.005928742308164048,-0.001027240982300403,-0.0012137489188083395,0.0028924430523542405,0.0028726017825129705,0.0009953069737449645,0.0009754657039036947,0.015922035312732064
2022-12-06,-0.0016331923382902555,-0.0016530336081315253,-0.0013798434119132452,-0.0015246846817545151,-0.006938418946722771,-0.006958260216564041,-0.0036381157454223045,-0.003800814158120717,-0.002086988309685754,-0.002106829579527024,-0.0013798434119132452,-0.0015246846817545151,0.005610850977200474,0.005591009707359204,0.02558107801823561,0.025418379605537198,-0.003142611229874269,-0.003162452499715539,-0.0004327761580460443,-0.000595474570744457,0.0025159741697228857,0.0024961328998816157,0.013358921574672777,0.013139080304831508,0.0006311000554180823,0.0006112587855768125,-0.0007709143199023643,-0.000933612732600777,-0.0043878928308139775
2022-12-07,-0.011705880098618143,-0.011725721368459414,-0.003123975956338917,-0.003620007702370663,-0.008789219552394242,-0.008809060822235513,-0.0041103708004864795,-0.0045825930227087015,-0.010551752427765529,-0.0105715936976068,-0.003123975956338917,-0.003620007702370663,-0.004852521039927303,-0.004872362309768573,-0.001223147707076122,-0.0016429889769173918,-0.005154058088562778,-0.005173899358404048,-0.008708970331487837,-0.009095478267995774,-0.007910431808840615,-0.007930273078681885,-0.013046069743296335,-0.013565911013137604,-0.0006051190673234882,-0.0006249603371647581,-0.0028769064128367147,-0.0032856365715668735,0.01648550133897775
2022-12-08,0.013746162849587323,0.013726321579746053,0.008165639866486723,0.007945798596645454,0.005086815052935255,0.005066973783093985,0.0010078019704078398,0.0008212940338999033,0.007561925966001186,0.007542084696159916,0.008165639866486723,0.007945798596645454,-0.0017356034456472505,-0.0017554447154885203,-0.0046481995509643215,-0.004668040820805591,-3.835988036650362e-05,-5.820115020777346e-05,0.0022949061456663386,0.0022750648758250685,0.003155397365256246,0.003135556095414976,-0.009403182765137566,-0.00975635736831217,0.00017147604892878837,0.00015163477908751853,0.003556505421524043,0.0030509498659684873,0.001926343984860024
2022-12-09,-0.007893874584646951,-0.007913715854488221,-0.008182811678524518,-0.008369319615032454,-0.007432112068843144,-0.007451953338684414,-0.0007822152526324871,-0.001002056522473757,-0.009145757305804712,-0.009165598575645983,-0.008182811678524518,-0.008369319615032454,-0.00783576168707932,-0.007855602956920591,-0.0012825818238766662,-0.001552423093717936,-0.008495673593470143,-0.008515514863311414,-0.009173246583961903,-0.009393087853803172,-0.0015142416781191576,-0.0015340829479604274,-0.0036372641661461067,-0.00399043876932071,0.009211815817703722,0.009191974547862452,0.0007238791117968007,0.0004540378419555309,0.0033205170565495656
2022-12-12,0.0032123035584096862,0.003192462288568416,0.009343397378423178,0.008873556108581909,0.0013139339297157451,0.0012940926598744753,-0.020159322857081496,-0.020929164126922768,0.0028541035839366666,0.0028342623140953965,0.009343397378423178,0.008873556108581909,0.005713752144703266,0.005693910874861996,0.01900839406315133,0.01898855279331006,0.009132701435011145,0.009112860165169875,0.02014189737422948,0.018788722771054877,0.00384835853254583,0.00382851726270456,0.014117418170820017,0.013097576900978748,-0.003903575105073505,-0.0039234163749147745,-0.015120946331877976,-0.015140787601719247,0.01769189823836892
2022-12-13,0.001561866706621881,0.0015420254367806113,0.010151874478048861,0.009798699874874257,0.006749708198053678,0.006729866928212408,0.008805110428950973,0.008118602492443037,0.0034984092345928183,0.0034785679647515483,0.010151874478048861,0.009798699874874257,0.0006773065170554982,0.0006574652472142283,0.0070260340684001055,0.006672859465225502,-0.007153287351671846,-0.007173128621513115,0.002341134520186324,0.002321293250345054,-0.006868611366562576,-0.006888452636403845,0.012054428556689867,0.011034587286848597,-0.004523990236497459,-0.004543831506338729,0.013539727026035103,0.013019885756193833,-0.003499475251885986
2022-12-14,-0.01078170395756678,-0.01080154522740805,-0.007057125900005234,-0.0075769671698465045,-0.007417932134795226,-0.007437773404636495,0.01460687345096029,0.01408703218111902,-0.012871269424528549,-0.01289111069436982,-0.007057125900005234,-0.0075769671698465045,-0.008055195392115862,-0.008075036661957132,0.002944893960531103,0.002425052690689833,-0.00801732901382804,-0.00803717028366931,-0.0057497451987758574,-0.0062695864686171275,-0.005516296542847389,-0.0055361378126886586,-0.0037822341039064344,-0.004802075373747704,-0.02133879233572899,-0.02135863360557026,-0.01140052606094309,-0.01162036733078436,-0.009872343055174593
2022-12-15,0.001978066421977509,0.001958225152136239,-0.019465627592035795,-0.019485468861877065,0.0016185155860248823,0.0015986743161836125,-0.0029113617674127457,-0.0029312030372540157,-0.004947903376243651,-0.0049677446460849204,-0.019465627592035795,-0.019485468861877065,-0.007047013850106303,-0.007066855119947572,0.003167753424930808,0.003147912155089538,-0.0028880001096312988,-0.002907841379472569,0.009762047980588459,0.009742206710747188,-0.002433057326740505,-0.002452898596581775,-0.03518113315144045,-0.035200974421281714,0.0014178233454040165,0.0013979820755627467,-0.019192227271543676,-0.019212068541384946,-0.004454206288311946
2022-12-16,-0.0055397984489613805,-0.00555963971880265,0.009052824809732768,0.008782983539891497,-0.00939343138196197,-0.00941327265180324,0.01626920885163674,0.015249367581795471,-0.008615607300435348,-0.008635448570276618,0.009052824809732768,0.008782983539891497,0.0030097746400995426,0.0029899333702582726,0.022150738910332333,0.02179756430715773,-0.0019527063077729515,-0.0019725475776142215,0.03018318255734494,0.03016334128750367,-0.003495423411003444,-0.003515264680844714,0.015111321385872123,0.015091480116030852,-0.006673265916048769,-0.006693107185890039,-0.005925720411695719,-0.006195561681536989,0.005455673457074539
2022-12-19,0.0039808317359896,0.00396099046614833,0.02940799532384436,0.02738815405400309,0.002837509744121808,0.0028176684742805378,0.01989094545815684,0.019371104188315568,0.005213976244401931,0.005194134974560662,0.02940799532384436,0.02738815405400309,0.0114100650402943,0.01139022377045303,0.03243055625526914,0.03091071498542787,0.0032715325572511347,0.0032516912874098647,0.01670676066075849,0.01568691939091722,-0.0033045480449636275,-0.0033243893148048975,0.0,0.0,-0.0024834434033305652,-0.0025032846731718353,0.022893882385237846,0.020874041115396577,-0.016743349793985507
2022-12-20,-0.008011795896236344,-0.008031637166077615,0.008037673205180118,0.0070178319353388485,-0.001796313255033627,-0.0018161545248748967,0.008037673205180118,0.0070178319353388485,-0.006592705454681616,-0.006612546724522886,0.008037673205180118,0.0070178319353388485,-0.004916977486050314,-0.004936818755891584,0.008037673205180118,0.0070178319353388485,-0.007787787012470619,-0.007807628282311889,-0.006379630938091796,-0.006899472207933066,-0.013202849890119293,-0.013222691159960564,0.0,0.0,-0.008439055527205634,-0.008458896797046905,0.02079693508136371,0.01777709381152244,0.00749217992916229
2022-12-21,-0.005165239099224769,-0.005185080369066039,0.0,0.0,-0.0027721487940962006,-0.0027919900639374706,0.0,0.0,5.781385231724834e-05,3.7972582475978496e-05,0.0,0.0,-0.003009553726612796,-0.003029394996454066,0.0,0.0,-0.0053344777291806506,-0.00535431899902192,0.0,0.0,-0.0010834701194267077,-0.0011033113892679775,0.0,0.0,-0.007077405916992643,-0.007097247186833913,0.0,0.0,-0.005446484493795145
2022-12-22,-0.0025488870490738974,-0.0025687283189151674,0.0,0.0,-0.006708355797520459,-0.006728197067361728,0.0,0.0,-0.0003067264069114492,-0.000326567676752719,0.0,0.0,-0.00863480081389146,-0.00865464208373273,0.0,0.0,0.002135279994267998,0.002115438724426728,0.0,0.0,0.0001106265700911227,9.078530024985286e-05,0.0,0.0,0.004929981775930785,0.004910140506089515,0.0,0.0,0.013105939268069022
2022-12-23,-0.00905118362593859,-0.00907102489577986,0.0,0.0,0.0001677630188502907,0.00014792174900902087,0.0,0.0,-0.009299484206408894,-0.009319325476250164,0.0,0.0,-0.0037384194974169754,-0.0037582607672582455,0.0,0.0,-0.011853276434868859,-0.01187311770471013,0.0,0.0,0.0048444703978457945,0.004824629128004525,0.0,0.0,0.003917496092499702,0.003897654822658432,0.0,0.0,-0.025856863353905135
2022-12-26,-0.0027120808560017542,-0.0027319221258430243,0.0,0.0,-0.0005313817048000283,-0.0005512229746412981,0.0,0.0,-0.004160597548514902,-0.004180438818356172,0.0,0.0,-0.014757731894924242,-0.014777573164765512,0.0,0.0,-0.0005421363720351374,-0.0005619776418764072,0.0,0.0,-0.0044346328674316204,-0.00445447413727289,0.0,0.0,0.002435825302944318,0.002415984033103048,0.0,0.0,-0.008172223526145883
2022-12-27,0.0019332486708513869,0.001913407401010117,0.0,0.0,-0.0100352795823897,-0.01005512085223097,0.0,0.0,0.0039038172270324176,0.0038839759571911475,0.0,0.0,-0.002920354140611023,-0.002940195410452293,0.0,0.0,0.00044965822000776756,0.00042981695016649775,0.0,0.0,0.0045071961148310455,0.004487354844989776,0.0,0.0,0.007266411516920895,0.007246570247079626,0.0,0.0,-0.018071149663574926
2022-12-28,0.004359634286266206,0.004339793016424937,0.0,0.0,-0.0014765627859797334,-0.0014964040558210032,0.0,0.0,-0.0018623548385799243,-0.0018821961084211942,0.0,0.0,0.011746978598816939,0.011727137328975668,0.0,0.0,0.0019342395497444695,0.0019143982799031997,0.0,0.0,0.004830187912755898,0.004810346642914629,0.0,0.0,-0.005104547578572927,-0.005124388848414196,0.0,0.0,-0.00860852413000357
2022-12-29,0.002320751829666415,0.0023009105598251448,0.0,0.0,-0.002427442843805444,-0.002447284113646714,0.0,0.0,0.003143604004629069,0.003123762734787799,0.0,0.0,-0.0022075180299922156,-0.0022273592998334857,0.0,0.0,-0.00564531616693343,-0.005665157436774699,0.0,0.0,-0.005615793140382061,-0.005635634410223331,0.0,0.0,-0.0013681347439146174,-0.0013879760137558872,0.0,0.0,0.003204324912198464
2022-12-30,0.001229383974440168,0.0012095427045988982,0.0,0.0,0.006925014612122429,0.00690517334228116,0.0,0.0,0.0019068452060265056,0.0018870039361852358,0.0,0.0,0.01196749527121136,0.01194765400137009,0.0,0.0,0.008652601568165677,0.008632760298324407,0.0,0.0,0.007529435042257171,0.007509593772415901,0.0,0.0,0.0034293895560606746,0.0034095482862194046,0.0,0.0,-0.0014914928799473204
2023-01-02,0.0026558695406392607,0.0026360282707979907,0.0,0.0,-0.004151587979349537,-0.004171429249190807,0.0,0.0,0.002315607087646089,0.002295765817804819,0.0,0.0,-0.0060792476471951545,-0.006099088917036424,0.0,0.0,0.004657980721049504,0.004638139451208234,0.0,0.0,-0.006507748586095742,-0.006527589855937012,0.0,0.0,-0.007300407665628818,-0.007320248935470087,0.0,0.0,-0.0023071532584281185
2023-01-03,-0.009402384264497694,-0.009422225534338965,0.0,0.0,-0.0004139493986833609,-0.0004337906685246307,0.0,0.0,-0.010047677088239254,-0.010067518358080525,0.0,0.0,-0.007061910023601417,-0.007081751293442687,0.0,0.0,-0.001120843307004786,-0.0011406845768460558,0.0,0.0,0.002286764820508276,0.002266923550667006,0.0,0.0,-0.003417851115182932,-0.003437692385024202,0.0,0.0,-0.0012710335851807697
2023-01-04,-0.00164403871179096,-0.0016638799816322298,0.0,0.0,0.00014846430132817168,0.00012862303148690184,0.0,0.0,0.0011466035578404227,0.0011267622879991529,0.0,0.0,0.0020228214877811013,0.0020029802179398312,0.0,0.0,0.0009193679384632211,0.0008995266686219513,0.0,0.0,0.004037208131664742,0.0040173668618234725,0.0,0.0,0.00853546505876257,0.0085156237889213,0.0,0.0,0.0027172706468194807
2023-01-05,0.000752266581434409,0.0007324253115931392,0.0,0.0,0.0012336537692247268,0.001213812499383457,0.0,0.0,0.0024200542867083147,0.0024002130168670447,0.0,0.0,5.537218922946341e-05,3.553091938819357e-05,0.0,0.0,0.0037253423154285925,0.0037055010455873225,0.0,0.0,-0.002166385604067962,-0.002186226873909232,0.0,0.0,-0.008538350153773584,-0.008558191423614855,0.0,0.0,-0.010613896461374228
2023-01-06,-0.00867304321227838,-0.008692884482119651,0.0,0.0,-0.009281653677816255,-0.009301494947657526,0.0,0.0,-0.007164802364435424,-0.007184643634276694,0.0,0.0,-0.009583523824709013,-0.009603365094550283,0.0,0.0,-0.001998729996953094,-0.002018571266794364,0.0,0.0,0.003881349518207934,0.003861508248366664,0.0,0.0,-0.009294684297079435,-0.009314525566920705,0.0,0.0,0.008255346049889534
2023-01-09,-0.0027363422180271685,-0.0027561834878684385,0.0,0.0,-0.004269603446448805,-0.004289444716290075,0.0,0.0,-0.0028872805922010025,-0.0029071218620422726,0.0,0.0,-0.001594465770037759,-0.0016143070398790288,0.0,0.0,0.0015176388822083636,0.0014977976123670938,0.0,0.0,-0.0016199729290359358,-0.0016398141988772056,0.0,0.0,-0.009421010686214232,-0.009440851956055502,0.0,0.0,0.007769325674240379
2023-01-10,0.00555671297725846,0.00553687170741719,0.0,0.0,0.015141330401919437,0.015121489132078166,0.0,0.0,0.007348755219526187,0.007328913949684918,0.0,0.0,0.00639382729836787,0.0063739860285266,0.0,0.0,0.00806005584099865,0.008040214571157379,0.0,0.0,0.0026672141707313815,0.0026473729008901115,0.0,0.0,-0.004110606057182352,-0.0041304473270236215,0.0,0.0,0.004715417314217207
2023-01-11,-0.006997163188762361,-0.00701700445860363,0.0,0.0,-0.005227590756853175,-0.005247432026694444,0.0,0.0,-0.007567785702485098,-0.007587626972326368,0.0,0.0,-0.0017367734403883547,-0.0017566147102296246,0.0,0.0,-0.005241395131363617,-0.005261236401204887,0.0,0.0,-0.005754409851672783,-0.0057742511215140525,0.0,0.0,-0.004694367286345952,-0.004714208556187221,0.0,0.0,0.0066018678702639555
2023-01-12,0.0015547714619519037,0.001534930192110634,0.0,0.0,-0.0026477565925552213,-0.0026675978623964913,0.0,0.0,0.0059628872238801575,0.005943045954038888,0.0,0.0,-0.01017845209918554,-0.01019829336902681,0.0,0.0,0.001240294074602355,0.0012204528047610852,0.0,0.0,0.005825393265115997,0.005805551995274727,0.0,0.0,0.003625810830448252,0.003605969560606982,0.0,0.0,0.0037405980088951463
2023-01-13,0.0014074465384115442,0.0013876052685702744,0.0,0.0,0.0024385570584625343,0.0024187157886212643,0.0,0.0,0.003638394565257462,0.003618553295416192,0.0,0.0,-0.0002994458509250411,-0.0003192871207663109,0.0,0.0,0.0016833898893436339,0.001663548619502364,0.0,0.0,0.0010037767941034406,0.0009839355242621708,0.0,0.0,-0.0028533612850404483,-0.0028732025548817183,0.0,0.0,0.02286580633004176
2023-01-16,0.0008673073277467649,0.0008474660579054951,0.0,0.0,0.005779688560018412,0.005759847290177142,0.0,0.0,-0.0018636724954025907,-0.0018835137652438605,0.0,0.0,-0.001934166014629958,-0.001954007284471228,0.0,0.0,-0.0012726904444071152,-0.001292531714248385,0.0,0.0,-0.003882257172261705,-0.003902098442102975,0.0,0.0,0.002924206584029053,0.002904365314187783,0.0,0.0,-0.0004780358815776875
2023-01-17,-0.014192585936632189,-0.01421242720647346,0.0,0.0,0.0012219746612039534,0.0012021333913626836,0.0,0.0,-0.012267201719219877,-0.012287042989061147,0.0,0.0,-0.0018219919543701127,-0.0018418332242113825,0.0,0.0,7.428982510089555e-05,5.4448555259625704e-05,0.0,0.0,-0.001109029959927739,-0.0011288712297690088,0.0,0.0,-0.00248993442712582,-0.00250977569696709,0.0,0.0,-0.0028979154016804953
2023-01-18,-0.0013832394729244232,-0.001403080742765693,0.0,0.0,0.002141758809443478,0.002121917539602208,0.0,0.0,-0.004254122218112319,-0.0042739634879535885,0.0,0.0,0.0018593129107747491,0.0018394716409334793,0.0,0.0,-0.002217719648484648,-0.002237560918325918,0.0,0.0,0.0014518419851119457,0.001432000715270676,0.0,0.0,0.002234973040045246,0.002215131770203976,0.0,0.0,-0.007808803383931084
2023-01-19,0.0092040778503625,0.00918423658052123,0.0,0.0,0.011952242262447538,0.011932400992606267,0.0,0.0,0.006696396745464517,0.006676555475623247,0.0,0.0,0.007032149562480966,0.007012308292639696,0.0,0.0,0.008013615396063996,0.007993774126222725,0.0,0.0,0.002569142790379883,0.002549301520538613,0.0,0.0,0.004792492250620513,0.004772650980779243,0.0,0.0,-0.010874889376356278
2023-01-20,0.00649018187007757,0.0064703406002363005,0.0,0.0,0.0132538880065328,0.01323404673669153,0.0,0.0,0.008003582402418719,0.007983741132577448,0.0,0.0,0.004403573632766181,0.004383732362924911,0.0,0.0,0.016339611606748336,0.016319770336907066,0.0,0.0,0.010869839806984471,0.010849998537143201,0.0,0.0,0.008855765487591559,0.008835924217750288,0.0,0.0,-0.013209189663611953
2023-01-23,0.002403327848427339,0.002383486578586069,0.012385067147271056,0.011365225877429786,0.011348400251621912,0.011328558981780642,0.0,0.0,0.0011769300881974351,0.0011570888183561653,0.012385067147271056,0.011365225877429786,0.0001219374168702353,0.00010209614702896545,0.0,0.0,-0.005956853146254097,-0.005976694416095367,0.0,0.0,0.011181276006388241,0.01116143473654697,0.0,0.0,0.003776409753717236,0.003756568483875966,0.0,0.0,-0.009296770445540004
2023-01-24,-0.006914704641996672,-0.006934545911837941,-0.0019658776758913477,-0.0034857189457326177,-0.013138296369345152,-0.013158137639186423,0.0027876895788765954,0.0007678483090353253,-0.009316173245913537,-0.009336014515754807,-0.0019658776758913477,-0.0034857189457326177,0.006009994491477502,0.005990153221636233,0.006814498367894828,0.004794657098053557,-0.006773401735939669,-0.006793243005780938,0.006814498367894828,0.004794657098053557,-0.010748274144741485,-0.010768115414582755,0.006814498367894828,0.004794657098053557,0.0030355932352381654,0.0030157519653968953,0.018302707285300812,0.01728286601545954,-0.0002974841981727705
2023-01-25,-0.006786951398802615,-0.006806792668643885,-0.0016117817565851986,-0.0019649563597598017,-0.0020914614944027923,-0.0021113027642440624,0.0009830100682957834,0.0006298354651211802,-0.0055770528052962245,-0.005596894075137494,-0.0016117817565851986,-0.0019649563597598017,-0.007999720065863386,-0.008019561335704656,0.00978481703691747,0.009264975767076201,-0.003069804490524748,-0.0030896457603660182,0.0033485271467694755,0.0028286858769282055,0.004137138552266426,0.004117297282425156,0.0033485271467694755,0.0028286858769282055,0.001253533223698429,0.0012336919538571591,-0.0033730835709739893,-0.004392924840815259,0.004157246413474924
2023-01-26,-0.0024203099912442905,-0.0024401512610855605,0.004215974471543704,0.003946133201702434,-0.008517456315152244,-0.008537297584993515,0.005466207293345626,0.0051963660235043565,-0.004372141987753847,-0.004391983257595117,0.004215974471543704,0.003946133201702434,-0.00513526631000507,-0.005155107579846339,-0.014992450563230248,-0.015345625166404852,-0.008909114652513268,-0.008928955922354539,0.008259560297099788,0.008239719027258518,0.0022310677937869075,0.0022112265239456375,0.002352020561725972,0.001998845958551369,-0.00861002033894015,-0.00862986160878142,0.00579058759421297,0.0052707463243717,0.0010425626440737634
2023-01-27,0.004204280564540891,0.004184439294699621,-0.0030557663420960335,-0.003275607611937303,0.0016599825886199349,0.001640141318778665,-0.024557592098775838,-0.024777433368617107,0.005372657997305755,0.005352816727464485,-0.0030557663420960335,-0.003275607611937303,0.008540498677863065,0.008520657408021794,-0.021494133772560042,-0.021763975042401313,0.014987542571892547,0.014967701302051276,-0.009981169522559638,-0.010334344125734241,-0.005661499928449366,-0.005681341198290636,-0.019067866793580607,-0.019337708063421877,0.004262182396908468,0.004242341127067198,-0.023762305080954643,-0.024282146350795914,-0.00794088805172688
2023-01-30,-0.008138184107211364,-0.008158025377052635,-0.009900192195090215,-0.010586700131598152,-0.0061611346017289015,-0.006180975871570171,0.0003706680771688453,-0.00048250652600575767,-0.00543811431908927,-0.005457955588930539,-0.009900192195090215,-0.010586700131598152,-0.004202927843090037,-0.004222769112931307,-0.00026547655317692414,-0.0009853178230181938,-0.0027795330260947243,-0.0027993742959359943,0.000256689315619554,-0.0006798186208883825,-0.0018808569475714382,-0.001900698217412708,-0.005357214598821703,-0.006327055868662973,-0.007467873236279482,-0.0074877145061207516,0.011695126860146732,0.010975285590305462,0.010382030204219683
2023-01-31,0.014839026266469296,0.014819184996628026,-0.003773606885391842,-0.004269638631423588,0.015234237111026547,0.015214395841185276,-0.004454799639115603,-0.004974640908956873,0.013632582078895034,0.013612740809053763,-0.003773606885391842,-0.004269638631423588,-0.0008160493836101568,-0.0008358906534514266,0.005438301934792222,0.005251793998284286,0.00025084201133809825,0.0002310007414968284,-0.00409159471230543,-0.0045614359821467,-0.0006727464665276725,-0.0006925877363689423,0.002084886768607722,0.0015650454987664521,0.00021296174990769606,0.00019312048006642622,-0.0066905155545368515,-0.0072103568243781216,0.008613539395310621
2023-02-01,-0.005892829175807038,-0.005912670445648307,-0.00295330388845596,-0.003445367380519452,-0.00906374737781751,-0.00908358864765878,-0.008727028520258048,-0.009191314234543762,-0.007996704388159803,-0.008016545658001074,-0.00295330388845596,-0.003445367380519452,-0.00033392104942474993,-0.00035376231926601974,-0.01149694126030924,-0.01151678253015051,-0.005090780114897019,-0.005110621384738288,-0.005999447967204511,-0.006447860665617209,-0.01725845060278134,-0.01727829187262261,-0.00421467601750831,-0.004520231573063865,0.004233889673879707,0.004214048404038437,-0.005995836223161815,-0.0061585346358602275,-0.001276131381642176
2023-02-02,-0.0024264871078887376,-0.0024463283777300076,0.0052061027819309625,0.005186261512089693,-0.005166766937208078,-0.005186608207049348,0.005367277490633406,0.005204579077934993,-0.002306385288907503,-0.002326226558748773,0.0052061027819309625,0.005186261512089693,-0.006990321009207899,-0.007010162279049169,-0.003550714501054579,-0.003570555770895849,-0.0028901534530494585,-0.0029099947228907286,-0.0027543007881801434,-0.0027741420580214135,-0.00015069680157103055,-0.0001705380714123004,0.00020928213168926397,0.00018944086184799412,-0.0013235347656318439,-0.0013433760354731137,0.0009401421606215431,0.0009203008907802733,-0.006702077591311917
2023-02-03,-0.0011193140819426087,-0.0011391553517838785,-0.0019664960838726457,-0.002197448464825027,-0.0034129993343220213,-0.0034328406041632914,0.004600474737024383,0.0043584112449608905,-0.0007275007192733482,-0.000747341989114618,-0.0019664960838726457,-0.002197448464825027,-0.005864878449579995,-0.005884719719421265,0.0008874737298354227,0.0005342991266608195,-0.005091284927176608,-0.005111126197017877,-0.001656199875626433,-0.001801041145467703,0.0016609078980623845,0.0016410666282211147,0.001302347993926636,0.001157506724085366,-0.0008641473717160078,-0.0008839886415572776,0.009007639496758217,0.008737798226916949,0.0065127071291277705
2023-02-06,0.00505102215389467,0.0050311808840534005,0.01208297361219882,0.01206313234235755,0.0008341035330793056,0.0008142622632380358,0.008127575355031095,0.008107734085189824,0.005413857227236467,0.005394015957395197,0.01208297361219882,0.01206313234235755,0.0012136139086456332,0.0011937726388043634,0.01545956119792134,0.015439719928080069,0.003975167984282088,0.0039553267144408185,0.006560489001831901,0.006540647731990631,0.00728137885892273,0.00726153758908146,0.012613698064664048,0.012593856794822778,-0.005553395014239196,-0.005573236284080465,0.01487194465441831,0.014727103384577039,0.0025477094623471697
2023-02-07,0.0006176863218381942,0.0005978450519969244,0.0021935586121040757,0.0019070506755961393,0.007329422958147147,0.0073095816883058775,-0.0013349658019156819,-0.0017184434353933154,0.0009431059189446214,0.0009232646491033516,0.0021935586121040757,0.0019070506755961393,0.0019621624511773628,0.001942321181336093,-0.005631590445348453,-0.005901431715189723,0.0053800569897131875,0.005360215719871918,0.003936877562411309,0.003750369625903372,-0.0027244661470742226,-0.0027443074169154927,0.0019923412057297595,0.0019724999358884895,0.0005994707151838405,0.0005796294453425707,0.011872932134265022,0.011453090864423752,-0.015449399853565526
2023-02-08,0.008134091983702345,0.008114250713861074,-0.004851149678802418,-0.0050388231164758554,0.0012978333994563065,0.0012779921296150367,-0.006028071967602989,-0.006201759391290413,0.007566842211296401,0.007547000941455132,-0.004851149678802418,-0.0050388231164758554,-0.00232143695475491,-0.0023412782245961802,-0.014654932858078878,-0.014674774127920148,0.007838941895034507,0.007819100625193236,-0.008390548691686572,-0.008664358215496095,0.0049257033908673,0.004905862121026031,-0.004680161657811363,-0.004825002927652633,0.0070018071331057335,0.006981965863264464,-0.01344344527059289,-0.013860722437870057,-0.000267782815828288
2023-02-09,0.018694483288887342,0.018674642019046072,0.006374180913827054,0.006271006310652451,0.010686377162298089,0.010666535892456818,-0.0038315348079415237,-0.0038513760777827938,0.01923284010549863,0.01921299883565736,0.006374180913827054,0.006271006310652451,0.004865056534833191,0.004845215264991922,-0.006690031117170481,-0.006909872387011751,0.00899176251025681,0.008971921240415539,0.0014357830126262984,0.0013159417427850285,0.002506157652641776,0.002486316382800506,0.011150222950640856,0.010908159458577364,0.011363073008840999,0.011343231738999728,-0.004687866608678931,-0.004779136449948772,0.0033623939328182306
2023-02-10,0.010566570875314513,0.010546729605473242,0.011767252470949592,0.011747411201108322,0.014929777922042226,0.014909936652200955,0.014559947220371733,0.014468677379101891,0.01094013764189744,0.01092029637205617,0.011767252470949592,0.011747411201108322,0.009262280579382769,0.009242439309541498,0.0035568345044367233,0.0032869932345954535,0.011393629330378206,0.011373788060536936,0.017066316123294428,0.017046474853453158,0.0019807933571113906,0.0019609520872701206,0.009685047298180018,0.009565206028338748,0.00218516988097342,0.00216532861113215,-0.009090029800334016,-0.009109871070175286,-0.009416642651365437
2023-02-13,0.0027445419764927648,0.0027247007066514947,-0.0026601682410181456,-0.0027569325877824925,0.002661352703638209,0.002641511433796939,-0.008599320523718151,-0.008619161793559421,0.007505277391050932,0.007485436121209663,-0.0026601682410181456,-0.0027569325877824925,-0.00023192706551757036,-0.0002517683353588402,0.002290499895159481,0.002270658625318211,0.013411867708494972,0.013392026438653701,0.005893891896560985,0.0057831415358106245,0.008073614096599131,0.00805377282675786,-0.0035516354274952,-0.00357147669733647,0.009145990400671163,0.009126149130829892,-0.008340266304359276,-0.008360107574200547,0.002568277321211898
2023-02-14,0.0005719220155807059,0.0005520807457394361,0.0077510120317062885,0.007410337428531685,-0.0009415193196634572,-0.000961360589504727,0.011765784545013192,0.011537609941838589,-0.0020569530723796997,-0.0020767943422209697,0.0077510120317062885,0.007410337428531685,-0.0002206777005143018,-0.00024051897035557164,0.01578889459325527,0.015402386656747332,0.004062975166563801,0.004043133896722531,0.013350615144454316,0.012991488160327332,0.00408175257674899,0.00406191130690772,0.017355716145923083,0.016919208209415146,-0.0003114132538853953,-0.00033125452372666513,-0.0007506612373076819,-0.0010871691738156184,-0.015523047337835605
2023-02-15,0.0005819191482113045,0.0005620778783700347,-0.005072935950498677,-0.005151600749751711,0.0015179718307103407,0.0014981305608690709,0.008894654268540447,0.008874812998699176,-0.001424121172258118,-0.0014439624420993877,-0.005072935950498677,-0.005151600749751711,-0.00499712189293082,-0.005016963162772089,-0.013642674519644495,-0.013753424880394856,-0.009427276808922871,-0.009447118078764142,-0.004496251276820257,-0.004627203657772638,0.0008568450372989714,0.0008370037674577016,-0.0037207401570694097,-0.0038175045038337566,0.0017610470598036013,0.0017412057899623315,-0.004162007489177215,-0.0041818487590184845,0.015178047100133707
2023-02-16,-0.0027718696525724854,-0.0027917109224137554,-0.009800166817303394,-0.009882508087144665,-0.006339765043198227,-0.0063596063130394965,-0.00906915304061708,-0.009224740916793192,-0.0018086377579967713,-0.0018284790278380412,-0.009800166817303394,-0.009882508087144665,0.001335780953627963,0.0013159396837866932,-0.012653424468546972,-0.012816122881245385,0.005722550771313201,0.005702709501471931,-0.0064175959094906546,-0.006604103845998591,0.0006589551655612341,0.0006391138957199643,-0.0068869992419998225,-0.006906840511841092,-0.005158039771081237,-0.005177881040922506,-0.003435511839607412,-0.003455353109448682,0.014207449835653696
2023-02-17,0.0003703999640966224,0.0003505586942553526,0.003800407975934299,0.003725011150537474,0.004614668746794767,0.004594827476953498,0.005796065130156007,0.0057762238603147375,0.0010579882736012416,0.0010381470037599718,0.003800407975934299,0.003725011150537474,0.0035497442413865363,0.0035299029715452662,0.0014151829821805522,0.0013953417123392824,0.0007259815861126034,0.0007061403162713336,0.009744654419309362,0.009724813149468091,0.00373175235805652,0.00371191108821525,0.0008740086909273729,0.0008541674210861031,0.005514904965918041,0.005495063696076771,0.0053910564271136,0.00537121515727233,-0.0022976906773325423
2023-02-20,-0.007613596442098164,-0.0076334377119394335,0.0010537153213625288,0.000908874051521259,-0.008255857147255428,-0.008275698417096699,-0.0019859566699595536,-0.002077226511229395,-0.005896485111336815,-0.005916326381178084,0.0010537153213625288,0.000908874051521259,-0.008369033457890633,-0.008388874727731904,0.00021802070201804155,0.0001981794321767717,-0.0027089636957717614,-0.0027288049656130314,-0.0011863134781315478,-0.0012061547479728177,0.0036965575857111008,0.0036767163158698307,-0.004792145936310986,-0.004811987206152255,-0.013657078861491527,-0.013676920131332797,0.002823751964700265,0.0026039106948589955,0.004477997716229698
2023-02-21,0.006906593195383982,0.006886751925542713,0.005482944728477504,0.005271436791969567,-0.005124519460631263,-0.005144360730472533,0.00017631107326475728,-5.378660683292281e-05,0.007513092265183895,0.007493250995342625,0.005482944728477504,0.005271436791969567,0.0031017303476667257,0.0030818890778254557,0.005883786689780072,0.005515460571453953,0.004546715814310404,0.004526874544469134,0.0008141286146340736,0.0006117476622531212,0.0010900082855521548,0.001070167015710885,0.004271067832314523,0.004006471317718008,-0.002025372765662288,-0.002045214035503558,-0.007656606908789582,-0.007850059289741963,-0.026029141623798657
2023-02-22,-0.00020777933282685457,-0.0002276206026681244,0.0017974819396183415,0.0016011700815417775,-0.007071607684557377,-0.007091448954398646,-0.005589342197778218,-0.005868112039048059,-0.002995692077496684,-0.003015533347337954,0.0017974819396183415,0.0016011700815417775,-0.004044759066805126,-0.0040646003366463955,-0.011068363897863696,-0.01148106231056211,-0.003908156646629829,-0.003927997916471099,0.001444797541416725,0.0011249562715754551,-0.005108114204015475,-0.005127955473856745,0.003390446217846326,0.0032167587941589024,-0.003281729106984009,-0.003301570376825279,0.004969227129817358,0.004672915271740794,-0.012239824262918697
2023-02-23,-0.00975799163066262,-0.00977783290050389,0.005982155359284397,0.005837314089443127,-0.011271962356881916,-0.011291803626723187,-0.0018533648029601295,-0.0020065394061347325,-0.0104260002965096,-0.01044584156635087,0.005982155359284397,0.005837314089443127,0.00032603630159552116,0.00030619503175425135,-0.001098646025949365,-0.001431618608921948,-0.001052298222753413,-0.0010721394925946829,-0.0038651983397641502,-0.00401003960960542,-0.0038209893249973037,-0.0038408305948385737,-0.0006308688048606587,-0.0007340434080352619,-0.003026110238234403,-0.003045951508075673,0.015332127063663412,0.015249785793822142,-0.002751568121673431
2023-02-24,-0.004774495946416872,-0.004794337216258142,0.0031396020861354026,0.0030530941496274664,0.004702882212678408,0.0046830409428371385,0.012211157261162654,0.012119887419892813,-0.005291330136083551,-0.005311171405924821,0.0031396020861354026,0.0030530941496274664,0.004735272105274815,0.004715430835433546,0.012491298576755502,0.012371457306914233,-0.0038956185857612763,-0.003915459855602546,0.003273058176136356,0.0030532169062950864,-0.003704390301872189,-0.003724231571713459,0.010883574462886236,0.010772824102135875,0.0044826048254453035,0.004462763555604034,0.005375207035920459,0.005155365766079189,-0.011313463235695487
2023-02-27,0.009876682024114652,0.009856840754273382,0.005469433569384421,0.005178163728114579,0.0031210745618412833,0.0031012332920000133,8.94494746696093e-05,-0.00022160058638045165,0.010637621541308692,0.010617780271467422,0.005469433569384421,0.005178163728114579,0.0054328039466363665,0.005412962676795097,-0.003511489243350086,-0.003767441624302467,0.010110577079790524,0.010090735809949253,0.014086188303431706,0.013755235922479325,0.003428061049039574,0.003408219779198304,0.006845217970617562,0.006280932256331848,0.014098971881395063,0.014079130611553792,-0.0005370105950983448,-0.0008282804363681861,0.00833836130893717
2023-02-28,-0.0035791836861131868,-0.003599024955954457,0.0042336100315855125,0.0039829995309750114,0.0027004745637029884,0.0026806332938617184,0.0026287460506474753,0.0023501635220649466,-0.0024330323747973684,-0.0024528736446386384,0.0042336100315855125,0.0039829995309750114,0.003359811362059706,0.003339970092218436,0.00024870312111166526,0.00010386185127039542,-0.004021254435625066,-0.004041095705466335,0.005088202178668606,0.004871932337398765,-0.001401100841023177,-0.0014209421108644469,0.013554290477788177,0.013137623811121511,-0.00657972201383538,-0.00659956328367665,0.004470108504698563,0.004262233046823105,0.022450261838227847
2023-03-01,-0.008544693779909657,-0.008564535049750927,-0.00014926297065838423,-0.0005327406041360178,-0.0008635996077805616,-0.0008834408776218314,0.0034605270129623895,0.003158867561302938,-0.006133036485834617,-0.006152877755675887,-0.00014926297065838423,-0.0005327406041360178,-0.008756372131844811,-0.008776213401686082,0.008136905158682872,0.008117063888841602,-0.011980269846883204,-0.012000111116724475,0.001116728036944934,0.0008241594943763916,-0.006400468569692883,-0.006420309839534152,0.014115529658374312,0.013804021721866375,-0.0008264986703238053,-0.0008463399401650751,0.013805839542268229,0.013702664939093626,-0.012462761913722309
2023-03-02,-0.0047468978779387355,-0.007016739147780005,-0.0014103159528764293,-0.0014301572227176991,-0.003979903730929268,-0.006999745000770538,-0.003576826840844982,-0.003696668110686252,-0.0023080038652726204,-0.00470284513511389,-0.0014103159528764293,-0.0014301572227176991,-0.00029834512305887406,-0.003568186392900144,-0.0008089282855076735,-0.0008287695553489433,-0.006060051739719928,-0.008954893009561198,-0.007849483481160116,-0.007869324751001387,-0.008737568601029685,-0.012132409870870955,-0.008075233512769796,-0.008095074782611067,-0.00887978018776165,-0.01239962145760292,-0.005562075223422242,-0.005581916493263512,-0.008732097444937192
2023-03-03,-0.0038125080924516636,-0.0038323493622929336,0.0015608866240062525,0.0013410453541649826,-0.007385101106506545,-0.007404942376347814,-0.0058829585424308665,-0.006152799812272136,-0.002672356792070313,-0.002692198061911583,0.0015608866240062525,0.0013410453541649826,-8.862042895478595e-05,-0.00010846169879605579,0.004111379668965693,0.00394868125626728,-0.003641971492535763,-0.003661812762377033,4.074091849296489e-05,-7.910035134830495e-05,-0.005835617362076523,-0.005855458631917792,-0.009182562958083427,-0.009402404227924696,0.007885483933499908,0.007865642663658638,0.0066646700494306975,0.006519828779589428,0.003069932051409152
2023-03-06,-0.0055914943795518784,-0.005611335649393148,-0.005562874561909171,-0.0055827158317504405,0.0008576798545380446,0.0008378385846967748,0.0006169352645484516,0.0005970939947071818,-0.008184416804824068,-0.008204258074665339,-0.005562874561909171,-0.0055827158317504405,0.007248796200129026,0.007228954930287757,0.0019448490814293236,0.0019250078115880538,-0.010634359709342942,-0.010654200979184212,-0.02416052253150848,-0.02418036380134975,-0.0034689869927189212,-0.0034888282625601913,-0.019587673242306786,-0.019607514512148056,0.0027186620258179625,0.0026988207559766925,-0.0008870343830636625,-0.0009977847438140232,0.0182022776334958
2023-03-07,-0.001201313843845593,-0.001221155113686863,-0.008696235489350152,-0.009077187870302534,-0.006089568256295266,-0.006109409526136536,-0.010858427227961534,-0.011461601831136137,-0.0026656833556911244,-0.0026855246255323944,-0.008696235489350152,-0.009077187870302534,-0.006999440275645932,-0.007019281545487202,-0.013438001068875754,-0.01362450900538369,-0.0027066564377257255,-0.0027264977075669955,0.0010324294074702802,0.0008697309947718675,-0.004019943928723388,-0.0040397851985646575,-0.00288603023501865,-0.00290587150485992,-0.014471316498757325,-0.014491157768598596,-0.01284413364515347,-0.013229054280074105,-0.012966117437938851
2023-03-08,0.004917959559170015,0.004898118289328746,-0.004631943208768375,-0.004919641621466788,0.0003152520658907809,0.0002954107960495111,-0.0053134551167800526,-0.005666629719954656,0.005350380546547427,0.005330539276706158,-0.004631943208768375,-0.004919641621466788,0.004563109428423653,0.004543268158582384,-0.005687680744798006,-0.0057075220146392755,0.005384638843298539,0.00536479757345727,-0.007934430666876276,-0.008232049714495324,0.002920395077117166,0.002900553807275896,-0.002997431351019004,-0.0031601297637174164,0.006988349173707997,0.006968507903866728,0.006939821011148521,0.0062533130746405844,0.0032193973453764624
2023-03-09,0.006315323623117167,0.006295482353275897,-0.014597201391088638,-0.01475989980378705,0.012092072182622086,0.012072230912780816,0.0045303130094116635,0.004510471739570394,0.0042824678122116155,0.004262626542370346,-0.014597201391088638,-0.01475989980378705,0.0037771474277157185,0.0037573061578744485,-0.013209895632678388,-0.013429736902519657,0.011666790918675993,0.011646949648834722,0.004363783083077714,0.004218941813236445,0.013218192991894896,0.013198351722053626,-0.0021771584536088295,-0.002613666390116766,0.009745851236675825,0.009726009966834554,0.011835096817038333,0.011615255547197063,0.020514287358944117
2023-03-10,0.00632274105247288,0.00630289978263161,0.008443035137848103,0.008423193868006832,0.007434861857766692,0.007415020587925422,0.018515882496769744,0.018296041226928475,0.0028467108570410654,0.0028268695871997954,0.008443035137848103,0.008423193868006832,0.010427833871300043,0.010407992601458773,0.01872955931954423,0.01837638471636963,0.005913936881026184,0.0058940956111849145,0.011033508842968887,0.011013667573127616,0.006171793862730271,0.006151952592889001,0.005277753917237199,0.005057912647395929,0.0064407895819117225,0.006420948312070453,0.017810983280292084,0.017791142010450813,-0.01768935062997179
2023-03-13,0.005750655612476056,0.005730814342634787,-0.0005247692235670464,-0.000711277160074983,0.01001006031331101,0.00999021904346974,0.010274271934002687,0.010254430664161417,0.003635420476513905,0.003615579206672635,-0.0005247692235670464,-0.000711277160074983,-0.0012621976287477688,-0.0012820388985890386,0.002790437351090835,0.002770596081249565,0.0058571359289723915,0.005837294659131122,-0.0069510151183684015,-0.0071137135310668145,0.0022677545906985286,0.0022479133208572586,-0.007727843288148618,-0.007747684557989887,-0.010587976121854858,-0.010607817391696129,-0.006983952398094565,-0.007003793667935835,-0.013611761275304168
2023-03-14,-0.0010125818210833804,-0.0010324230909246502,0.00781408102073386,0.00654423975089259,-0.002096327351921827,-0.002116168621763097,-0.01907068564186472,-0.019957193578372657,-0.0025770049498461123,-0.0025968462196873823,0.00781408102073386,0.00654423975089259,0.004992045663906035,0.004972204394064765,0.013066404315294239,0.01229656304545297,-0.0010645915194810035,-0.0010844327893222733,-0.0006309374580745764,-0.0016007787279158463,-0.0032130237198515627,-0.0032328649896928327,-0.0009078017701272072,-0.004594309706635144,-0.0002571369178510502,-0.00027697818769232,-0.0024650382416124828,-0.0032348795114537526,-0.004179672671069334
2023-03-15,0.004320831705909349,0.004300990436068079,-0.024342410413670867,-0.02469558501684547,0.00575167496032878,0.0057318336904875105,-0.006335692809514418,-0.006355534079355687,0.004281878732200539,0.0042620374623592696,-0.024342410413670867,-0.02469558501684547,0.0061312040768249365,0.006111362806983667,-0.0001267351751517154,-0.0004799097783263186,0.006038259336870751,0.006018418067029481,-0.01895522778760031,-0.01922506905744158,0.006598337761749291,0.006578496491908022,-0.012613096837619298,-0.013132938107460567,0.004485406743217846,0.004465565473376576,0.001023527943572855,0.0010036866737315852,-0.005246472541409419
2023-03-16,0.0028425264626199473,0.0028226851927786773,-0.023187839401860644,-0.023541014005035246,-0.00512607669777157,-0.0051459179676128395,-0.01292366211227533,-0.0136935033821166,-0.0022829297299043275,-0.0023027709997455975,-0.023187839401860644,-0.023541014005035246,-0.0005200151072805026,-0.0005398563771217724,0.01542607860674509,0.015072904003570486,-0.0014457298888051542,-0.001465571158646424,-0.0027295524429571394,-0.003416060379465076,0.003816568866318655,0.003796727596477385,0.005082537121715913,0.005062695851874644,0.0067137217411354505,0.006693880471294181,-0.014328004420171792,-0.014347845690013062,0.009418614165290107
2023-03-17,0.003831146829411415,0.003811305559570145,0.0015777395670304815,0.0010578982971892116,0.0026422601242648627,0.0026224188544235927,0.007566961896105867,0.0075471206262645975,0.003964985675478996,0.003945144405637727,0.0015777395670304815,0.0010578982971892116,0.004639800438224116,0.004619959168382847,0.014954100122745487,0.014934258852904217,-5.2481680856454604e-05,-7.232295069772445e-05,-0.006436802988720958,-0.006456644258562227,0.0021804728030221238,0.0021606315331808537,-0.024595906300001247,-0.024615747569842517,0.007546719266775234,0.007526877996933965,0.0003917759554608602,0.0003719346856195904,0.0031382569180291586
2023-03-20,-0.0011093055276705718,-0.0011291467975118416,0.009591906589008659,0.00907206531916739,0.003387061616909083,0.003367220347067813,-0.0009707708280454926,-0.0013239454312200956,-4.1508686358798785e-05,-6.134995620006863e-05,0.009591906589008659,0.00907206531916739,-0.0007467677834411199,-0.0007666090532823897,0.00032420753401540825,0.00030436626417413844,-0.0004998737352821803,-0.0005197150051234501,0.008062361256912433,0.008042519987071162,-0.0031296807887212508,-0.003149522058562521,-0.004789276861951908,-0.004809118131793177,0.0037279786533497145,0.0037081373835084444,0.0010776612989013279,5.7820029060058056e-05,-0.019044582656063458
2023-03-21,0.0009423604273635922,0.0009225191575223223,0.00018656897762192592,0.00016672770778065608,-0.0005812796666081615,-0.0006011209364494314,-0.0048079672572604775,-0.004827808527101747,0.003015503202533888,0.002995661932692618,0.00018656897762192592,0.00016672770778065608,0.01536358076649292,0.015343739496651649,0.02418029416143312,0.023660452891591847,0.003773754766874346,0.003753913497033076,-0.0017663263333867283,-0.0017861676032279981,0.005697535089719548,0.005677693819878278,-0.009709281261194969,-0.010729122531036238,-0.007505978508163258,-0.0075258197780045276,0.0008490977220347862,0.000495923118860183,0.006149514431908809
2023-03-22,-0.001965525865574705,-0.001985367135415975,-0.007658788640290293,-0.007678629910131562,0.003731853090057455,0.0037120118202161848,-0.007658788640290293,-0.008178629910131562,0.0018024077452720166,0.0017825664754307468,-0.007658788640290293,-0.007678629910131562,0.000598619362680658,0.0005787780928393881,0.016821326258064595,0.016301484988223324,0.0023354051435661716,0.0023155638737249015,0.010848533856716988,0.008828692586875717,-0.005267365591864734,-0.0052872068617060035,-0.026634844635042287,-0.026654685904883558,-0.0035418614291386624,-0.0035617026989799325,-0.0018446832801108926,-0.004864524549952162,-0.005872927760912083
2023-03-23,-0.005447561140157334,-0.005467402409998603,-0.008225925563573266,-0.009245766833414536,-0.0022814106803263137,-0.0023012519501675838,-0.008225925563573266,-0.009245766833414536,-0.007334099672389585,-0.007353940942230855,-0.008225925563573266,-0.009245766833414536,0.0015009280474175407,0.001481086777576271,0.0,0.0,-0.0014986070552568329,-0.0015184483250981027,-0.02472758530619179,-0.02674742657603306,-0.0019546838393155533,-0.0019745251091568233,-0.008225925563573266,-0.008245766833414537,-0.0031416624304961907,-0.0031615037003374607,-0.02472758530619179,-0.02474742657603306,0.014498919386353615
2023-03-24,-0.005419922178310305,-0.005439763448151574,0.008502165897967151,0.00848232462812588,0.0017279617730837915,0.0017081205032425217,0.008502165897967151,0.00848232462812588,-0.010757889199027842,-0.010777730468869113,0.008502165897967151,0.00848232462812588,-0.00211795796450559,-0.00213779923434686,0.0,0.0,-0.007141803224173321,-0.0071616444940145905,0.008502165897967151,0.00848232462812588,-0.008755185286405051,-0.008775026556246322,0.008502165897967151,0.00848232462812588,0.0018071105087041767,0.0017872692388629069,0.008502165897967151,0.00848232462812588,-0.006423462900806198
2023-03-27,0.003219199805565967,0.003199358535724697,0.0,0.0,0.0030256778550698388,0.0030058365852285687,0.0,0.0,-0.00020535209938894045,-0.0002251933692302103,0.0,0.0,0.006031754985259714,0.006011913715418445,0.0,0.0,0.008237454587394173,0.008217613317552903,0.0,0.0,0.00905599708917211,0.00903615581933084,0.0,0.0,0.0026110714371030616,0.0025912301672617916,0.0,0.0,-0.006522768114124444
2023-03-28,-0.0026274122383246404,-0.0026472535081659104,0.0,0.0,-0.008160577434436128,-0.008180418704277399,0.0,0.0,-0.00014354363710609996,-0.0001633849069473698,0.0,0.0,0.006063868773734757,0.006044027503893487,0.0,0.0,-0.0051570926453186755,-0.005176933915159945,0.0,0.0,-0.0019431729367345232,-0.0019630142065757933,0.0,0.0,-0.0057522163133614385,-0.005772057583202708,0.0,0.0,0.006432447718849765
2023-03-29,0.0005761263151059862,0.0005562850452647164,0.0,0.0,0.0001969670347352001,0.00017712576489393027,0.0,0.0,-7.109824853170077e-05,-9.093951837297061e-05,0.0,0.0,-0.002529097738834918,-0.002548939008676188,0.0,0.0,-0.00453553671942869,-0.0045553779892699596,0.0,0.0,0.004614059437628368,0.004594218167787098,0.0,0.0,-0.006986752832660363,-0.007006594102501633,0.0,0.0,0.008872191305706156
2023-03-30,0.0013605269108736828,0.001340685641032413,0.0,0.0,-0.00560378075971632,-0.00562362202955759,0.0,0.0,-0.0012187564695945383,-0.001238597739435808,0.0,0.0,0.0011431425626842878,0.001123301292843018,0.0,0.0,-0.0007579623224079554,-0.0007778035922492252,0.0,0.0,0.0014855057634113947,0.0014656644935701249,0.0,0.0,-0.0006642871356991945,-0.0006841284055404643,0.0,0.0,0.005409093003298171
2023-03-31,-0.0026135808527485704,-0.0026334221225898405,0.0,0.0,-0.0023085361786394365,-0.0023283774484807065,0.0,0.0,-0.0006359514458878016,-0.0006557927157290714,0.0,0.0,-0.008060654250084218,-0.008080495519925488,0.0,0.0,-0.0034915013057885136,-0.0035113425756297836,0.0,0.0,-0.0002049638758758951,-0.00022480514571716494,0.0,0.0,0.0005978186418653109,0.000577977372024041,0.0,0.0,-0.018061570491232914
2023-04-03,-0.003406929953442557,-0.003426771223283827,0.0,0.0,0.005087772653878844,0.005067931384037575,0.0,0.0,-0.008837336899772154,-0.008857178169613424,0.0,0.0,-0.0016806027418861808,-0.0017004440117274506,0.0,0.0,0.003182535476892623,0.003162694207051353,0.0,0.0,-0.0006693346939509737,-0.0006891759637922435,0.0,0.0,0.007384970980175619,0.007365129710334349,0.0,0.0,0.006398378839210794
2023-04-04,-0.007641591768372945,-0.007661433038214214,0.0,0.0,-0.008033109257704285,-0.008052950527545556,0.0,0.0,-0.008898374362816985,-0.008918215632658256,0.0,0.0,-0.0027895397593880114,-0.0028093810292292814,0.0,0.0,-0.004326333666140457,-0.0043461749359817265,0.0,0.0,-0.005470411809725399,-0.005490253079566669,0.0,0.0,-0.005528376169442364,-0.005548217439283634,0.0,0.0,-0.010897388568418487
2023-04-05,0.0025198037629616116,0.0024999624931203415,0.0,0.0,0.002287459356188286,0.002267618086347016,0.0,0.0,0.005762458909544119,0.005742617639702849,0.0,0.0,-0.004120700420692222,-0.004140541690533492,0.0,0.0,-0.0020862885302771264,-0.0021061298001183964,0.0,0.0,-0.000816722926604313,-0.0008365641964455828,0.0,0.0,0.000906341545407259,0.0008865002755659892,0.0,0.0,0.0030680372274709544
2023-04-06,-0.0022164092035894326,-0.0022362504734307026,0.0,0.0,-0.001883805647678441,-0.0019036469175197108,0.0,0.0,-0.0021978971434055417,-0.0022177384132468117,0.0,0.0,0.0017984755885783466,0.0017786343187370767,0.0,0.0,0.0059965907899314705,0.005976749520090201,0.0,0.0,0.0019962051019536686,0.0019763638321123986,0.0,0.0,0.009454918581840062,0.009435077311998791,0.0,0.0,-0.01518107878938968
2023-04-07,0.009708212658756425,0.009688371388915155,0.0,0.0,0.013417576058919613,0.013397734789078342,0.0,0.0,0.00843850044099774,0.00841865917115647,0.0,0.0,0.006064262686179461,0.006044421416338192,0.0,0.0,0.006085770212949718,0.006065928943108448,0.0,0.0,0.0009838928180085776,0.0009640515481673078,0.0,0.0,-0.00150935025991919,-0.0015291915297604597,0.0,0.0,0.005389543622973614
2023-04-10,-0.010438543975667569,-0.01045838524550884,0.0,0.0,-0.006807405933040911,-0.0068272472028821805,0.0,0.0,-0.008829284423473083,-0.008849125693314353,0.0,0.0,-0.006542961968709293,-0.006562803238550563,0.0,0.0,-0.009678726272826822,-0.009698567542668093,0.0,0.0,-0.006471786690836874,-0.006491627960678144,0.0,0.0,0.002795554647741269,0.002775713377899999,0.0,0.0,-0.008392587947380958
2023-04-11,-0.007653318665039814,-0.007673159934881084,0.0,0.0,-0.0031049507079541835,-0.0031247919777954536,0.0,0.0,-0.007798727038284187,-0.007818568308125457,0.0,0.0,-0.01030358393785246,-0.010323425207693731,0.0,0.0,-0.004596302461751772,-0.004616143731593042,0.0,0.0,-0.012216341773198587,-0.012236183043039858,0.0,0.0,-0.002852267125257539,-0.002872108395098809,0.0,0.0,-0.013628981152865594
2023-04-12,0.007212116847172441,0.007192275577331171,0.0,0.0,0.008283615488424378,0.008263774218583108,0.0,0.0,4.299135376636953e-05,2.3150083925099692e-05,0.0,0.0,0.005582393166449061,0.005562551896607791,0.0,0.0,0.005364524534822716,0.005344683264981447,0.0,0.0,0.009161083119829834,0.009141241849988564,0.0,0.0,0.003178461536643827,0.003158620266802557,0.0,0.0,0.008332021501306075
2023-04-13,-0.00288774440995776,-0.00290758567979903,0.0,0.0,-0.006091729736507685,-0.006111571006348955,0.0,0.0,-0.0025644027354417703,-0.0025842440052830404,0.0,0.0,-0.004223760424006323,-0.004243601693847593,0.0,0.0,-0.0031929725838059433,-0.0032128138536472134,0.0,0.0,-0.005232529260326219,-0.005252370530167488,0.0,0.0,-0.006513824271932082,-0.006533665541773352,0.0,0.0,0.0031380897384443163
2023-04-14,0.0003943189736402286,0.0003744777037989588,0.0,0.0,0.002677842003242656,0.002658000733401386,0.0,0.0,-9.780215173717244e-05,-0.00011764342157844228,0.0,0.0,-0.005334007193525399,-0.005353848463366668,0.0,0.0,-0.001911998770343662,-0.0019318400401849318,0.0,0.0,-0.0015143567492980833,-0.0015341980191393532,0.0,0.0,-0.008010269363106122,-0.008030110632947392,0.0,0.0,-0.006273744815321836
2023-04-17,-0.009489144648864203,-0.009508985918705474,0.0,0.0,-0.014249913210205398,-0.014269754480046668,0.0,0.0,-0.005962710089184829,-0.005982551359026099,0.0,0.0,0.0024546470005724352,0.002434805730731165,0.0,0.0,-0.010348895215386407,-0.010368736485227677,0.0,0.0,-0.0009980166173993998,-0.0010178578872406697,0.0,0.0,-0.007120865700468888,-0.007140706970310158,0.0,0.0,0.016442967339231895
2023-04-18,-0.0054466681749555795,-0.005466509444796849,0.0,0.0,0.00019435626122401434,0.0001745149913827445,0.0,0.0,-0.006426671116120074,-0.006446512385961343,0.0,0.0,0.00243073147427985,0.00241089020443858,0.0,0.0,0.0017827598792641078,0.001762918609422838,0.0,0.0,-0.008203368988081668,-0.008223210257922938,0.0,0.0,0.0012920863052177933,0.0012722450353765235,0.0,0.0,-0.004367176637267156
2023-04-19,0.012283288655004193,0.012263447385162923,0.0,0.0,0.014950197055509415,0.014930355785668144,0.0,0.0,0.018566543446371528,0.018546702176530257,0.0,0.0,-0.0006774312788975015,-0.0006972725487387713,0.0,0.0,0.005038085477467542,0.005018244207626273,0.0,0.0,0.010426284911801295,0.010406443641960025,0.0,0.0,0.0033576875766056016,0.0033378463067643316,0.0,0.0,0.0008331844136804101
2023-04-20,-0.006854703628585278,-0.006874544898426547,-0.00990300999236604,-0.01092285126220731,-0.000778507070026753,-0.0007983483398680228,-0.030327179850480612,-0.03234702112032188,-0.004625591694430123,-0.0046454329642713925,-0.00990300999236604,-0.01092285126220731,-0.0008181354506379274,-0.0008379767204791972,-0.01407940912949146,-0.01609925039933273,0.0016801658441686212,0.0016603245743273514,-0.01407940912949146,-0.01609925039933273,-0.0006962264835403409,-0.0007160677533816107,0.0,0.0,-0.004851476433681022,-0.004871317703522292,-0.01407940912949146,-0.01609925039933273,0.003438047924464671
2023-04-21,-0.0035656231869546223,-0.0035854644567958924,-0.049125177960922195,-0.05014501923076346,-0.004915306671463081,-0.00493514794130435,-0.02555033394096007,-0.02557017521080134,0.0001578708313169988,0.00013802956147572896,-0.049125177960922195,-0.05014501923076346,-0.002568952429425668,-0.002588793699266938,-0.03200391551580328,-0.03202375678564455,-0.005234714138453091,-0.00525455540829436,-0.04056454673836274,-0.041084388008204006,-0.005710718456193087,-0.005730559726034356,-0.02846228272243545,-0.02948212399227672,0.0037075197857243947,0.0036876785158831246,-0.019771787583956646,-0.020291628853797917,-0.0063363252754146115
2023-04-24,-0.0017588775282129654,-0.0017787187980542352,0.011700735020134304,0.010214227083626367,-0.0026234591458522763,-0.0026433004156935463,0.02161522221696661,0.020795380947125342,-0.0007080553823078511,-0.000727896652149121,0.011700735020134304,0.010214227083626367,0.003132905302175623,0.003113064032334353,-0.0035608834105637826,-0.004247391347071719,-0.005086188106334023,-0.005106029376175293,0.015709407422024722,0.014589566152183452,0.0012803158502159365,0.0012604745803746667,0.020424598160084878,0.01865475689024361,0.005608203957625145,0.005588362687783875,0.009752313154520409,0.00873247188467914,0.005662499227399254
2023-04-25,-0.00748686453518807,-0.00750670580502934,0.010311991820672172,0.009892150550830902,-0.0013674335587464184,-0.0013872748285876882,-0.0048182984093338545,-0.004838139679175124,-0.009323964436691985,-0.009343805706533256,0.010311991820672172,0.009892150550830902,-0.0005199183273893945,-0.0005397595972306643,0.012036751463393558,0.011350243526885621,-0.00430649881378313,-0.0043263400836244,0.01048748239476343,0.009848593505874541,0.002468586772937549,0.002448745503096279,0.0123161234295594,0.011796282159718131,-0.0047556535711476,-0.00477549484098887,0.006166333602833807,0.005813158999659203,-0.0053879758188121185
2023-04-26,-0.008717437495539743,-0.008737278765381013,-0.012105325422276936,-0.012125166692118206,0.00023949004629827964,0.0002196487764570098,-0.0044546343895741965,-0.004974475659415467,-0.004522257656210157,-0.004542098926051427,-0.012105325422276936,-0.012125166692118206,-0.0006232851936298425,-0.0006431264634711123,-0.0015098087031391403,-0.0015296499729804101,-0.0020773556806280083,-0.0020971969504692783,0.002740193559703065,0.002320352289861795,0.0009400608581529926,0.0009202195883117228,-0.021436931432844003,-0.021456772702685274,0.008366848812105449,0.008347007542264178,-0.0002439754064494648,-0.0005138166762907346,-0.004048021544378222
2023-04-27,0.010846939698540468,0.010827098428699198,-0.0038695575230254155,-0.004056065459533352,0.008750558950777781,0.008730717680936511,-0.002929695804491806,-0.003282870407666409,0.00974459814139253,0.00972475687155126,-0.0038695575230254155,-0.004056065459533352,0.0018605764153247564,0.0018407351454834866,0.008213674548269805,0.007943833278428535,0.010235250517325427,0.010215409247484156,-0.004568644699473531,-0.0047551526359814675,0.0078106826371689905,0.007790841367327721,-0.0023902424340329406,-0.0026100837038742102,0.005549339302479153,0.005529498032637884,-0.005656325102028903,-0.0056761663718701725,0.015469069037836736
2023-04-28,0.007846968000347142,0.007827126730505871,-0.00715370630598515,-0.007483071385350229,0.009639237134268133,0.009619395864426863,0.00250004162882524,0.0020635336923173035,0.004100027329773694,0.004080186059932424,-0.00715370630598515,-0.007483071385350229,0.005171912730109286,0.005152071460268017,-0.0008068928316654553,-0.0010267341015067252,0.00696941261976515,0.0069495713499238805,-0.0024201768427680598,-0.0025650181126093295,0.002906627051164734,0.002886785781323464,-0.01228301441588674,-0.012636189019061344,0.015296628021803024,0.015276786751961754,-0.010715660520305426,-0.010735501790146696,-0.01096644657763668
2023-05-01,-0.0012480246089395172,-0.001267865878780787,-0.00854029014955622,-0.008560131419397491,0.0025379115277761807,0.0025180702579349107,-0.015075869039424827,-0.015095710309266097,-0.000928744619126877,-0.0009485858889681468,-0.00854029014955622,-0.008560131419397491,-0.003079687639239985,-0.003099528909081255,0.005723062988981361,0.005703221719140092,0.0007624310863172043,0.0007425898164759345,0.005585478739606641,0.005565637469765372,-0.005442818187172294,-0.005462659457013563,-0.0023469530039370197,-0.0023667942737782897,0.0046935208593381,0.004673679589496831,0.007050139174635595,0.007030297904794325,-0.026060583640224455
2023-05-02,-0.004523575031087197,-0.004543416300928467,0.014183993839309843,0.01402129542661143,-0.012601320308980056,-0.012621161578821326,0.016318920626914674,0.016049079357073403,-0.008875184362466225,-0.008895025632307495,0.014183993839309843,0.01402129542661143,0.004745147109141569,0.004725305839300299,0.007679924687820899,0.0074934167513129625,-0.008932711939060818,-0.008952553208902089,0.0018830740822112398,0.0015203756695128271,-0.008422363321834284,-0.008442204591675554,0.011140676840207303,0.011120835570366033,-0.0028629344536250934,-0.0028827757234663634,0.005593928621518272,0.005040754018343669,0.018200306945130862
2023-05-03,0.008349001817834947,0.008329160547993677,0.016708499212413765,0.016563657942572495,0.010636363906844866,0.010616522637003595,0.03139576382672599,0.03126481144577361,0.003559503967845365,0.003539662698004095,0.016708499212413765,0.016563657942572495,0.008532500701920388,0.008512659432079118,0.015186383849885281,0.01491654258004401,0.011113026815509207,0.011093185545667936,0.01435905045312049,0.014248300092370129,0.015378049342256055,0.015358208072414784,0.018960187136358376,0.018797488723659963,0.0036132265559717866,0.0035933852861305166,-0.001433331810409201,-0.0014531730802504709,0.028522607478677076
2023-05-04,0.0020292255891863967,0.0020093843193451266,-0.012148848911251106,-0.012279801292203487,0.004262564367330593,0.004242723097489323,0.006938394289450148,0.006918553019608879,0.003975199933606545,0.003955358663765275,-0.012148848911251106,-0.012279801292203487,0.0049449483742162875,0.004925107104375018,-0.0025497908441836545,-0.0025696321140249246,0.001009348468222357,0.000989507198381087,-0.010904219921936319,-0.011007394525110922,-0.00257964092454184,-0.00259948219438311,-0.012753013719079099,-0.01277285498892037,-0.016106166607457076,-0.016126007877298346,-0.0008882765870228179,-0.0009081178568640877,-0.003977961919942707
2023-05-05,-0.010226141992950598,-0.010245983262791868,-0.010567583722724969,-0.01071242499256624,-0.008913745419187082,-0.008933586689028352,-0.005831854362078535,-0.006051695631919805,-0.008109996257483966,-0.008129837527325236,-0.010567583722724969,-0.01071242499256624,-0.0035579892237481495,-0.0035778304935894195,-0.010249898476996543,-0.010269739746837814,-0.00445183938390805,-0.00447168065374932,-0.01167604896098274,-0.01199589023082401,-0.009438211462658115,-0.009458052732499386,-0.006643455101427654,-0.006788296371268924,-0.003393934823181427,-0.003413776093022697,-0.0085471463085459,-0.008852701864101455,-0.020825218446822058
2023-05-08,-0.0063447486053010566,-0.006364589875142326,0.003919385522784859,0.003899544252943589,0.0011822576670310336,0.0011624163971897638,0.013860479327212474,0.013840638057371204,-0.005771167777675945,-0.005791009047517215,0.003919385522784859,0.003899544252943589,0.0010923038295421947,0.0010724625597009249,0.0060346723134242775,0.006014831043583008,-0.01007318293056765,-0.010093024200408921,0.012080473642379488,0.012060632372538217,-0.004634087000746981,-0.0046539282705882505,0.005608665355751344,0.005588824085910074,-0.0006198044611142872,-0.000639645730955557,0.018746014364579424,0.018726173094738154,-0.0029353237381555264
2023-05-09,0.018256485781656902,0.01823664451181563,0.0028369473922784834,0.0028171061224372134,0.01783670451591428,0.017816863246073008,0.004830344343568617,0.0046438364070606804,0.018272898870685395,0.018253057600844124,0.005992296638051379,0.0058613442570989984,0.006805612834327825,0.006785771564486555,-0.005225075996193161,-0.005244917266034431,0.016978066654250328,0.016958225384409057,0.0026179674877284194,0.0025981262178871494,0.018378554808281815,0.018358713538440544,0.011070261759024291,0.010883753822516355,0.00700954191876426,0.006989700648922991,-0.014906902724300557,-0.01506960113699897,-0.002668452448247316
2023-05-10,-0.0058570507382431775,-0.005876892008084447,-0.02161173432906081,-0.02184268671001319,-0.0018179041387465927,-0.0018377454085878625,-0.02276551475507428,-0.022785356024915552,-0.002456981757490616,-0.002476823027331886,-0.023984771251689088,-0.024204612521530357,-0.004458360310909577,-0.004478201580750847,-0.009127162646762721,-0.00934700391660399,-0.0077990082499274985,-0.007818849519768769,-0.022371085293193683,-0.02255759322970162,0.002307931781664198,0.002288090511822928,-0.021580788991471162,-0.021711741372423543,-0.0020163503993249274,-0.0020361916691661974,-0.008788167677507244,-0.009058008947348515,-0.0016091622512448556
2023-05-11,0.0019495908042032536,0.0019297495343619838,-0.00020880250690259207,-0.0002286437767438619,0.0007944547200913893,0.0007746134502501195,-0.010634451823596193,-0.010654293093437463,0.0023183487446028286,0.0022985074747615586,-0.00016296462017460073,-0.00018280589001587057,0.0017524507995187455,0.0017326095296774757,-0.0011316900599998864,-0.0011515313298411562,0.008912888211607926,0.008893046941766656,-0.010596973983136812,-0.010616815252978083,0.003643873838915554,0.003624032569074284,-0.004484686291571178,-0.004504527561412447,0.0034281721676667487,0.0034083308978254787,-0.0016901729783204006,-0.0017100142481616704,-0.01176726846114029
2023-05-12,0.002664272272875204,0.002644431003033934,0.015572196696862006,0.015452355427020736,0.0040309034454395765,0.004011062175598307,-0.001101174344676683,-0.0012638727573750957,0.004777760372797285,0.0047579191029560155,0.015432446370516915,0.015321696009766553,-0.0028629155540978654,-0.0028827568239391354,0.0030236238311453605,0.0030037825613040904,0.002755023626925278,0.002735182357084008,0.015166108891645066,0.015146267621803796,0.0010326409991712054,0.0010127997293299356,0.0048158080703959265,0.004445966800554656,-0.0006889222961356523,-0.0007087635659769221,0.010591709786229983,0.010260757405277602,0.006855172567241219
2023-05-15,0.0014110478653772476,0.0013912065955359778,0.012217305519317,0.01219746424947573,-0.004510419628040815,-0.004530260897882085,0.008344705604735506,0.008324864334894235,-0.0020786036155753668,-0.002098444885416637,0.014935720010936335,0.014915878741095064,0.006834566745464669,0.0068147254756234,-0.00765241011347875,-0.0076722513833200195,0.00036358271727216646,0.00034374144743089664,-0.0059942573627410805,-0.00601409863258235,0.004001734900285769,0.0039818936304445,0.00543749230825479,0.0054176510384135205,-0.001995731185358056,-0.002015572455199326,0.0018835250107319098,0.00186368374089064,0.006249581128146664
2023-05-16,0.0024816346476885798,0.0024617933778473097,-0.0005127777429169145,-0.0007144371945763661,0.007284984204604952,0.007265142934763683,0.0022276071707238755,0.0022077659008826055,0.003992236425454779,0.003972395155613509,0.0028943853968758336,0.0027003017027921396,-0.006511881266511581,-0.00653172253635285,-0.01295871844137745,-0.01322855971121872,-0.006928491623873573,-0.006948332893714842,0.00250439579130542,0.0023416973786070075,-0.006117494112618756,-0.006137335382460025,-0.006848395782595473,-0.007140964325164015,-0.004681867950617535,-0.004701709220458805,0.00447587168782221,0.004115121327071849,-0.015958461818012304
2023-05-17,0.005113186918664345,0.005093345648823075,-0.016186709534255345,-0.016289884137429947,-0.0008085881619264573,-0.0008284294317677271,-0.01847461979963802,-0.01859446106947929,0.004723669987749597,0.004703828717908328,-0.017265145409917925,-0.017368320013092527,0.007194823668120735,0.007174982398279466,0.010912250637927536,0.010892409368086265,0.006316889795092699,0.0062970485252514296,-0.007238288226901235,-0.007401719240332248,0.010872197543527244,0.010852356273685974,-0.009484897843620319,-0.009671405780128255,0.012561116958346219,0.012541275688504949,-0.01537245558017241,-0.01555255326027009,0.008171164048643709
2023-05-18,0.0006015883126895757,0.0005817470428483059,0.013843590317038353,0.013646825970274007,0.001919108862319878,0.0018992675924786081,0.01101487694636816,0.010717257898749112,0.004235922781213382,0.004216081511372112,0.012610745319768434,0.012423071882094995,-0.0006831261004648786,-0.0007029673703061485,-0.002843587227032672,-0.0032562856397310848,-0.0014338013268744218,-0.0014536425967156916,0.00905255721545659,0.008877954040853415,0.011930627929336989,0.011910786659495718,0.002048443382974545,0.002028602113133275,0.004209596259927631,0.004189754990086361,0.010813674560509492,0.010619590866425797,0.02305953480140488
2023-05-19,-0.002246624182966027,-0.002266465452807297,-0.0025309635614372775,-0.0027046509851247013,-0.0063516358906172896,-0.006371477160458559,-0.009394054460464395,-0.009556752873162808,-0.0007309801555380191,-0.0007508214253792889,-0.004811874300178837,-0.004985561723866261,-6.216542932416941e-05,-8.200669916543925e-05,-0.007991730461998208,-0.008011571731839478,-0.0009669887098921887,-0.0009868299797334585,-0.0050944632822075495,-0.005347637885382153,-0.0006503906358450232,-0.000670231905686293,-0.00507939759660725,-0.00534923886644852,0.0027107919848929907,0.0026909507150517206,-0.00789635073237952,-0.008160947246976035,0.0023715636568075738
2023-05-22,-0.008050042481989109,-0.008069883751830379,-0.007392570965217837,-0.008312412235059108,-0.005186290900019798,-0.0052061321698610675,-0.0077686225726982805,-0.008645606699682408,-0.006037640159942209,-0.006057481429783479,-0.00992190873967389,-0.010805386373151524,-0.012851003598103629,-0.0128708448679449,-0.0028752609038700527,-0.0040201021737113225,-0.0031841221622263965,-0.0032039634320676666,-0.0026244254239238484,-0.0030490285985270227,-0.004308569428807044,-0.004328410698648313,-0.008156224993063491,-0.008909399596238094,-0.00711583899450037,-0.00713568026434164,0.004838960988998951,0.004319119719157681,-0.0032305767827536247
2023-05-23,0.001798443561493314,0.001778602291652044,-0.0006197168720273758,-0.0008895581418686457,0.0015109469859124827,0.001491105716071213,-0.004586386895895569,-0.004606228165736839,0.0017837466268739374,0.0017639053570326676,-0.0029774449619470187,-0.003219508454010511,0.002636735750887277,0.002616894481046007,0.019517796757286914,0.019164622154112312,0.0039998258592535835,0.003979984589412314,0.0006695968281607506,0.00028711819568211813,-0.003290782525941005,-0.003310623795782275,0.01236599452733792,0.01214615325749665,-0.0014570655875578986,-0.0014769068573991684,-0.00074333793942609,-0.0008540883001764508,-0.0010820353584827247
2023-05-24,-0.0050500811085645095,-0.005069922378405779,0.008514378926147615,0.008494537656306344,0.0042673978664493975,0.004247556596608128,-0.008753547212449,-0.008940055148956936,-0.0060941655409273085,-0.006114006810768578,0.007306693598589096,0.007286852328747827,0.0028345384004487967,0.0028146971306075266,0.0014345519508253135,0.0014147106809840437,0.0047707447104266,0.00475090344058533,0.0026914562440935865,0.0024897967924341347,0.004758386507621608,0.004738545237780338,0.005399420388871279,0.00537957911903001,0.0018279119520890896,0.0018080706822478198,0.0030317201838272537,0.002911878913985984,0.007247824436654504
2023-05-25,-0.000677447305513175,-0.0006972885753544448,0.0016451064392221937,0.001482408026523781,0.0014764834163338361,0.0014566421464925663,-0.007810156454169607,-0.008029997724010876,0.0038479957227727235,0.0038281544529314535,6.999757757359878e-05,-7.484369226767106e-05,0.0018183379346948594,0.0017984966648535896,-0.00901601073309104,-0.00923585200293231,0.004670103282334505,0.004650262012493235,-0.009994154189657614,-0.010113995459498884,0.0029121432263753896,0.0028923019565341196,0.001606129407947899,0.001475177026995518,-0.00516455681056175,-0.00518439808040302,-0.006679342382052849,-0.006699183651894119,-0.01855738766057935
2023-05-26,-0.0010721794310390304,-0.0010920207008803002,0.0035646649107293326,0.003267045863110285,-0.007635472905163566,-0.007655314175004836,0.025190056016359135,0.0247535480798512,-0.005927846855136344,-0.005947688124977614,0.005186125785218959,0.004912316261409436,0.010388807003607642,0.010368965733766371,-0.02784086733859975,-0.02811070860844102,-0.0004226402042813923,-0.00044248147412266213,0.005457578440441365,0.005271070503933429,-0.00247712506303982,-0.00249696633288109,-0.00035804665220625113,-0.000627887922047521,-0.005446585676142389,-0.0054664269459836585,0.015519673703018965,0.015499832433177695,0.0022882977327502996
2023-05-29,-0.005037275913933471,-0.005057117183774741,-0.007886076870716581,-0.007905918140557851,-0.006087864905509957,-0.006107706175351227,-0.01234798557522614,-0.01236782684506741,-0.001779171419406221,-0.001799012689247491,-0.006768416120127017,-0.006788257389968287,-0.0022288716194123134,-0.0022487128892535835,-0.016435876299399632,-0.016455717569240903,-0.0028388682510947505,-0.0028587095209360205,-0.0030720172629251936,-0.0030918585327664636,-0.0031236609141650495,-0.0031435021840063196,-0.02394290583209072,-0.02396274710193199,-0.00023349708821475412,-0.00025333835805602394,-0.002061076638073785,-0.002080917907915055,-0.0038151034440908616
2023-05-30,0.002797708739055077,0.002777867469213807,-0.00011381942733399569,-0.0002586606971752655,0.010842846641515552,0.010823005371674282,-0.009129219225928409,-0.009649060495769678,0.007195588324237584,0.007175747054396314,-0.002741241762342514,-0.0028860830321837836,0.0059657773465413705,0.005945936076700101,0.0008351698790015627,0.0004819952758269595,0.004256445012245674,0.004236603742404405,0.002765098127001181,0.0021341457460488,0.0034734739775498374,0.0034536327077085674,0.005151005236996579,0.005131163967155309,0.012209775248964987,0.012189933979123716,-0.004463112126365999,-0.004794064507318381,0.020806075142516534
2023-05-31,-0.0015578762981149075,-0.0015777175679561773,0.015918470138452115,0.015755771725753702,-0.005934181001603242,-0.005954022271444512,-0.011781127837238198,-0.012134302440412801,-0.005890995760641067,-0.005910837030482337,0.01250063071190642,0.012337932299208007,-0.005620845986984868,-0.005640687256826138,0.017331262467945953,0.01631142119810468,-0.00875545130937324,-0.00877529257921451,0.012360918276171768,0.012007743672997164,-0.010363989895480694,-0.010383831165321964,0.0008536744747166137,0.000690976062018201,0.01063799212561821,0.010618150855776939,0.0062400846153318505,0.006220243345490581,-0.0014359000718544568
2023-06-01,-0.0026225955474553156,-0.0026424368172965856,-0.00042645446043193536,-0.0006129623969398719,-0.004503676576771351,-0.004523517846612621,0.018247182400299267,0.018227341130457996,-0.0069074405748676265,-0.006927281844708896,0.0009266283955332959,0.0007401204590253593,0.0078018448556368,0.00778200358579553,-0.02131109580218915,-0.02133093707203042,-0.006851292942451959,-0.006871134212293228,0.011101366364905267,0.010581525095063998,-0.006275038831416696,-0.006294880101257966,0.006504528118285058,0.006484686848443788,-0.009124340422269318,-0.009144181692110589,3.6090552178277835e-05,1.6249282337007994e-05,0.01882676372231451
2023-06-02,0.006662509957235024,0.004142668687393754,0.00766618749533691,0.00744634622549564,-0.0013012644484578229,-0.004446105718299093,-0.008131671529152323,-0.008484846132326926,0.0061424934235827094,0.0032476521537414395,0.013848485184473939,0.013661977247966002,-0.0006664866779552137,-0.004061327947796484,-0.010955416621679537,-0.010975257891520807,-0.000752093602124082,-0.0038969348719653523,-0.0001411513537338087,-0.0006609926235750785,0.011102810394909374,0.008457969125068104,0.004682261154282423,0.004495753217774487,-0.009971621969660609,-0.01386646323950188,-0.013997994056915333,-0.014303549612470889,-0.011661147675602113
2023-06-05,0.002080786804463844,0.002060945534622574,-0.005594782209648182,-0.005614623479489452,-0.002175973034948764,-0.002195814304790034,0.007066514868768303,0.007046673598927034,0.0038271939842717817,0.0038073527144305117,5.341273099697859e-05,3.357146115570875e-05,-0.00461169632689977,-0.004631537596741039,-0.022702996267994064,-0.022722837537835334,-0.007259969632349483,-0.007279810902190753,-0.01290611942758052,-0.01292596069742179,0.010013258727457341,0.009993417457616071,-0.003042537559530027,-0.003062378829371297,-0.00863550553300111,-0.00865534680284238,-0.0044951553958056546,-0.004514996665646924,0.006939850834830619
2023-06-06,-0.0028305556662419906,-0.0028503969360832607,-0.006180782319385418,-0.006200623589226688,-0.007335771242507068,-0.0073556125123483375,0.003236870656166107,0.002717029386324837,-0.0010304993326112066,-0.0010503406024524764,-0.006180782319385418,-0.0064006235892266885,-0.005171491863230827,-0.005191333133072097,0.0003245349747825754,0.0003046937049413056,-0.004560785386563432,-0.004580626656404701,0.01746299424584552,0.01744315297600425,-0.001799789175799496,-0.0018196304456407659,-6.688248886812555e-05,-0.0002117237587093954,-0.0011905713813745583,-0.0012104126512158281,0.0009183988778254451,0.0007874464968730642,0.003993402901703469
2023-06-07,-0.004967013820990948,-0.004986855090832218,-0.005788785840587974,-0.006258627110429243,-0.006526427842028053,-0.006546269111869322,-0.03309186140324222,-0.033111702673083485,-0.00098499054112524,-0.0010048318109665097,-0.005788785840587974,-0.006258627110429243,-0.0014708365510397031,-0.001490677820880973,0.009856562546319319,0.009836721276478048,0.0002121496718127669,0.00019230840197149705,-0.006311665714060638,-0.006831506983901908,0.0010562652928811991,0.0010364240230399293,-0.006589126611282397,-0.006808967881123667,-0.005072845059646912,-0.0050926863294881814,-0.010497631535015544,-0.01080913947152348,-0.009079519726512664
2023-06-08,-0.0008708582794593328,-0.0008906995493006026,-0.01623657089005114,-0.01625641215989241,0.003552478399456792,0.003532637129615522,-0.03345986248575927,-0.03347970375560054,-0.002955316244134809,-0.002975157513976079,-0.01623657089005114,-0.01625641215989241,0.0027856857004184,0.00276584443057713,-0.019294423276173662,-0.019314264546014932,0.0017956476318888373,0.0017758063620475675,-0.02297720030393341,-0.02299704157377468,-0.008257216360514415,-0.008277057630355685,-0.015675818168491087,-0.015695659438332357,0.007012538065780061,0.006992696795938791,0.0005608506031123898,0.00054100933327112,0.002431357261006406
2023-06-09,0.009450560548714779,0.009430719278873508,0.015518739773889983,0.01516556517071538,0.006999646505249292,0.0069798052354080225,0.04962897387037653,0.04860913260053526,0.014103686838304798,0.014083845568463527,0.015518739773889983,0.01516556517071538,0.005065749225676257,0.005045907955834987,0.010509270952806219,0.010489429682964948,0.0044067973411356445,0.004386956071294375,0.007066008448798733,0.007046167178957463,0.009496986873428967,0.009477145603587697,0.017614271600860987,0.017011096997686385,-0.0017137188617157226,-0.0017335601315569924,-0.00175519012708216,-0.0024178885397805727,0.013817707205147745
2023-06-12,-0.011366885991475936,-0.011386727261317207,-0.011460958238288455,-0.011480799508129726,-0.008421813404518204,-0.008441654674359474,-0.014607493688565029,-0.0146273349584063,-0.009534559710697124,-0.009554400980538395,-0.011460958238288455,-0.011480799508129726,0.0029044148884274576,0.0028845736185861876,-0.015078502022337181,-0.015098343292178452,-0.0037005390287221662,-0.0037203802985634363,-0.011269066799635713,-0.011288908069476983,-0.004528181924758838,-0.004548023194600108,-0.001782127687099224,-0.0018019689569404938,-0.007035507898044059,-0.007055349167885329,-0.015382390412745705,-0.015402231682586975,-0.003081708747152634
2023-06-13,-0.009667763750736691,-0.009687605020577961,-0.01967334559919867,-0.020443186869039943,-0.004628400388488253,-0.004648241658329523,-0.008733627943336025,-0.008753469213177295,-0.004910162269471857,-0.004930003539313127,-0.01967334559919867,-0.020443186869039943,-0.012042906714909887,-0.012062747984751158,-0.010711604163849642,-0.012731445433690912,-0.005747032317680249,-0.005766873587521519,-0.01614036391420226,-0.01716020518404353,-0.013370307731064443,-0.013390149000905713,-0.019509287548043652,-0.020529128817884924,-0.0037957275857042963,-0.0038155688555455663,-0.014264540041287585,-0.015367714644462188,-0.01813158914086732
2023-06-14,-0.009233575746518487,-0.009253417016359757,-0.01478207166376827,-0.015135246266942874,-0.01273797444045495,-0.01275781571029622,0.03450349806527542,0.03398365679543415,-0.008381821759109231,-0.008401663028950502,-0.01478207166376827,-0.015135246266942874,-0.005246795062118094,-0.0052666363319593635,-0.014413654555891942,-0.014433495825733212,-0.012153459733058564,-0.012173301002899834,-0.00132502208340457,-0.00334486335324584,0.004931976856941224,0.004912135587099954,0.002802170309989046,0.001782329040147776,-0.004152687322567697,-0.0041725285924089665,0.02148670706500222,0.020633532461827617,0.000286808908747771
2023-06-15,0.00419565274431799,0.004175811474476721,0.0034773483955148343,0.0029575071256735643,0.005152928236543723,0.005133086966702454,-0.04117121553382447,-0.041191056803665735,0.004188253970855434,0.004168412701014164,0.0034773483955148343,0.0029575071256735643,-0.0022723155958196545,-0.0022921568656609245,0.0027097484950726614,0.0026899072252313913,-0.0027314543125031704,-0.0027512955823444404,-0.019693834391492193,-0.019713675661333464,-0.0007134677403114534,-0.0007333090101527232,-0.008155306409609505,-0.008175147679450776,-0.0068439870794516355,-0.006863828349292905,-0.024760386733401456,-0.024780228003242727,-0.009446654042717495
2023-06-16,0.004128579335571911,0.004108738065730641,0.011442034564917603,0.010422193295076333,0.006350852695568156,0.006331011425726886,0.006582235807421122,0.006562394537579852,0.0038459993610023974,0.0038261580911611273,0.011442034564917603,0.010422193295076333,-0.0032391625366996538,-0.003259003806540924,0.007924591945239201,0.00790475067539793,0.01109176417351141,0.01107192290367014,0.0,0.0,0.00542578702681068,0.0054059457569694104,0.011442034564917603,0.009922193295076332,0.017123460145083987,0.017103618875242716,0.008789489128528356,0.008769647858687085,-0.00328575032530265
2023-06-19,0.000905604940023591,0.0008857636701823212,0.0,0.0,0.0014913860973510204,0.0014715448275097506,0.0,0.0,0.0019030698825210565,0.0018832286126797867,0.0,0.0,0.0018218836526307791,0.0018020423827895093,0.0,0.0,-0.0051696846694094176,-0.005189525939250687,0.0,0.0,-0.00028544429288812623,-0.00030528556272939604,0.0,0.0,0.0019509264973438106,0.0019310852275025408,0.0,0.0,-0.00041746546653642636
2023-06-20,0.001332716045382397,0.001312874775541127,0.0,0.0,0.008236163614180107,0.008216322344338837,0.0,0.0,0.006407174838545422,0.006387333568704153,0.0,0.0,0.013034208223414577,0.013014366953573307,0.0,0.0,0.005754078499098016,0.005734237229256746,0.0,0.0,0.0005352306589669273,0.0005153893891256575,0.0,0.0,0.0009988667644835886,0.0009790254946423188,0.0,0.0,-0.018282174376170635
2023-06-21,-0.006073696771507299,-0.006093538041348569,0.0,0.0,-5.0825778523395926e-05,-7.066704836466577e-05,0.0,0.0,-0.008693132284453772,-0.008712973554295043,0.0,0.0,-0.002925228344451025,-0.0029450696142922952,0.0,0.0,0.005231035568482319,0.005211194298641049,0.0,0.0,-0.008297302336460373,-0.008317143606301643,0.0,0.0,-0.006630037120844784,-0.0066498783906860535,0.0,0.0,-0.017292241732527525
2023-06-22,0.0002689547475447987,0.0002491134777035289,0.0,0.0,-0.0047269842969304005,-0.00474682556677167,0.0,0.0,-0.003389001850948495,-0.003408843120789765,0.0,0.0,-0.000964947871473526,-0.0009847891413147958,0.0,0.0,-0.0023058575599441827,-0.0023256988297854528,0.0,0.0,-0.0009177178040807102,-0.00093755907392198,0.0,0.0,-0.008181646490104257,-0.008201487759945527,0.0,0.0,0.005782735190780874
2023-06-23,0.005900121957027819,0.00588028068718655,0.0,0.0,0.008162094826521554,0.008142253556680284,0.0,0.0,0.005908841963598921,0.005889000693757651,0.0,0.0,0.005812618238885452,0.005792776969044182,0.0,0.0,0.007165591488966082,0.007145750219124812,0.0,0.0,0.007002263437969385,0.006982422168128115,0.0,0.0,0.004066081539972878,0.0040462402701316085,0.0,0.0,-0.005269905657866336
2023-06-26,-0.009495687714975304,-0.009515528984816574,0.0,0.0,-0.015621422538359922,-0.015641263808201192,0.0,0.0,-0.008041285921247213,-0.008061127191088483,0.0,0.0,-0.004391727361839737,-0.004411568631681006,0.0,0.0,-0.0064752441581305414,-0.006495085427971811,0.0,0.0,0.0022069755309586866,0.0021871342611174166,0.0,0.0,-0.014447839881347443,-0.014467681151188714,0.0,0.0,-0.027732187760026394
2023-06-27,0.0017552435757509643,0.0017354023059096945,0.0,0.0,0.009107948663109898,0.009088107393268628,0.0,0.0,0.00257740166944094,0.00255756039959967,0.0,0.0,0.0015786664762552083,0.0015588252064139385,0.0,0.0,0.0020972955760988274,0.0020774543062575574,0.0,0.0,0.007963846489452905,0.007944005219611635,0.0,0.0,0.009648830057703749,0.009628988787862478,0.0,0.0,0.009113284402689548
2023-06-28,-0.00011798106725927071,-0.00013782233710054055,0.0,0.0,-0.003905684082668587,-0.003925525352509856,0.0,0.0,-0.0005571356436856259,-0.0005769769135268957,0.0,0.0,-0.011289035589017463,-0.011308876858858733,0.0,0.0,-0.00015200694595056408,-0.00017184821579183392,0.0,0.0,-0.0053241942838364725,-0.005344035553677742,0.0,0.0,0.00284961351124223,0.00282977224140096,0.0,0.0,0.0034760673080165283
2023-06-29,0.012604509068054014,0.012584667798212743,0.0,0.0,0.008720872339265322,0.008701031069424051,0.0,0.0,0.009573687814905328,0.009553846545064058,0.0,0.0,0.004176504903567642,0.004156663633726372,0.0,0.0,0.015979814982788693,0.015959973712947422,0.0,0.0,0.006365335934352442,0.006345494664511173,0.0,0.0,0.013368116107480198,0.013348274837638927,0.0,0.0,-0.007372623064401451
2023-06-30,-0.011179374391624475,-0.011199215661465745,0.0,0.0,-0.005820009326555894,-0.005839850596397164,0.0,0.0,-0.008184707073361996,-0.008204548343203267,0.0,0.0,-0.008887559663491001,-0.008907400933332272,0.0,0.0,-0.00358642790713648,-0.0036062691769777502,0.0,0.0,-0.00829059043719075,-0.00831043170703202,0.0,0.0,-0.010280647506955377,-0.010300488776796648,0.0,0.0,-0.014005132321640579
2023-07-03,0.0018429171257931323,0.0018230758559518625,0.0,0.0,0.0008639314161801581,0.0008440901463388883,0.0,0.0,-0.000494425881606822,-0.0005142671514480918,0.0,0.0,0.00390149180100223,0.0038816505311609598,0.0,0.0,0.0011640063861533823,0.0011441651163121124,0.0,0.0,-0.0003072595203830325,-0.0003271007902243023,0.0,0.0,-0.00423229777680189,-0.004252139046643159,0.0,0.0,0.009673886859457692
2023-07-04,-0.004137661404951226,-0.004157502674792496,0.0,0.0,-0.0021990836169095,-0.00221892488675077,0.0,0.0,-0.0019091727262275024,-0.0019290139960687722,0.0,0.0,-0.0013518704956614336,-0.0013717117655027034,0.0,0.0,-0.008831766675504484,-0.008851607945345754,0.0,0.0,-0.004685433519437135,-0.0047052747892784045,0.0,0.0,0.003604653097212057,0.003584811827370787,0.0,0.0,0.004322856848164802
2023-07-05,-0.003230290897895581,-0.003250132167736851,0.0,0.0,-0.000977762308729653,-0.0009976035785709228,0.0,0.0,-0.002630887878698411,-0.002650729148539681,0.0,0.0,0.0012237598632481791,0.0012039185934069093,0.0,0.0,-0.009131676622532864,-0.009151517892374134,0.0,0.0,-0.0008650706011630385,-0.0008849118710043083,0.0,0.0,-0.010012648546984769,-0.01003248981682604,0.0,0.0,0.026688625109524855
2023-07-06,0.0013559801974574182,0.0013361389276161483,0.0,0.0,-0.001608201750743131,-0.0016280430205844007,0.0,0.0,0.0018915107381315271,0.0018716694682902573,0.0,0.0,-0.0008397248248051964,-0.0008595660946464662,0.0,0.0,-0.004816562119198668,-0.004836403389039938,0.0,0.0,0.0037621717812038533,0.0037423305113625832,0.0,0.0,-0.006742432220366162,-0.006762273490207432,0.0,0.0,0.005102074585974226
2023-07-07,0.014012258367436733,0.013992417097595463,0.0,0.0,0.01779220853549235,0.017772367265651078,0.0,0.0,0.014302332194093263,0.014282490924251993,0.0,0.0,0.006625518694926932,0.006605677425085663,0.0,0.0,0.007961444033763102,0.007941602763921831,0.0,0.0,0.009102481946538989,0.009082640676697718,0.0,0.0,0.016811676864486445,0.016791835594645175,0.0,0.0,0.004744734553882246
2023-07-10,0.0025162084615545713,0.0024963671917133013,0.0,0.0,-0.0031925427307452695,-0.0032123840005865395,0.0,0.0,-0.002333951100512953,-0.002353792370354223,0.0,0.0,-0.0017801282051669101,-0.00179996947500818,0.0,0.0,-0.0006968901524894364,-0.0007167314223307062,0.0,0.0,-0.004431036352365428,-0.004450877622206697,0.0,0.0,0.001945830179874597,0.0019259889100333271,0.0,0.0,-0.0013562072311942286
2023-07-11,0.0013754853504729242,0.0013556440806316544,0.0,0.0,-0.0025395559620118788,-0.002559397231853149,0.0,0.0,0.0024699167190864735,0.0024500754492452034,0.0,0.0,0.00873148951295323,0.00871164824311196,0.0,0.0,0.0033878673915621535,0.0033680261217208835,0.0,0.0,0.00727563064453151,0.00725578937469024,0.0,0.0,-0.004284268688041132,-0.004304109957882401,0.0,0.0,0.009464534539208591
2023-07-12,0.005976664957850479,0.0059568236880092095,0.0,0.0,-0.0007539913365551404,-0.0007738326063964102,0.0,0.0,0.0004473333392027157,0.00042749206936144586,0.0,0.0,0.0015596392583896931,0.0015397979885484233,0.0,0.0,-0.0015921918430284385,-0.0016120331128697083,0.0,0.0,0.006292629036771066,0.006272787766929797,0.0,0.0,0.0013308953862605707,0.001311054116419301,0.0,0.0,0.007355937213729735
2023-07-13,0.008329498583108344,0.008309657313267074,0.0,0.0,0.008566008240981998,0.008546166971140728,0.0,0.0,0.009370872922532851,0.00935103165269158,0.0,0.0,-0.004170968108563176,-0.004190809378404446,0.0,0.0,0.003305754540608989,0.003285913270767719,0.0,0.0,0.005446379376423269,0.005426538106581999,0.0,0.0,0.00921040056403221,0.00919055929419094,0.0,0.0,0.014248975094217187
2023-07-14,0.007774299089773555,0.0077544578199322855,0.0,0.0,0.004899532477891232,0.004879691208049962,0.0,0.0,0.007336567564529342,0.0073167262946880725,0.0,0.0,0.0018629182047768533,0.0018430769349355835,0.0,0.0,-0.004029969987854966,-0.004049811257696235,0.0,0.0,0.007756117647188802,0.007736276377347533,0.0,0.0,-0.0007004645942275955,-0.0007203058640688654,0.0,0.0,-0.005254552105010135
2023-07-17,0.0001670972261511583,0.00014725595630988845,0.0,0.0,-0.005269656573324628,-0.005289497843165898,0.0,0.0,0.00409308242018043,0.00407324115033916,0.0,0.0,-0.004158974194920388,-0.004178815464761658,0.0,0.0,-0.006496893545955562,-0.006516734815796832,0.0,0.0,-0.00149706571857057,-0.0015169069884118397,0.0,0.0,-0.0009571739659180387,-0.0009770152357593085,0.0,0.0,-0.0043094822023835855
2023-07-18,0.003958213740431239,0.00393837247058997,0.0,0.0,0.003361270736016324,0.0033414294661750538,0.0,0.0,0.006030073013588148,0.006010231743746879,0.0,0.0,0.001903745038022063,0.0018839037681807932,0.0,0.0,0.007607669593758727,0.0075878283239174575,0.0,0.0,0.006003711102294321,0.005983869832453051,0.0,0.0,0.0018980231158823649,0.001878181846041095,0.0,0.0,-0.00479013488003166
2023-07-19,-0.0003013885744438602,-0.00032122984428513,0.0,0.0,-0.004176497158683588,-0.004196338428524858,-0.003022053546650194,-0.004041894816491464,-0.0003143729400082937,-0.0003342142098495635,0.0,0.0,-0.016789785550160315,-0.016809626820001585,0.0,0.0,-0.0011163336044657801,-0.00113617487430705,0.004215353847363046,0.0031955125775217762,0.003344337653383947,0.003324496383542677,0.0,0.0,0.004775977749760275,0.004756136479919006,0.003022053546650194,0.0020022122768089245,0.009178818932968902
2023-07-20,0.008752859955697967,0.008733018685856696,0.0019186230186729603,0.0008987817488316904,0.010073556926501845,0.010053715656660574,-0.00011084760998031351,-0.0006306888798215833,0.009669719827042851,0.00964987855720158,0.0019186230186729603,0.0008987817488316904,0.01038722982529204,0.01036738855545077,-0.01698825849915231,-0.01800809976899358,0.00018786253484120302,0.00016802126499993318,0.009771108085611546,0.008751266815770277,0.012286391096040433,0.012266549826199163,-0.02190981712964024,-0.022929658399481512,-0.00016811440681119283,-0.00018795567665246267,-0.0010331256902664059,-0.002386300293441009,0.01696211884326404
2023-07-21,0.009709492395010351,0.00968965112516908,0.010315790425043103,0.010295949155201833,0.004001063379956503,0.003981222110115233,0.008806420438104617,0.008786579168263347,0.006547056260789247,0.006527214990947977,0.010315790425043103,0.010295949155201833,-0.0018367455825343756,-0.0018565868523756455,-0.028042257709004592,-0.028062098978845863,0.0054848837588844235,0.005465042489043154,0.015376917115013378,0.014857075845172108,0.002281799781083553,0.002261958511242283,0.02069937577410008,0.02067953450425881,0.002500205702245517,0.002480364432404247,-0.014737175200877528,-0.014757016470718799,-0.004567245424642152
2023-07-24,-0.0066571901656215585,-0.006677031435462828,0.00829237464933379,0.00767253337949252,-0.002028165930358629,-0.002048007200199899,0.003395435419620111,0.0029470227212074125,-0.003723766969046971,-0.003743608238888241,0.00829237464933379,0.00767253337949252,-0.0041495567154690785,-0.004169397985310348,0.011634706533641404,0.011114865263800134,0.0006407013947261828,0.000620860124884913,-0.023197914911843587,-0.023717756181684858,-0.00296413260968402,-0.00298397387952529,-0.010679779599580885,-0.011199620869422154,-0.002583770167267456,-0.002603611437108726,0.01186726202643474,0.01124742075659347,-0.004192511005724153
2023-07-25,0.006837301406626778,0.006817460136785508,0.011335532118818038,0.010315690848976768,0.002035270739059597,0.002015429469218327,0.016602363741464503,0.01536030024940101,0.003963050557257652,0.003943209287416383,0.011335532118818038,0.010315690848976768,0.007891054190360874,0.007871212920519604,-0.0005569220758309124,-0.0010767633456721822,0.00889824118399627,0.008878399914155,0.011791868047739018,0.011772026777897748,0.005484407349271733,0.005464566079430464,0.010908764712891816,0.009388923443050546,-0.003652423911217305,-0.003672265181058575,-0.008069741063429076,-0.008339582333270347,0.003934849462567724
2023-07-26,-0.011800167747783329,-0.011820009017624599,0.019323665620802677,0.01913715768429474,-0.012300280610326335,-0.012320121880167605,0.012235468230637642,0.012033808778978191,-0.008594862590631129,-0.0086147038604724,0.019323665620802677,0.01913715768429474,-0.020316063362180517,-0.020335904632021787,0.013959227526834673,0.013739386256993403,-0.012632385587945827,-0.012652226857787097,-0.0022586551441388294,-0.0026118297473134325,-0.008245698939693971,-0.008265540209535242,0.025063578188202505,0.0245104035850279,-0.0074421825095093985,-0.007462023779350668,0.017602034005963774,0.017582192736122503,-0.002223376500141927
2023-07-27,0.008468724989246668,0.008448883719405397,0.0029996229882095493,0.0029797817183682793,0.0010720198321710062,0.0010521785623297363,-0.0003076078528575204,-0.0003274491226987902,0.006296745628160683,0.006276904358319413,0.0029996229882095493,0.0029797817183682793,0.0030219112887731117,0.0030020700189318417,-0.004859641023991656,-0.004879482293832926,0.0024639806439199913,0.0024441393740787212,0.0042033315627703904,0.003933490292929121,0.005393944178702786,0.005374102908861517,0.0027905617668609137,0.0027707204970196437,0.000790967091506424,0.0007711258216651542,-0.006520829598392881,-0.006826385153948436,0.010952590184538646
2023-07-28,0.004265942122126887,0.004246100852285617,0.03163566440105583,0.03161582313121456,0.003341717661764311,0.003321876391923041,0.020977585076769355,0.020957743806928084,0.011691382336328604,0.011671541066487334,0.03163566440105583,0.03161582313121456,-0.0017843508235239336,-0.0018041920933652034,0.018108457183163163,0.018088615913321893,-0.00031980642989311303,-0.00033964769973438285,0.016738226670746564,0.016385052067571963,0.002011487553161412,0.0019916462833201418,0.005939205242158029,0.005669363972316759,-0.0005573280333389941,-0.0005771693031802639,0.006459236142624031,0.006314394872782761,-0.02428955019680956
2023-07-31,-0.0011573662684959685,-0.0011772075383372383,0.0067724951679482715,0.006109796755249859,0.0005585396892238553,0.0005386984193825855,0.0338757830008068,0.033772608397632194,0.0003286205807937967,0.0003087793109525269,0.0067724951679482715,0.006109796755249859,-0.0054839215259379,-0.00550376279577917,-0.01134478551552017,-0.012531293452028107,-0.010459395881095394,-0.010479237150936665,0.001080415259567165,0.0007272406563925618,-0.000999045863239928,-0.0010188871330811978,0.012390436802888056,0.012370595533046785,-0.0030334813077777037,-0.0030533225776189737,-0.0002584895387371968,-0.0005894419196895778,-0.008613755516085786
2023-08-01,0.0006224571693117659,0.000602615899470496,-0.013489955656335142,-0.014143130259509746,-0.0033400189136507247,-0.0033598601834919947,-0.010532828847813622,-0.01062959319457797,0.0003299106779237407,0.00031006940808247087,-0.013489955656335142,-0.014143130259509746,-0.006663537388226053,-0.006683378658067322,0.0009971085327701926,0.00033441012007177993,0.001543250002123131,0.0015234087322818612,-0.010408675747239787,-0.0105713741599382,-0.004068881610435789,-0.004088722880277058,0.0027090309252229966,0.0023141896553817267,-0.004358548214894842,-0.004378389484736111,-0.0032888947980111057,-0.003575402734519042,-0.008126579673575995
2023-08-02,-0.0008318406905085743,-0.0008516819603498441,-0.014813772404051594,-0.01500028034055953,-0.0017765510864161116,-0.0017963923562573814,-0.008091783776962652,-0.008683053618232493,-0.0029763540261874416,-0.0029961952960287116,-0.014813772404051594,-0.01500028034055953,-0.00807427401533961,-0.008094115285180881,-0.002218100339766299,-0.0023629416096075688,0.008877018880480404,0.008857177610639134,0.014879134396373207,0.014159293126531938,-0.005434837823259667,-0.005454679093100936,0.009009875844017731,0.00899003457417646,0.003716381543032485,0.0036965402731912148,-0.009913997817293747,-0.010167605320901251,-0.025043916136247457
2023-08-03,0.009653956238605849,0.009634114968764578,-0.0016063211384203125,-0.0019530854851846592,0.004398795709158389,0.004378954439317119,0.003336116351697449,0.003316275081856179,0.004807833206171293,0.004787991936330023,-0.0016063211384203125,-0.0019530854851846592,0.010211505811196488,0.010191664541355217,0.007845576118801649,0.007714623737849268,0.0132094056109223,0.013189564341081029,0.001720994207875067,0.0016102438471247062,0.010334952975054865,0.010315111705213594,0.011660682958826066,0.011640841688984795,-8.150415730298621e-05,-0.00010134542714425605,-0.01662352344610111,-0.01664336471594238,-0.010120022888056801
2023-08-04,0.0023782145334478796,0.0023583732636066096,-0.0047601801272462805,-0.004851449968516121,0.01229178227084949,0.01227194100100822,-0.009809884333636634,-0.009829725603477904,0.011115233194994002,0.011095391925152732,-0.0047601801272462805,-0.004851449968516121,-0.0009432409682175666,-0.0009630822380588364,-0.007913966149565337,-0.007933807419406608,0.0009600973418784978,0.000940256072037228,0.00011091440294860866,9.107313310733882e-05,-0.0033584279920927315,-0.0033782692619340015,0.003886886282965272,0.003755933902012891,0.0017048367130899147,0.001684995443248645,-0.012361202503274337,-0.01246437710644894,-0.009586717274305045
2023-08-07,-0.0024891095552981163,-0.0025089508251393863,0.0050104948809614434,0.004790653611120173,0.0018478320790887293,0.0018279908092474594,-0.001764376587424286,-0.0019842178572655558,-0.000880708611397614,-0.0009005498812388838,0.0050104948809614434,0.004790653611120173,0.001719058595438222,0.0016992173255969522,0.015855207275235293,0.015835366005394022,0.011403280921745154,0.011383439651903884,0.001260935343782679,0.0010744274072747423,0.0029443117686798054,0.0029244704988385353,-0.0018576288928831754,-0.0018774701627244453,-0.007470095937180593,-0.007489937207021863,0.0044066855902469785,0.004261844320405709,-0.0017321511997072658
2023-08-08,-0.007109439386604827,-0.007129280656446096,-0.004552599243911073,-0.005014107180419009,-0.005354041442287377,-0.005373882712128647,0.0009966440948204688,0.0007434694916458656,-0.0066142878983750375,-0.006634129168216307,-0.004552599243911073,-0.005014107180419009,-3.558198256285727e-05,-5.5423252404127114e-05,-0.007377883646478043,-0.0077310582496526465,3.009771834865116e-06,-1.6831498006404725e-05,0.0032205548469927438,0.002974523100960998,0.004616012895427811,0.004596171625586541,0.0006655506755309046,0.00031237607235630146,-0.002822267815323784,-0.002842109085165054,-0.0037692907168933067,-0.003989131986734577,0.012722624808262806
2023-08-09,-0.010331263921126217,-0.010351105190967488,-0.0027148490532149768,-0.0028458014341673577,0.00476894043690021,0.00474909916705894,-0.012909477069659626,-0.013179318339500895,-0.011284495798242068,-0.011304337068083339,-0.0027148490532149768,-0.0028458014341673577,-0.0045839181233630205,-0.00460375939320429,0.009197368898640177,0.008995709446980726,-0.004346798698394265,-0.004366639968235535,-0.009315280754917603,-0.009335122024758873,-0.0047276504775157005,-0.00474749174735697,-0.006289714957449093,-0.006409556227290363,0.005363154030392531,0.005343312760551261,0.0014471962000227514,0.001119662622489174,-0.0022156671630977343
2023-08-10,0.0027966751036426415,0.0027768338338013715,-0.018447241901949244,-0.018711401353608697,0.008785082392451342,0.008765241122610071,-0.014310660750190142,-0.014593002020031411,-0.0002692613600692381,-0.00028910262991050793,-0.018447241901949244,-0.018711401353608697,-0.003974400336866753,-0.003994241606708022,-0.01194877093539266,-0.01236861220523393,0.0031315278944135244,0.0031116866245722544,-4.14785748553536e-05,-0.0004382429216197004,0.007098494595228176,0.0070786533253869065,-0.0004709093517579494,-0.0008316597125083102,-0.0013043362401910577,-0.0013241775100323275,-0.013728119426268854,-0.013890817838967267,-0.010858950922982613
2023-08-11,0.007680178698965784,0.007660337429124514,0.008992085756947295,0.008888911153772692,0.006937177630226533,0.006917336360385264,-0.005980558631862001,-0.00600039990170327,0.0030207302565852592,0.003000888986743989,0.008992085756947295,0.008888911153772692,0.005510126570535387,0.005490285300694117,0.014381752120700482,0.014361910850859212,0.006300188607399462,0.006280347337558193,-0.004193387869568941,-0.0042132291394102106,0.003808544449358603,0.003788703179517333,0.003788686321557545,0.0037688450517162748,0.0007250853575238164,0.0007052440876825466,0.00496121924313104,0.00494137797328977,-0.00014649995334892196
2023-08-14,-0.006774262838320021,-0.00679410410816129,-0.00021123150332499896,-0.0002310727731662688,-0.015302037197517153,-0.015321878467358423,-0.004962892560532443,-0.004982733830373713,-0.009315669413646144,-0.009335510683487414,-0.00021123150332499896,-0.0002310727731662688,-0.004708546668953123,-0.004728387938794393,-0.0013332907649678642,-0.001353132034809134,-0.002941854215156893,-0.002961695484998163,0.0066535902597071464,0.006633748989865877,-0.011059637592396462,-0.011079478862237733,-0.003891960683754318,-0.003911801953595587,-0.005046387717979092,-0.005066228987820362,0.008993556122670766,0.008973714852829495,0.012020909835854798
2023-08-15,-0.002893551244922403,-0.002913392514763673,-0.004653328034131858,-0.004808915910307969,0.006649476200720365,0.006629634930879096,-0.004656229123729342,-0.004825803013891468,-0.002181083698203086,-0.002200924968044356,-0.003695204538614132,-0.00390307999648959,-0.007023040296481493,-0.007042881566322763,0.0011473168553946976,0.0009736294317072738,0.006464074472315957,0.006444233202474688,0.0038401949159146322,0.003820353646073362,-0.004444065607797705,-0.004463906877638975,-0.006230161862264218,-0.006514960397062753,-0.004484874835379682,-0.0045047161052209515,-0.01104429524838432,-0.011197469851558922,-0.01025554697726383
2023-08-16,-0.0018985128867301596,-0.0019183541565714294,-0.0022667663507862507,-0.0022866076206275207,0.0028066980875353573,0.0027868568176940872,-0.008972009388235693,-0.009262683991410297,-0.005230923992224801,-0.00525076526206607,-0.0016877796218125428,-0.0017076208916538126,0.0016932360509722133,0.0016733947811309435,0.008118439729073484,0.008098598459232213,0.0034825098277979014,0.0034626685579566313,-0.00032994126966385054,-0.0004608936506162315,-0.0014868810188081727,-0.0015067222886494425,-0.000335626139882814,-0.0005268959811526553,-0.003447559215545154,-0.003467400485386424,-0.005270750439138511,-0.005506937862825935,-0.009536323723135953
2023-08-17,0.003642433955957154,0.003622592686115884,-0.0006487317774243385,-0.0008019063805989417,-0.0039037461004520907,-0.00392358737029336,-0.007665186290919708,-0.00782788470361812,0.0010089424699827529,0.000989101200141483,-0.0010225465604827202,-0.00116738783032399,-0.004828678514685443,-0.004848519784526713,-0.0031061921147926093,-0.0032093667179672125,-0.0065583914036466615,-0.006578232673487931,0.011332213728948985,0.011229039125774382,-0.004579125846515757,-0.004598967116357026,0.00013817337605746932,4.140902929312256e-05,-0.011921990676516371,-0.011941831946357642,-0.0010872591324412742,-0.0013332908784730202,0.006624038552016431
2023-08-18,0.011309092827421131,0.011289251557579861,0.003216313591865631,0.003196472322024361,0.009456509375583809,0.009436668105742538,-0.0036665850736374156,-0.0037633494204017625,0.012561526118953496,0.012541684849112226,0.0043906061157967715,0.004370764845955502,0.005967090445022208,0.005947249175180938,-0.00583442128062492,-0.00585426255046619,0.003860566989961775,0.003840725720120505,-0.004427762050296553,-0.004669825542360046,0.00392058096597573,0.00390073969613446,-0.0026634368443804474,-0.002774187205130808,0.006100383221713558,0.0060805419518722885,-0.007679066802789498,-0.007841765215487911,-0.0019568972730388268
2023-08-21,-0.00047118586502240684,-0.0004910271348636766,-0.00452819301936036,-0.004869462860630201,-0.013078876434861969,-0.01309871770470324,-0.00018020301198824057,-0.0005442001259853545,-0.004442427874167397,-0.004462269144008667,-0.004308838506969521,-0.004630877579008593,-0.0035372798551822626,-0.0035571211250235327,0.004232628807050836,0.004121878446300476,0.0014968892150987942,0.0014770479452575244,-0.0018608009508704754,-0.001971551311620836,0.0014900968373247059,0.001470255567483436,0.007086087165556293,0.00698291256238169,-0.005856120517785668,-0.0058759617876269375,0.007444158289381577,0.0070909836862069735,0.007602331597804213
2023-08-22,-0.007672931934339204,-0.007692773204180474,0.001978068086565036,0.0018813037398006892,-0.0017205281536065362,-0.001740369423447806,0.0077939924814128874,0.007385262322682729,-0.008102678815581708,-0.008122520085422979,0.001049581872896277,0.0009528175261319301,-0.003077654064467132,-0.003097495334308402,-0.008765234126112601,-0.009007297618176093,0.0026751137474790715,0.0026552724776378015,0.007204414616735076,0.007184573346893807,0.006597012516904616,0.006577171247063346,0.007802661356856304,0.007360597864792812,-0.0003636397114832324,-0.0003834809813245022,0.0025704144891954797,0.002473650142431133,0.0003298852902517968
2023-08-23,0.0010391365227473415,0.0010192952529060717,0.0005937246467005112,0.0004072167101925747,-0.014188147764002686,-0.014207989033843956,0.0065690158648797166,0.006174174595038447,-0.003488773433512664,-0.003508614703353934,-0.002067504450843515,-0.0022411918745309386,0.003789842451309401,0.003770001181468131,-0.005151469008645146,-0.005393532500708638,-0.006217843416600165,-0.006237684686441434,0.0037770438312587067,0.003657202561417437,-0.006917951687440242,-0.006937792957281512,-0.002561104807938844,-0.002905946077780114,-0.006473471482004493,-0.006493312751845763,0.009332588039792021,0.009235823693027674,0.008198300128985148
2023-08-24,-0.007524726788254298,-0.007544568058095567,-0.0015154521623256898,-0.0015352934321669596,-0.0013021928274065467,-0.0013220340972478165,-0.010323347277337813,-0.010343188547179083,-0.008702717109773786,-0.008722558379615056,-0.003064893413626155,-0.003084734683467425,-0.0006668705003989653,-0.0006867117702402351,-0.0009446374542899164,-0.0009644787241311862,-0.00023164430063942615,-0.00025148557048069596,-0.004195506172774729,-0.00432645855372711,-0.010355789454247151,-0.010375630724088421,-0.011127765660187028,-0.011147606930028298,-0.004832118973756287,-0.004851960243597557,0.006673835678993304,0.006472176227333852,-0.010905859254446981
2023-08-25,-0.004083948364872199,-0.0041037896347134685,-0.002506297835662444,-0.002526139105503714,0.004124868831991771,0.004105027562150501,0.0019518841764861877,0.001932042906644918,-0.0019510085069499514,-0.0019708497767912214,-0.001517912216675965,-0.001537753486517235,0.0016320529734117628,0.001612211703570493,1.7026279037431896e-05,-2.814990803837945e-06,-0.004551319928187636,-0.004571161198028906,0.010006807488139377,0.009861966218298107,-0.012094221136232548,-0.012114062406073819,-0.0022742551986135798,-0.0024369536113119923,-0.001064963406423855,-0.0010848046762651248,-0.004611694254869737,-0.004731535524711007,0.0003470688413289569
2023-08-28,0.010236006358333993,0.010216165088492723,0.005601732428395518,0.005407648734311823,0.0003189931640309937,0.0002991518941897239,0.006263194062628484,0.006100495649930071,0.00679436164588923,0.00677452037604796,0.0049854269705482766,0.0047989190340403404,0.003875528355610662,0.003855687085769392,0.0147724395578092,0.01437759828796793,0.011987944072222319,0.011968102802381048,0.01366511041258789,0.013359554857032335,0.0007420053337883342,0.0007221640639470644,-0.00035924812669510444,-0.00037908939653637425,0.00032833413546088513,0.0003084928656196153,-0.00235684759428219,-0.002571133308567904,-0.001837590157994562
2023-08-29,-9.012291817135643e-06,-2.8853561658405484e-05,-0.004437168118941249,-0.00492291847969161,0.012135257903016186,0.012115416633174916,-0.011706353234733928,-0.011892861171241864,0.001255156175660667,0.001235314905819397,-0.005797113860545039,-0.006241197554628733,0.00018092309596406952,0.00016108182612279968,-0.0016958619244546325,-0.0021918936704863785,3.504268520878456e-05,1.5201415367514722e-05,-0.010933143859982248,-0.011119651796490184,0.0022280869630074973,0.0022082456931662273,-0.014275756678637739,-0.014724169377050437,0.003015715580596219,0.002995874310754949,-0.008557656494971031,-0.008793406855721391,-0.012894800165145437
2023-08-30,-0.0027318495644872084,-0.0027516908343284785,-0.010757517569974413,-0.011110692173149016,0.007037765797481457,0.007017924527640188,-0.010407437121531582,-0.010827278391372852,-0.002536028088989617,-0.002555869358830887,-0.005104247592536068,-0.0054098031480916235,-0.01214254274170825,-0.01216238401154952,-0.0009360951822804577,-0.0011226031187883943,-0.006986268293415865,-0.0070061095632571345,-0.01547684562860913,-0.016830020231783732,-0.0025539908840652853,-0.0025738321539065553,0.0005326897159905683,0.0005128484461492985,0.004620779426471273,0.004600938156630004,0.0027775497639710833,0.0025148513512726705,-0.01671825742655564
2023-08-31,-0.00021968859727589107,-0.00023952986711716091,0.002933464731794389,0.0026136234619531192,0.003641807508735141,0.003621966238893871,-0.00678088670028738,-0.00680072797012865,-0.000656811057325131,-0.0006766523271664008,0.001459246769814038,0.0011727388333061016,0.006108356509368099,0.006088515239526829,-0.01014582334758364,-0.01036566461742491,0.00019166288010220162,0.00017182161026093177,0.005641633757018408,0.005121792487177138,-0.0030045311674973263,-0.0030243724373385963,-0.008250945284392408,-0.008270786554233679,-0.0009950621689600453,-0.001014903438801315,-0.006062658298814862,-0.006082499568656132,0.008023239388021297
2023-09-01,0.006202704447627758,0.006182863177786488,0.011526484221742855,0.011256642951901586,0.003910357704998486,0.0038905164351572164,-0.0009120366604937098,-0.0009318779303349796,0.006952672376639636,0.006932831106798367,0.01116451727926795,0.01094467600942668,0.009137172701403962,0.009117331431562691,-0.03606939827721879,-0.03608923954706006,0.0077030573354251106,0.007683216065583841,-0.007366521086963192,-0.0073863623568044615,0.003360651247980559,0.003340809978139289,-0.0015103507216920754,-0.001696858658200012,0.0013487893801740827,0.001328948110332813,0.002983179580176901,0.0027966716436689646,-0.003380476204397742
2023-09-04,0.0033784074268421033,0.0007335661570008331,0.003324567741568002,0.003193615360615621,0.007851326710188539,0.004456485440347269,0.007395499032335574,0.007264546651383193,0.0029886631167701933,0.0005938218469289233,6.07441355797711e-05,-7.020824537260986e-05,-0.0013213908015738893,-0.00521623207141516,-0.013260124162860827,-0.013279965432702098,-0.002371344410173365,-0.005391185680014635,0.020341002420703948,0.02012116115086268,0.0014032656607601002,-0.00174157560908117,0.005703678731019195,0.0056838374611779255,0.006400626076233637,0.002630784806392367,0.007917833775913072,0.007786881394960692,-0.010765083098120742
2023-09-05,-0.011191622039447076,-0.011211463309288346,-0.006953186733706707,-0.00780636133688131,-0.0168310300493262,-0.01685087131916747,-0.004283978847292674,-0.004678820117133944,-0.014819989216974833,-0.014839830486816103,-0.010039152142702049,-0.010808993412543318,-0.006109529415984062,-0.006129370685825332,-0.029729430038743822,-0.030249271308585093,-0.016376932953421658,-0.01639677422326293,-0.023695665295969143,-0.02496550656581041,-0.011393123248226382,-0.011412964518067652,-0.006659739357934365,-0.007079580627775635,-0.003656811818370527,-0.003676653088211797,-0.005889671335327233,-0.006195226890882788,-0.0005779683061565288
2023-09-06,-0.007101700219025668,-0.007121541488866938,0.004726554161388407,0.004506712891547137,-0.007126702887770453,-0.007146544157611723,0.005710288243636194,0.00535711364046159,-0.0075417320403128665,-0.007561573310154136,0.004409503713027296,0.0041896624431860255,-0.005838350260217021,-0.00585819153005829,0.002812825866588006,0.0021263179300800693,0.00023924290545038196,0.00021940163560911212,0.01122325067215757,0.0112034094023163,-0.0025771755059470214,-0.0025970167757882914,-0.00147292525409266,-0.00169276652393393,-0.004936498094149699,-0.004956339363990969,-0.00481449010969009,-0.00578433137953136,0.012888207430842291
2023-09-07,-0.0060940261054389724,-0.006113867375280242,-0.009565433041563137,-0.010751940978071074,-0.002913689977751009,-0.002933531247592279,0.0044819315196696075,0.0036287569164950044,-0.005621426683547502,-0.005641267953388772,-0.006298813022881194,-0.007318654292722463,0.0016138068341121914,0.0015939655642709216,0.0001801602356368663,0.00016031896579559647,0.003229814692295753,0.003209973422454483,-0.020997818511142574,-0.024017659780983844,0.0017593264169863884,0.0017394851471451186,0.00014080061833436283,-0.0007957073181735736,-0.00047196886116976366,-0.0004918101310110335,-0.013312230506916007,-0.01391540511009061,-0.0246081162990911
2023-09-08,0.004142609452281162,0.004122768182439893,0.022688633018960347,0.022168791749119076,0.0037044739072565475,0.0036846326374152774,-0.0016644617420164542,-0.001684303011857724,-0.00047010846268972367,-0.0004899497325309935,0.01882829797499615,0.01830845670515488,0.00036131308616683955,0.00034147181632556973,-0.0033218902720147207,-0.0033417315418559908,0.010220257027093477,0.010200415757252206,0.0236964214147789,0.02367658014493763,0.004652848147772205,0.004633006877930936,0.018711897121912225,0.018692055852070955,-0.0015631762804196175,-0.0015830175502608874,-0.0002140583162608678,-0.00023389958610213764,-0.015983025588936606
2023-09-11,0.002369566591806975,0.002349725321965705,0.015065601767394576,0.015045760497553306,-0.004801288899702771,-0.004821130169544041,0.0024803815668911766,0.0024605402970499066,0.002162970461689291,0.002143129191848021,0.01965494675844226,0.01963510548860099,0.000512012864537989,0.0004921715946967192,0.004472717747747416,0.004452876477906147,0.007434380385687625,0.0074145391158463555,0.012229063208304525,0.012209221938463254,0.008626056673804117,0.008606215403962846,0.015854316853910738,0.015834475584069467,0.004162517867696516,0.004142676597855247,0.0090955663153194,0.00907572504547813,-0.009671750860847927
2023-09-12,-0.006035575041358682,-0.006055416311199951,-0.016884883693021324,-0.018904724962862593,-0.005903304290267135,-0.005923145560108404,-0.015031240072061303,-0.015884414675235905,-0.009276911335417387,-0.009296752605258658,-0.016884883693021324,-0.019904724962862594,-0.004016987057920134,-0.004036828327761403,0.0011009554259633347,-0.0009188858438779353,-0.0033576511585032415,-0.0033774924283445115,0.010926873004422522,0.010907031734581251,-0.005589439472946593,-0.005609280742787863,-0.0027313886788172814,-0.0042512299486585515,0.0015767574394929679,0.001556916169651698,-0.004704005165480456,-0.0055571797686550595,0.016552967533923768
2023-09-13,-0.0018802995067571729,-0.0019001407765984427,0.017449242463573822,0.01742940119373255,-0.0072605953561243955,-0.007280436625965665,0.006428320849697355,0.004908479579856085,-0.0032818894611941762,-0.0033017307310354463,0.017449242463573822,0.01742940119373255,-0.00478617532249298,-0.00480601659233425,0.014367745819874989,0.014347904550033718,0.0035295498918683707,0.0035097086220271007,0.029972815108922246,0.029952973839080976,-0.0005780058271964289,-0.0005978470970376987,0.0287453578069079,0.026725516537066632,0.00283266686169574,0.00281282559185447,0.0363295977586785,0.03580975648883723,0.003588456812112284
2023-09-14,0.010596143438892654,0.010576302169051383,0.02916180016094172,0.02914195889110045,0.005846619592806135,0.005826778322964865,0.014511975604261096,0.014492134334419825,0.008064379025334745,0.008044537755493474,0.02916180016094172,0.02914195889110045,0.00903243492171324,0.009012593651871969,0.0014835909525268143,0.0014637496826855445,0.008295976460339513,0.008276135190498243,-0.009706129811767772,-0.009725971081609042,0.013503633231117008,0.013483791961275738,-0.00044382659156561033,-0.00046366786140688014,0.00486117201611122,0.004841330746269951,-0.01582013268289928,-0.01583997395274055,0.008920489645073415
2023-09-15,-0.003069460216655273,-0.003089301486496543,-0.03629411654077097,-0.03631395781061224,0.0007367329203439993,0.0007168916505027295,-0.07070496289621642,-0.07172480416605768,-0.009319295566627639,-0.00933913683646891,-0.03629411654077097,-0.03631395781061224,0.005810557613421981,0.005790716343580711,0.0030653845365665733,0.0030455432667253033,0.0009000751360398254,0.0008802338661985556,0.0,0.0,-0.005105314006761508,-0.005125155276602777,-0.019325812104180717,-0.019345653374021988,-0.004608401110926169,-0.004628242380767439,0.013109759633710694,0.013089918363869423,-0.012061770110388448
2023-09-18,0.0037776825868093486,0.0037578413169680786,-0.022657400324777477,-0.022677241594618747,-0.0043011181054965555,-0.004320959375337825,0.039686087007224424,0.03966624573738316,0.00976272080815551,0.00974287953831424,-0.022657400324777477,-0.022677241594618747,0.0034724736880395457,0.0034526324181982757,0.008717971933531854,0.008698130663690583,-0.008936868163660877,-0.008956709433502148,0.0,0.0,-0.005103545758094734,-0.005123387027936003,-0.022657400324777477,-0.022677241594618747,0.007953583691014177,0.007933742421172906,0.008717971933531854,0.007698130663690584,-0.011834894627975823
2023-09-19,-0.0021962199168410745,-0.0022160611866823446,0.011793051372113394,0.011773210102272124,0.0029865890388757685,0.0029667477690344985,0.006021575624791442,0.0060017343549501724,-0.004619016919545693,-0.004638858189386963,0.011793051372113394,0.011773210102272124,-0.004831348704659982,-0.004851189974501252,-0.013548922276617081,-0.013568763546458352,-0.0006935050373837598,-0.0007133463072250296,0.0,0.0,-0.0007255711752259253,-0.0007454124450671951,0.011793051372113394,0.011773210102272124,-0.0038169237665826306,-0.0038367650364239006,-0.013548922276617081,-0.013568763546458352,0.005405950883949906
2023-09-20,0.0011911447568618769,0.001171303487020607,0.0,0.0,0.00795078345541795,0.007930942185576679,0.0,0.0,0.0012560568642635273,0.0012362155944222574,0.0,0.0,-0.0036140995182726635,-0.0036339407881139335,0.0,0.0,0.0010796156486383712,0.0010597743787971014,0.0,0.0,-0.0026992746252570074,-0.0027191158950982774,0.0,0.0,0.004405482311150163,0.004385641041308894,0.0,0.0,0.001121017640289823
2023-09-21,-0.0027648783905333263,-0.0027847196603745963,0.0,0.0,0.007360573840528184,0.007340732570686914,0.0,0.0,-0.0027126455608672065,-0.0027324868307084765,0.0,0.0,-0.004256887825103792,-0.004276729094945061,0.0,0.0,0.004253659919817139,0.0042338186499758694,0.0,0.0,0.0060278410685550635,0.006007999798713794,0.0,0.0,-0.003255748595981524,-0.003275589865822794,0.0,0.0,0.006516127007505368
2023-09-22,-0.000450704095138095,-0.0004705453649793648,0.0,0.0,-0.006434892160386743,-0.006454733430228013,0.0,0.0,-0.001049726237586493,-0.0010695675074277628,0.0,0.0,0.0016986119645888698,0.0016787706947476,0.0,0.0,0.005308897318309191,0.005289056048467922,0.0,0.0,-0.005083931978725607,-0.005103773248566877,0.0,0.0,-0.005891735311748816,-0.005911576581590086,0.0,0.0,-0.001584380900212956
2023-09-25,-0.01586633835987808,-0.01588617962971935,0.0,0.0,-0.005598366086448411,-0.005618207356289681,0.0,0.0,-0.012379296475996414,-0.012399137745837684,0.0,0.0,-0.007867392619465528,-0.007887233889306799,0.0,0.0,-0.0002291750699321901,-0.0002490163397734599,0.0,0.0,-0.002828407401776506,-0.002848248671617776,0.0,0.0,-0.0073623442297597805,-0.00738218549960105,0.0,0.0,0.0035395809910008236
2023-09-26,-0.006626771332759532,-0.006646612602600801,0.0,0.0,-0.0024876469709850385,-0.0025074882408263085,0.0,0.0,-0.006547458750112589,-0.006567300019953859,0.0,0.0,-0.001732764724008587,-0.0017526059938498568,0.0,0.0,0.003711238738031142,0.0036913974681898718,0.0,0.0,-0.0013790075493098838,-0.0013988488191511537,0.0,0.0,-0.003792554926943144,-0.003812396196784414,0.0,0.0,0.0022193099339562483
2023-09-27,-0.010431522898609005,-0.010451364168450276,0.0,0.0,-0.007791247058321689,-0.0078110883281629585,0.0,0.0,-0.012017451447178022,-0.012037292717019293,0.0,0.0,-0.006203376911689429,-0.0062232181815306984,0.0,0.0,-0.0034245167086329603,-0.0034443579784742303,0.0,0.0,-0.0066056618719313245,-0.006625503141772594,0.0,0.0,-0.009305980706372625,-0.009325821976213896,0.0,0.0,0.009035441279934275
2023-09-28,0.008427609520635655,0.008407768250794385,0.0,0.0,0.0026068043411789227,0.0025869630713376526,0.0,0.0,0.009454095322530456,0.009434254052689186,0.0,0.0,0.013135134580647752,0.013115293310806481,0.0,0.0,-0.009322709641815238,-0.009342550911656509,0.0,0.0,0.007485926959634709,0.007466085689793439,0.0,0.0,-0.00017140766148548287,-0.0001912489313267527,0.0,0.0,0.009357091101389159
2023-09-29,0.0030525680586073745,0.0030327267887661044,0.0,0.0,0.001185295852279493,0.001165454582438223,0.0,0.0,-0.0004086308860884111,-0.0004284721559296809,0.0,0.0,0.009769323479359736,0.009749482209518465,0.0,0.0,0.00022658264597075206,0.00020674137612948222,0.0,0.0,-0.0021484237045776497,-0.0021682649744189197,0.0,0.0,-0.007340774409753205,-0.0073606156795944745,0.0,0.0,-0.017338591938309444
2023-10-02,0.001858693431909371,0.001838852162068101,0.0,0.0,-0.012531271647709757,-0.012551112917551028,0.0,0.0,0.007247435455974373,0.007227594186133103,0.0,0.0,-0.00680122372553317,-0.00682106499537444,0.0,0.0,-0.012807416087717044,-0.012827257357558314,0.0,0.0,-0.005420742600626319,-0.005440583870467588,0.0,0.0,-0.004110061857850365,-0.004129903127691635,0.0,0.0,-0.024239954108749462
2023-10-03,-0.0002270786496472929,-0.0002469199194885627,0.0,0.0,-0.003135135237165694,-0.003154976507006964,0.0,0.0,-0.0005024828192981071,-0.0005223240891393769,0.0,0.0,0.0013541650344446599,0.00133432376460339,0.0,0.0,-0.0009899078162637145,-0.0010097490861049844,0.0,0.0,0.0038506209950692205,0.0038307797252279505,0.0,0.0,-0.0048917028796712225,-0.004911544149512492,0.0,0.0,0.011499199374166658
2023-10-04,0.004134140248612181,0.004114298978770911,0.0,0.0,0.0024886911318414487,0.0024688498620001787,0.0,0.0,0.0003094578641816906,0.00028961659434042076,0.0,0.0,3.716662113138758e-05,1.7325351290117737e-05,0.0,0.0,-0.0038197001310706705,-0.0038395414009119405,0.0,0.0,-0.005526674334897605,-0.0055465156047388746,0.0,0.0,0.0014586388574530165,0.0014387975876117467,0.0,0.0,0.013544976025881228
2023-10-05,0.0006344584280745386,0.0006146171582332687,0.0,0.0,-0.0022140021448156175,-0.0022338434146568875,0.0,0.0,0.0018076495375961982,0.0017878082677549284,0.0,0.0,-0.004804486046790443,-0.004824327316631713,0.0,0.0,-0.003216674031624775,-0.003236515301466045,0.0,0.0,-0.0025376944557052653,-0.0025575357255465353,0.0,0.0,-0.0005802413445304688,-0.0006000826143717386,0.0,0.0,-0.010746853214646745
2023-10-06,-0.001954883010645163,-0.001974724280486433,0.0,0.0,-0.00933973615707559,-0.00935957742691686,0.0,0.0,-0.0012732994375484752,-0.001293140707389745,0.0,0.0,0.004817587771538054,0.004797746501696784,0.0,0.0,-0.008798611890665907,-0.008818453160507177,0.0,0.0,-0.0038956818216480116,-0.003915523091489281,0.0,0.0,0.006014615923693914,0.005994774653852644,0.0,0.0,-0.019978189472002028
2023-10-09,-0.003427299675892996,-0.003447140945734266,0.0,0.0,-0.0008225207090490905,-0.0008423619788903603,0.0,0.0,-0.00694985614183298,-0.00696969741167425,0.0,0.0,0.00043590565134779546,0.00041606438150652565,0.0,0.0,-6.14143694567873e-05,-8.125563929805714e-05,0.0,0.0,-0.006552701906933217,-0.006572543176774487,0.0,0.0,0.0036483716559492993,0.0036285303861080293,0.0,0.0,0.00156938303107923
2023-10-10,0.004721840236217349,0.00470199896637608,0.0,0.0,-0.008092863621734829,-0.0081127048915761,0.0,0.0,0.004642667487185538,0.0046228262173442685,0.0,0.0,-0.005684153643571346,-0.005703994913412616,0.0,0.0,-0.003941372714052767,-0.0039612139838940364,0.0,0.0,0.0016661249837310113,0.0016462837138897415,0.0,0.0,-0.0026493903191997653,-0.0026692315890410353,0.0,0.0,0.010719220489855852
2023-10-11,-0.005785163050555722,-0.005805004320396992,0.0,0.0,-0.011868351481131793,-0.011888192750973064,0.0,0.0,-0.004318267866904757,-0.0043381091367460265,0.0,0.0,-0.0008006631358350655,-0.0008205044056763353,0.0,0.0,0.008939766018477437,0.008919924748636166,0.0,0.0,-0.00290637829722349,-0.00292621956706476,0.0,0.0,0.003236284719044122,0.003216443449202852,0.0,0.0,0.02025353974677735
2023-10-12,0.0017137291374219668,0.001693887867580697,0.0,0.0,-0.004413034396668264,-0.0044328756665095335,0.0,0.0,0.0018895799806535538,0.001869738710812284,0.0,0.0,-0.004332095110057811,-0.004351936379899081,0.0,0.0,0.003138970688936246,0.003119129419094976,0.0,0.0,-0.00016624117684755496,-0.0001860824466888248,0.0,0.0,0.000767580441546907,0.0007477391717056372,0.0,0.0,0.006159273293115941
2023-10-13,-0.012111114858272064,-0.012130956128113334,0.0,0.0,-0.0011795183830310071,-0.001199359652872277,0.0,0.0,-0.012676076556850754,-0.012695917826692025,0.0,0.0,-0.01927257275445747,-0.01929241402429874,0.0,0.0,-0.006744370285395401,-0.006764211555236671,0.0,0.0,-0.012902426663647826,-0.012922267933489096,0.0,0.0,-0.0037101758137010957,-0.0037300170835423657,0.0,0.0,-0.003608883662442608
2023-10-16,-0.008284403995958763,-0.008304245265800033,0.0,0.0,-0.009948222141613332,-0.009968063411454602,0.0,0.0,-0.006136242614993952,-0.006156083884835221,0.0,0.0,-0.0054770949629149995,-0.005496936232756269,0.0,0.0,-0.011411627432930713,-0.011431468702771983,0.0,0.0,0.004725991046595442,0.004706149776754172,0.0,0.0,-0.0058346303597638025,-0.005854471629605072,0.0,0.0,-0.009344436837433467
2023-10-17,0.003939265571356189,0.003919424301514919,0.0,0.0,-0.0005872321769405733,-0.0006070734467818432,0.0,0.0,-0.0005417960605930208,-0.0005616373304342906,0.0,0.0,-0.002718849023726072,-0.002738690293567342,0.0,0.0,0.0034881187494233065,0.0034682774795820365,0.0,0.0,0.005989616616012806,0.005969775346171537,0.0,0.0,3.880917487468494e-05,1.8967905033415096e-05,0.0,0.0,0.0006059642083771077
2023-10-18,0.009990351950419647,0.009970510680578377,0.0,0.0,0.013383204724456678,0.013363363454615407,0.0,0.0,0.0029530252649263705,0.0029331839950851005,0.0,0.0,0.008028122117916231,0.00800828084807496,0.0,0.0,0.004513342540706934,0.0044935012708656645,0.0,0.0,0.0062695108328245305,0.006249669562983261,0.0,0.0,0.0041400596959093455,0.004120218426068076,0.0,0.0,-0.0028119117427378715
2023-10-19,0.006436638307524292,0.006416797037683023,0.0,0.0,0.012958621218272959,0.012938779948431688,0.0,0.0,0.007790450638253683,0.007770609368412414,0.0,0.0,-0.006865768020502282,-0.006885609290343551,-0.01971423208590506,-0.02073407335574633,-0.0009007287837783651,-0.0009205700536196349,0.0,0.0,0.004390686619823919,0.00437084534998265,0.0,0.0,0.0073883674134767666,0.007368526143635497,0.023294070966534186,0.022274229696692915,-0.01068574696301694
2023-10-20,0.0037820262764222956,0.0037621850065810256,0.005139179777046365,0.004119338507205096,-0.002578453098825567,-0.002598294368666837,0.005139179777046365,0.004119338507205096,-0.0018727156171864726,-0.0018925568870277424,0.005139179777046365,0.004119338507205096,0.009488773330143502,0.009468932060302231,-0.004136923688388139,-0.0041567649582294084,-0.010027635948927083,-0.010047477218768353,0.005139179777046365,0.004119338507205096,-1.597089775631777e-05,-3.581216759758761e-05,0.0,0.0,-0.005004626890214123,-0.005024468160055392,-0.0038900972277918777,-0.003909938497633147,0.023016312159496177
2023-10-23,-0.005914918268609147,-0.005934759538450417,0.009829840444658695,0.009143332508150758,-0.007246342869355028,-0.007266184139196298,0.0042609308887625215,0.003574422952254585,-0.006603434886119919,-0.006623276155961188,0.009829840444658695,0.009143332508150758,-0.0072089046097185,-0.00722874587955977,0.0025643991500341468,0.0020445578801928767,-0.004667068214237721,-0.004686909484078991,0.006662401427916631,0.006142560158075361,-0.007981083189541889,-0.00800092445938316,-0.012056209440216348,-0.013076050710057617,-0.006068217247023708,-0.006088058516864977,-0.027415640278849907,-0.028435481548691178,0.020116852422793485
2023-10-24,-0.006784699058340872,-0.006804540328182142,0.02127483998019042,0.02000499871034915,-0.004032058838022844,-0.004051900107864113,0.019659649803191237,0.01838980853334997,-0.007559407066130404,-0.0075792483359716735,0.02127483998019042,0.02000499871034915,-0.0034139287967760376,-0.0034337700666173076,0.024299948796242903,0.0229467741930683,0.00024268722808513943,0.0002228459582438696,0.03328362972006556,0.03193045511689095,-0.0025435192936056755,-0.0025633605634469456,0.02532202901257108,0.024302187742729808,-0.00775534588882093,-0.0077751871586622,0.013538975105612926,0.012919133835771656,0.0129765355191096
2023-10-25,-0.0054980496668557005,-0.00551789093669697,-0.00404637943162342,-0.00431622070146469,0.0023589468880771403,0.0023391056182358702,-0.0024055808954720204,-0.00267542216531329,-0.008675112622679115,-0.008694953892520386,-0.00404637943162342,-0.00431622070146469,-0.007439550482819544,-0.007459391752660814,-0.00616688106875829,-0.006186722338599559,-0.0003235428357872758,-0.0003433841056285456,0.006603320100856291,0.006583478831015022,-0.007278567043023203,-0.007298408312864472,0.00847908635376557,0.008209245083924298,-0.0007611575991400901,-0.0007809988689813599,0.0015966720356945137,0.0015768307658532439,-0.00964935437590042
2023-10-26,-0.008322909868226418,-0.008342751138067688,-0.0035183838030931718,-0.0039382250729344415,-0.016616909938592495,-0.016636751208433765,-0.002732559749252683,-0.0027524010190939532,-0.005038417305287861,-0.0050582585751291305,-0.0035183838030931718,-0.0039382250729344415,-0.009713408533383504,-0.009733249803224774,0.0019154929972745038,0.001145651727433234,-0.004829327749672471,-0.004849169019513741,0.0016815819295086798,0.00091174065966741,-0.009806014782632391,-0.009825856052473662,-0.0039094922250821895,-0.003929333494923459,0.005688179679196541,0.005668338409355271,0.0048574079384733435,0.003885185716251121,0.009885212567270152
2023-10-27,-0.013228898803699929,-0.0132487400735412,-0.007064768565335741,-0.007417943168510344,-0.009601366025981405,-0.009621207295822675,-0.0002467010338571768,-0.0006665423036984467,-0.0034786426768889447,-0.0034984839467302148,-0.007064768565335741,-0.007417943168510344,0.0005712550575235689,0.0005514137876822991,0.002386924291705594,0.0021670830218643244,-0.009369420781192364,-0.009389262051033635,-0.012761222501432006,-0.012981063771273275,-0.004342413303179547,-0.004362254573020817,-0.02041069525457655,-0.02063053652441782,0.009400406099035002,0.009380564829193732,0.00853316090604254,0.00798831963620127,0.007515890504476763
2023-10-30,-7.961525015678234e-05,-9.945651999805218e-05,-0.007117695938287385,-0.007280394350985798,0.001777336312969148,0.0017574950431278782,0.006350774948548499,0.00633093367870723,-0.005594860218640696,-0.0056147014884819655,-0.007117695938287385,-0.007280394350985798,0.000621179841596875,0.0006013385717556052,-0.00641077649271183,-0.006763951095886433,0.0057839439943427745,0.005764102724501505,-0.0011757354062023606,-0.0013622433427102972,0.006481324110399388,0.006461482840558118,-0.005453625506161308,-0.005473466776002578,-0.003130884244753551,-0.0031507255145948212,0.010616987136147601,0.01048603475519522,0.005348001866244623
2023-10-31,-6.917475519481464e-05,-8.901602503608448e-05,-0.009526767428671916,-0.009846608698513186,0.008021857733416966,0.008002016463575696,-0.00603144129573783,-0.006336996851293386,-0.010669649882030952,-0.010689491151872222,-0.009526767428671916,-0.009846608698513186,0.004814238550987789,0.004794397281146519,-0.005725652744689561,-0.006245494014530831,-0.0034867122248334673,-0.0035065534946747373,-0.012138523194495373,-0.012491697797669976,0.006778158222181134,0.006758316952339864,-0.0015998554049700322,-0.0019054109605255876,0.005870719817582061,0.005850878547740791,-0.017579653291510847,-0.017849494561352118,0.014226317937481747
2023-11-01,-0.002076180528546516,-0.002096021798387786,-0.0059151573596829855,-0.006268331962857589,-0.001919879147772488,-0.0019397204176137578,-0.013222435386523583,-0.013527990942079139,-0.0026371728578475917,-0.0026570141276888617,-0.0059151573596829855,-0.006268331962857589,-0.006344645751966992,-0.006364487021808261,0.009300075138455119,0.00903023386861385,0.006895452563266714,0.006875611293425445,0.0033022701984894466,0.0028490955953148433,0.002950554133097333,0.002930712863256063,-0.0015737411992244373,-0.002643582469065707,-0.005898529518568507,-0.005918370788409777,0.002947465107830432,0.002475700761066085,0.0074690825714740505
2023-11-02,-0.0008714488993855629,-0.0008912901692268327,-0.003992572682432629,-0.004012413952273899,-0.0041640404894607574,-0.004183881759302027,-0.009655831019150372,-0.009800672288991643,0.0012097214249309554,0.0011898801550896856,-0.003992572682432629,-0.004012413952273899,-0.0023122143164855252,-0.0023320555863267953,-0.003930985174879168,-0.004061937555831549,-0.010168816069610113,-0.010188657339451384,-0.0016940020645928068,-0.0017138433344340766,-0.0023431761745722895,-0.0023630174444135596,-0.010912205699634348,-0.010932046969475619,0.005512774452399151,0.005492933182557881,-0.007021354839697005,-0.007152307220649386,0.008620156599347784
2023-11-03,-0.0010137738693836995,-0.0010336151392249693,-0.0012176711016513653,-0.0012375123714926351,-0.007737284220301004,-0.007757125490142273,0.003108760032489925,0.003088918762648655,-0.0019352711395701008,-0.001955112409411371,-0.0012176711016513653,-0.0012375123714926351,0.0026396767806647972,0.002619835510823527,0.009240422612105365,0.009220581342264094,-0.011827251481416633,-0.011847092751257903,0.005975844760621899,0.005956003490780629,-0.004823848962233951,-0.0048436902320752205,0.02513403431574026,0.02511419304589899,-0.007960619842263962,-0.007980461112105233,0.009935700015664545,0.009915858745823274,0.0074859691170943155
2023-11-06,-0.013927379646644922,-0.013947220916486192,-0.005838374597570263,-0.005858215867411532,-0.005750039505287997,-0.005769880775129267,-0.010199240069228302,-0.010344081339069573,-0.010938663522326107,-0.010958504792167378,-0.005838374597570263,-0.005858215867411532,-0.004494054961275966,-0.0045138962311172355,0.004623785556956025,0.004603944287114755,-0.0030126695740248094,-0.0030325108438660794,-0.0009308431474075191,-0.0009506844172487889,-0.00687111250644816,-0.0068909537762894294,-0.0045598086581806144,-0.004579649928021884,-0.0015601189481211364,-0.0015799602179624062,-0.0031692208065786896,-0.003260490647848531,0.004228705488023232
2023-11-07,0.011341585878133983,0.011321744608292713,0.005693178772277284,0.005573337502436014,0.0023421716098558504,0.0023223303400145803,0.008745948379317345,0.008726107109476074,0.008656105380999458,0.008636264111158188,0.005693178772277284,0.005573337502436014,0.0066375814618507625,0.006617740192009493,0.012366843848874496,0.012347002579033225,0.0006780480300070738,0.0006582067601658039,0.013199453223244824,0.013179611953403553,0.0010282811956082369,0.001008439925766967,0.006417438252935968,0.006197596983094698,-0.0012245704295089435,-0.0012444116993502133,-0.009332919785781577,-0.009352761055622848,-0.01913972242685613
2023-11-08,-0.0021006977929185072,-0.0021205390627597773,-0.0033099352264481527,-0.0034206855871985135,-0.0013151391220722133,-0.0013349803919134832,-0.007256659309851068,-0.007387611690803449,0.0017469008449900875,0.0017270595751488177,-0.0033099352264481527,-0.0034206855871985135,0.009329987363776583,0.009310146093935313,0.005121481644272341,0.004934973707764405,-0.001994816124657413,-0.002014657394498683,-0.006818277777596057,-0.006838119047437327,-0.003207518275129856,-0.003227359544971126,0.009118057981989735,0.009098216712148464,0.0068780499209580084,0.006858208651116739,-0.005955969048786863,-0.006075810318628133,0.0013998318515162644
2023-11-09,0.00048069160425000257,0.00046085033440873275,0.00031440710078892414,0.0002036567400385634,-0.0012019786361366358,-0.0012218199059779056,-0.0003901279746077249,-0.0007028985373782877,-0.002953087015701447,-0.002972928285542717,0.00031440710078892414,0.0002036567400385634,-0.0010269107098660746,-0.0010467519797073444,0.0014287202153813548,0.001166021802682942,0.001372730273442084,0.0013528890036008142,0.009598156670279082,0.009344549166671578,-0.000906953311391831,-0.0009267945812331008,0.004104950227783263,0.003994199867032902,0.002521121488508908,0.002501280218667638,-0.005464497884803551,-0.005575248245553912,-0.0056381115473405075
2023-11-10,-0.003402222248065752,-0.003422063517907022,0.0002566794480244883,0.0001535048448498851,-0.0048877861979542275,-0.004907627467795497,-0.006975505493162844,-0.007078680096337447,-0.00494886452955904,-0.004968705799400309,0.0002566794480244883,0.0001535048448498851,0.003296834428311579,0.003276993158470309,-0.004759578355651856,-0.004779419625493125,0.009283133035574785,0.009263291765733515,-0.0024628297098630778,-0.0026076709797043475,0.001993928890046716,0.001974087620205446,0.0011319223438390098,0.0009454144073310733,-0.0015413542724831905,-0.0015611955423244603,-0.0021246139041837947,-0.0022983013278712184,-0.01359825053404018
2023-11-13,0.0008792619707281568,0.000859420700886887,-0.00440936272541308,-0.004506127072177427,0.008693913969203541,0.008674072699362271,-0.0011539774473122814,-0.0011738187171535513,-0.001493828173314865,-0.0015136694431561349,-0.00440936272541308,-0.004506127072177427,-0.005918663548085824,-0.005938504817927094,-0.007033627281971544,-0.00722013521847948,0.0013239503375694212,0.0013041090677281513,-0.002438571805932148,-0.002458413075773418,0.008823720763165878,0.008803879493324607,-0.004543772255297618,-0.004646946858472221,0.0012709696072207496,0.0012511283373794798,0.003387181842813093,0.00323400723963849,0.01897998281230895
2023-11-14,-0.01044551719525244,-0.010465358465093711,0.014070249073422731,0.013833741136914796,-0.0071761157442542176,-0.007195957014095487,0.013900517823360185,0.013637819410661773,-0.012662796558540461,-0.012682637828381731,0.014070249073422731,0.013833741136914796,-0.014665757473619992,-0.014685598743461262,-0.00019423711665110012,-0.00033907838649236994,-0.005149967890707312,-0.005169809160548581,0.015528199142519624,0.01531391342823391,-0.006961546490593454,-0.006981387760434723,0.004565633088530561,0.004468868741766214,4.126696807250224e-05,2.14256982312324e-05,0.020840123292046906,0.020577634963382108,0.019498948749743006
2023-11-15,0.008075897768850947,0.008056056499009676,0.0006587897916131152,0.0005764485217718454,-0.001676118775801247,-0.0016959600456425167,-0.0048275504519975,-0.004914058388505437,0.006906321120470814,0.006886479850629544,0.0006587897916131152,0.0005764485217718454,-0.0008870473572697643,-0.0009068886271110341,0.00787894801705232,0.00785910674721105,0.0046477986477270125,0.004627957377885743,0.008620592856350223,0.008418933404690772,0.011875858780925827,0.011856017511084557,0.0038112744662915886,0.003648576053593176,0.0043565331779597885,0.004336691908118519,0.0020932192077238697,0.0020733779378825997,0.015431426603251808
2023-11-16,-0.00267565089421061,-0.00269549216405188,0.017977950350224776,0.01789928555097174,0.003244596449647197,0.003224755179805927,0.008735170686161439,0.008561920325411079,-0.003392394323811637,-0.0034122355936529072,0.017977950350224776,0.01789928555097174,-0.0005731938934917455,-0.0005930351633330153,0.009006896338392016,0.008844197925693603,-0.002338107423667697,-0.002357948693508967,0.008680755559650529,0.008500657879552849,-0.0024970906803398266,-0.0025169319501810966,0.013006406139044533,0.012915136297774691,0.003035917194754628,0.003016075924913358,0.014895762783728873,0.014675921513887604,0.0032873475854147127
2023-11-17,0.008107279060804426,0.008087437790963155,-0.00246579919368144,-0.0027461446652033822,0.007830661265163033,0.0078108199953217635,0.007652846027777393,0.007566338091269456,0.015029200899728506,0.015009359629887236,-0.00246579919368144,-0.0027461446652033822,0.009045797014965287,0.009025955745124017,0.002315915060788064,0.0020941507140237172,0.005932104566938108,0.0059122632970968385,-0.0009313896257898656,-0.0012512308956311355,0.01513558220334494,0.01511574093350367,0.0015520055157321466,0.0014654975792242101,-0.0012585419287001673,-0.001278383198541437,-0.0034342448207333558,-0.0035165860905746254,0.01533687633047931
2023-11-20,0.002683527835861954,0.002663686566020684,0.0024403933839022276,0.002233052114060958,4.3464142911460446e-05,2.3622873070190605e-05,-0.01055197201609223,-0.010786099000219214,0.0020933331372004135,0.0020734918673591435,0.0024403933839022276,0.002233052114060958,-0.007419774799668689,-0.007439616069509959,-0.01067693206923947,-0.010839630481937883,0.004059547164033603,0.004039705894192333,-0.003504302591779116,-0.0036908105282870527,0.00093043736423256,0.0009105960943912902,0.0031180569456961543,0.002812501390140599,0.006979855240597042,0.006960013970755773,-0.002355174255114223,-0.0024375155249554926,0.0006125849866200905
2023-11-21,0.003432298917283,0.00341245764744173,-0.0016107697774483622,-0.002030611047289632,0.005416660508864593,0.0053968192390233235,-0.005214542474509886,-0.005752240887208299,0.0005009064219129861,0.00048106515207171625,-0.0016107697774483622,-0.002030611047289632,0.0014020960365258364,0.0013822547666845666,0.006069676146445935,0.005729322056091845,0.007802959525111848,0.0077831182552705784,0.004246239682827927,0.003845446032034276,-0.0009087289731303447,-0.0009285702429716145,-0.003345075549442416,-0.003739916819283686,0.0034961538038171536,0.0034763125339758835,-0.004557178190032931,-0.004866612220055196,0.002710770045875499
2023-11-22,0.00852575478678775,0.008505913516946479,0.004706347240881191,0.004457339304373255,0.014736885645501012,0.014717044375659741,0.009173348234660901,0.008943983155295822,0.008372378281988085,0.008352537012146815,0.004706347240881191,0.004457339304373255,0.0024614533449433054,0.0024416120751020354,0.010566687134070933,0.01040398872137252,0.008217641846210086,0.008197800576368815,0.012908897319084067,0.01281213297231972,0.001110485713746133,0.0010906444439048632,0.002409968239122309,0.002188106767260837,0.0007157164026125734,0.0006958751327713036,0.005937696119661776,0.005790870722836379,-0.01154818507508193
2023-11-23,0.0023779424821966516,0.0023581012123553816,-0.002049593634589557,-0.0022270106620065843,-0.005820524733599251,-0.005840366003440521,0.0018038140863274746,0.0017839728164862048,0.0010843150356571463,0.0010644737658158765,-0.002049593634589557,-0.0022270106620065843,-0.004530758778136128,-0.004550600047977397,-0.01584875920133158,-0.01611860047117285,-0.0047113172532411846,-0.004731158523082454,-0.004601887872644789,-0.0048717291424860585,-0.003023843705782195,-0.003043684975623465,-0.007319336823313592,-0.0073391780931548614,-0.012377511632707325,-0.012397352902548595,0.0037231870279459513,0.003411679091438015,0.004846904349487202
2023-11-24,0.0014075799070150177,0.001387738637173748,0.00032074178069368617,0.00012947193942384487,0.004942864951096089,0.004923023681254819,-0.0015508038193568973,-0.0018087403272934051,0.004281951343252599,0.0042621100734113295,0.00032074178069368617,0.00012947193942384487,-0.0024656806590550584,-0.0024855219288963284,0.01172503045653522,0.011505189186693951,-0.002642256354872287,-0.002662097624713557,0.0025260257843177343,0.0024152754235673736,0.0029560692188297794,0.0029362279489885093,-0.0010755121997218552,-0.001195353469563125,-0.006599537931218813,-0.0066193792010600825,0.0016837478349603216,0.001430140331352818,0.0011442452126686486
2023-11-27,0.008659916096355677,0.008640074826514407,0.004062506910178048,0.003931554529225667,0.006233836931234658,0.006213995661393389,0.00763630409531519,0.00761646282547392,0.008639093525014782,0.008619252255173512,0.004062506910178048,0.003931554529225667,0.00038385512297177404,0.00036401385313050423,0.0061826476211223926,0.006071897260372032,0.0031314272238152294,0.0031115859539739593,0.005937268954178929,0.0058174276843376595,0.006687301628174262,0.006667460358332993,0.007581877702041863,0.007562036432200593,0.006940575001838423,0.006920733731997153,-0.00348941806086657,-0.0036092593307078397,-0.013849173285179206
2023-11-28,0.006609135509406443,0.006589294239565173,-0.004804535344305472,-0.005324376614146742,0.007265257648607713,0.007245416378766444,-0.013931048160859041,-0.01445088943070031,0.009009010122018234,0.008989168852176963,-0.004804535344305472,-0.005324376614146742,0.009357417197375595,0.009337575927534324,0.010023499947873323,0.009628658678032054,0.00905465732787121,0.00903481605802994,0.0033682456681487067,0.0029198329697360083,0.004072098409516375,0.004052257139675106,0.00949180307142343,0.009221961801582159,0.007698042959527196,0.007678201689685926,-0.008699917589711148,-0.009148330288123846,-8.316822998244433e-05
2023-11-29,-0.0027115702423362656,-0.0027314115121775356,-0.009049867433692727,-0.00934243597626127,0.0035326430787579605,0.0035128018089166904,0.010081525586666168,0.009895017650158232,-0.0028231580762893074,-0.0028429993461305775,-0.009049867433692727,-0.00934243597626127,-0.005876269434300113,-0.005896110704141383,-0.0047543178849755825,-0.005107492488150186,-0.004019053925592847,-0.004038895195434117,0.0016465935763411267,0.00126008563983319,-0.0045166080266992245,-0.004536449296540494,0.007568418936399909,0.0064485776665586395,0.0021839264691136256,0.0021640851992723556,-0.01066087663595272,-0.01112011184518793,-0.00039702520242490547
2023-11-30,-0.0052995975451423025,-0.005319438814983572,-0.009832302015723385,-0.009852143285564656,-0.009578557363305373,-0.009598398633146644,0.00504156274407527,0.004930812383324909,-0.008441468902864159,-0.00846131017270543,-0.009832302015723385,-0.009852143285564656,-0.007506387792239021,-0.00752622906208029,-0.005021442299607239,-0.005241283569448509,-0.008545699332175603,-0.008565540602016874,-0.008353826144801669,-0.00837366741464294,-0.0019088445933350198,-0.0019286858631762896,-0.01429871474694996,-0.014318556016791231,-0.004627983248749724,-0.004647824518590994,0.01562263114301731,0.01550278987317604,0.020253172833091027
2023-12-01,0.004215761492774063,0.0041959202229327934,-0.01014240988109539,-0.01016225115093666,-0.008681032026429614,-0.008700873296270884,-0.0019884045983916583,-0.0020082458682329283,0.003849581580749939,0.003829740310908669,-0.01014240988109539,-0.01016225115093666,9.323276908369815e-05,7.339149924242831e-05,0.01048271779133416,0.01046287652149289,-3.193744778058616e-05,-5.1778717621856e-05,-0.0008305139369727214,-0.0008503552068139912,-0.0022406803649980545,-0.0022605216348393245,0.0004892501588824628,0.00046940888904119303,-0.0003706450772829467,-0.0003904863471242165,-0.01110236630924614,-0.01112220757908741,0.010316346613647553
2023-12-04,0.005688022576328833,0.002918181306487563,0.0024520519014228567,0.0024322106315815867,-0.00537995692478032,-0.00789979819462159,-0.014297115946133039,-0.014650290549307643,0.010012414547597395,0.007242573277756126,0.0024520519014228567,0.0024322106315815867,-0.0012123176556254125,-0.004482158925466682,-0.01159997649616511,-0.011619817766006381,0.004524348202789706,0.001504506932948436,0.00832605192549928,0.00830621065565801,0.0038962706382433057,0.0011264293684020358,-0.004207072539509324,-0.004226913809350593,-0.005255850780074421,-0.009275692049915692,-0.002259525349067971,-0.0024793666189092405,0.0006058998300060292
2023-12-05,-0.0023520779167874803,-0.0023719191866287503,0.0011285544117254024,0.0010087131418841325,0.002264530337098676,0.002244689067257406,0.00654206034060879,0.00652221907076752,-0.002840864410184149,-0.002860705680025419,0.0011285544117254024,0.0010087131418841325,-0.008689608998232706,-0.008709450268073977,-0.000485587415710853,-0.0005054286855521228,0.003714507713743598,0.0036946664439023278,0.0030228037965903307,0.0030029625267490607,-0.001265160208104639,-0.0012850014779459088,-0.005800781350479123,-0.006020622620320393,0.005054321743850045,0.005034480474008775,0.00568440313973243,0.00566456186989116,0.0032166604078118777
2023-12-06,0.011266264912826472,0.011246423642985202,0.02239027284310278,0.0222593204621504,0.0019277272759391437,0.0019078860060978739,0.0075372328176045115,0.007417391547763242,0.008869757654282079,0.008849916384440808,0.02239027284310278,0.0222593204621504,0.010426157638835962,0.010406316368994691,0.00852003361610314,0.00825019234626187,0.011540974486690316,0.011521133216849045,0.016697478180815198,0.016677636910973927,0.007708837807616567,0.007688996537775297,0.010458086355139562,0.010438245085298292,0.004389159992294854,0.0043693187224535844,0.00438513356674081,0.004254181185788429,0.0009663361591460973
2023-12-07,0.0021899349132469895,0.0021700936434057194,-0.0031338070478430903,-0.00335364831768436,-0.007304371183823669,-0.007324212453664938,0.008084276064477897,0.007314434794636627,0.002174033371098262,0.002154192101256992,-0.0031338070478430903,-0.00335364831768436,0.005233570743282484,0.0052137294734412145,0.0032836100927090455,0.0026804354895344426,0.0017252091477970855,0.0017053678779558156,0.0006207329941403533,0.0002897806131879723,-0.001694426986700616,-0.0017142682565418857,0.0017757018228930829,0.001505860553051813,0.006531129020926653,0.006511287751085383,0.010711314692104287,0.010566473422263016,-0.0017520538327511215
2023-12-08,-0.0029833884463177293,-0.0030032297161589993,0.0016189360770273806,0.0014740948071861107,0.004520976401391312,0.004501135131550042,0.0028328856640786396,0.002670187251380227,-0.0003388856961649214,-0.00035872696600619124,0.0016189360770273806,0.0014740948071861107,-0.012500566152098394,-0.012520407421939665,-0.007895526353436572,-0.007915367623277842,-0.006974050759985757,-0.006993892029827027,-0.0019088403222121027,-0.0020536815920533724,-0.0057127740259166684,-0.005732615295757938,-0.005326045092467008,-0.0055958863623082776,-0.005345330532606954,-0.0053651718024482235,0.0015337789675151613,0.0011806043643405582,-0.011426699171271149
2023-12-11,-0.001292125923840412,-0.0013119671936816818,0.003051601560331837,0.0028889031476334245,-0.007094891849037971,-0.0071147331188792405,0.003937156487300737,0.003917315217459467,0.0009575418470694277,0.0009377005772281579,0.003051601560331837,0.0028889031476334245,0.007477121429852747,0.007457280160011477,0.019303269868198435,0.018283428598357163,0.0042802383574492495,0.00426039708760798,-0.004323377367120218,-0.004343218636961487,-0.005878031527897468,-0.005897872797738737,0.010145211118807987,0.009792036515633384,-0.002326575095991164,-0.002346416365832434,-0.000515343046501543,-0.0010351843163428128,-0.0011815706536763004
2023-12-12,-0.01319395600264494,-0.01321379727248621,-0.012009816960399128,-0.012679658230240398,-0.004006206075958044,-0.004026047345799313,0.01527429163554681,0.01385445036570554,-0.012472479584052565,-0.012492320853893835,-0.012009816960399128,-0.012679658230240398,-0.019860301995741167,-0.019880143265582437,-0.04782163601206818,-0.04834147728190945,-0.006565958969705729,-0.006585800239546999,-0.009567990042189025,-0.009980688454887438,-0.00695411336580562,-0.006973954635646889,-0.0022975662832931676,-0.0028174075531344376,-0.006874180576480267,-0.0068940218463215365,0.007979755086905313,0.006293247150397377,-0.007727080823177523
2023-12-13,-0.0063312494021291466,-0.006351090671970416,-0.02484559632544514,-0.02511543759528641,-0.008183990300162702,-0.008203831570003973,-0.03477520197940889,-0.03504504324925016,-0.007206390049820578,-0.007226231319661848,-0.02484559632544514,-0.02511543759528641,-0.0071120193142149915,-0.007131860584056261,-0.01456431905343425,-0.01458416032327552,-0.0035046714711400168,-0.003524512740981287,-0.020085975900879634,-0.020505817170720905,-0.004236059611018944,-0.004255900880860214,-0.01417052191915491,-0.014523696522329514,-0.004339811388796425,-0.004359652658637694,-0.012491139397151296,-0.012510980666992567,-0.013273470928154674
2023-12-14,-0.007730854445158281,-0.00775069571499955,0.0086067702393261,0.008253595636151497,-0.002971765035622055,-0.002991606305463325,-0.004735706671995743,-0.0050888812751703465,-0.004026011881738054,-0.004045853151579323,0.0086067702393261,0.008253595636151497,-0.008790983895785157,-0.008810825165626427,0.024195310190717023,0.024175468920875753,-0.004237971373276833,-0.004257812643118103,0.016009178954425142,0.015406004351250538,-0.011045861483344896,-0.011065702753186166,0.006622109554221045,0.0056022682843797755,-0.010380124792732842,-0.010399966062574113,-0.037217500100305834,-0.0377373413701471,0.006103439960023049
2023-12-15,0.0017022158902984044,0.0016823746204571346,-0.014858974019317017,-0.016378815289158286,0.004121077498097175,0.004101236228255906,0.001734732675423345,0.0017148914055820752,0.0009041214438277462,0.0008842801739864764,-0.014858974019317017,-0.016378815289158286,-0.001277414977387703,-0.0012972562472289729,-0.02371751073072148,-0.02573735200056275,0.001291249692232481,0.0012714084223912111,-0.02643988682618814,-0.028793061429362745,0.0025081825036642608,0.0024883412338229907,0.001734732675423345,0.0017148914055820752,0.0054300864477521416,0.005410245177910872,0.01183720210188477,0.0108173608320435,0.004783911259265583
2023-12-18,-0.010883318930877517,-0.010903160200718787,0.04845279336087266,0.04743295209103139,-0.009944134479628122,-0.009963975749469393,0.02077229232563438,0.020252451055793107,-0.00991639169411046,-0.00993623296395173,0.04845279336087266,0.04743295209103139,-0.008338181391265971,-0.008358022661107242,0.04593544697745644,0.04591560570761517,-0.006735421393421717,-0.006755262663262987,0.005296844945023249,0.004777003675181979,-0.004035863566586584,-0.0040557048364278534,0.02077229232563438,0.020252451055793107,-4.869795108061736e-05,-6.85392209218872e-05,0.04576549814049724,0.045745656870655974,-0.019173782625048874
2023-12-19,-0.012797407865055871,-0.012817249134897141,0.006671512810716096,0.005651671540874826,-0.0024332687871181716,-0.0024531100569594416,0.002613792692683914,0.001593951422842644,-0.011557336058649108,-0.011577177328490378,0.006671512810716096,0.005651671540874826,-0.010455068554769388,-0.010474909824610659,0.002613792692683914,0.002593951422842644,-0.01521468992451603,-0.0152345311943573,0.002613792692683914,0.001593951422842644,-0.0043303375010954395,-0.004350178770936709,0.002613792692683914,0.001593951422842644,-0.009817384721624502,-0.009837225991465772,0.006671512810716096,0.005651671540874826,-0.0008695310124462452
2023-12-20,0.007961471729583988,0.007941630459742718,0.0,0.0,0.00048469755826690414,0.0004648562884256343,0.0,0.0,0.00620095385341525,0.006181112583573981,0.0,0.0,-0.0015539395520981492,-0.001573780821939419,0.0,0.0,0.010907748159410598,0.010887906889569327,0.0,0.0,0.002872727583312834,0.002852886313471564,0.0,0.0,0.010530218803874045,0.010510377534032774,0.0,0.0,0.011432715244899194
2023-12-21,-0.006494628900746466,-0.006514470170587735,0.0,0.0,0.0026895831965393427,0.0026697419266980727,0.0,0.0,-0.006258339323756003,-0.006278180593597272,0.0,0.0,-0.009985561293904217,-0.010005402563745488,0.0,0.0,-0.004753724552907811,-0.00477356582274908,0.0,0.0,-0.014099023505175265,-0.014118864775016535,0.0,0.0,-0.0010446953296108369,-0.0010645365994521067,0.0,0.0,0.012131461127859566
2023-12-22,0.002448684948657326,0.002428843678816056,0.0,0.0,0.005323053330883024,0.005303212061041754,0.0,0.0,0.00361239700630437,0.0035925557364631,0.0,0.0,0.0003885675119480597,0.0003687262421067899,0.0,0.0,0.003831270652548409,0.003811429382707139,0.0,0.0,0.004834115649930866,0.004814274380089596,0.0,0.0,-0.0015773297327291852,-0.001597171002570455,0.0,0.0,0.011764205271737715
2023-12-25,-0.011746303467018632,-0.011766144736859902,0.0,0.0,-0.01449289105015053,-0.0145127323199918,0.0,0.0,-0.01621061300974541,-0.016230454279586682,0.0,0.0,-0.012610903699692727,-0.012630744969533998,0.0,0.0,-0.01188931624653567,-0.011909157516376941,0.0,0.0,-0.013969644249916133,-0.013989485519757403,0.0,0.0,-0.0005582342768285925,-0.0005780755466698623,0.0,0.0,0.0009080452759160362
2023-12-26,0.006302070857863211,0.006282229588021941,0.0,0.0,0.010795397704257303,0.010775556434416033,0.0,0.0,0.006349397453450922,0.006329556183609653,0.0,0.0,0.0166539186869546,0.01663407741711333,0.0,0.0,0.01136100512790085,0.01134116385805958,0.0,0.0,0.012321034672937853,0.012301193403096582,0.0,0.0,0.0003402592770069962,0.0003204180071657264,0.0,0.0,-0.008815498607660621
2023-12-27,-0.0012206248092726107,-0.0012404660791138806,0.0,0.0,-0.0032105281537994843,-0.0032303694236407543,0.0,0.0,-0.0039051721888737553,-0.003925013458715025,0.0,0.0,0.009734866618383575,0.009715025348542305,0.0,0.0,0.0029697673760048157,0.0029499261061635457,0.0,0.0,0.002174526978989136,0.002154685709147866,0.0,0.0,0.0052360467638008085,0.005216205493959539,0.0,0.0,-0.011440687100938596
2023-12-28,0.005379877930090399,0.005360036660249129,0.0,0.0,0.00442042144411299,0.004400580174271721,0.0,0.0,0.004335022078762123,0.004315180808920853,0.0,0.0,0.001165213889515966,0.0011453726196746963,0.0,0.0,-0.00012481143736891437,-0.0001446527072101842,0.0,0.0,-0.006128202235551508,-0.006148043505392778,0.0,0.0,0.001940629264121703,0.0019207879942804331,0.0,0.0,0.004270653952253678
2023-12-29,0.0037829975624469533,0.0037631562926056833,0.0,0.0,-0.012459010940686396,-0.012478852210527667,0.0,0.0,0.00026663771221355215,0.00024679644237228233,0.0,0.0,0.0021836989396399886,0.0021638576697987186,0.0,0.0,-0.005644707587483276,-0.005664548857324546,0.0,0.0,-0.0023260680150554713,-0.0023459092848967414,0.0,0.0,0.002726366945632601,0.002706525675791331,0.0,0.0,0.004652080378016787
2024-01-01,0.004274148256204251,0.004254306986362981,0.0,0.0,0.004141283313114481,0.004121442043273212,0.0,0.0,6.669490977055659e-05,4.6853639929286746e-05,0.0,0.0,-0.00030563815704048175,-0.00032547942688175156,0.0,0.0,0.0045343579577841395,0.00451451668794287,0.0,0.0,0.007823996861015835,0.007804155591174565,0.0,0.0,0.005860290013398932,0.005840448743557662,0.0,0.0,0.014640642227655709
2024-01-02,0.00759648786540202,0.00757664659556075,0.0,0.0,0.018421268143879455,0.018401426874038184,0.0,0.0,0.005462295809331261,0.005442454539489991,0.0,0.0,-0.00142667573971203,-0.0014465170095532998,0.0,0.0,0.011252475468059783,0.011232634198218513,0.0,0.0,0.010595177128065673,0.010575335858224403,0.0,0.0,0.0050870275447176885,0.005067186274876419,0.0,0.0,0.012579776153762934
2024-01-03,-0.004957979041992466,-0.004977820311833736,0.0,0.0,0.0019677889483711714,0.0019479476785299015,0.0,0.0,-0.002175641770737466,-0.002195483040578736,0.0,0.0,-0.004220348613723134,-0.004240189883564403,0.0,0.0,-0.004872319047185443,-0.004892160317026713,0.0,0.0,-0.005391492473830327,-0.0054113337436715965,0.0,0.0,-0.008584325613798384,-0.008604166883639654,0.0,0.0,-0.0009745152218427755
2024-01-04,-0.0022036169744836104,-0.0022234582443248804,0.0,0.0,-0.0035642493517951818,-0.003584090621636452,0.0,0.0,-0.005421020236352471,-0.0054408615061937405,0.0,0.0,-0.00022565324235148537,-0.0002454945121927552,0.0,0.0,-0.006396759777120717,-0.0064166010469619865,0.0,0.0,-0.0020450175246099697,-0.0020648587944512397,0.0,0.0,0.0033302331561254964,0.0033103918862842263,0.0,0.0,-0.013206264667469658
2024-01-05,-0.004996666325182232,-0.005016507595023502,0.0,0.0,-0.00572222920850575,-0.005742070478347019,0.0,0.0,-0.01011310141804321,-0.010132942687884481,0.0,0.0,2.0265026482356452e-05,4.237566410866106e-07,0.0,0.0,-0.01144769646313308,-0.011467537732974351,0.0,0.0,-0.003339280774053155,-0.003359122043894425,0.0,0.0,-0.005406056229605195,-0.005425897499446465,0.0,0.0,-0.003030172567119793
2024-01-08,-0.003996267278252037,-0.004016108548093307,0.0,0.0,-0.0038815476819216085,-0.0039013889517628786,0.0,0.0,-0.0026470401484594494,-0.0026668814183007194,0.0,0.0,-0.0032914457483509685,-0.0033112870181922385,0.0,0.0,-0.0007670578909005771,-0.0007868991607418469,0.0,0.0,-0.006467552602474773,-0.0064873938723160425,0.0,0.0,-0.0033338054295996428,-0.003353646699440913,0.0,0.0,0.0028695431429157647
2024-01-09,-0.0023244163019725123,-0.0023442575718137823,0.0,0.0,-0.00690373380658979,-0.00692357507643106,0.0,0.0,-0.0054182645913666005,-0.00543810586120787,0.0,0.0,0.0003591179187649174,0.0003392766489236476,0.0,0.0,-0.007120925834074074,-0.0071407671039153435,0.0,0.0,-0.00729955409360257,-0.0073193953634438395,0.0,0.0,-0.0028355699878435184,-0.0028554112576847884,0.0,0.0,-0.0017429156992835315
2024-01-10,-0.007806999083684853,-0.007826840353526123,0.0,0.0,-0.008911168358451425,-0.008931009628292696,0.0,0.0,-0.010254759779042333,-0.010274601048883603,0.0,0.0,-0.010916664810396055,-0.010936506080237326,0.0,0.0,-0.008018987172331342,-0.008038828442172612,0.0,0.0,-0.010556502267080443,-0.010576343536921714,0.0,0.0,-0.0068248106234342215,-0.006844651893275491,0.0,0.0,-0.005876835188854179
2024-01-11,-0.006944180103497143,-0.006964021373338412,0.0,0.0,-0.005479667361330952,-0.005499508631172221,0.0,0.0,-0.007604981862820444,-0.007624823132661713,0.0,0.0,0.002858648496686912,0.002838807226845642,0.0,0.0,-0.00194109816819249,-0.00196093943803376,0.0,0.0,-0.006227451797610903,-0.0062472930674521724,0.0,0.0,-0.0033095146683342416,-0.0033293559381755117,0.0,0.0,0.0032617329646689175
2024-01-12,-0.0016220293189422308,-0.0016418705887835006,0.0,0.0,0.0051077415115102845,0.005087900241669015,0.0,0.0,0.0006789148451307528,0.000659073575289483,0.0,0.0,-0.008221560763108017,-0.008241402032949287,0.0,0.0,-0.001527719965098484,-0.0015475612349397539,0.0,0.0,-0.004855953833187453,-0.004875795103028722,0.0,0.0,0.004627665709794275,0.004607824439953005,0.0,0.0,-0.0050635351555168295
2024-01-15,-0.005793765808958601,-0.00581360707879987,0.0,0.0,-0.0009105796547689768,-0.0009304209246102466,0.0,0.0,-0.008106140243647933,-0.008125981513489203,0.0,0.0,-0.0035905545630859,-0.00361039583292717,0.0,0.0,-0.002767786643339591,-0.002787627913180861,0.0,0.0,0.0028660181547089866,0.0028461768848677166,0.0,0.0,0.0011868187327477298,0.00116697746290646,0.0,0.0,-0.0064287269209788445
2024-01-16,-0.005787787966105518,-0.005807629235946787,0.0,0.0,-0.00012342067426184683,-0.00014326194410311667,0.0,0.0,-0.004678046665392233,-0.004697887935233502,0.0,0.0,0.0033325399931013328,0.0033126987232600627,0.0,0.0,-0.003615423729188806,-0.003635264999030076,0.0,0.0,-0.001103082249256225,-0.0011229235190974949,0.0,0.0,-0.0011644424211992646,-0.0011842836910405344,0.0,0.0,0.0039059811773378694
2024-01-17,-0.004423317299958651,-0.004443158569799921,0.0,0.0,-0.0025331014979250305,-0.0025529427677663005,0.0,0.0,-0.0008685783939092959,-0.0008884196637505657,0.0,0.0,0.003734702208241465,0.003714860938400195,0.0,0.0,0.00017315450394991133,0.0001533132341086415,0.0,0.0,-0.0028005558267086283,-0.0028203970965498984,0.0,0.0,-0.0035828251724262516,-0.0036026664422675217,0.0,0.0,-0.003941918381421328
2024-01-18,0.0033818639457628627,0.0033620226759215927,0.0,0.0,0.0009442805758056935,0.0009244393059644237,0.0,0.0,0.0022987006825937115,0.0022788594127524414,0.0,0.0,0.0033291955439821927,0.0033093542741409227,0.0,0.0,0.0027118318925198406,0.0026919906226785706,0.0,0.0,0.01143974809890811,0.01141990682906684,0.0,0.0,0.0007959773944589688,0.0007761361246176989,0.0,0.0,0.003165148278761798
2024-01-19,-0.007525901794231876,-0.007545743064073146,0.0,0.0,-0.00716607582607659,-0.00718591709591786,0.0,0.0,-0.007411481240136547,-0.007431322509977817,0.0,0.0,0.0001319549695679434,0.00011211369972667355,0.0,0.0,-0.005656516595405545,-0.005676357865246814,0.0,0.0,-0.006607697923743862,-0.006627539193585131,0.0,0.0,-0.0015912936471739192,-0.001611134917015189,0.0,0.0,0.0034852442513733095
2024-01-22,-0.013712579167730776,-0.013732420437572047,0.0,0.0,-0.003983679659371957,-0.004003520929213226,0.0,0.0,-0.01013239645531732,-0.010152237725158591,0.0,0.0,-0.0071037566560015405,-0.00712359792584281,0.0,0.0,-0.009026396116098616,-0.009046237385939886,0.0,0.0,-0.010795178676325068,-0.010815019946166338,0.0,0.0,-0.003738177447655096,-0.003758018717496366,0.0,0.0,-0.012053719012007358
2024-01-23,0.01082866566602761,0.010808824396186339,-0.01071350890460332,-0.011733350174444589,0.008229656632941888,0.008209815363100618,0.0,0.0,0.008895319733176026,0.008875478463334755,-0.01071350890460332,-0.011733350174444589,0.007095327173517178,0.007075485903675909,0.0,0.0,0.005483443596572261,0.005463602326730992,0.0,0.0,0.018410527221558504,0.018390685951717233,-0.01071350890460332,-0.011733350174444589,-0.0015652061178654877,-0.0015850473877067576,-0.01071350890460332,-0.011733350174444589,-0.004813652362519516
2024-01-24,0.02207068401565558,0.02205084274581431,0.007754169171911185,0.007734327902069915,0.01820346518504431,0.018183623915203038,0.0008079303715369246,-0.00021191089830434524,0.021194796481611176,0.021174955211769906,0.007754169171911185,0.007734327902069915,0.021337442954725373,0.021317601684884103,-0.0008079303715369246,-0.0018277716413781944,0.019322657599540813,0.019302816329699542,0.0008079303715369246,-0.00021191089830434524,0.020623122501463496,0.020603281231622226,0.004281049771724055,0.0037612085018827847,0.009669530303473513,0.009649689033632242,-0.00343884817534253,-0.0041253561118504666,0.016295546339081035
2024-01-25,-0.006562460127793268,-0.006582301397634538,0.017420398753523247,0.01590055748368198,-0.0032257523529452686,-0.0032455936227865387,0.051840468370025206,0.05082062710018394,-0.0031375172336830306,-0.0031573585035243007,0.017420398753523247,0.01590055748368198,-0.002838312610413306,-0.002858153880254576,-0.028214595554848176,-0.028234436824689447,0.0012721689548432571,0.0012523276850019873,0.051840468370025206,0.05082062710018394,-0.0033526565209208922,-0.0033724977907621623,0.028893755292357232,0.02754058068918263,7.08397080342732e-05,5.0998438193003355e-05,0.0011331940987400202,0.0011133528288987504,-0.012302874640077066
2024-01-26,-0.0041392231472882,-0.0041590644171294695,-0.0030640188020228387,-0.0035838600718641088,-7.674881794256933e-05,-9.659008778383917e-05,-0.09407738255005871,-0.09409722381989997,-0.0018217352598602216,-0.0018415765297014914,-0.0030640188020228387,-0.0035838600718641088,0.003545913846540287,0.003526072576699017,0.022237670183925473,0.021717828914084202,-0.0006183131293973493,-0.0006381543992386191,-0.07197700831458653,-0.0724968495844278,0.003576131087299095,0.0035562898174578248,-0.0058581456795065295,-0.006544653616014466,0.0017504246165749998,0.00173058334673373,-0.0018726733633942505,-0.00289251463323552,-0.022803198938675884
2024-01-29,-0.0003797413503777852,-0.00039958262021905504,-0.003298945978122858,-0.003318787247964128,0.0008685299367021254,0.0008486886668608556,0.019917473198620472,0.019897631928779202,0.001115869103430464,0.0010960278335891943,-0.003298945978122858,-0.003318787247964128,0.002009467816837633,0.001989626546996363,0.010636141104447383,0.010616299834606113,-0.0058806600312103635,-0.005900501301051633,0.0025481065281993676,0.0025282652583580975,0.0023884009916740195,0.0023685597218327495,0.00967344269249933,0.009653601422658059,-0.008970458709971242,-0.008990299979812513,-0.024906609540212434,-0.024926450810053704,-0.020000296685667385
2024-01-30,0.005215326622634728,0.005195485352793458,0.01905605535237559,0.01903621408253432,0.007883867909032845,0.007864026639191574,0.04816777228449132,0.04814793101465005,0.006009506108086218,0.005989664838244949,0.01905605535237559,0.01903621408253432,0.005783907939778829,0.005764066669937559,-0.01633197726458202,-0.01635181853442329,0.007505359195124919,0.00748551792528365,0.05472863423542229,0.054708792965581024,0.009137056260375899,0.009117214990534628,0.030362794047065322,0.030342952777224052,0.003288267488756269,0.003268426218914999,0.03905078719559929,0.03903094592575802,0.0008002094123435999
2024-01-31,-0.005153123442695327,-0.005172964712536597,-0.011499307368684875,-0.011519148638526145,0.004450692457998187,0.0044308511881569175,-0.032259874526699095,-0.03277971579654036,-0.005813345178034328,-0.0058331864478755975,-0.011499307368684875,-0.011519148638526145,-0.008859511110514189,-0.008879352380355459,-0.01466409518212497,-0.01568393645196624,-0.0018227723581493716,-0.0018426136279906414,-0.007834697016687153,-0.007854538286528424,-0.004660036542430038,-0.004679877812271307,-0.008662218819242111,-0.00908206008908338,0.0031899196236619617,0.0031700783538206917,-0.0046216285813716505,-0.00504146985121292,0.0008200900583599235
2024-02-01,0.0022018583121934526,0.0021820170423521826,-0.011551588912435093,-0.011904763515609696,-0.006631646586775848,-0.006651487856617118,-0.018479719973464037,-0.018999561243305308,-0.0010790693688023656,-0.0010989106386436354,-0.011551588912435093,-0.011904763515609696,0.0005491063129614768,0.000529265043120207,-0.00046453255149725425,-0.0008177071546718574,0.004891549581896318,0.004871708312055048,-0.026896100076806394,-0.027249274679980996,-0.0025783472145062894,-0.0025981884843475594,0.006235377656040634,0.005798869719532698,-0.0027216628996997935,-0.0027415041695410636,0.003878419742766981,0.003358578472925711,-0.0008137194096763389
2024-02-02,0.0022322312043034087,0.0022123899344621387,-0.015457337933310233,-0.015877179203151504,-0.004606507179060179,-0.004626348448901449,-0.018362211786437786,-0.018715386389612388,0.000904609285947322,0.0008847680161060522,-0.015457337933310233,-0.015877179203151504,-0.003213943514637649,-0.003233784784478919,0.02079766712221326,0.02052782585237199,0.0026569586747201696,0.0026371174048788995,-0.01630692783684634,-0.016576769106687612,0.003711591347044803,0.0036917500772035328,-0.01114273434430263,-0.011305432757001042,0.00010522027828961666,8.537900844834682e-05,0.0064536103853810416,0.006100435782206438,0.013836088118213574
2024-02-05,-0.007662635781179657,-0.007682477051020926,-0.012049399692301198,-0.012235907628809134,0.002148286120792396,0.002128444850951126,0.0036707878228435242,0.0034009465530022544,-0.0058125578834182165,-0.005832399153259486,-0.012049399692301198,-0.012235907628809134,-0.00016622792715489249,-0.00018606919699616233,0.007709369352009332,0.0076895280821680624,-0.0038411741446151768,-0.003861015414456447,-0.0001721348652388606,-0.00039197613508013045,-0.0003440860774888699,-0.0003639273473301397,0.0011270559528448326,0.0009822146830035627,-0.008053039997201153,-0.008072881267042423,0.01508169359348242,0.01506185232364115,-0.02892117876413236
2024-02-06,-0.008661282041353885,-0.008681123311195155,0.010704275473215579,0.010541577060517166,-0.006050717281375802,-0.006070558551217071,-0.0008872944032141006,-0.0011071356730553705,-0.0034927116535665576,-0.0035125529234078276,0.010704275473215579,0.010541577060517166,-0.0011951753375884638,-0.0012150166074297337,0.007469972734705871,0.007450131464864601,0.0027329504564087836,0.0027131091865675136,0.016099801169548233,0.016079959899706963,-0.003015608940226261,-0.003035450210067531,0.011767789192738274,0.011636836811785893,0.005190911707199257,0.005171070437357987,-0.005101771497637182,-0.005121612767478452,0.0048352726187390616
2024-02-07,-0.0050288603618436414,-0.005048701631684911,-0.005715275997221186,-0.006460117267062456,-0.0010713619485923503,-0.0010912032184336202,-0.011393883565790776,-0.011913724835632045,-0.0032183161355148968,-0.003238157405356167,-0.005715275997221186,-0.006460117267062456,-0.008745091181426363,-0.008764932451267634,-0.016694958711628016,-0.017214799981469287,-0.015581078616086513,-0.015600919885927784,-0.0010792716926829593,-0.0012657796291908959,-0.006261731822705875,-0.006281573092547145,-0.006405131082126116,-0.006424972351967386,-0.0019581764242055447,-0.0019780176940468147,-0.006073367944083797,-0.006993209213925067,0.017655820219839358
2024-02-08,-0.0017783680419539288,-0.0017982093117951986,0.01166932385386623,0.01164948258402496,-0.0002648470157817148,-0.00028468828562298464,0.02024330696166467,0.020056799025156734,-0.007375249925872282,-0.007395091195713552,0.01166932385386623,0.01164948258402496,-0.0040518974201568456,-0.004071738689998115,0.0035078467627708094,0.0031546721595962063,-0.006626473681317413,-0.006646314951158683,0.008553659506453554,0.008033818236612285,-0.005693473959350659,-0.0057133152291919285,-0.005429227018003699,-0.005649068287844969,0.0165353946132918,0.01651555334345053,0.006361832113733657,0.006341990843892387,-0.011925588413808641
2024-02-09,-0.0012599276283482563,-0.0012797688981895261,-0.002730939152363848,-0.002861891533316229,0.003513256899756921,0.003493415629915651,0.0006026430312838561,0.00023994461858544336,0.001040426232363681,0.0010205849625224111,-0.002730939152363848,-0.002861891533316229,-0.006499338572117777,-0.006519179841959047,0.0038919749184142143,0.003729276505715802,0.006868315635520907,0.006848474365679637,-0.006260691817173116,-0.006423390229871529,0.0011726320005450083,0.0011527907307037385,-0.006099565077003788,-0.006219406346845058,0.0038480199058080825,0.0038281786359668124,0.016565828973825414,0.016379321037317478,-0.0036978716296889313
2024-02-12,0.004153254495109199,0.004133413225267929,0.0019780600582460415,0.001672504502690486,-0.0029467536253692597,-0.0029665948952105298,-0.0008682872586701033,-0.0010131285285113732,0.0006339597570259453,0.0006141184871846755,0.0019780600582460415,0.001672504502690486,-0.005448498157660506,-0.005468339427501775,-0.002673563498562253,-0.0031934047684035226,-0.0004992472152219457,-0.0005190884850632155,-0.004365942628118978,-0.004719117231293582,0.0002459064944935127,0.00022606522465224286,0.008556440010564922,0.008250884455009367,0.01958705299118855,0.019567211721347278,-0.0038253918997531514,-0.003936142260503512,-0.007801811089514721
2024-02-13,-0.002217947912157174,-0.002237789181998444,-0.004457456223938918,-0.00469951971600241,0.002211928705707973,0.002192087435866703,-0.0033821854499495444,-0.003798852116616211,-0.00026853053168863356,-0.00028837180152990337,-0.00517590093220445,-0.005517964424267942,-0.0131105475547399,-0.01313038882458117,0.0023057477227795753,0.0019525731196049722,0.00010258270863978958,8.274143879851974e-05,-0.018950135056753983,-0.019344976326595254,-2.2954251921475377e-05,-4.279552176274522e-05,-0.005395520773360446,-0.005540362043201716,0.006102423057722434,0.006082581787881164,-0.009947016081663304,-0.01026356064820787,-0.009357806506852917
2024-02-14,0.004466092416061225,0.0044462511462199554,-0.0022882707487950783,-0.0026717483822727116,-0.007512260540362782,-0.007532101810204052,-0.008101699226249984,-0.008443762718313477,0.0015707904366129358,0.001550949166771666,-0.0003918980834175948,-0.0007602242017437132,0.007079787226268126,0.007059945956426857,-0.005466148836015056,-0.00594432343918966,-0.00528802877367187,-0.005307870043513139,1.2087060558685272e-05,-0.0006363256378540131,0.0004922763606587041,0.0004724350908174343,-0.00716763142264719,-0.00727838178339755,0.00341573913518467,0.0033958978653434,-0.0036388774810267857,-0.003917052084201389,-0.0031088820552532814
2024-02-15,0.0006629659277464298,0.00064312465790516,0.003523120240608503,0.0034199456374338997,-0.004801451467740525,-0.004821292737581795,0.0023026312126185437,0.002182789942777274,0.0018968874800125712,0.0018770462101713014,0.0029019837012794966,0.0027988090981048933,-0.001681868543775264,-0.0017017098136165338,-0.0041603207185976765,-0.004180161988438946,-0.004123829103250286,-0.004143670373091555,0.0008378787959990967,0.0006930375261578269,-0.0032544207894605465,-0.0032742620593018165,0.002116494502699285,0.002096653232858015,0.009192776891499332,0.009172935621658062,-0.013060220543544311,-0.013142561813385582,0.016182338120529494
2024-02-16,0.009483329985081126,0.009463488715239856,0.007049495818467203,0.0070296545486259335,0.004778002728589609,0.004758161458748339,0.006203719489507684,0.006183878219666415,0.008068878385037115,0.008049037115195844,0.007776804950920386,0.007756963681079116,0.009326982307897469,0.009307141038056198,0.008138788313175355,0.008118947043334084,0.0046929907183694275,0.004673149448528158,0.021130548508384105,0.021110707238542834,0.008689288112732882,0.008669446842891611,0.025075913322535788,0.025056072052694518,-0.0020152443967622405,-0.0020350856666035105,0.00707960604272553,0.007000941243472496,0.02069125343036271
2024-02-19,9.442644558397412e-05,7.458517574270428e-05,-0.0041441776453235955,-0.004240941992087942,0.0028610353575568986,0.0028411940877156286,-0.0032961722214669043,-0.003406922582217265,0.0004408888087347185,0.00042104753889344866,-0.003973916756271288,-0.004070681103035634,-0.0025304963379253684,-0.0025503376077666384,-0.010016340664340732,-0.010036181934182003,0.0021805018899542367,0.0021606606201129666,-0.010272213226893857,-0.010403165607846238,-0.00191392546335694,-0.0019337667331982098,-0.005651468167308889,-0.00578242054826127,-0.003811070880834329,-0.003830912150675599,-0.01117183942046292,-0.011247236245859746,-0.0032153314754416185
2024-02-20,0.004951706851465114,0.004931865581623844,0.008078214350202569,0.007891706413694632,-0.005149161061074034,-0.005169002330915304,0.006120256586519749,0.006017081983345145,0.006697004332842205,0.006677163063000935,0.006563968694490701,0.006383871014393021,0.003055333349771837,0.003035492079930567,0.013504584511866867,0.013373632130914486,0.00202321859290254,0.0020033773230612698,0.023954962121587358,0.023935120851746088,-0.0038891398708651853,-0.003908981140706455,0.001367696149214656,0.001139521546040053,0.004433524671300322,0.0044136834014590525,0.005044824301667989,0.004966159502414955,0.021435662354709173
2024-02-21,-0.0168306207828983,-0.01685046205273957,-0.012571402559993061,-0.012668166906757409,-0.013968048263706095,-0.013987889533547366,-0.007926019194908259,-0.00812767864656771,-0.017375225485188384,-0.017395066755029654,-0.013429237510680456,-0.01358241211385506,-0.010878826924603985,-0.010898668194445255,-0.008359488145147444,-0.008504329414988715,-0.01085230831264971,-0.01087214958249098,-0.012171930585596867,-0.012407680946347227,-0.005456288873717109,-0.005476130143558379,-0.007585410547082484,-0.007825032036703974,-0.009026330097836287,-0.009046171367677557,-0.003416300034271409,-0.0036805857485571235,0.000871341246830859
2024-02-22,0.008419797644260436,0.008399956374419166,-0.009789601605134883,-0.010114637680170959,0.0024764113837005552,0.002456570113859285,-0.011096879961069499,-0.011381872746062284,0.011500759965387679,0.011480918695546408,-0.00873363260988359,-0.00903188297063395,0.007685736626354585,0.007665895356513315,0.002141789069185166,0.0019108366882327852,0.010467044121933756,0.010447202852092486,-0.009783552223122521,-0.010053393492963792,0.004629544332522807,0.004609703062681538,-0.006803113726718692,-0.0070729549965599615,-0.0018155314311629756,-0.0018353727010042454,-0.013075883337759987,-0.013313371666424786,0.019770601293711998
2024-02-23,-0.006002240273212972,-0.006022081543054242,-0.005117451965238392,-0.005280150377936805,-0.006829552051097525,-0.006849393320938794,-0.001687445708894988,-0.0017072869787362578,-0.0053908770315208715,-0.005410718301362141,-0.004240693031441235,-0.004385534301282505,0.0002999056892703661,0.0002800644194290963,-0.006053116373377199,-0.006295179865440691,-0.005613888541296463,-0.005633729811137733,-0.006143886271268624,-0.00633039420777656,-0.006619291318917801,-0.006639132588759071,-0.0020043519922562647,-0.002357526595430868,0.0015903930740260377,0.001570551804184768,0.0008684380134565055,0.0007374856325041246,-0.0005462851461883744
2024-02-26,-0.00999187081954226,-0.01001171208938353,0.010146222369849868,0.010126381100008597,-0.0004658894216180917,-0.00048573069145936153,-0.004612098054982696,-0.004631939324823965,-0.009932479290586375,-0.009952320560427646,0.01116108176780703,0.011141240497965759,-0.01947558667726914,-0.01949542794711041,-0.0036007725136176297,-0.0036206137834588997,-0.008225502403241262,-0.008245343673082533,0.0003155230470364423,0.0002956817771951725,-0.009472059121564548,-0.009491900391405819,0.009017329639991504,0.008997488370150233,-0.002087317176297031,-0.002107158446138301,0.009373186377843795,0.009253345108002525,0.0019216360865075277
2024-02-27,0.007170283615875725,0.007150442346034455,0.007263773650806423,0.00716059904763182,0.010377788586627835,0.010357947316786565,-0.00019648576519663494,-0.00021632703503790478,0.00793517297014601,0.007915331700304739,0.005726684853803998,0.005623510250629395,0.00648571864629692,0.006465877376455651,0.004565853736735417,0.004546012466894148,0.009180033126793441,0.00916019185695217,0.0012796526621144328,0.0011487002811620519,0.01053420189991456,0.010514360630073289,0.02118512648055726,0.021088362133792914,-0.0023415496234700586,-0.0023613908933113287,-0.0016168838378271856,-0.0016367251076684554,0.004500219199071287
2024-02-28,-0.010867123219649902,-0.010886964489491172,-0.004806151987395715,-0.004825993257236985,-0.01399364854226201,-0.014013489812103281,-0.003032628336708046,-0.0032191362732159824,-0.014086000488503767,-0.014105841758345037,-0.0059145025542824345,-0.005934343824123704,-0.01587289661193078,-0.015892737881772052,0.0007817072898988683,0.0006507549089464874,-0.011773526854946828,-0.011793368124788099,-0.006036181809035299,-0.006056023078876568,-0.015677077653757462,-0.015696918923598733,-0.003270873267502583,-0.003472532719162035,-0.014158976996822184,-0.014178818266663454,0.007972805955469967,0.007819631352295364,0.035447390473042795
2024-02-29,-0.0038367293500027252,-0.0038565706198439953,-0.0010729175972688677,-0.0011696819440332143,0.0018083477698410608,0.001788506499999791,-0.014005262153530871,-0.014125103423372141,-0.0005028074397521939,-0.0005226487095934638,5.9946926118914154e-05,-2.6561010389022344e-05,-0.009733771333395279,-0.00975361260323655,0.002170892551369772,0.0020260512815285024,-0.004996828831374971,-0.00501667010121624,0.002106411392959375,0.0019956610322090142,-0.0038920654616312333,-0.003911906731472503,0.01513203878110191,0.014812197511260639,-0.002150349690027399,-0.002170190959868669,5.0220587919477117e-05,-8.073179303290384e-05,0.00984414132329281
2024-03-01,-0.006577853758826628,-0.006597695028667898,-0.0009315082506738417,-0.0011331677023332933,-0.006908204528761078,-0.006928045798602347,0.0067191868757321815,0.006588234494779801,-0.005874265129892989,-0.005894106399734258,-0.00015914412470983052,-0.0003328315483972542,-0.0052463326676480335,-0.005266173937489303,0.01181657975012445,0.011653881337426036,-0.006931877329192537,-0.006951718599033807,0.0030402485131548213,0.0029204072433135515,-0.004064011064010463,-0.0040838523338517325,-0.0005582989642051988,-0.0006892513451575797,-0.003846775608227021,-0.003866616878068291,0.0017785983282002388,0.001633757058358969,-0.007299909829466045
2024-03-04,0.0025558164612385775,3.597519139730745e-05,0.0040981941359640815,0.003978352866122812,0.003937507745762403,0.000542666475921133,-0.002833717568769411,-0.0029785588386106805,0.0014325926250466497,-0.0012122486447946204,0.0038322915673457973,0.003729116964171194,-0.005951544210314477,-0.008721385480155747,-0.003604763614574793,-0.003624604884416063,0.0021105800270564204,-0.0009092612427848497,0.003689135397675643,0.003558183016723262,-0.005442578048413693,-0.008337419318254963,-0.0044207728640421355,-0.004565614133883405,0.004132020686935155,0.00011217941709388505,0.012211003715740697,0.012191162445899427,0.01113897657303431
2024-03-05,-0.006960508036241979,-0.006980349306083248,-0.002396449610000656,-0.002527401990953037,0.005052374683434953,0.005032533413593683,0.009207239314274524,0.00904454090157611,-0.003989321937044668,-0.004009163206885938,-0.0021600438594711465,-0.0022707942202215073,-0.007239420264615,-0.0072592615344562695,-0.010471924015614273,-0.010491765285455543,-0.003175220431225402,-0.003195061701066672,-0.006399290614185242,-0.0064191318840265115,-0.008130646415062573,-0.008150487684903843,-0.005887423794693225,-0.006050122207391638,-0.005563449306691254,-0.005583290576532523,-0.007865405430061699,-0.00788524669990297,-0.0035001579079277922
2024-03-06,0.0015422587054762307,0.001522417435634961,0.0033604084083225976,0.0028822338051479944,0.00515244688930537,0.005132605619464101,-0.00639859949868741,-0.0066184407685286805,0.003388798830984828,0.003368957561143558,0.004296307448144051,0.0038431328449694472,0.0023829370861963087,0.0023630958163550386,0.006807868092212286,0.006663026822371017,-0.0013161341206245486,-0.0013359753904658184,-0.007442868529220651,-0.007587709799061921,-0.0039009833585680123,-0.003920824628409282,-0.01587330087122194,-0.015893142141063212,0.00010270068413315014,8.28594142918803e-05,0.01081182234767002,0.009958647744495418,-0.004907252011913332
2024-03-07,-0.010156261189844445,-0.010176102459685716,-0.0058220546599984865,-0.005841895929839756,-0.0008466042633887977,-0.0008664455332300675,0.006615386014264732,0.006428878077756796,-0.01172299766007407,-0.011742838929915341,-0.008000647034480151,-0.008020488304321421,-0.01140629158834501,-0.011426132858186281,-0.012499343901036885,-0.012919185170878155,-0.00021366660926505632,-0.00023350787910632616,0.005827532380933684,0.005682691111092414,-0.006436591982928966,-0.0064564332527702354,0.0008248978277800223,0.0005550565579387524,0.0022344349810255112,0.002214593711184241,-0.007792314048943142,-0.0078121553187844115,0.0104746149588133
2024-03-08,0.0028370273080815037,0.0028171860382402336,-0.0023336820805282855,-0.002496380493226698,0.005132402273830605,0.005112561003989336,0.0062906889642969,0.005959736583344519,0.0013127385356976468,0.001292897265856377,-0.0020217168756578993,-0.00215266925661028,0.018749829520908583,0.018729988251067312,0.011982473538334731,0.01171263226849346,0.0017021551591539022,0.0016823138893126324,-0.008711701120886926,-0.008874399533585339,0.007018369806377572,0.006998528536536303,-0.0013083220568677334,-0.00149482999337567,-0.0024607641758254833,-0.0024806054456667534,0.008060692066920982,0.007840850797079713,0.0008219414654826451
2024-03-11,0.0023659748738088515,0.0023461336039675815,-0.004759408382262029,-0.0050649639378175845,0.0007946099896521536,0.0007747687198108838,0.00718800749653068,0.00691816622668941,0.00270681725076561,0.00268697598092434,-0.004728065477540512,-0.005033621033096068,0.009779848855764092,0.009760007585922822,0.005790701218516714,0.00543752661534211,0.003440692252079533,0.003420850982238263,0.0018498107713647968,0.001687112358666384,0.006978519386267132,0.006958678116425862,0.022737849926886634,0.021718008657045363,-0.0011383725187743832,-0.001158213788615653,0.0009379653885917709,0.0008070130076393899,0.0035443350596298107
2024-03-12,0.004992863617877125,0.004973022348035855,0.012394572744671052,0.011974731474829782,0.01191758701661464,0.01189774574677337,0.023612389582195782,0.022973500693306892,0.0061188323820237575,0.006098991112182488,0.010250478389503565,0.009705637119662295,0.005819076130001731,0.005799234860160461,0.017618061149178826,0.017098219879337555,-0.0022813175605019206,-0.0023011588303431907,0.004153836094308158,0.0038006614911335547,-0.006002820096537104,-0.006022661366378373,0.0033236425210871707,0.002303801251245901,-9.403580047263188e-05,-0.00011387707031390172,-0.001963162690077664,-0.002518718245633219,0.0006338374405181479
2024-03-13,0.004604401506923345,0.004584560237082075,-0.00246859485489405,-0.003555102791401986,0.002349540769703874,0.002329699499862604,-0.003271507482942193,-0.004191348752783463,0.0007009426457948581,0.0006811013759535883,-0.0019709809770796505,-0.00299082224692092,-0.0024152450883543133,-0.0024350863581955834,-0.011924404476704103,-0.015277579079878707,0.001981357773797765,0.001961516503956495,-0.0068578821057972885,-0.008377723375638559,-0.0016373792614064048,-0.0016572205312476746,-0.009151095645950558,-0.009370936915791828,0.004704913545749881,0.004685072275908611,-0.0028589055237160004,-0.0036120801268906036,0.004182414392659872
2024-03-14,-0.006000171226878952,-0.006020012496720221,0.008985428702950271,0.008465587433109002,-0.009210218550573454,-0.009230059820414725,0.0019816513752582976,0.0017118101054170278,-0.002614819138122261,-0.002634660407963531,0.007945068818776638,0.007425227548935368,-0.007253236504133509,-0.0072730777739747786,0.03228187775473401,0.032262036484892745,-0.0013357654380993372,-0.001355606707940607,0.009441269096992555,0.008921427827151286,-0.004713604329147532,-0.0047334455989888015,0.020144186293540887,0.020124345023699617,-0.005475132480969161,-0.0054949737508104305,0.0017638657875828447,0.001494024517741575,0.005154624871797742
2024-03-15,-0.003152956862558093,-0.003172798132399363,0.022300130245985327,0.022280288976144057,-0.0009473249963573641,-0.0009671662661986339,0.010033479436042936,0.010013638166201665,-0.004870021404850863,-0.004889862674692133,0.01712401868936812,0.01710417741952685,0.005713572596043964,0.005693731326202695,0.02230329154389706,0.022283450274055788,-0.006989399466547544,-0.0070092407363888136,0.02199432705959048,0.02197448578974921,-0.009616115929759299,-0.00963595719960057,0.008016650735401587,0.007996809465560317,-0.006880610932997057,-0.0069004522028383265,-0.004227276127573936,-0.00458045073074854,-0.020826636259759446
2024-03-18,0.00436863805053124,0.00434879678068997,0.021186123378988,0.020166282109146727,0.0030062156785976776,0.0029863744087564076,0.003955358373559462,0.003602183770384859,0.003828286271280054,0.003808445001438784,0.017516273450709552,0.01649643218086828,0.00017824359806987294,0.0001584023282286031,0.00897389784862727,0.008954056578786,9.262069331745365e-05,7.277942347618381e-05,0.02054529094196858,0.01952544967212731,-0.00026551734162953006,-0.00028535861147079987,0.0041380158289393565,0.004118174559098087,0.005656834555304122,0.005636993285462852,0.002617249924490231,0.002097408654648961,0.007812299354704955
2024-03-19,-0.0013851377470367188,-0.0014049790168779886,0.019621207075343206,0.019351365805501935,0.009475842566618403,0.009456001296777133,0.03383813934482727,0.033318298074986,-0.00022609146868148022,-0.00024593273852275004,0.016805297757803105,0.016585456487961836,-0.0013267416703955925,-0.0013465829402368624,0.04733888430126354,0.04681904303142227,-0.0057312781652965605,-0.00575111943513783,0.019621207075343206,0.019601365805501935,-0.008526583394675477,-0.008546424664516748,-0.0067405280731190065,-0.007010369342960276,0.0005815649660576919,0.000561723696216422,0.02245164821013962,0.022431806940298348,-0.010322213618133347
2024-03-20,0.0020291266806693534,0.0020092854108280833,-0.01001783254657096,-0.010371007149745563,0.0020721496755643637,0.0020523084057230937,-0.002829897294519934,-0.0038497385643612037,0.0028442688626909574,0.0028244275928496873,-0.01001783254657096,-0.010704340483078896,-3.406955047802196e-06,-2.3248224889072037e-05,-0.022702795183509428,-0.022722636453350698,0.009371503511242364,0.009351662241401094,-0.01001783254657096,-0.010371007149745563,0.00853056150685512,0.008510720237013849,0.016796923510722928,0.016443748907548326,0.011042341034498311,0.01102249976465704,0.011233750703328604,0.010713909433487335,-0.01538529049115367
2024-03-21,-0.002388179859379419,-0.002408021129220689,0.0009000902328293314,-0.0011197510370119386,0.0032861506954198136,0.0032663094255785436,-0.007819165720042154,-0.008839006989883423,-0.0013347506392876185,-0.0013545919091288883,0.0009000902328293314,-0.0011197510370119386,-0.004409798339437221,-0.0044296396092784905,-0.002607649291933467,-0.0036274905617747367,0.0013309263689523926,0.0013110850991111228,0.0009000902328293314,-0.0011197510370119386,0.013437701865832187,0.013417860595990917,0.0071862898631884775,0.007166448593347208,-0.010440470623360933,-0.010460311893202203,-0.011571133402309641,-0.012590974672150911,-0.0001625236824454035
2024-03-22,0.004666964628253709,0.004647123358412439,0.009056936251116587,0.009037094981275317,-0.0035856624602460807,-0.0036055037300873507,-0.012399822443941,-0.01241966371378227,0.0103138015604314,0.01029396029059013,0.009056936251116587,0.009037094981275317,-0.008823752934213953,-0.008843594204055224,0.0,0.0,0.008157416605865227,0.008137575336023956,0.009056936251116587,0.009037094981275317,0.002443674698049944,0.002423833428208674,-0.011905623218663397,-0.013925464488504668,0.008271969608075372,0.008252128338234101,0.01651074906653771,0.01649090779669644,0.0014037910364590456
2024-03-25,0.010253745995707594,0.010233904725866324,0.033696118712572165,0.0336762774427309,0.010156349915221005,0.010136508645379735,0.017298009274686388,0.017278168004845117,0.011656075452507152,0.011636234182665881,0.033696118712572165,0.0336762774427309,0.0007401367245448084,0.0007202954547035386,0.0,0.0,0.009441531539826041,0.00942169026998477,0.033696118712572165,0.0336762774427309,-0.0005010331816140967,-0.0005208744514553665,-0.004336949135485657,-0.004356790405326927,-0.00550608145015765,-0.00552592271999892,0.0,0.0,-0.007148567810295159
2024-03-26,0.0004989795399268429,0.0004791382700855731,0.0,0.0,0.0117589951032563,0.01173915383341503,-0.004806311983628353,-0.004826153253469623,-0.0024373081687606504,-0.0024571494386019205,0.0,0.0,-0.006423345192478835,-0.006443186462320105,0.0,0.0,-0.0003807252259239932,-0.00040056649576526303,0.0,0.0,0.00764063691325486,0.00762079564341359,0.0,0.0,-0.00242529317328391,-0.00244513444312518,0.0,0.0,0.009621350434347642
2024-03-27,-0.0043405772571180265,-0.004360418526959296,0.0,0.0,0.005114414914967724,0.005094573645126455,0.0,0.0,-0.0010817933279757413,-0.0011016345978170112,0.0,0.0,0.0078989465914951,0.00787910532165383,0.0,0.0,-0.009743649648512341,-0.009763490918353612,0.0,0.0,-0.008367092490918333,-0.008386933760759604,0.0,0.0,0.007868545361960563,0.007848704092119293,0.0,0.0,-0.014283926830079952
2024-03-28,-0.00022644745932478422,-0.00024628872916605403,0.0,0.0,-0.01067517241678323,-0.0106950136866245,0.0,0.0,-0.0019851922867388447,-0.0020050335565801147,0.0,0.0,-0.008666636870247019,-0.00868647814008829,0.0,0.0,0.0034138106348758565,0.0033939693650345865,0.0,0.0,-0.003209817512526157,-0.003229658782367427,0.0,0.0,-0.005587628204102697,-0.005607469473943967,0.0,0.0,-0.003996381236498259
2024-03-29,-0.006554881454450358,-0.006574722724291627,0.0,0.0,0.0032260034139076077,0.0032061621440663377,0.0,0.0,-0.0021749185675909236,-0.0021947598374321936,0.0,0.0,0.00915513358408853,0.00913529231424726,0.0,0.0,0.0019266630564193851,0.0019068217865781153,0.0,0.0,-0.005554811861189696,-0.005574653131030965,0.0,0.0,0.00498476431833017,0.004964923048488901,0.0,0.0,-0.005953615484262875
2024-04-01,-0.009121008814618727,-0.009140850084459997,0.0,0.0,-0.002713493535013718,-0.0027333348048549882,0.0,0.0,-0.006388371092342526,-0.006408212362183796,0.0,0.0,-0.006969468005740324,-0.006989309275581594,0.0,0.0,-0.007308855277284233,-0.007328696547125503,0.0,0.0,-0.005700060115490811,-0.005719901385332081,0.0,0.0,-0.004747904747871186,-0.004767746017712455,0.0,0.0,-3.245997373257925e-05
2024-04-02,0.00873544787262829,0.008715606602787019,0.0,0.0,0.011528826414922845,0.011508985145081575,0.0,0.0,0.005824278241099906,0.0058044369712586365,0.0,0.0,0.008386823786166835,0.008366982516325564,0.0,0.0,0.012187261525785725,0.012167420255944455,0.0,0.0,0.016873672244374777,0.016853830974533506,0.0,0.0,-0.005416198404449284,-0.005436039674290553,0.0,0.0,0.0035475071311199535
2024-04-03,-0.00473970471585982,-0.00475954598570109,0.0,0.0,0.008866570802695498,0.008846729532854227,0.0,0.0,-0.009898004494116742,-0.009917845763958013,0.0,0.0,0.0019773034552327887,0.0019574621853915186,0.0,0.0,-0.0012494502146517192,-0.001269291484492989,0.0,0.0,-0.005508126090676677,-0.005527967360517946,0.0,0.0,0.0018814594045698518,0.001861618134728582,0.0,0.0,-0.010606822445859199
2024-04-04,0.003731660162931215,0.003711818893089945,0.0,0.0,0.013476780242964469,0.013456938973123198,0.0,0.0,-0.00073671434616919,-0.0007565556160104598,0.0,0.0,0.00924919869736543,0.009229357427524159,0.0,0.0,0.005868142659258863,0.005848301389417593,0.0,0.0,0.005613444092649647,0.0055936028228083775,0.0,0.0,0.007955289965843153,0.007935448696001882,0.0,0.0,0.008447109452018431
2024-04-05,-0.0047032121511978164,-0.004723053421039086,0.0,0.0,-0.0007635404190917683,-0.0007833816889330381,0.0,0.0,-0.001575104079605559,-0.0015949453494468289,0.0,0.0,0.0025322711097157946,0.0025124298398745246,0.0,0.0,0.001850786710618904,0.0018309454407776343,0.0,0.0,0.0029211772510278136,0.0029013359811865436,0.0,0.0,-0.002359949856337702,-0.0023797911261789722,0.0,0.0,0.0011730260516815694
2024-04-08,0.00806762951661933,0.00804778824677806,0.0,0.0,0.00566314131386373,0.0056433000440224606,0.0,0.0,0.013283205790078738,0.013263364520237467,0.0,0.0,0.010902893539379531,0.01088305226953826,0.0,0.0,-0.0021418075176126636,-0.0021616487874539336,0.0,0.0,-0.002568787549794456,-0.002588628819635726,0.0,0.0,-0.00132265877649769,-0.0013425000463389597,0.0,0.0,-0.020331408786431027
2024-04-09,-0.010892681399783867,-0.010912522669625137,0.0,0.0,0.001297453904058797,0.0012776126342175273,0.0,0.0,-0.007878312608552096,-0.007898153878393366,0.0,0.0,0.004868987368924223,0.004849146099082953,0.0,0.0,-0.0034048291488214047,-0.0034246704186626747,0.0,0.0,0.0027580099955454643,0.0027381687257041942,0.0,0.0,0.003949847258127415,0.003930005988286145,0.0,0.0,-0.021064505844367365
2024-04-10,-0.0040411608882562275,-0.004061002158097497,0.0,0.0,-0.0015653092059907947,-0.0015851504758320645,0.0,0.0,-0.000495994828387733,-0.0005158360982290028,0.0,0.0,-0.009563879763536197,-0.009583721033377467,0.0,0.0,-0.004607419898382967,-0.004627261168224236,0.0,0.0,0.0008286723825481415,0.0008088311127068717,0.0,0.0,0.001683293180181622,0.0016634519103403522,0.0,0.0,0.00034448777777784656
2024-04-11,-0.0013706676288740213,-0.0013905088987152911,0.0,0.0,0.004068771656409696,0.004048930386568427,0.0,0.0,-0.0035950508030096126,-0.0036148920728508826,0.0,0.0,0.0006824428666616228,0.000662601596820353,0.0,0.0,0.004613920072845314,0.004594078803004044,0.0,0.0,-0.0030916319316881963,-0.0031114732015294663,0.0,0.0,-0.000849670464156918,-0.0008695117339981879,0.0,0.0,-0.001950640495649858
2024-04-12,0.003909163426751898,0.003889322156910628,0.0,0.0,0.0038959461139438725,0.0038761048441026025,0.0,0.0,0.007066891419430843,0.007047050149589573,0.0,0.0,0.005389808417760468,0.005369967147919198,0.0,0.0,-0.003224484172317549,-0.003244325442158819,0.0,0.0,0.0029384949883199465,0.0029186537184786765,0.0,0.0,-0.0032767144504790777,-0.0032965557203203477,0.0,0.0,-0.0006576212493210054
2024-04-15,-0.0036732102952937787,-0.0036930515651350487,0.0,0.0,0.001192729346580844,0.001172888076739574,0.0,0.0,-0.009914035925208245,-0.009933877195049515,0.0,0.0,-0.0019523537822874887,-0.0019721950521287587,0.0,0.0,0.0010510660213311207,0.0010312247514898509,0.0,0.0,0.004133260464651137,0.004113419194809867,0.0,0.0,-0.0030249112507380257,-0.0030447525205792958,0.0,0.0,0.0001721929781675069
2024-04-16,0.0011808668061776273,0.0011610255363363575,0.0,0.0,0.004564762059996522,0.004544920790155252,0.0,0.0,0.005355038831145478,0.005335197561304209,0.0,0.0,0.012673603234096713,0.012653761964255442,0.0,0.0,0.007596891321702097,0.007577050051860827,0.0,0.0,0.002718225810365106,0.002698384540523836,0.0,0.0,-0.0014474310436985646,-0.0014672723135398344,0.0,0.0,0.0029611582346120713
2024-04-17,0.0006972909916174025,0.0006774497217761327,0.0,0.0,-0.0008780403540925921,-0.0008978816239338619,0.0,0.0,0.001750864746112371,0.0017310234762711013,0.0,0.0,-0.005893971200070486,-0.005913812469911755,0.0,0.0,0.003024687974692422,0.003004846704851152,0.0,0.0,0.001508964215091911,0.0014891229452506413,0.0,0.0,-0.008952656103254943,-0.008972497373096213,0.0,0.0,0.010904145708331203
2024-04-18,-0.011942248388936524,-0.011962089658777795,0.0,0.0,-0.011449066078524452,-0.011468907348365722,0.0,0.0,-0.01288044383526979,-0.01290028510511106,0.0,0.0,0.0011206832967817285,0.0011008420269404586,0.0,0.0,-0.006859410549717837,-0.006879251819559107,0.0,0.0,-0.0066137464610386,-0.0066335877308798695,0.0,0.0,-0.010010799919695772,-0.010030641189537042,0.0,0.0,-0.011742153910093145
2024-04-19,0.0034839291629143523,0.0034640878930730823,0.0,0.0,0.003116571568029698,0.003096730298188428,0.0,0.0,0.0024771198883297638,0.0024572786184884937,0.0,0.0,0.0007681716629625024,0.0007483303931212326,0.0,0.0,-0.0035604505587002733,-0.0035802918285415433,0.0,0.0,0.003896120685313517,0.003876279415472247,0.0,0.0,-0.0021453726855764493,-0.0021652139554177194,0.0,0.0,-0.012411687521908688
2024-04-22,-0.0033717383562766254,-0.0033915796261178954,0.0,0.0,-0.0013393598133054699,-0.0013592010831467397,0.010826406326079674,0.009806565056238404,0.0025204944584682337,0.0025006531886269637,0.0,0.0,0.006925621775417175,0.006905780505575905,0.008042896073863881,0.0070230548040226114,-0.009081509551682965,-0.009101350821524235,0.008042896073863881,0.0070230548040226114,-0.0016922274252167274,-0.0017120686950579972,0.008042896073863881,0.0070230548040226114,0.0046735967000570075,0.004653755430215738,0.0,0.0,-0.01154656243676122
2024-04-23,-0.00036696681285253163,-0.00038680808269380145,0.0225605898163872,0.02054074854654593,-0.0026649077846929783,-0.0026847490545342484,0.020682145698678434,0.019162304428837165,0.001021955377313248,0.0010021141074719783,0.0225605898163872,0.02054074854654593,-0.007186460756982267,-0.007206302026823537,0.012353952522823008,0.011334111252981739,-0.002964479880003784,-0.002984321149845054,0.02177495085779646,0.020255109587955192,-0.00043580202912484045,-0.00045564329896611027,0.016145967898866354,0.014376126629025083,-0.006076591074176761,-0.006096432344018031,0.0,0.0,0.0036580833388557554
2024-04-24,-0.009453206117681433,-0.009473047387522703,0.0003640962721732262,-0.0003224116643347103,-0.0012310163766106816,-0.0012508576464519514,-0.019975147209077636,-0.021078321812252238,-0.010800526311811824,-0.010820367581653095,0.0003640962721732262,-0.0003224116643347103,0.006280216856458569,0.006260375586617299,-0.005951413198779749,-0.007104587801954352,-0.007304041730841884,-0.007323883000683154,0.004395504451541844,0.0037756631817005737,0.002553499971440852,0.002533658701599582,0.004753559868116597,0.004733718598275327,-0.015523706153207598,-0.015543547423048868,-0.00862881702956068,-0.00964865829940195,0.014174421165110918
2024-04-25,0.0005317400176802559,0.000511898747838986,-0.006326661029385025,-0.006346502299226294,0.0007343862203923815,0.0007145449505511117,-0.0002635779612687088,-0.0002834192311099786,0.0016514352205676819,0.001631593950726412,-0.006326661029385025,-0.006346502299226294,0.005566210745499324,0.005546369475658054,0.014671120689418397,0.014651279419577126,0.005475117188417006,0.005455275918575736,0.0024436486370967405,0.0024238073672554704,-0.005055726313471148,-0.005075567583312418,0.0022161321947799517,0.0021962909249386817,0.002396382487026706,0.002376541217185436,-0.005640044935123896,-0.005659886204965166,-0.004264733820634636
2024-04-26,-0.005768617694250924,-0.005788458964092194,0.004498601760698849,0.003728760490857579,0.01241874823994029,0.01239890697009902,0.009090177698636237,0.008670336428794967,-0.003417064368410383,-0.003436905638251653,0.004498601760698849,0.003728760490857579,-0.004445309876245029,-0.004465151146086299,0.015252896659989516,0.01481638872348158,-0.006181619734791623,-0.006201461004632892,0.015615286696437247,0.015095445426595978,-0.005184289461668878,-0.005204130731510148,0.0007574057146629426,-0.00012910222184499395,0.00043819313532914017,0.00041835186548787036,-0.008774337729556568,-0.009794178999397838,-0.027038698285756224
2024-04-29,0.002462743448938952,0.002442902179097682,0.0036437023907968727,0.0031952896923841743,0.009056393867073145,0.009036552597231875,0.007762596709144476,0.00745704115358892,0.0028006484656173877,0.0027808071957761177,0.0036437023907968727,0.0031952896923841743,0.008401744093193254,0.008381902823351984,0.007841550137467658,0.007621708867626388,0.01169012422340087,0.0116702829535596,0.001893121220318355,0.001373279950477085,0.011891865278394732,0.011872024008553462,0.005878605957511513,0.005608764687670243,0.0065362056740797606,0.006516364404238491,0.014216389274274023,0.013796548004432753,-0.01826392148871414
2024-04-30,0.001432111655175046,0.0014122703853337761,-0.008595785019176162,-0.009015626289017432,0.0033135157052856384,0.0032936744354443684,-0.009623613363501966,-0.009843454633343235,0.0014028055315737087,0.0013829642617324389,-0.008595785019176162,-0.009015626289017432,0.006772688110442335,0.006752846840601065,-0.0025679396101158103,-0.002754447546623747,0.000229389316075565,0.00020954804623429517,-0.0013865061504949594,-0.001573014087002896,0.0014288201404326906,0.0014089788705914208,-0.003752830159805801,-0.003939338096313737,-0.007193667008021036,-0.007213508277862306,-0.0007920357505283027,-0.001228543687036239,-0.008683403950756174
2024-05-01,0.00582897805724597,0.005809136787404701,-0.008750347771226344,-0.00906185570773428,-0.00017862479465483028,-0.00019846606449610012,-0.004815235769351139,-0.005126743705859076,-0.0026250925603066924,-0.0026449338301479624,-0.004902320247630845,-0.005311050406361003,0.003794465394949431,0.003774624125108161,0.011589449646681155,0.011319608376839884,0.0008340915373228064,0.0008142502674815366,-0.009877228196052938,-0.010239926608751351,0.0050981620718401205,0.005078320801998851,-0.0028120832034113277,-0.0031747816161097403,-0.006048891195336699,-0.0060687324651779685,0.007354658751817493,0.007334817481976223,-0.005655017762447367
2024-05-02,-0.00020857867351526532,-0.00022841994335653516,0.002834149386615579,0.0026714509739171667,-0.00044186543523270366,-0.0004617067050739735,0.008845138862238061,0.00882529759239679,-0.0005653271447676883,-0.0005851684146089581,0.0032571140704199747,0.003094415657721562,0.0031616111265639554,0.0031417698567226854,-0.0037360364261319673,-0.003866988807084348,-0.005720469681885547,-0.0057403109517268165,0.003926787445119663,0.003906946175278393,-0.004799616899987515,-0.004819458169828784,-0.0034814475098873254,-0.003626288779728595,-0.0027678549926191606,-0.0027876962624604307,0.00287046042667353,0.00285061915683226,-0.0040122748998020485
2024-05-03,0.009445104796077193,0.009425263526235923,0.00767084628568801,0.007414893904735629,0.01031197162995711,0.01029213036011584,0.012504893234595475,0.012373940853643094,0.010663899060461092,0.010644057790619822,0.006471639497117505,0.006226798227276235,0.015986924139948684,0.015967082870107414,0.0005148592307692729,0.00025216081807086026,0.0037412068719297545,0.0037213656020884845,0.006476294473411623,0.006164786536903687,-0.00015670757842796423,-0.00017654884826923407,0.01416988392899522,0.013872264881376172,0.010632296833741221,0.01061245556389995,0.0009281693638549995,0.0009083280940137297,0.000904392352790051
2024-05-06,-0.002529444572027792,-0.002549285841869062,0.0007541400584692298,0.00063429878862796,-0.0013057039411500312,-0.001325545210991301,0.0033274655411692547,0.003057624271327985,-0.0007800479935663046,-0.0007998892634075744,-0.00012783150247076824,-0.000238581863221129,0.0035744275591709507,0.0035545862893296806,0.004571327321394584,0.004551486051553314,-0.0011637435106573793,-0.0011835847804986491,-0.0015252327540340469,-0.0016879311667324596,-0.001456899534047068,-0.0014767408038883379,0.00016208347680794094,-0.00010061493589047174,0.008759056737374725,0.008739215467533454,0.0022629046905564,0.00224306342071513,-0.002949209639046879
2024-05-07,0.004846262307292258,0.0048264210374509885,0.02413987580088736,0.024029125440137,0.007138439165390614,0.007118597895549345,0.009729133767694333,0.009609292497853063,-4.983420990509885e-05,-6.967547974636869e-05,0.024157450751527865,0.024054276148353263,0.003799284670400603,0.003779443400559333,0.008815807874618335,0.008670966604777064,0.0031407756337957296,0.0031209343639544596,0.0259590026205916,0.02581416135075033,-0.0026330214488175935,-0.0026528627186588635,0.01884809768667812,0.018703256416836848,-0.0029813171958403897,-0.0030011584656816598,8.955389577697953e-06,-1.0885880263571888e-05,0.01202273571597745
2024-05-08,0.0028773451288713753,0.0028575038590301052,-0.0031102635993476386,-0.003324549313633353,0.002419813432371562,0.002399972162530292,-0.004657684471292445,-0.004788636852244826,0.003388065666525414,0.003368224396684144,-0.0030421990666479187,-0.0032500745245233765,0.0038226441095381564,0.0038028028396968863,0.01231345740883933,0.012202707048088969,0.005401553862645847,0.005381712592804577,0.004806177773086584,0.004586336503245314,0.0020394307563919994,0.0020195894865507294,-0.0017918371840390506,-0.0020136986559005227,0.0013698529251649424,0.0013500116553236726,0.0033971759661239596,0.0029011442200922136,-0.006956190362495174
2024-05-09,0.002322993079820264,0.002303151809978994,-0.0014702465059212542,-0.001590087775762524,-0.003620798775726679,-0.003640640045567949,0.0034440696622724185,0.0033242283924311486,0.0030292014498468772,0.003009360180005607,-0.002292896224525382,-0.0024127374943666516,0.0002270936750759095,0.00020725240523463965,-0.0010357506481934314,-0.0011389252513680345,-0.0023899264470351317,-0.0024097677168764017,0.001630827998457712,0.0015200776377073512,-0.0029064778903469743,-0.0029263191601882443,0.0008573057444927635,0.0007541311413181603,0.0024115137967115757,0.0023916725268703057,-0.0015092981227539989,-0.0017791393925952687,-0.009005497554230857
2024-05-10,-0.00905333204473667,-0.00907317331457794,-0.0007600327105381135,-0.0007798739803793833,-0.00640116550420259,-0.006421006774043859,0.0044742881145075405,0.004454446844666271,-0.009727660581892214,-0.009747501851733485,-0.0007938734105985955,-0.0008137146804398654,0.005179893371786613,0.005160052101945344,0.01176129149643224,0.011741450226590969,-0.011119866615613642,-0.011139707885454913,0.0024328433849402625,0.0024130021150989924,-0.0028971093460575456,-0.0029169506158988156,0.0020232552855170404,0.0020034140156757704,-0.004624658137295561,-0.00464449940713683,0.017625976947568973,0.017606135677727702,0.005747630923724989
2024-05-13,0.007768599311273133,0.007748758041431864,-0.00744827408233399,-0.007559024443084351,0.0014479094036440807,0.0014280681338028108,-0.006490794718337517,-0.006692454169996969,0.012366869514139345,0.012347028244298074,-0.00839057822144954,-0.008501328582199902,-0.0017254088859364747,-0.0017452501557777445,-0.0129184821056637,-0.013215246452428046,0.003976911200382516,0.003957069930541246,-0.00622221889769292,-0.006353171278645301,0.007200613089676976,0.007180771819835706,-0.0053781673126689945,-0.005574931659433341,-0.004154683986211473,-0.0041745252560527425,-0.009567482848473613,-0.009809546340537104,-0.016412062769187274
2024-05-14,-0.001875605455779368,-0.0018954467256206379,0.001437704367817026,0.0011870938672065253,-0.0033886173814415554,-0.0034084586512828255,0.005470733136577055,0.005213712379556298,0.0007431612817648675,0.0007233200119235977,0.0019306543649074534,0.0016855383697914582,-0.0011088021379045895,-0.0011286434077458593,0.0010143540665263698,0.0009230842252565285,-0.001854780064447517,-0.001874621334288787,0.0005576823415017659,0.0004545077383271627,-0.0011973045392019016,-0.0012171458090431714,0.007201745511553701,0.006943809003617193,-0.00096042886830177,-0.0009802701381430399,0.003034719636657109,0.003014878366815839,0.004766608758520086
2024-05-15,0.0016271285246450343,0.0016072872548037645,0.009945082696388094,0.009925241426546823,-0.003840805543826778,-0.003860646813668048,0.012471643308970715,0.012380373467700873,0.003293037548150718,0.003273196278309448,0.010269133060267239,0.010249291790425968,0.003719387459620145,0.003699546189778875,0.014505382913371839,0.014485541643530568,-0.0014270380382030434,-0.0014468793080443132,0.009761081554762772,0.009741240284921501,-0.002770620300108821,-0.002790461569950091,0.00771513181645769,0.007628623879949753,0.004144840066335566,0.004124998796494296,0.004408459450405854,0.004115890907837312,0.0016080850209889697
2024-05-16,0.009439663257423805,0.009419821987582535,-0.009204536533722517,-0.009224377803563787,0.0035451125474393677,0.0035252712775980977,-0.007827257901058473,-0.007847099170899744,0.009696231600857773,0.009676390331016502,-0.007920255284669199,-0.00794009655451047,-0.006742006199083918,-0.006761847468925187,-0.009836894059708891,-0.009856735329550162,0.007689650842464528,0.007669809572623258,-0.006748171781666275,-0.0067680130515075446,0.007081385097640086,0.0070615438277988165,-0.005776732049980998,-0.005796573319822268,-0.0007582071307393259,-0.0007780484005805958,-0.008534385413540083,-0.008554226683381353,-0.0011418673890998265
2024-05-17,-0.0049944434538214955,-0.005014284723662765,0.0037947800314414755,0.0036416054282668725,-0.0014030110579526661,-0.001422852327793936,-0.003402672069347492,-0.0036225133391887617,-0.009451843626000642,-0.009471684895841912,0.0030905218582660127,0.002945680588424743,0.0018088665207687399,0.00178902525092747,0.008655763463640533,0.008545013102890171,0.008479123159120992,0.008459281889279722,0.008897917366203573,0.008778076096362303,0.0005816307018725111,0.0005617894320312413,-0.008867308834760848,-0.009030007247459261,-0.0007355177175552702,-0.00075535898739654,0.007178927785275121,0.0070757531821005176,0.017951037178641993
2024-05-20,0.0031678108661770885,0.0031479695963358184,0.007781101744746164,0.0076273319034763235,0.004668961335908606,0.004649120066067336,-0.001960693092933223,-0.0021805343627744928,-8.428008521401548e-05,-0.00010412135505528532,0.007835257637104198,0.007685164266422592,-0.005220667988946499,-0.005240509258787769,0.0011296577794905598,0.0010328934327262132,-0.001529329705829148,-0.0015491709756704178,0.0015473138685376392,0.001269896841120612,0.0005946969674881022,0.0005748556976468324,0.008322926658209122,0.00823165681693928,-0.0007424041063955888,-0.0007622453762368587,0.0073990175749179665,0.007279176305076697,-0.006364281898241786
2024-05-21,0.004879543567788122,0.0048597022979468526,0.0031113259746238797,0.002823627561925467,0.001192764524505209,0.0011729232546639392,-0.00808755319256121,-0.008374061129069148,0.0018304248292652786,0.0018105835594240088,0.0029755786642258857,0.0026952331927039435,-0.008424638161257235,-0.008444479431098505,-0.004793396971639028,-0.0051068890351310915,0.007134619548835278,0.007114778278994008,0.001508308850838986,0.0011399827325128675,-1.5694436948168744e-06,-2.1410713536086716e-05,-0.0023474774633002356,-0.0027775751433979155,0.007991841996955476,0.007972000727114206,-0.004018844653165078,-0.004129595013915439,0.02314327987576492
2024-05-22,-0.0023730978358720775,-0.0023929391057133475,0.00596772235663154,0.005717111856021039,-0.00422461948132085,-0.00424446075116212,1.4689657560784165e-05,-0.00038427249140136476,0.0019060694944037573,0.0018862282245624875,0.0060720246011575114,0.00582141410054701,-0.012500199764813966,-0.012520041034655236,-0.002230228657252182,-0.002872292149315674,0.00013521488126577025,0.00011537361142450041,0.007731879979061406,0.0073120387092201365,-0.0028905391975321618,-0.002910380467373432,0.002140472158160079,0.002043707811395732,-0.0013815243016308543,-0.001401365571472124,-0.0031226196797457615,-0.0036257942829203645,-0.00199974594150909
2024-05-23,0.0033706538929342,0.00335081262309293,0.0005421721172859965,0.0005223308474447267,0.006219166545414809,0.006199325275573539,0.00466205658013142,0.00464221531029015,0.0024524386877207496,0.0024325974178794796,0.0004702683977779983,0.0004504271279367285,0.0010151018851082133,0.0009952606152669435,-0.0036013979918125107,-0.0036212392616537807,0.004769664873029336,0.004749823603188067,0.005011419398448471,0.004991578128607201,0.0019397580655864527,0.0019199167957451829,-0.00557565598192125,-0.005595497251762519,9.579227871869822e-05,7.595100887742838e-05,-0.00396577574248688,-0.003985617012328149,-0.01356718089467246
2024-05-24,-0.002587341317205505,-0.002607182587046775,-0.0016200020715958837,-0.0018706125722063843,-0.0027322132893139728,-0.002752054559155243,-0.0034845180313847067,-0.0036710259678926433,-0.009462999699005395,-0.009482840968846665,-0.0019645337609147133,-0.0021986607450416975,-0.0018090740502369126,-0.0018289153200781825,-0.00757137371157829,-0.007827326092530671,0.003902669566897922,0.003882828297056652,-0.005188327558728224,-0.005308168828569494,-0.007992450289316187,-0.008012291559157458,-0.006343311977532714,-0.006628304762525499,0.001921739901261904,0.0019018986314206343,0.007407841281664752,0.007054666678490149,0.0012491153909430786
2024-05-27,-0.006872072452287402,-0.0068919137221286715,-0.009053319364501666,-0.009373160634342936,-0.009631719343791749,-0.00965156061363302,-0.004972943199868237,-0.005192784469709507,-0.006762028494250512,-0.006781869764091781,-0.009973127526859468,-0.01026569606942801,-0.0036990211271057394,-0.0037188623969470094,-0.005455204402742794,-0.005617902815441207,-0.008744183800656037,-0.008764025070497308,-0.008694727059349122,-0.008964568329190393,-0.013244858090311042,-0.013264699360152312,-0.006269513138959303,-0.006389354408800573,-0.00207525112243602,-0.00209509239227729,-0.0032756170067606387,-0.003581172562316194,-0.011358697203506352
2024-05-28,-0.005627240109353213,-0.005647081379194482,-0.012402455856227184,-0.012604115307886635,-0.0074269880447020015,-0.007446829314543271,-0.014075361532951986,-0.01417853613612659,-0.007238841061832806,-0.007258682331674075,-0.009279630300970938,-0.009481289752630389,9.46676931809845e-05,7.482642333971466e-05,-0.011725367402030139,-0.011911875338538075,-0.004538908889482704,-0.004558750159323974,-0.009701396924050129,-0.00983234930500251,-4.2252624816593864e-05,-6.20938946578637e-05,-0.004230297796444389,-0.0043410481571947495,-0.0051285251698626605,-0.00514836643970393,0.008197666158764997,0.007900047111145949,-0.0077893143259485376
2024-05-29,-0.0018628885529569997,-0.0018827298227982695,-0.0007363376720658146,-0.0009672900530181955,0.004894097591494263,0.004874256321652994,-0.014298831939835143,-0.014520693411696615,-0.0007785462760337217,-0.0007983875458749915,-0.0007363376720658146,-0.0010784011641293066,-0.0007237316447445616,-0.0007435729145858314,-0.016849437844230524,-0.01715499339978608,-0.0017562810806185034,-0.0017761223504597732,-0.0016594126150881149,-0.0019471110277865275,-0.005519053979362781,-0.005538895249204051,-0.008635800480662313,-0.008866752861614693,0.003832217074626748,0.003812375804785478,-0.002567884864844611,-0.002587726134685881,0.004847366300170464
2024-05-30,0.007539761809294332,0.007519920539453062,0.010861245890179881,0.0107302935092275,0.002792023705335163,0.002772182435493893,0.017101884060580805,0.017082042790739535,0.007159860245648915,0.007140018975807645,0.010861245890179881,0.0107302935092275,0.0028988831303912582,0.002879041860549988,0.01353781205849595,0.013351304121988013,0.005288003870449386,0.005268162600608116,0.013929419324113984,0.013909578054272714,-0.005412016738099934,-0.005431858007941204,0.01208241270775296,0.011951460326800578,-0.007918674588526742,-0.007938515858368012,0.012837585960738725,0.012817744690897455,0.0065914029751514835
2024-05-31,0.003855076893523761,0.003835235623682491,-0.0072510795161883634,-0.007520920786029633,0.00947250867127837,0.0094526674014371,-0.005234694513437982,-0.005379535783279252,0.0032055843458315483,0.0031857430759902783,-0.0072510795161883634,-0.007520920786029633,0.006838143267691207,0.006818301997849938,0.008936228013281866,0.008516386743440596,-0.00029512034428079426,-0.00031496161412206407,0.004976117186252597,0.004646752106887518,-0.001954379114701761,-0.001974220384543031,-0.000968126196935648,-0.0012379674667769179,0.0004364534876284687,0.0004166122177871989,-0.0024101537715358855,-0.0024299950413771555,-0.006363844702796828
2024-06-03,0.002860152273979205,0.002840311004137935,0.009562138212834291,0.009399439800135878,0.0035392772433607902,0.0035194359735195202,0.005421895016534176,0.005179831524470684,-0.003431894414179966,-0.003451735684021236,0.009562138212834291,0.009399439800135878,-0.00748650067869068,-0.00750634194853195,0.012944449204549402,0.012924607934708131,0.0058000157847252,0.0057801745148839305,0.010762504763197619,0.01054266349335635,0.01020571351251854,0.01018587224267727,0.008791127669725087,0.008485572114169532,-0.004353687813750708,-0.004373529083591977,-0.008591771990788255,-0.008611613260629526,0.011341456595510335
2024-06-04,0.012966120729606206,0.010571279459764937,0.007517724620644265,0.007331216684136329,0.005162100836255547,0.002767259566414277,0.005117797554240572,0.004955099141542159,0.010978200823638644,0.008458359553797375,0.007517724620644265,0.007331216684136329,0.009253197361381346,0.006358356091540077,0.015512321667043116,0.015242480397201847,0.0090585554497555,0.0065387141799142295,0.006858732449522644,0.006588891179681374,0.00867324429622772,0.0062784030263864496,0.0045567686912375855,0.004370260754729649,0.003775573263824078,0.00013073199398280777,0.005425081984288741,0.005405240714447471,0.013212585338232552
2024-06-05,-0.0017434240494016567,-0.0017632653192429266,0.014183459151334505,0.013820760738636091,-0.008733302116853518,-0.008753143386694789,0.0026321327853636896,0.00248729151552242,-0.0023051597780042593,-0.0023250010478455293,0.014183459151334505,0.013820760738636091,-0.003706466800221471,-0.003726308070062741,0.007559533469068291,0.0072896921992270216,-0.000565289382328929,-0.0005851306521701988,0.010214801741203407,0.009794960471362137,-0.011016034900675757,-0.011035876170517028,-0.0012652654649529943,-0.001651773401460931,0.0007615593702085463,0.0007417181003672765,0.013904004786305168,0.013398449230749612,0.016279319322196173
2024-06-06,-0.00041897748902897103,-0.00043881875887024084,0.00651156793039096,0.006325059993883024,-0.005749337562516742,-0.005769178832358011,-0.0019446614301467744,-0.002107359842845187,0.00045423770097493404,0.00043439643113366423,0.00651156793039096,0.006325059993883024,0.00406350179063155,0.004043660520790281,0.005383017976832069,0.005029843373657465,-0.0017509449241523214,-0.0017707861939935913,-0.0029103511648030655,-0.0031801924346443354,0.001548721902507412,0.0015288806326661422,0.010485998369495354,0.010266157099654085,-0.011213158754396269,-0.011233000024237539,-0.0030354016883910925,-0.0034552429582323622,0.006303547478383242
2024-06-07,0.010006714995530769,0.009986873725689498,0.003496046202064493,0.0034762049322232228,0.0016139734464255678,0.001594132176584298,-0.003415126638854935,-0.0034349679086962052,0.011225425656224683,0.011205584386383412,0.003496046202064493,0.0034762049322232228,0.011992540048437,0.01197269877859573,0.0041872393304006605,0.004167398060559391,0.008263001914468687,0.008243160644627417,-0.005187810493779171,-0.005207651763620441,0.005297424755484406,0.005277583485643137,-0.004329680636957069,-0.004349521906798339,0.007463910054220424,0.007444068784379154,0.016093345832516693,0.016073504562675422,0.015477715832942662
2024-06-10,0.002584170695505289,0.002564329425664019,0.0029872628876367324,0.0027674216177954627,0.006367426066881614,0.006347584797040344,0.008349671956164484,0.00799649735298988,0.0010407363413569362,0.0010208950715156664,0.0029872628876367324,0.0027674216177954627,0.0032443408002374233,0.0032244995303961532,0.0037499891800460983,0.002230147910204828,0.003748194091592383,0.003728352821751113,0.008623986665340958,0.008270812062166354,0.004855430669643772,0.004835589399802502,0.001539074867725393,0.001019233597884123,0.009120445503002568,0.009100604233161298,-0.0005407872206227779,-0.0012272951571307145,-0.020208782707714756
2024-06-11,-0.011346066851569261,-0.011365908121410532,-0.00870602237474343,-0.009642530311251367,-0.008220945063661535,-0.008240786333502805,0.008440313460979615,0.0077204721911383455,-0.008573971166628454,-0.008593812436469724,-0.00870602237474343,-0.009642530311251367,-0.004486627155294687,-0.004506468425135956,-0.014049619017891923,-0.015069460287733193,-0.0044231127571762105,-0.00444295402701748,0.0062955288556030276,0.005942354252428424,-0.007100519937675034,-0.007120361207516304,0.0014010119313129419,4.7837328138338776e-05,-0.007406863284800946,-0.007426704554642216,0.0008546949688911379,0.0008348536990498681,-0.0030169720349131346
2024-06-12,0.007116422875892224,0.0070965816060509545,-0.0024285065159349688,-0.002448347785776239,0.0021228115748178275,0.0021029703049765575,-0.01715716551146575,-0.017510340114640352,0.007273596166612613,0.007253754896771343,-0.0024285065159349688,-0.002448347785776239,0.0048458770306502585,0.004826035760808989,-0.0022150070272040634,-0.0022348482970453334,0.0012243777123830055,0.0012045364425417357,-0.013713941138306854,-0.013733782408148125,-0.0011181053757211776,-0.0011379466455624474,-0.015389423574444283,-0.015909264844285554,0.01622233606045844,0.01620249479061717,0.025406959554472343,0.023887118284631075,-0.009057057819557679
2024-06-13,0.01067153385851708,0.01065169258867581,-0.0007565656181936683,-0.0007764068880349381,0.006748211434778537,0.006728370164937267,0.002060648005615414,0.002040806735774144,0.010309901389862923,0.010290060120021653,-0.0007565656181936683,-0.0007764068880349381,0.013032624490734404,0.013012783220893134,-0.005461209068548911,-0.005481050338390181,0.008109084759885574,0.008089243490044303,-0.009630987065131213,-0.009650828334972484,0.0112391706109587,0.01121932934111743,-0.001173094203197611,-0.0011929354730388809,-0.00024350842987542337,-0.0002633496997166932,-0.018558614719873856,-0.018578455989715126,0.0017914844724014056
2024-06-14,0.004176074143298736,0.004156232873457466,-0.010293869503723277,-0.011313710773564547,-0.005572276425334796,-0.005592117695176066,-0.022472965871541496,-0.023992807141382765,0.002198497570145487,0.002178656300304217,-0.010293869503723277,-0.011313710773564547,0.012014174150624536,0.011994332880783266,0.009877314174085328,0.008857472904244058,-0.0009476681374575163,-0.0009675094072987861,-0.022472965871541496,-0.022992807141382767,-0.001364640798345751,-0.0013844820681870207,-0.0022879871074981684,-0.0023078283773394384,0.012570022406266562,0.012550181136425292,0.02272975361273899,0.02170991234289772,-0.005805941411164084
2024-06-17,-0.006438928555637442,-0.006458769825478712,0.009406114197815008,0.007886272927973738,-0.004583034708462087,-0.004602875978303357,-0.0004474317213984391,-0.001967272991239709,-0.007538419359078015,-0.0075582606289192845,0.009406114197815008,0.007886272927973738,-0.00408662384974897,-0.00410646511959024,0.016965469684793733,0.016945628414952462,-0.009309644303160176,-0.009329485573001447,-0.0004474317213984391,-0.001967272991239709,-0.0026689344300698525,-0.0026887756999111226,0.025094283929749772,0.0250744426599085,-0.006944074807799495,-0.006963916077640765,0.020676333209166897,0.020156491939325626,-0.001347736261446908
2024-06-18,-0.002981055476830252,-0.003000896746671522,-0.0042412410023138225,-0.005261082272155092,-0.005923852266702959,-0.005943693536544228,-0.013383595647437962,-0.014403436917279232,-0.005383536058508498,-0.0054033773283497675,-0.0042412410023138225,-0.005261082272155092,0.009849463458731486,0.009829622188890216,0.013383595647437962,0.013363754377596692,-0.0010668771335211671,-0.001086718403362437,-0.013383595647437962,-0.014403436917279232,-0.001695602014802844,-0.0017154432846441137,-0.0042412410023138225,-0.005261082272155092,-0.0012252821993009103,-0.00124512346914218,0.028968101654974987,0.027948260385133716,0.021183923682244643
2024-06-19,-0.0029510624966882504,-0.0029709037665295204,0.0,0.0,0.004327551185774055,0.004307709915932785,0.0,0.0,-0.0016843069854354104,-0.0017041482552766802,0.0,0.0,0.0003384200056771869,0.00031857873583591707,0.0,0.0,-0.004331333639255246,-0.004351174909096515,0.0,0.0,-0.00342479847262786,-0.0034446397424691302,0.0,0.0,-0.0014253379604942593,-0.001445179230335529,0.0,0.0,-0.0013869177606241623
2024-06-20,-0.0023186068404204632,-0.0023384481102617333,0.0,0.0,0.004655815315300321,0.004635974045459052,0.0,0.0,-0.0032382827879010034,-0.0032581240577422735,0.0,0.0,-0.00021783045523027234,-0.00023767172507154218,0.0,0.0,-0.0018103509642961244,-0.0018301922341373942,0.0,0.0,4.287715375875245e-05,2.303588391748261e-05,0.0,0.0,0.0023493821504100426,0.0023295408805687726,0.0,0.0,0.005031715489092425
2024-06-21,-0.006029222217506076,-0.006049063487347346,0.0,0.0,-0.0022077157703533426,-0.0022275570401946126,0.0,0.0,-0.00549505291014115,-0.00551489417998242,0.0,0.0,0.011772888958216002,0.011753047688374731,0.0,0.0,0.0007478618832448616,0.0007280206134035918,0.0,0.0,0.00465623737654082,0.00463639610669955,0.0,0.0,0.008801256060612266,0.008781414790770995,0.0,0.0,-0.00207496262916651
2024-06-24,0.004086399198778602,0.004066557928937333,0.0,0.0,0.004310427897029144,0.004290586627187874,0.0,0.0,0.0026011281030517974,0.0025812868332105274,0.0,0.0,-0.00389653232680251,-0.003916373596643779,0.0,0.0,0.002951111550633434,0.002931270280792164,0.0,0.0,0.0025678950253330557,0.0025480537554917857,0.0,0.0,0.008172043898205437,0.008152202628364167,0.0,0.0,0.001312846167525139
2024-06-25,0.001870800068654345,0.0018509587988130751,0.0,0.0,0.003413918353619351,0.003394077083778081,0.0,0.0,0.0039006368594117005,0.0038807955895704305,0.0,0.0,1.307487170008198e-05,-6.766398141187861e-06,0.0,0.0,0.004810801317975837,0.004790960048134567,0.0,0.0,-0.004784276056104389,-0.004804117325945659,0.0,0.0,-0.003017996201391239,-0.003037837471232509,0.0,0.0,0.0005461834847970692
2024-06-26,-0.006826731582588529,-0.006846572852429798,0.0,0.0,0.003709287373394224,0.003689446103552954,0.0,0.0,-0.005823785591591302,-0.005843626861432571,0.0,0.0,-0.004690241999169932,-0.004710083269011202,0.0,0.0,-0.002941504146448011,-0.002961345416289281,0.0,0.0,-0.008886947516212829,-0.008906788786054099,0.0,0.0,0.00564948700195915,0.00562964573211788,0.0,0.0,0.005411564725704698
2024-06-27,0.007567902798705853,0.007548061528864583,0.0,0.0,0.006207952874306671,0.006188111604465402,0.0,0.0,0.00980215925351366,0.009782317983672389,0.0,0.0,0.0014656114919900654,0.0014457702221487955,0.0,0.0,0.0068289123241006625,0.006809071054259393,0.0,0.0,0.0007196828818659129,0.0006998416120246431,0.0,0.0,0.006236159579481072,0.006216318309639803,0.0,0.0,0.013298382891018923
2024-06-28,-0.0045632077591347756,-0.004583049028976045,0.0,0.0,-0.001597515695784986,-0.0016173569656262557,0.0,0.0,-0.00497881565865612,-0.00499865692849739,0.0,0.0,-0.0013432784725697575,-0.0013631197424110273,0.0,0.0,0.002002219323008786,0.001982378053167516,0.0,0.0,-0.005410948255617956,-0.005430789525459226,0.0,0.0,-0.0035454826939762957,-0.0035653239638175657,0.0,0.0,0.018601333973636613
2024-07-01,-0.012427592061615249,-0.01244743333145652,0.0,0.0,-0.007168700988867405,-0.007188542258708674,0.0,0.0,-0.010097912036226328,-0.010117753306067599,0.0,0.0,-0.01683441252394851,-0.01685425379378978,0.0,0.0,-0.013587129598217236,-0.013606970868058507,0.0,0.0,-0.0037340535963953994,-0.0037538948662366694,0.0,0.0,-0.005810730760743975,-0.005830572030585244,0.0,0.0,0.0038858209010010913
2024-07-02,-0.003075128482000991,-0.003094969751842261,0.0,0.0,-0.0036957482385677545,-0.0037155895084090246,0.0,0.0,-0.0019856914023022934,-0.0020055326721435634,0.0,0.0,-0.012408109219575525,-0.012427950489416795,0.0,0.0,-0.00483294134073585,-0.004852782610577119,0.0,0.0,0.007067051389217031,0.007047210119375762,0.0,0.0,0.002059729205997035,0.002039887936155765,0.0,0.0,0.006965015746391634
2024-07-03,0.012418177130165603,0.012398335860324333,0.0,0.0,0.006848589493875401,0.0068287482240341315,0.0,0.0,0.012996137114467232,0.012976295844625962,0.0,0.0,0.006786735509224061,0.006766894239382791,0.0,0.0,0.002561897974491703,0.002542056704650433,0.0,0.0,0.011685328390270366,0.011665487120429096,0.0,0.0,0.0034859189929276474,0.0034660777230863774,0.0,0.0,-0.012179509601041194
2024-07-04,-0.0011154510416111416,-0.0011352923114524114,0.0,0.0,-0.005786754467653553,-0.0058065957374948225,0.0,0.0,0.00038381365352927604,0.00036397238368800623,0.0,0.0,-0.006151800408540367,-0.006171641678381637,0.0,0.0,-0.0017448574803017591,-0.001764698750143029,0.0,0.0,-0.002944404443834807,-0.002964245713676077,0.0,0.0,0.00648461240660185,0.0064647711367605805,0.0,0.0,-0.00048664416657184795
2024-07-05,-9.906547663140336e-05,-0.0001189067464726732,0.0,0.0,-0.0023614463822700937,-0.0023812876521113638,0.0,0.0,-0.0007132039356973832,-0.000733045205538653,0.0,0.0,0.0051588077711530525,0.005138966501311783,0.0,0.0,-0.004287842964271704,-0.004307684234112974,0.0,0.0,-0.00417918252555359,-0.00419902379539486,0.0,0.0,0.0018516272688642726,0.0018317859990230028,0.0,0.0,0.010823184113719408
2024-07-08,-0.00884809003582221,-0.00886793130566348,0.0,0.0,-0.004939077547472512,-0.004958918817313781,0.0,0.0,-0.00944275981204444,-0.009462601081885711,0.0,0.0,0.00285256789225017,0.0028327266224089,0.0,0.0,-0.008974770166858374,-0.008994611436699645,0.0,0.0,0.00011265937286620425,9.281810302493441e-05,0.0,0.0,-0.004913512069153893,-0.004933353338995162,0.0,0.0,0.010005655022588655
2024-07-09,-0.006982781429268101,-0.00700262269910937,0.0,0.0,-0.005506076363794583,-0.005525917633635853,0.0,0.0,-0.0057124455528283005,-0.00573228682266957,0.0,0.0,-0.00834885829098711,-0.00836869956082838,0.0,0.0,-0.00629330180390663,-0.0063131430737478995,0.0,0.0,-0.005031176803856036,-0.005051018073697305,0.0,0.0,-0.006869558927825363,-0.006889400197666633,0.0,0.0,0.0028077070607455124
2024-07-10,-0.0006463283800294886,-0.0006661696498707584,0.0,0.0,-0.001292075023609153,-0.0013119162934504228,0.0,0.0,0.0012595406592139854,0.0012396993893727156,0.0,0.0,0.0014911702034347482,0.0014713289335934784,0.0,0.0,0.0013844480392816647,0.0013646067694403948,0.0,0.0,0.00304208409789742,0.0030222428280561498,0.0,0.0,-0.004034411144038248,-0.004054252413879518,0.0,0.0,0.010230333555247384
2024-07-11,0.0109267541770477,0.01090691290720643,0.0,0.0,0.012035729385042236,0.012015888115200966,0.0,0.0,0.010857648108188685,0.010837806838347414,0.0,0.0,0.009913543862634627,0.009893702592793357,0.0,0.0,0.010646782725765684,0.010626941455924414,0.0,0.0,0.011842292297341829,0.011822451027500559,0.0,0.0,0.0130961090252368,0.01307626775539553,0.0,0.0,0.005878433798931937
2024-07-12,-0.005060031480202579,-0.005079872750043848,0.0,0.0,-0.006415896928207404,-0.006435738198048674,0.0,0.0,-0.005667816666745817,-0.005687657936587087,0.0,0.0,-0.005791651286744998,-0.005811492556586267,0.0,0.0,-0.004148528548816796,-0.004168369818658066,0.0,0.0,-0.008433853747651217,-0.008453695017492487,0.0,0.0,0.006255900519027212,0.006236059249185942,0.0,0.0,0.013683368840852639
2024-07-15,-0.014191932895362948,-0.014211774165204218,0.0,0.0,-0.008640143815708178,-0.008659985085549448,0.0,0.0,-0.011996901329946193,-0.012016742599787463,0.0,0.0,-0.0017929078938610232,-0.001812749163702293,0.0,0.0,-0.0073792471204415025,-0.007399088390282772,0.0,0.0,-0.006489464324052285,-0.006509305593893555,0.0,0.0,-0.006863427940569274,-0.006883269210410543,0.0,0.0,0.0036629507265282246
2024-07-16,-0.0053661461503949,-0.00538598742023617,0.0,0.0,0.0012338319437233403,0.0012139906738820704,0.0,0.0,-0.005944532370726702,-0.005964373640567971,0.0,0.0,0.008940152380395971,0.008920311110554701,0.0,0.0,-0.007828943229109049,-0.00784878449895032,0.0,0.0,0.002433369442615206,0.002413528172773936,0.0,0.0,-0.005839481554317606,-0.005859322824158876,0.0,0.0,-0.003432681471281507
2024-07-17,-0.004824927679056887,-0.004844768948898156,0.0,0.0,0.00048612711442085066,0.00046628584457958084,0.0,0.0,-0.004096264407118022,-0.004116105676959292,0.0,0.0,-0.0033105676950909227,-0.0033304089649321927,0.0,0.0,-0.010963487452175603,-0.010983328722016874,0.0,0.0,-0.004299637735990826,-0.004319479005832095,0.0,0.0,0.0009861821352123504,0.0009663408653710806,0.0,0.0,0.004174253826263463
2024-07-18,0.006518242078498868,0.006498400808657598,0.0,0.0,0.014282236575081084,0.014262395305239813,0.0,0.0,0.006886275613258178,0.006866434343416908,0.0,0.0,0.0009867361783699319,0.0009668949085286621,0.0,0.0,0.00714426758612486,0.00712442631628359,0.0,0.0,0.004760619961772468,0.004740778691931198,0.0,0.0,0.003520778346978469,0.003500937077137199,0.0,0.0,-0.031756538134380397
2024-07-19,0.004330232497439607,0.004310391227598337,-0.01246756190753373,-0.013487403177375,0.009081289262648527,0.009061447992807257,0.01246756190753373,0.011447720637692461,0.0022363791422265328,0.0022165378723852627,-0.01246756190753373,-0.013487403177375,0.0004644186038628012,0.0004445773340215314,0.0,0.0,0.008272278799472316,0.008252437529631045,0.0,0.0,0.003007615876801012,0.002987774606959742,0.0,0.0,0.011481949940308954,0.011462108670467683,-0.01246756190753373,-0.013487403177375,0.004691743100235568
2024-07-22,0.011386321703506064,0.011366480433664793,-0.0014955748113596457,-0.0015154160812009155,0.01350731233861862,0.01348747106877735,0.0014955748113596457,0.0014757335415183758,0.011056977731055143,0.011037136461213872,-0.0014955748113596457,-0.0015154160812009155,0.006936275613560805,0.006916434343719535,0.0006949851304463017,-0.0003248561393949681,0.010204482621220638,0.010184641351379368,0.0,0.0,0.014636008794663827,0.014616167524822556,0.0,0.0,0.010934470608448071,0.010914629338606801,-0.0014955748113596457,-0.0015154160812009155,-0.03965254107736271
2024-07-23,-0.006869258063669996,-0.006889099333511266,-0.021088618225070244,-0.022608459494911512,-0.013865674818880236,-0.013885516088721506,-0.008602096804408488,-0.010288604740916424,-0.007231547817072213,-0.007251389086913483,-0.021088618225070244,-0.022608459494911512,0.0018634010330491751,0.0018435597632079053,0.0006046690595103432,-0.0004151722103309266,-0.011488067612757849,-0.01150790888259912,-0.01947337778208169,-0.02149321905192296,-0.006198358981666825,-0.006218200251508095,-0.01947337778208169,-0.02149321905192296,0.00012553622834882844,0.0001056949585075586,-0.027658850800539203,-0.028678692070380474,-0.018478097481459455
2024-07-24,-0.0027035576373950487,-0.0027233989072363188,0.015191338816336988,0.014338164213162386,-0.0023318711795220007,-0.0023517124493632707,0.009617772570698235,0.008597931300856966,-0.0006854309876229286,-0.0007052722574641985,0.015191338816336988,0.014338164213162386,0.002602957444729964,0.002583116174888694,0.018357075720363436,0.017337234450522165,0.0011405077363592364,0.0011206664665179666,-0.002975139148514827,-0.003994980418356097,0.002333906776372602,0.0023140655065313318,-0.0005730914493554118,-0.0010929327191966816,-0.005525079955420134,-0.005544921225261404,0.018037455600820845,0.016767614330979577,0.005449454610350735
2024-07-25,-0.00161855723757455,-0.0016383985074158198,0.006795766290048966,0.006442591686874362,-0.002876342260830972,-0.002896183530672242,0.004816712522210451,0.0044635379190358475,-0.001188970728980665,-0.0012088119988219348,0.006795766290048966,0.006442591686874362,-0.00017824473608309133,-0.00019808600592436117,-0.026074320395798295,-0.026094161665639565,-0.0001693583916646188,-0.00018919966150588864,0.0045477384206071645,0.004194563817432561,-0.0007243191530361681,-0.0007441604228774379,-0.025472872025960602,-0.025492713295801873,-0.005019606623715138,-0.0050394478935564075,-0.010822045637916944,-0.011175220241091547,0.005732822709934693
2024-07-26,0.003222934211962007,0.003203092942120737,-0.0058441313045916425,-0.006113972574432912,0.0019408922897520761,0.0019210510199108063,0.01630376252496631,0.01628392125512504,0.003919192354892312,0.003899351085051042,-0.0058441313045916425,-0.006113972574432912,-0.00030749274353426836,-0.0003273340133755382,0.02725634634017876,0.02723650507033749,-1.377442110187671e-05,-3.361569094314655e-05,0.0034243768156563825,0.0034045355458151125,-0.002505101737626844,-0.002524943007468114,0.011307129835535223,0.011287288565693953,-0.001875634163488571,-0.0018954754333298407,-0.007985623535202224,-0.008005464805043494,-0.012306716581539145
2024-07-29,0.010228483811889448,0.010208642542048178,0.0068718983839059136,0.006709199971207501,0.0006379105360052456,0.0006180692661639758,0.00039726041280457,0.00023456200010615733,0.008646813608956729,0.008626972339115458,0.0068718983839059136,0.006709199971207501,0.002709361806850656,0.002689520537009386,-0.007344026025359562,-0.007563867295200832,0.007951760929832546,0.007931919659991276,0.00040596427492972653,0.0001361230050884567,0.002473537449326345,0.002453696179485075,0.0194479835587074,0.019094808955532797,0.0035755376484914933,0.0035556963786502233,-0.0031094070686546356,-0.0033292483384959053,-0.0073531224606684376
2024-07-30,0.004874348347429412,0.004854507077588143,-0.0029125480601327053,-0.003057389329973975,0.0043845709573406486,0.004364729687499379,-0.012587081461515007,-0.012731922731356277,0.004723206863973081,0.004703365594131812,-0.0029125480601327053,-0.003057389329973975,0.002454367262436044,0.002434525992594774,-0.009186159342282266,-0.009372667278790202,-0.0032240888302340134,-0.0032439301000752835,-0.015954411657183774,-0.016174252927025044,-0.005983868645744614,-0.0060037099155858835,0.012193181724466151,0.01192334045462488,0.0027356529922287,0.00271581172238743,-0.011098501152271031,-0.011285009088778967,0.015555950874755364
2024-07-31,0.00794657172814063,0.00792673045829936,0.007864600752333972,0.0074447594824927025,0.005563266606672973,0.005543425336831703,0.006350071392879773,0.006219119011927392,0.007246441416197125,0.007226600146355855,0.007864600752333972,0.0074447594824927025,-0.0030394048037261437,-0.0030592460735674137,-0.016820397652165205,-0.016983096064863618,0.006453498919818161,0.0064336576499768915,0.014517987383697934,0.013998146113856665,0.007967675589603741,0.00794783431976247,0.01718493246545787,0.0169650911956166,0.0036735129588985754,0.0036536716890573054,0.007715634838325513,0.0075529364256271,-0.004844331447299344
2024-08-01,0.0009723634972545608,0.000952522227413291,-0.016422569393507565,-0.016699986420924594,-0.014937295532209183,-0.014957136802050453,-0.012013529868996443,-0.012333371138837713,0.0006170763025493131,0.0005972350327080433,-0.016422569393507565,-0.016699986420924594,-0.002748005035169851,-0.002767846305011121,-0.02658269461423487,-0.02706086921740947,-0.00230183890734878,-0.00232168017719005,-0.021715750668607016,-0.02212844908130543,0.006291720074418174,0.006271878804576904,-0.03208121527732477,-0.03276772321383271,-0.0015305405793369711,-0.001550381849178241,-0.012378888953372032,-0.012798730223213301,0.025152123436432916
2024-08-02,0.012154278197863959,0.012134436928022688,0.0015652484676740527,0.001248703901129486,0.007625139139604407,0.007605297869763138,0.0007420035488897121,0.0003888289457151089,0.011115094128305594,0.011095252858464324,0.0015652484676740527,0.001248703901129486,0.00047675656091478863,0.0004569152910735188,-0.011361207930433949,-0.01174216031138633,0.007982647291815824,0.007962806021974553,0.0009149224067026007,0.0007700811368613309,0.008411556274128956,0.008391715004287686,0.007963580472549501,0.007800882059851088,-0.006598168370195855,-0.006618009640037124,-0.013013464034283892,-0.013324971970791829,0.000458881615059914
2024-08-05,0.007170628320962366,0.0071507870511210965,0.010992064363242349,0.010900794521972507,0.005744615565547201,0.005724774295705931,0.002927803053947122,0.002907961784105852,0.006486132363911601,0.006466291094070331,0.010992064363242349,0.010900794521972507,0.006473668590643203,0.006453827320801933,0.00224862856678613,0.00222878729694486,0.010250407828467006,0.010230566558625736,0.020675710271265094,0.020655869001423823,-0.0007859661371331234,-0.0008058074069743932,0.016222780643361898,0.016077939373520627,0.007654172110729003,0.0076343308408877335,-0.001000230391330903,-0.0010200716611721728,0.004968397945694036
2024-08-06,0.010549635194577738,0.010529793924736467,-0.007182943579599843,-0.007202784849441112,0.013919483518281824,0.013899642248440553,-0.006350213527721527,-0.0065129119404199395,0.009025665099680606,0.009005823829839336,-0.007182943579599843,-0.007202784849441112,-0.004186674918122434,-0.004206516187963703,-0.01721808510245707,-0.01733792637229834,0.003932741254746339,0.003912899984905069,-0.004946820235834842,-0.004966661505676112,0.009159137350300862,0.009139296080459592,-0.006705319709913421,-0.0067251609797546906,0.0016831703925745817,0.0016633291227333119,-0.00734396563381782,-0.00736380690365909,0.018265618383484616
2024-08-07,-0.004951342316872408,-0.004971183586713677,-0.006202445254231576,-0.006413953190739513,-0.002775637660125667,-0.002795478929966937,-0.007069017059867719,-0.007388858329708988,-0.006116621225132679,-0.006136462494973949,-0.006202445254231576,-0.006413953190739513,-0.002132720333559872,-0.002152561603401142,-0.010127242683078519,-0.010347083952919788,-0.0014239970292886026,-0.0014438382991298724,-0.0019059636774804963,-0.002125804947321766,-0.004530020904826279,-0.004549862174667549,-0.009547811457298319,-0.009900986060472922,-0.005201721707404086,-0.005221562977245356,-0.0046062002963631055,-0.004737152677315486,0.0019212982781275922
2024-08-08,-0.004434527338816344,-0.004454368608657613,0.005271762562614191,0.005251921292772921,-0.005833530179511472,-0.005853371449352741,-0.0032824002459186635,-0.0033022415157599335,-0.005370615409289958,-0.005390456679131228,0.005271762562614191,0.005251921292772921,-0.002094860076191786,-0.002114701346033056,0.009236041577591725,0.009216200307750454,-0.005800449255002928,-0.005820290524844197,-9.263637092532181e-06,-2.9104906933802023e-05,-0.005406915013829741,-0.005426756283671011,-0.0005127389685217875,-0.0006436913494741684,-0.006454268927757252,-0.006474110197598522,0.003648459529619428,0.003628618259778158,-0.010545783787598961
2024-08-09,0.008712082565372578,0.008692241295531308,-0.0003107317487945141,-0.00039307301863578397,0.013820084870756831,0.01380024360091556,0.003096492927934108,0.0029857425671837474,0.009472685138628173,0.009452843868786902,-0.0003107317487945141,-0.00039307301863578397,0.001618102406463054,0.001598261136621784,-0.003725519271679264,-0.0039120272081872,0.006826093357586632,0.006806252087745363,-0.0020646516098189547,-0.0022511595463268913,0.007060208066365592,0.007040366796524322,0.00843141978677384,0.008411578516932569,-0.002561373678757438,-0.002581214948598708,-0.008875839161773601,-0.008995680431614871,-0.0007270019686370643
2024-08-12,-0.00271110739713111,-0.00273094866697238,0.0007582749650410503,0.0007384336951997805,0.0021661023156822334,0.0021462610458409634,-0.003394069413537695,-0.003490833760302042,-0.003162256046770548,-0.003182097316611818,0.0007582749650410503,0.0007384336951997805,-0.009583550906484002,-0.009603392176325273,0.00023052465350134794,0.0002106833836600781,3.16038218527645e-05,1.176255201149466e-05,-0.005556053718996709,-0.005575894988837979,-0.0023145905970527667,-0.0023344318668940367,0.0064460579385026626,0.006326216668661393,-0.00373468402596603,-0.0037545252958073,0.016345667974745428,0.016182969562047015,8.82819019090153e-05
2024-08-13,0.0018399977072848656,0.0018201564374435957,0.009797510137849262,0.009777668868007992,-0.0034895350614484663,-0.0035093763312897363,0.008718029942950857,0.008698188673109586,0.0013015081466607042,0.0012816668768194344,0.009797510137849262,0.009777668868007992,-0.0007708369592044073,-0.0007906782290456771,0.01383315029325473,0.01381330902341346,-0.006256416214685215,-0.006276257484526484,0.009645742390792696,0.009483043978094283,-0.002502553964343887,-0.002522395234185157,0.011167496184781543,0.011056745824031182,0.007921633063405709,0.007901791793564438,0.01477180392717883,0.014585295990670894,-0.014532158174217269
2024-08-14,-0.006531989992369619,-0.006551831262210889,-0.0027626298851984293,-0.002952405795562575,0.001847856415327337,0.001828015145486067,-0.0017456932532088206,-0.0019822011897167573,-0.005268733277798171,-0.005288574547639441,-0.0027626298851984293,-0.002952405795562575,-0.002458283451071415,-0.002478124720912685,0.0006576662435981277,0.0005469158828477669,-0.0016359208333676448,-0.0016557621032089146,0.000636726631268254,0.00021915808869971153,-0.00997212931960268,-0.009991970589443951,-0.0021287425935985,-0.00214858386343977,-0.005505905194700983,-0.0055257464645422525,0.005507428168736984,0.0051125868988957145,-0.0023341527847489107
2024-08-15,0.012031890951320512,0.012012049681479241,0.018607908338247672,0.018482803910511665,0.008153959401499385,0.008134118131658114,0.011194267140009742,0.011056778811344942,0.011257368583715559,0.011237527313874288,0.018607908338247672,0.018482803910511665,0.012099744099704393,0.012079902829863123,0.018617046332790398,0.018597205062949127,0.008617376993877997,0.008597535724036726,0.017034267104386908,0.016860579680699483,0.010969944036254384,0.010950102766413113,0.01825336846944871,0.01815019386627411,0.006277224667829248,0.0062573833979879786,0.0019663723979548523,0.0017886363912714772,-0.007684113033971762
2024-08-16,-0.0064428211856819365,-0.006462662455523206,-0.0068715213893262945,-0.0071116007544056595,-0.007527908262524231,-0.007547749532365501,-0.002220457977980669,-0.0024069659144886056,-0.004344130507569495,-0.004363971777410765,-0.0068715213893262945,-0.0071116007544056595,-0.003516046887671695,-0.003535888157512965,0.00278820180990728,0.0026850272067326765,-0.009459709066045659,-0.00947955033588693,-0.007059021545083774,-0.007212196148258377,0.006008391220134565,0.005988549950293296,-0.01455756952985087,-0.01457741079969214,-0.011178196111505223,-0.011198037381346494,0.0008147014126154168,0.0006020029999170042,0.01064793532906183
2024-08-19,-0.002450330882217501,-0.002470172152058771,0.003055317535593964,0.0029900217202981486,0.005766309295054603,0.005746468025213333,0.006711706477966773,0.006639233629178135,-0.003536641625719192,-0.003556482895560462,0.003055317535593964,0.0029900217202981486,-0.004280435838981134,-0.004300277108822403,0.002245649496303774,0.002025808226462504,0.002657591759437257,0.002637750489595987,-0.0022636229464172795,-0.0022834642162585495,0.00442455377044234,0.00440471250060107,-0.011572800527421536,-0.011592641797262807,-0.0005251965023407093,-0.0005450377721819791,0.0008108532153648582,0.0007910119455235883,0.0008607306160377526
2024-08-20,0.003339597049706891,0.003319755779865621,0.010925230751014151,0.010429199004982405,0.006763130535907068,0.006743289266065798,0.004620573927321235,0.004223539675023824,0.00224138573683777,0.0022215444669965,0.010914047113682603,0.01035134870098419,0.013071367467367478,0.013051526197526208,0.01423790025010328,0.013884725646928676,0.0050623534668058495,0.00504251219696458,0.006611273680507275,0.006170797490031084,-0.0005605259752658881,-0.0005803672451071579,0.015895174231332524,0.015144563730722024,-0.004731091579671602,-0.004750932849512872,0.011248324938132603,0.010828483668291334,-0.002630753240623118
2024-08-21,0.006854330353876899,0.006834489084035629,0.010007695364723918,0.009757590936987911,-0.00026552951953273674,-0.00028537078937400655,0.005448319919461425,0.005039589760731266,0.004420451637449675,0.004400610367608406,0.010096139809617398,0.00985992427077028,0.005841325878424099,0.005821484608582829,0.023993101453908573,0.023523260184067304,0.005949289687325221,0.005929448417483951,0.007901799478609896,0.007656468012690195,0.007024689810384982,0.007004848540543712,0.024487937634671865,0.024384763031497263,0.0003338150853755134,0.0003139738155342436,0.0026340328639431966,0.0022808582607685935,-0.0006880012368483124
2024-08-22,-0.008522691239098448,-0.008542532508939719,0.003245192040639072,0.003107703711974273,0.002133816373447943,0.002113975103606673,-0.0035518766617314906,-0.0036967179315727603,-0.007477193896935332,-0.007497035166776601,0.006286667729498064,0.006149179400833264,-0.001712840843144943,-0.0017326821129862128,0.007274096399782331,0.007254255129941062,-0.004556436835091021,-0.004576278104932291,0.003286352040549325,0.0032040107707080553,-0.007839842660772152,-0.007859683930613422,-0.0021209426371030424,-0.0021407839069443125,-0.013053270187109542,-0.013073111456950812,0.01563242090926319,0.01548757963942192,0.002934342202468132
2024-08-23,-0.003928289203931651,-0.00394813047377292,-0.010292415526043817,-0.01045511393874223,-0.007166436431799636,-0.0071862777016409056,-0.011470842124848273,-0.011490683394689543,-0.0035386222705115072,-0.0035584635403527773,-0.005424439673324198,-0.005569280943165468,-0.007264874807985697,-0.007284716077826966,-0.012272321478314491,-0.012292162748155762,-0.00011146999767218391,-0.00013131126751345375,-0.005805351784195273,-0.005825193054036543,-0.009426569771279626,-0.009446411041120897,-0.028536000387798122,-0.028555841657639393,-0.0015062965547524773,-0.0015261378245937471,0.009084029583049276,0.009064188313208005,0.007264956196587624
2024-08-26,-0.006590094693935358,-0.006609935963776628,0.0008988423059289909,0.000816501036087721,-0.007373085815753605,-0.007392927085594875,-0.001751938319119968,-0.0018384462556279046,-0.006853966340792363,-0.006873807610633632,-0.0031591384881464596,-0.0032414797579877292,0.008754414624173874,0.008734573354332604,0.00552282178859069,0.005391869407638309,-0.007504612822361922,-0.007524454092203192,-0.004716579693677413,-0.004803087630185349,-0.003619568923225701,-0.003639410193066971,-0.006324471531319594,-0.006435221892069955,0.00077861671801608,0.0007587754481748101,-0.009462743997526297,-0.009541408796779331,-0.010516834515363116
2024-08-27,0.011213226026865086,0.011193384757023816,-0.00015434676927550406,-0.00024085470578344057,0.005593342655735696,0.0055735013858944265,0.017277237408536435,0.017185967567266595,0.010724450535775393,0.010704609265934122,-0.0013538803660699972,-0.0014403883025779338,0.009557734688032372,0.009537893418191102,0.006105577884315164,0.005960736614473894,0.008284437422014332,0.008264596152173061,2.1982187525814573e-05,-6.928765374402669e-05,0.0060765905013786745,0.006056749231537405,0.01804028639671461,0.017920445126873342,0.0037337039597730368,0.0037138626899317667,-0.00842661738479053,-0.0085089586546318,-0.010977463958834144
2024-08-28,-0.003091804132204924,-0.003111645402046194,0.008770429755004881,0.008430075664650791,-0.00553927057672781,-0.00555911184656908,-0.0005932264682493287,-0.0006899908150136755,-0.002339664619673436,-0.002359505889514706,0.008043809185862637,0.00772726461931807,-0.006712623571908771,-0.006732464841750041,-0.00030457122485822753,-0.0004672696375566402,-0.0054482050387985315,-0.005468046308639801,0.0008998823964786896,0.0006031180497143428,0.007349195682297818,0.007329354412456549,0.0033952640269410625,0.0032643116459886816,-0.00677584503228465,-0.006795686302125919,0.004177122427708782,0.004090614491200845,0.01263147136942755
2024-08-29,0.0011090748766147754,0.0010892336067735056,0.00747754031897489,0.007174365715800287,0.0016781021158760318,0.001658260846034762,0.0043442457078701115,0.004116071104695508,-0.0010386564204228899,-0.0010584976902641597,0.009007519860901675,0.008737678591060404,0.004275624410522649,0.00425578314068138,0.009157649504252574,0.008637808234411305,0.006338020044856341,0.006318178775015071,0.013827747544578032,0.013474572941403428,0.004281035610348337,0.004261194340507067,0.021930627612730486,0.020785786342889218,0.004376422438974535,0.0043565811691332655,0.005313449713797788,0.004960275110623184,-0.004055705594251946
2024-08-30,0.0036801706251677335,0.0036603293553264635,-0.0018567453151395515,-0.0023265865849808214,0.002509594240345872,0.002489752970504602,-0.0003006068034626091,-0.0006633052161610218,0.00199849403810836,0.00197865276826709,-0.005098659151232166,-0.005518500421073436,-0.0033960778754159038,-0.003415919145257174,-0.019102928112903407,-0.019822769382744677,0.0056802488229033415,0.005660407553062072,0.0009244923075141555,0.0008137419467637947,-0.0011373186803000784,-0.0011571599501413482,-0.0037799266191502583,-0.003942625031848671,0.0038549922691352365,0.0038351509992939664,-0.00581278614294937,-0.006104055984219211,-0.015105263018565518
2024-09-02,-0.007770591749574493,-0.007790433019415763,0.023131719553538058,0.023000767172585677,-0.007713111185094761,-0.00773295245493603,0.009236146375852287,0.009216305106011017,-0.0055401538133044576,-0.005559995083145727,0.017050611555245797,0.016919659174293417,-0.005318525921802077,-0.005338367191643346,0.014004461998785933,0.013984620728944663,-0.007065986820035182,-0.0070858280898764515,0.026252499715983264,0.026232658446141994,-0.004795377404023776,-0.004815218673865046,0.02002303627944243,0.019836528342934492,-0.0070070677857120706,-0.00702690905555334,0.01634766243030241,0.01632782116046114,0.005361939803214089
2024-09-03,-0.0002462124947795047,-0.0031410537646207747,0.0028582569375827926,0.0028384156677415226,0.0002761148105006883,-0.0027437264593405818,0.010316468451588207,0.01012996051508027,-0.006206653172314405,-0.009226494442155675,-0.0029727394959547793,-0.0029925807657960493,-0.005784921749564506,-0.008804763019405776,0.010692058722474002,0.010422217452632731,0.003506195852404928,0.0007363545825636582,0.01879164335208481,0.01877180208224354,-0.0011163938606912269,-0.0038862351305324967,0.019876730232153396,0.019856888962312125,-0.004189529817113888,-0.007834371086955158,-0.00578943499957558,-0.0058092762694168494,0.005577067866359808
2024-09-04,0.0007742901422797543,0.0007544488724384845,0.029363401138346304,0.028885226535171702,0.008813917204109484,0.008794075934268213,0.01596077101012084,0.01494092974027957,0.004817685610381102,0.004797844340539832,0.021802933664957905,0.021408092395116634,-0.006709565366376749,-0.006729406636218019,-0.0011182296797711544,-0.002138070949612424,0.003129894774851323,0.003110053505010053,0.005232079834534359,0.004878905231359755,0.0005933149696142476,0.0005734736997729778,0.006325743151742502,0.006305901881901233,0.01400353580160308,0.01398369453176181,0.013163394028679335,0.013066629681914988,-0.016357867829823847
2024-09-05,-0.00316662006670633,-0.0031864613365476,0.0013567964403845053,0.0013369551705432355,-0.002740798555428005,-0.002760639825269275,-0.003470799014804964,-0.003490640284646234,-0.00017593950024572674,-0.00019578077008699658,0.0009162390161499417,0.0008963977463086719,-0.002976352977995325,-0.002996194247836595,-0.015818447063505492,-0.015838288333346762,-0.008002296386204512,-0.008022137656045782,-0.021510505237023633,-0.021530346506864903,-0.0034860224651154723,-0.0035058637349567423,-0.009922191417830396,-0.010142032687671665,0.00246239615799667,0.0024425548881554,0.006574475988750623,0.006554634718909353,0.0030042988700997864
2024-09-06,-0.002182019064388696,-0.002201860334229966,-0.001099353249685013,-0.0012620516623834258,-0.0028761489505819277,-0.0028959902204231977,0.022382684609031943,0.021862843339190672,0.0010342473433233926,0.0010144060734821228,0.007035871548538183,0.00687317313583977,0.0015586735251582953,0.0015388322553170255,0.0007438240791836637,0.0007239828093423939,-0.0037845380823702743,-0.0038043793522115443,-0.015033824429620056,-0.015553665699461325,0.0016599418481474254,0.0016401005783061556,0.002080444916491353,0.002060603646650083,0.004785808022286425,0.004765966752445156,0.008677355276327505,0.008574180673152902,0.008571414016712131
2024-09-09,-0.009130103889660901,-0.009149945159502171,0.00617541796515649,0.006155576695315221,-0.007939684563047757,-0.007959525832889027,0.007313624779626814,0.007182672398674433,-0.0050900272882632575,-0.005109868558104527,0.0018226922633542975,0.0018028509935130276,-0.009477822182896847,-0.009497663452738118,-0.005267716345099344,-0.005287557614940613,-0.010698114164677572,-0.010717955434518842,-0.0031867773132953844,-0.0032066185831366545,0.0014440193168044069,0.001424178046963137,-0.00304460140605195,-0.0033144426758932198,-0.0036824773483042014,-0.0037023186181454715,-0.0025483363157944496,-0.0028181775856357194,0.004598250968769202
2024-09-10,0.0006586533322732596,0.0006388120624319898,-0.001505874593621826,-0.001525715863463096,0.0002807344607389656,0.00026089319089769576,0.006203301752383546,0.006183460482542276,0.0025801844529776755,0.0025603431831364054,-0.003030323386672149,-0.003050164656513419,0.004105038449608474,0.004085197179767204,-0.009796201084246448,-0.009816042354087718,0.006813245798049601,0.0067934045282083315,-0.017304521641424608,-0.01832436291126588,-0.007304943759743575,-0.0073247850295848444,-0.011374024018831957,-0.01172719862200656,0.00719526107645569,0.007175419806614421,0.00416857439129652,0.00394873312145525,0.007431796321375028
2024-09-11,0.003976496012670888,0.0039566547428296185,0.0219771274874761,0.021290619550968164,-0.003967408298619329,-0.003987249568460599,0.023155538287560024,0.021849982732004468,0.0038050623356685395,0.0037852210658272695,0.01562504695510797,0.0151052056852667,-0.0021843693367397804,-0.0022042106065810504,-0.012816253147600784,-0.013169427750775387,0.0005223703244034775,0.0005025290545622077,-0.00919323287083501,-0.00958807414067628,0.0026940057929402544,0.0026741645230989844,-0.008433446333066714,-0.008453287602907984,0.004677269208985119,0.004657427939143849,0.01844987174636233,0.017430030476521058,-0.014966960078998226
2024-09-12,-6.608634761520737e-05,-8.592761745647722e-05,0.007030260856286247,0.006510419586444977,0.001385323963591062,0.001365482693749792,0.005190614843611363,0.004770773573770093,-0.0022680847765867013,-0.0022879260464279713,0.007806611965415239,0.007286770695573969,-0.0014980134182062468,-0.0015178546880475167,0.003010655225098728,0.002990813955257458,-0.0006010035248959072,-0.0006208447947371771,0.006574573711078946,0.006221399107904342,-0.004253450269028319,-0.004273291538869589,0.002281766121176587,0.0017619248513353173,-0.005500890847250743,-0.005520732117092013,0.008852715777658782,0.007832874507817512,0.004121441704958206
2024-09-13,-0.0003310816870554373,-0.0003509229568967071,0.017417153847999856,0.016397312578158584,-0.001893601234192889,-0.0019134425040341588,-0.0034502888109729426,-0.004136796747480879,-0.0019619642422070635,-0.0019818055120483335,0.019389874734082768,0.018370033464241497,0.0027356103270617105,0.0027157690572204404,0.016920074865811208,0.016400233595969937,-0.0001536914290494809,-0.00017353269889075075,0.0051423498192367245,0.0046225085493954545,0.0006715345811799042,0.0006516933113386344,0.020683687277314344,0.020663846007473074,0.0007995248645292774,0.0007796835946880076,0.03816265339405528,0.03764281212421401,-0.0028488173541747486
2024-09-16,0.0022133403962982245,0.0021934991264569545,-0.027257899603896518,-0.02827774087373779,0.010092974173337058,0.010073132903495787,0.017638171398962343,0.017118330129121073,0.0032971051797583348,0.0032772639099170647,-0.03308504470500954,-0.034104885974850806,0.009151629374615097,0.009131788104773827,-7.795743466298966e-05,-9.77987045042595e-05,0.008867247578349592,0.008847406308508322,0.016565403969838605,0.016545562699997334,-0.0018772490480921805,-0.0018970903179334503,-0.02163196006984458,-0.02165180133968585,-0.0009236306257789442,-0.000943471895620214,-0.02318463356964493,-0.023204474839486202,-0.004830691745971061
2024-09-17,-0.010875378893005994,-0.010895220162847264,0.0,0.0,-0.004383907209295532,-0.004403748479136801,0.0,0.0,-0.006458125328049014,-0.006477966597890283,0.0,0.0,-0.004958391867757338,-0.004978233137598607,0.0,0.0,-0.001474383057776904,-0.0014942243276181739,0.0,0.0,-0.004051442362575479,-0.0040712836324167485,0.0,0.0,-0.0007757566759225912,-0.000795597945763861,-0.019794032791878413,-0.020813874061719684,0.010056111703617088
2024-09-18,-0.011909303291224721,-0.011929144561065991,0.0,0.0,-0.012080401270116226,-0.012100242539957496,0.0,0.0,-0.005979583612517318,-0.005999424882358588,0.0,0.0,-0.01774084217312693,-0.0177606834429682,0.0,0.0,-0.01457396811556605,-0.01459380938540732,0.0,0.0,-0.01640599477695638,-0.016425836046797652,0.0,0.0,-0.007878353247166077,-0.007898194517007347,0.0,0.0,0.016752019617416458
2024-09-19,-0.011150292886989904,-0.011170134156831175,0.0,0.0,-0.0027654148289162975,-0.0027852560987575675,0.0,0.0,-0.01176326177034491,-0.01178310304018618,0.0,0.0,-0.010965235946725757,-0.010985077216567028,0.0,0.0,-0.012460398185340421,-0.012480239455181692,0.0,0.0,-0.006707655163137802,-0.006727496432979071,0.0,0.0,-0.0026631214359053995,-0.0026829627057466695,0.0,0.0,0.020218070600603877
2024-09-20,-0.006518831162477458,-0.006538672432318727,0.0,0.0,-0.004376231680021082,-0.004396072949862352,0.0,0.0,-0.004414765736364769,-0.004434607006206038,0.0,0.0,-0.010011835794940652,-0.010031677064781922,0.0,0.0,-0.01113562524119683,-0.0111554665110381,0.0,0.0,-0.007567078147812947,-0.007586919417654217,0.0,0.0,-0.0018336692213121938,-0.0018535104911534637,0.0,0.0,0.014942886586565063
2024-09-23,0.00457668118056824,0.00455683991072697,0.0,0.0,0.0018481025165911977,0.0018282612467499279,0.0,0.0,0.0009385733900492063,0.0009187321202079365,0.0,0.0,-0.00219306971172447,-0.00221291098156574,0.0,0.0,0.004145498097589642,0.0041256568277483726,0.0,0.0,0.0013783278373170338,0.001358486567475764,0.0,0.0,-0.0018977899077978477,-0.0019176311776391175,0.0,0.0,-0.0007270759979319807
2024-09-24,-0.0030021592773697703,-0.0030220005472110403,0.0,0.0,-0.0044871726136062814,-0.004507013883447551,0.0,0.0,-0.010084521684408737,-0.010104362954250008,0.0,0.0,-0.0018909621329898096,-0.0019108034028310795,0.0,0.0,-0.004640352937071629,-0.004660194206912899,0.0,0.0,0.009605223907214598,0.009585382637373328,0.0,0.0,-0.003367259923525691,-0.003387101193366961,0.0,0.0,0.0043599217932894785
2024-09-25,0.0024323907769258843,0.0024125495070846143,0.0,0.0,-0.002427601621488612,-0.002447442891329882,0.0,0.0,-0.0005265372318523295,-0.0005463785016935993,0.0,0.0,-0.0025985178624629707,-0.0026183591323042407,0.0,0.0,0.0007541242073257071,0.0007342829374844372,0.0,0.0,-0.00551094919003773,-0.005530790459878999,0.0,0.0,-0.0006999147317017368,-0.0007197560015430066,0.0,0.0,0.008915051589626799
2024-09-26,0.008124321539320807,0.008104480269479537,0.0,0.0,0.005675489163577498,0.005655647893736228,0.0,0.0,0.005435049056242536,0.005415207786401266,0.0,0.0,0.0045119764474034,0.00449213517756213,0.0,0.0,0.005988898745363805,0.005969057475522535,0.0,0.0,0.009587798182808076,0.009567956912966805,0.0,0.0,0.0033469183540653508,0.0033270770842240807,0.0,0.0,0.0018129574422940387
2024-09-27,-0.0041146562270874334,-0.004134497496928703,0.0,0.0,-0.003233737629593579,-0.003253578899434849,0.0,0.0,-0.011008326412882415,-0.011028167682723685,0.0,0.0,-0.004028700307780755,-0.004048541577622025,0.0,0.0,-0.003785238628914861,-0.003805079898756131,0.0,0.0,-0.00631341847837355,-0.00633325974821482,0.0,0.0,-0.008641713650320168,-0.008661554920161438,0.0,0.0,0.0019184060670269787
2024-09-30,0.006548578084806314,0.0065287368149650445,0.0,0.0,0.00637075349286851,0.00635091222302724,0.0,0.0,0.004418664911684474,0.004398823641843204,0.0,0.0,0.006891281995848514,0.006871440726007244,0.0,0.0,0.004737633007530363,0.004717791737689094,0.0,0.0,0.0029838631025065204,0.0029640218326652504,0.0,0.0,0.002912724525523075,0.002892883255681805,0.0,0.0,0.009541284450637955
2024-10-01,-0.004539504670259105,-0.0045593459401003745,0.0,0.0,0.0008785971223047723,0.0008587558524635025,0.0,0.0,-0.0029672982661465633,-0.0029871395359878333,0.0,0.0,-0.00240982064554255,-0.00242966191538382,0.0,0.0,-0.007144790806106839,-0.007164632075948109,0.0,0.0,0.004187610627136393,0.004167769357295123,0.0,0.0,-0.0011503678196161382,-0.001170209089457408,0.0,0.0,-0.00017210910628517873
2024-10-02,-0.002049430215846887,-0.002069271485688157,0.0,0.0,0.007517328316741782,0.007497487046900513,0.0,0.0,-0.0020881101533450006,-0.0021079514231862706,0.0,0.0,-0.008273100024890269,-0.00829294129473154,0.0,0.0,-0.003714020854767054,-0.003733862124608324,0.0,0.0,-0.007548124490222546,-0.007567965760063816,0.0,0.0,-0.002717797602012989,-0.002737638871854259,0.0,0.0,-0.0075421563001102365
2024-10-03,0.00038612138151494085,0.00036628011167367104,0.0,0.0,-0.009855924866557245,-0.009875766136398515,0.0,0.0,-0.0014713080583328361,-0.001491149328174106,0.0,0.0,0.002097468690771931,0.002077627420930661,0.0,0.0,-0.0032101780646946396,-0.0032300193345359096,0.0,0.0,-0.002084934496522396,-0.0021047757663636662,0.0,0.0,0.000791013997507882,0.0007711727276666122,0.0,0.0,-0.004079203724194458
2024-10-04,0.00632049099411372,0.00630064972427245,0.0,0.0,-0.0006009466022120075,-0.0006207878720532773,0.0,0.0,0.005694656727678278,0.0056748154578370085,0.0,0.0,-0.012325133705783788,-0.012344974975625058,0.0,0.0,0.004098379989392595,0.004078538719551325,0.0,0.0,0.0013996274183058974,0.0013797861484646276,0.0,0.0,-0.004255426673033677,-0.004275267942874947,0.0,0.0,0.007453014155071269
2024-10-07,-0.015204054525068594,-0.015223895794909865,0.0,0.0,-0.011742450634331394,-0.011762291904172665,0.0,0.0,-0.016356418097211854,-0.016376259367053125,0.0,0.0,-0.0023914069512830233,-0.0024112482211242933,0.0,0.0,-0.01309762952748924,-0.01311747079733051,0.0,0.0,0.0020572990789603646,0.0020374578091190945,0.0,0.0,0.002872472668694205,0.002852631398852935,0.0,0.0,0.0005129262031995374
2024-10-08,-0.002618190348666699,-0.002638031618507969,0.0,0.0,0.0030519665191399217,0.0030321252492986517,0.0,0.0,-0.0017934634289583917,-0.0018133046987996615,0.0,0.0,-0.00874784215747363,-0.0087676834273149,0.0,0.0,-0.012178573747851203,-0.012198415017692473,0.0,0.0,0.002059943940202952,0.0020401026703616818,0.0,0.0,-0.008924617947009321,-0.008944459216850591,0.0,0.0,0.004222309745551822
2024-10-09,-0.008169658353851313,-0.008189499623692583,0.0,0.0,-0.0020638242926779224,-0.0020836655625191924,0.0,0.0,-0.0031122905371029977,-0.0031321318069442677,0.0,0.0,-0.001970452304855576,-0.001990293574696846,0.0,0.0,0.0023806854474706027,0.0023608441776293326,0.0,0.0,-0.01433791737096967,-0.01435775864081094,0.0,0.0,-0.007026544279726869,-0.007046385549568139,0.0,0.0,0.007850871664224268
2024-10-10,-0.0003829359797617865,-0.0004027772496030563,0.0,0.0,0.0033077629236534997,0.0032879216538122297,0.0,0.0,-0.0025936058304575627,-0.0026134471002988327,0.0,0.0,-0.004256821282065906,-0.004276662551907176,0.0,0.0,-0.004149598018438755,-0.0041694392882800245,0.0,0.0,0.0007531341867775265,0.0007332929169362567,0.0,0.0,-0.006974160193132968,-0.006994001462974238,0.0,0.0,-0.003643256091873548
2024-10-11,-0.003074133623268742,-0.003093974893110012,0.0,0.0,-0.003377585948388509,-0.003397427218229779,0.0,0.0,-0.0028718987256898323,-0.0028917399955311024,0.0,0.0,-0.012511429766890535,-0.012531271036731805,0.0,0.0,-0.0008483095839021265,-0.0008681508537433963,0.0,0.0,-0.009971527657141703,-0.009991368926982973,0.0,0.0,-0.006045717461710065,-0.006065558731551335,0.0,0.0,0.008798729799928129
2024-10-14,-0.004533867556952571,-0.004553708826793841,0.0,0.0,-0.004140826438869115,-0.0041606677087103845,0.0,0.0,-0.0017488965158216976,-0.0017687377856629675,0.0,0.0,-0.0006621746085235039,-0.0006820158783647737,0.0,0.0,-0.003122804489514172,-0.003142645759355442,0.0,0.0,-0.009185937435210192,-0.009205778705051463,0.0,0.0,-0.00022684299147658626,-0.0002466842613178561,0.0,0.0,0.004647268638042323
2024-10-15,0.008250485657762055,0.008230644387920785,0.0,0.0,0.006109116735914841,0.006089275466073571,0.0,0.0,0.0043245868801688875,0.004304745610327618,0.0,0.0,0.003833222773782091,0.003813381503940821,0.0,0.0,0.013578462805859608,0.013558621536018337,0.0,0.0,-0.003401379758255031,-0.0034212210280963012,0.0,0.0,-0.00999243259482957,-0.01001227386467084,0.0,0.0,-0.01310294395602618
2024-10-16,-0.007428044287617425,-0.007447885557458694,0.0,0.0,-0.008400423454453965,-0.008420264724295235,0.0,0.0,-0.007246192008570761,-0.00726603327841203,0.0,0.0,-0.005272994012157993,-0.0052928352819992626,0.0,0.0,-0.006870830833317659,-0.006890672103158929,0.0,0.0,-0.0001508650549866819,-0.00017070632482795174,0.0,0.0,0.0031660024216630597,0.0031461611518217897,0.0,0.0,0.0163453527030486
2024-10-17,-0.0037341218361103892,-0.0037539631059516593,0.0,0.0,-0.013941360568187573,-0.013961201838028844,0.0,0.0,-0.005980888306882287,-0.006000729576723557,0.0,0.0,-0.0023666557746442815,-0.0023864970444855515,0.0,0.0,-0.011926625963425225,-0.011946467233266495,0.0,0.0,0.00062939657554624,0.0006095553057049701,0.0,0.0,0.0021891510174581186,0.0021693097476168485,0.0,0.0,-0.005028192181325997
2024-10-18,-0.0012595152449517075,-0.0012793565147929773,0.0,0.0,0.004054961669717062,0.004035120399875793,0.0,0.0,0.0004650659984477695,0.0004452247286064997,0.0,0.0,-0.002489335344997949,-0.002509176614839219,0.0,0.0,0.0060453529338935705,0.006025511664052301,0.0,0.0,-0.0015967789098200041,-0.001616620179661274,0.0,0.0,0.011619712796657695,0.011599871526816425,0.0,0.0,-0.017726048775036918
2024-10-21,0.010320582607916289,0.010300741338075018,0.0,0.0,0.010776326057003335,0.010756484787162065,0.0,0.0,0.01545603080533555,0.01543618953549428,0.0,0.0,0.008750053666890793,0.008730212397049523,0.0,0.0,0.007822884639512723,0.007803043369671453,0.0,0.0,-0.001234686382109898,-0.0012545276519511678,0.0,0.0,0.003201014297335346,0.003181173027494076,0.0,0.0,-0.01101548080544923
2024-10-22,-0.0011100633171473862,-0.001129904586988656,-0.00341216494280705,-0.0054320062126483205,-0.0035424311956215107,-0.0035622724654627807,-0.004922466808243375,-0.005942308078084645,-2.317654134179059e-06,-2.21589239754489e-05,-0.00341216494280705,-0.0054320062126483205,-0.0015018183554192793,-0.0015216596252605491,-0.02001198775439944,-0.02203182902424071,-0.0027028409509116252,-0.0027226822207528953,-0.005018372976208552,-0.007038214246049822,0.0034412488374412006,0.0034214075675999306,0.007950164195049403,0.005930322925208132,0.005898275731677241,0.0058784344618359715,-0.00027198279236184675,-0.002291824062203117,-0.010751496767461566
2024-10-23,-0.005620365645869686,-0.005640206915710956,0.01890062450898289,0.018547449905808287,0.002437986525338734,0.002418145255497464,0.02554117772168918,0.02402133645184791,-0.007896334377419031,-0.007916175647260302,0.01890062450898289,0.018547449905808287,-0.0020468797476176984,-0.0020667210174589684,0.02075754770257719,0.020404373099402587,-0.00019026889614683767,-0.00021011016598810752,0.013672639877599368,0.013652798607758098,0.013306834046233507,0.013286992776392236,0.027758210642103782,0.02740503603892918,-0.004603942700612436,-0.0046237839704537055,-0.03336336758965434,-0.034049875526162274,0.001053906505232849
2024-10-24,0.0011549615206761371,0.0011351202508348673,-0.008584823840978112,-0.008854665110819383,0.012018614849388522,0.011998773579547251,0.03558675307195236,0.03556691180211109,0.0036278404660041105,0.0036079991961628405,-0.008584823840978112,-0.008854665110819383,-0.006032462344399303,-0.006052303614240573,0.006315062455631081,0.0058952211857898115,0.006372682059238861,0.006352840789397592,-0.008166206250184382,-0.008686047520025652,0.0012429900949803216,0.0012231488251390518,0.006069567788014291,0.005299726518173021,-0.0006384810228270213,-0.0006583222926682911,-0.022212756528629474,-0.022732597798470745,-0.0025323555610086146
2024-10-25,-0.0001693660236339392,-0.00018920729347520905,-0.01135022040595779,-0.011870061675799059,-0.011875180986307465,-0.011895022256148736,0.014555969223788379,0.01403612795394711,-0.0002512583102507668,-0.0002710995800920366,-0.01135022040595779,-0.011870061675799059,-0.004997220558310686,-0.005017061828151956,-0.004881159923424217,-0.004901001193265486,0.005164332097547984,0.005144490827706715,-0.03213421934049857,-0.03248739394367318,-0.0011333991459306497,-0.0011532404157719195,0.0013986323858164633,0.0010454577826418602,0.004809469340961305,0.004789628071120035,0.006690385446603793,0.0066705441767625235,-0.0032251516440464645
2024-10-28,-0.010444413823166541,-0.010464255093007812,0.017542254440445864,0.017189079837271262,0.006229122566716615,0.006209281296875345,0.019949834532008454,0.019596659928833852,-0.016233334387378007,-0.016253175657219277,0.017542254440445864,0.017189079837271262,-0.011434116341073434,-0.011453957610914705,0.010386932223361829,0.010033757620187225,-0.004984076911000189,-0.0050039181808414586,-0.004574411736538997,-0.004844253006380267,-0.005525319704752112,-0.005545160974593381,0.011823585021575943,0.011803743751734673,-0.00921465092148472,-0.00923449219132599,-0.001151497928032208,-0.0011713391978734778,0.007296721620307034
2024-10-29,0.003975665171163156,0.003955823901321887,0.004093103511163476,0.003673262241322206,0.011534783061014443,0.011514941791173173,0.004319843095363052,0.003900001825521782,0.012779133266547539,0.012759291996706269,0.004093103511163476,0.003673262241322206,-0.0001367503731118172,-0.00015659164295308704,-0.0026626392765585483,-0.0030991472130664846,0.006625976845533954,0.0066061355756926845,0.015978482430975532,0.01512530782780093,0.009441595671461536,0.009421754401620266,0.015063418628476238,0.014593577358634969,0.007883100757239483,0.007863259487398213,0.0022923896685323806,0.0014630245891673014,0.0042186289731196425
2024-10-30,0.003253346069910616,0.003233504800069346,0.0013292558806342984,0.0008649701663485842,-0.0012736953472609683,-0.001293536617102238,0.004054027126149813,0.0037484715705942574,-2.5566480053855478e-05,-4.540774989512532e-05,0.0013292558806342984,0.0008649701663485842,0.008880296788054062,0.008860455518212792,0.005835974637989466,0.005387561939576768,-0.0013294130362283899,-0.0013492543060696597,0.002410654618438715,0.0021408133485974453,-0.00030735537335400964,-0.00032719664319527946,0.00155684576490207,0.0013370044950608,-0.00466706286812401,-0.004686904137965279,0.002593727041173721,0.0018238857713324514,0.003956526577087116
2024-10-31,-0.009840297207507322,-0.009860138477348592,0.03167231203677138,0.031452470766930106,-0.0066495521122280354,-0.006669393382069305,0.021767353940347487,0.021747512670506217,-0.0066180959982071255,-0.006637937268048395,0.03167231203677138,0.031452470766930106,-0.004601071187535055,-0.004620912457376325,0.01731588352621838,0.017153185113519966,-0.008605999753254205,-0.008625841023095476,0.009909609990314382,0.009556435387139779,0.008597613297126293,0.008577772027285022,0.018373931746276415,0.01818742380976848,0.004198364962218565,0.004178523692377295,0.02561711302336797,0.0255972717535267,0.004988113030615526
2024-11-01,0.0005239930351039965,0.0005041517652627267,0.01997787495492946,0.01985803368508819,-0.0069347937278676774,-0.006954634997708947,-0.003900710549012823,-0.004045551818854093,-0.00281452706959838,-0.00283436833943965,0.01997787495492946,0.01985803368508819,-0.0021521669597030432,-0.0021720082295443133,0.0011748284674907453,0.0011549871976494755,-0.0035469196741742537,-0.0035667609440155237,-0.0007422549636160551,-0.000873207344568436,-0.0011909759797196634,-0.0012108172495609332,0.0024419593272941536,0.002136403771738598,-0.004968723439910769,-0.004988564709752038,0.012833367931926173,0.012813526662084903,0.007257481348024619
2024-11-04,-0.002604731094930389,-0.002624572364771659,0.017667323010247437,0.01736176745469188,0.0010290742277051165,0.0010092329578638467,0.03288126429601315,0.032861423026171885,-0.0049774885847286565,-0.004997329854569926,0.017667323010247437,0.01736176745469188,-0.0016473440322829491,-0.001667185302124219,0.011321697131707137,0.011176855861865866,0.003043709921054634,0.003023868651213364,0.006485410185641052,0.006215568915799782,-0.00011998772146323139,-0.00013982899130450123,0.024216406213072014,0.024196564943230744,-0.0029938490014786087,-0.0030136902713198787,0.006897338315661909,0.006655274823598417,-0.02270748675955181
2024-11-05,-0.003242515953996196,-0.003262357223837466,-0.0035368795658930474,-0.0038483875024009837,-0.004808702578620233,-0.004828543848461503,0.002680512755598108,0.0018879442130295652,0.002877704372287286,0.002857863102446016,-0.0035368795658930474,-0.0038483875024009837,-0.0007738785679586857,-0.0007937198377999555,0.0010517155318863353,0.0009068742620450654,-0.005332711958344158,-0.0053525532281854275,0.021083839725380166,0.02054884694038738,0.007816844800049703,0.007797003530208434,0.0004368008847251102,5.188024980447531e-05,-0.0004672527505004409,-0.0004870940203417107,0.0033644074341023433,0.002994566164261073,-0.003528820774909125
2024-11-06,0.019063872022293586,0.019044030752452316,0.009341137443699861,0.00921018506274748,0.017657398664240292,0.017637557394399022,0.0035201569358627727,0.0035003156660215026,0.00663729481932155,0.00661745354948028,0.009341137443699861,0.00921018506274748,0.015784952252527268,0.015765110982685997,0.012238399691539406,0.012218558421698136,0.024314508226858912,0.02429466695701764,0.005271915752489753,0.0052520744826484835,0.01670309045028033,0.01668324918043906,0.002491117447661822,0.002471276177820552,2.6037488342733894e-05,6.196218501464053e-06,0.005004776130407802,0.004751168626800298,-0.023502310709384355
2024-11-07,0.007696556076228135,0.0076767148063868655,0.01147743127489616,0.011457590005054889,0.009046356205571697,0.009026514935730427,0.002152425240940907,0.002132583971099637,0.007515901365152421,0.007496060095311151,0.01147743127489616,0.011457590005054889,-0.0011878832063476688,-0.0012077244761889386,0.020934747186026052,0.020714905916184783,0.0012730573699380188,0.001253216100096749,0.011421969457328282,0.011402128187487011,0.002330870533934125,0.002311029264092855,0.002574337993628644,0.0024544967237873742,0.003885316369742639,0.003865475099901369,-0.0016984868983449617,-0.0017183281681862315,0.000876659194775975
2024-11-08,0.004052138413479463,0.004032297143638193,-0.0012672829678385704,-0.0012871242376798402,0.0026161958902020874,0.0025963546203608173,0.005805254946215548,0.005785413676374278,0.002470653660900095,0.0024508123910588248,-0.0012672829678385704,-0.0012871242376798402,0.0038335512021394,0.00381370993229813,0.002719492184867967,0.002699650915026697,0.005011706806354765,0.004991865536513496,-0.005697994508133342,-0.005717835777974612,0.00754509544505455,0.007525254175213281,0.0019204940352550064,0.0019006527654137366,0.007809545428579569,0.007789704158738299,0.0054604609749375685,0.005440619705096299,0.00042903730553223163
2024-11-11,0.007666477640592126,0.007646636370750856,-0.004596181984396867,-0.004616023254238137,0.008237798300639643,0.008217957030798372,-0.01979293503822146,-0.01981277630806273,0.009145070496216393,0.009125229226375122,-0.004596181984396867,-0.004616023254238137,0.004332007946994072,0.004312166677152803,-0.015339339151211058,-0.015359180421052328,0.0064467141202752265,0.006426872850433957,-0.0015854259538542227,-0.0016052672236954925,-0.0022936676044716733,-0.0023135088743129434,-0.02292600039706226,-0.02294584166690353,-0.0031278923747805956,-0.0031477336446218657,0.0014331670711254865,0.0014133258012842167,0.011980855022686532
2024-11-12,-0.0016446560079074399,-0.0016644972777487097,0.014346833147609964,0.014226991877768694,0.001357526772215692,0.0013376855023744221,0.015073645636329368,0.014853804366488099,-0.0006198399143002159,-0.0006396811841414857,0.014346833147609964,0.014226991877768694,-0.0035268410392433613,-0.0035466823090846314,0.009826846220216479,0.009695893839264098,0.0035657833551970136,0.0035459420853557436,0.014870593554426416,0.014707895141728003,-0.003658714153755356,-0.003678555423596626,0.010014558950406965,0.009869717680565694,-0.005031256629073881,-0.005051097898915151,0.01163269689054642,0.011546188954038483,0.01354397831993226
2024-11-13,-4.975535366504025e-05,-6.959662350631009e-05,-0.005506795489513882,-0.005770226502944896,0.0012849424543351917,0.001265101184493922,-0.014427968904472335,-0.014697810174313604,-0.0012403419363291868,-0.0012601832061704566,-0.005506795489513882,-0.005770226502944896,0.0012867201812345602,0.0012668789113932904,-0.0031241175012190524,-0.003416686043787595,-0.0030403166893652606,-0.0030601579592065306,-0.00777560143253074,-0.008003776035705344,-0.0018288636144614817,-0.0018487048843027515,0.005727874413933834,0.005417124053183474,0.0029745177254679386,0.0029546764556266686,-0.01082688229524151,-0.011118216777752463,0.002710525530775998
2024-11-14,0.0028729509849159396,0.0028531097150746696,-0.0034726163328838875,-0.0035693806796482344,-0.0023628487020732683,-0.0023826899719145383,-0.01089629710983676,-0.010916138379678031,0.007267294526499921,0.007247453256658651,-0.0034726163328838875,-0.0035693806796482344,-0.00797970301305978,-0.00799954428290105,-0.0006677992378273177,-0.0006876405076685875,-0.0022561284239304355,-0.0022759696937717055,-0.0023406464464339792,-0.0023604877162752493,0.008050108879593128,0.008030267609751857,0.0005423753708231945,0.0004316250100728338,0.005119355418100366,0.005099514148259096,-0.010606787773140948,-0.010682184598537774,-0.005023971851365938
2024-11-15,0.003777653499316941,0.003757812229475671,-0.003922351695348765,-0.003942192965190034,0.0050835524145701125,0.005063711144728843,-0.007541949397654828,-0.007704647810353241,-0.0008245375458156429,-0.0008443788156569127,-0.003922351695348765,-0.003942192965190034,0.004135295976943801,0.004115454707102531,-0.009787017536135393,-0.009890192139309997,-0.0013454902875689734,-0.0013653315574102432,-0.0020397730190402225,-0.0020596142888814925,0.0037863138667962315,0.0037664725969549615,-0.00012791253658845736,-0.00023108713976306055,-0.008856752635409963,-0.008876593905251234,-0.002867920512908611,-0.0029403933616972493,0.005816772238003143
2024-11-18,0.003489687189482421,0.003469845919641151,0.010848377635096289,0.010685679222397876,0.006761387958686603,0.006741546688845333,0.017324275109278947,0.0171025107625146,-0.0003435290901234872,-0.000363370359964757,0.010848377635096289,0.010685679222397876,0.006793794104629075,0.0067739528347878055,0.005646201432811304,0.0056263601629700346,0.0036627249220734306,0.0036428836522321606,0.010600624562723907,0.010580783292882636,0.014221851290661218,0.014202010020819947,0.009369278542599668,0.009266103939425065,0.0012841893594278606,0.0012643480895865907,0.0046888687547043915,0.004502360818196455,-0.0053270940105674125
2024-11-19,0.002726875236762419,0.002707033966921149,0.0028303343984511673,0.002393826461943231,0.002775824784133525,0.002755983514292255,-0.0036579231850502603,-0.0038920501691772445,0.004548654256573213,0.004528812986731944,0.0028303343984511673,0.002393826461943231,0.00217249504698306,0.0021526537771417898,0.00774021096659562,0.0071567333331179865,0.00276739364752053,0.00274755237767926,0.009434647889406735,0.009041180245939091,0.005312717369650916,0.005292876099809646,-0.009748436471170716,-0.010199046971781218,0.0015058899534651643,0.0014860486836238945,0.004191860997394225,0.003979162584695812,0.000464680834123099
2024-11-20,-0.013073938686016244,-0.013093779955857515,0.005751856841843067,0.005501246341232566,-0.006016113650600126,-0.0060359549204413955,0.0021579855744251735,0.001775506941946541,-0.006805468634620074,-0.006825309904461343,0.005751856841843067,0.005501246341232566,-0.002496051571177757,-0.002515892841019027,-0.0010593818238234885,-0.0011903342047758694,-0.0044098148282751964,-0.004429656098116466,0.0035847625052130997,0.0035649212353718296,-0.002374254642543573,-0.002394095912384843,0.013956111738269897,0.013736270468428628,-0.0021315050501021365,-0.0021513463199434066,0.006079320180842082,0.005792812244334145,0.011327499486568415
2024-11-21,-0.009292717214841949,-0.00931255848468322,-0.0001215516596856348,-0.000224726262860238,-0.0021816397025268344,-0.0022014809723681045,0.00027828270985900223,0.0002584414400177324,-0.009272763681807294,-0.009292604951648565,-0.0001215516596856348,-0.000224726262860238,0.0019280501163694355,0.0019082088465281657,0.006802031600277968,0.0064964760447224126,-0.011692845087443914,-0.011712686357285184,-0.009728875392412236,-0.00983204999558684,0.004144540615978756,0.004124699346137487,-0.0003987181548655355,-0.0006130038691512498,-0.0014594188145675355,-0.0014792600844088053,0.007541507604212178,0.007299444112148686,-0.005655484805883626
2024-11-22,-0.001966346843235968,-0.001986188113077238,-0.0053592568233462815,-0.005445764759854218,-0.005947394098788736,-0.005967235368630005,0.0018514322262240643,0.0017482576230494612,-0.00895440061709419,-0.00897424188693546,-0.0053592568233462815,-0.005445764759854218,-0.0035060705795788086,-0.0035259118494200786,0.016708006997493793,0.016688165727652523,-0.003510263748856289,-0.003530105018697559,0.014027073675987746,0.013916323315237384,-0.0030235260951254617,-0.0030433673649667317,0.0032110966888593013,0.0031003463281089405,-0.002975600632095468,-0.002995441901936738,-0.0006021839664753434,-0.0006220252363166132,0.00934246503166758
2024-11-25,-0.007597843146628522,-0.007617684416469791,0.003528824494218853,0.003437554652949012,-0.007561485604406885,-0.007581326874248155,0.004662158966828964,0.004551408606078603,-0.0028913872160034257,-0.0029112284858446957,0.003528824494218853,0.003437554652949012,-0.011623807256286436,-0.011643648526127707,0.003153829391855905,0.003033988122014635,-0.011911876567452642,-0.011931717837293913,0.007218647598878656,0.007098806329037386,-0.010119804416181488,-0.010139645686022759,0.006624386703555383,0.006604545433714113,0.0033870684951839355,0.0033672272253426655,0.0008590413117078562,0.0008392000418665864,0.007931415055615343
2024-11-26,0.002736309122473253,0.002716467852631983,-0.007306170890827153,-0.007492678827335089,-0.005056092775210096,-0.005075934045051365,-0.003004090285437281,-0.0032461537775007733,-0.0009535111260688262,-0.000973352395910096,-0.007306170890827153,-0.007492678827335089,0.008139840284723733,0.008119999014882463,0.003659239954469903,0.0033616209068508558,0.005081814061572529,0.005061972791731259,0.002773183340962386,0.00233667540445445,-0.008132903314600384,-0.008152744584441655,0.0018199091827198616,0.0015750679128785916,0.006106495604037594,0.006086654334196325,-0.0037013566380102907,-0.003933867591109479,-0.010022709988439016
2024-11-27,0.011742312839977648,0.011722471570136377,0.01105619262818927,0.010536351358348002,0.0032704386203497512,0.003250597350508481,0.009545483909915244,0.009239928354359689,0.00631905687329299,0.00629921560345172,0.01105619262818927,0.010536351358348002,-0.001393984770178304,-0.0014138260400195738,0.01030616530182312,0.00978632403198185,0.00717824416054251,0.0071584028907012405,0.007301785319366834,0.0069486107161922306,0.010939559491491398,0.010919718221650127,-0.004149487898374723,-0.004280440279327104,0.0008139151829479191,0.0007940739131066493,-0.0025038579438285344,-0.003211199213669804,0.011192835410391622
2024-11-28,-0.0030000140507144765,-0.0030198553205557466,-0.0011794233595641863,-0.001290173720314547,-0.00808111259089727,-0.00810095386073854,-0.0038198397180581045,-0.0038396809878993745,-0.004546930894378784,-0.0045667721642200535,-0.0011794233595641863,-0.001290173720314547,-0.0034210944203908605,-0.0034409356902321306,0.010862430441319182,0.010642589171477913,-0.006783924362917727,-0.006803765632758997,0.010108851384640821,0.009889010114799552,0.00035753550252793503,0.0003376942326866652,0.005027001898650394,0.004864303485951981,-0.010320529384585865,-0.010340370654427136,-0.004540814398251138,-0.004560655668092407,0.008164229799086486
2024-11-29,0.003368626105361143,0.003348784835519873,-0.01821333366521138,-0.018376032077909794,0.0016634775908919291,0.0016436363210506593,-0.008224557478517035,-0.008411065415024972,0.005228036060083756,0.005208194790242486,-0.01821333366521138,-0.018376032077909794,0.009690740476294195,0.009670899206452924,0.0032831892534058676,0.0032633479835645976,-0.00020090657049581795,-0.0002207478403370878,-0.0013643036925240714,-0.0015841449623653413,0.0021239461530867254,0.0021041048832454554,-0.0067962273612721035,-0.007101782916827659,0.00948166683173935,0.00946182556189808,-0.018369172166430706,-0.018389013436271976,0.0016011847610992724
2024-12-02,0.004647818166870994,0.004627976897029725,-0.01829692980720919,-0.01853899329927268,-0.00043176090678488654,-0.00045160217662615636,-0.012801169420065492,-0.012821010689906763,0.005895653008230348,0.005875811738389078,-0.01829692980720919,-0.01853899329927268,0.006801169353349068,0.006781328083507798,-0.003030835342571231,-0.0033006766124125007,0.0005971438466599033,0.0005773025768186335,-0.021261359686777802,-0.021531200956619072,0.0004901005355859023,0.00047025926574463246,-0.015955872014257712,-0.015975713284098983,0.0013185291756805592,0.0012986879058392894,-0.012725837692687684,-0.012955202772052763,-0.007905558038304283
2024-12-03,-0.006648378888057041,-0.00966822015789831,-0.012395665441626864,-0.012940506711468134,-0.01575874264365159,-0.01940358391349286,-0.02499970963027629,-0.02641955090011756,-0.006075760723148513,-0.008845601992989782,-0.012395665441626864,-0.012940506711468134,0.0044749904683168,0.00145514919847553,-0.019013646627201397,-0.019233487897042666,-0.012285190244050816,-0.015055031513892085,-0.02138786075510239,-0.023074368691610326,-0.0070264193244259435,-0.010046260594267213,-0.004499930262211346,-0.005086438198719282,-0.004135921971658976,-0.007905763241500247,-0.013706016285292166,-0.014142524221800103,-0.008971266204331307
2024-12-04,0.009749475591346833,0.009729634321505563,-0.0012929796050002457,-0.0014556780176986585,0.0072308221219238925,0.007210980852082623,0.002040464224933469,0.002020622955092199,0.009221077080110898,0.009201235810269628,-0.0012929796050002457,-0.0014556780176986585,0.0057972686175905425,0.005777427347749273,0.0016223713209841898,0.00160253005114292,0.0067154700523824815,0.006695628782541212,0.009407491943046816,0.009387650673205546,0.0033352850349525134,0.0033154437651112434,-0.0010733327743611097,-0.0010931740442023795,0.0015901479411212366,0.0015703066712799668,0.00221382048393407,0.0017939792140928001,-0.00543428834593318
2024-12-05,0.001659263921976642,0.0016394226521353722,-0.00044920751433075493,-0.00046904878417202474,0.003916930351112034,0.0038970890812707643,-0.005006724017272913,-0.0050265652871141825,0.001719944824172523,0.0017001035543312531,-0.00044920751433075493,-0.00046904878417202474,-0.00036942363152477065,-0.00038926490136604046,-0.011086301153512512,-0.011772809090020448,-0.004782967079710335,-0.004802808349551604,-0.008713845899634216,-0.008733687169475486,-0.007104747132512093,-0.007124588402353363,-0.0019427878080587602,-0.00221262907790003,0.007159995541365219,0.007140154271523949,0.0054796118856141884,0.005459770615772919,0.006448539096211459
2024-12-06,0.008669922661979551,0.00865008139213828,0.007561948042945496,0.007542106773104226,0.004338725884850042,0.0043188846150087725,0.00394318395101351,0.003923342681172241,0.008366257072018816,0.008346415802177546,0.007561948042945496,0.007542106773104226,-0.003926703627307418,-0.0039465448971486876,-0.02097511497867976,-0.02099495624852103,-0.00043861488278488375,-0.00045845615262615357,0.0038627108454394694,0.0038428695755981994,0.0033686047918770196,0.0033487635220357495,0.010977371239061607,0.010957529969220337,0.001953765797634094,0.001933924527792824,0.0045794309588826024,0.004559589689041333,-0.010031876841415266
2024-12-09,0.0013055222019756549,0.001285680932134385,-0.0028187285369319346,-0.0028385698067732047,-0.0019607552208038906,-0.0019805964906451606,-0.010597808082748824,-0.010617649352590094,0.0033303735734499865,0.0033105323036087164,-0.0028187285369319346,-0.0028385698067732047,-0.004014186780251568,-0.004034028050092837,-0.01268587466689238,-0.01270571593673365,-0.0016525835673456835,-0.0016724248371869533,-0.008163823994713531,-0.008183665264554801,-0.004257919689415621,-0.00427776095925689,-0.009329677511757967,-0.009349518781599238,-0.00304937651860724,-0.00306921778844851,-0.0006308330152824837,-0.0006506742851237536,0.005292634734818336
2024-12-10,0.004857126324788533,0.004837285054947263,-0.010724142903770297,-0.010910650840278233,-0.004525092174723293,-0.004544933444564562,-0.007090376305896956,-0.007360217575738226,0.003465035974223228,0.003445194704381958,-0.010724142903770297,-0.010910650840278233,0.008847348113797608,0.008827506843956338,0.00015041108666839255,-0.00020276351650621064,-0.002627334372776756,-0.002647175642618026,-0.019581649226295017,-0.02060149049613629,0.0023126682699607035,0.0022928270001194334,-0.004383900075939778,-0.0046037413457810485,0.0035895588541275184,0.0035697175842862483,-0.008088766116269313,-0.008219718497221693,-0.013179310817662215
2024-12-11,-0.0010689923814679383,-0.0010888336513092082,-0.010994508408497777,-0.011764349678339047,0.001589363311015335,0.001569522041174065,-0.015034623074087577,-0.01588779767726218,-0.0026859898971090465,-0.0027058311669503165,-0.010994508408497777,-0.011764349678339047,0.000553585084589317,0.0005337438147480472,-0.012583299466046971,-0.01510314073588824,0.0051963995680206695,0.0051765582981794,-0.019183560619480455,-0.019703401889321726,0.002236600602780116,0.0022167593329388458,-0.013232411427164284,-0.014252252697005554,-0.003944947516284922,-0.003964788786126191,-0.008283396767386495,-0.009255618989608716,-0.0017647544288271755
2024-12-12,-0.0021679447192590948,-0.002187785989100365,-0.008018950498345084,-0.008372125101519688,-0.0031949582419502423,-0.0032147995117915123,-0.010883831364254193,-0.010903672634095463,-0.003236506873964526,-0.003256348143805796,-0.008018950498345084,-0.008372125101519688,0.0031019255309067545,0.0030820842610654845,-0.009494430288655209,-0.00951427155849648,-0.002603396367704444,-0.002623237637545714,-0.017195211980444935,-0.017215053250286206,-0.003248366238344187,-0.0032682075081854572,-0.013701706170159977,-0.014221547440001247,-0.0046601803680937776,-0.004680021637935047,0.00013828943871257993,-4.8218497795356576e-05,0.0016861253003142007
2024-12-13,-0.0006051387306234418,-0.0006249800004647116,-0.02501563397285898,-0.02503547524270025,-0.0036808631610023568,-0.003700704430843627,-0.026206000495433424,-0.026725841765274694,-0.0035152175990349824,-0.0035350588688762524,-0.02501563397285898,-0.02503547524270025,-0.005559273139398087,-0.005579114409239356,-0.019226406701457033,-0.019246247971298303,-0.00148599439778304,-0.0015058356676243099,-0.008088519212056555,-0.008108360481897826,-0.002370057320951968,-0.0023898985907932382,-0.03647138684279675,-0.03749122811263802,0.0010445664983370073,0.0010247252284957375,-0.018184890915314965,-0.018404732185156234,0.027376431595648176
2024-12-16,0.0023420226267542726,0.0023221813569130026,-0.03116105987542957,-0.03201423447860417,0.010719811575936398,0.010699970306095128,-0.03876080681558369,-0.04078064808542496,0.0017629242067016548,0.001743082936860385,-0.03116105987542957,-0.03201423447860417,0.0070601043719524526,0.007040263102111183,-0.009926453515641809,-0.00994629478548308,0.0010145755223668132,0.0009947342525255434,-0.008960643655669065,-0.008980484925510335,0.011868192885201752,0.011848351615360481,-0.03041311397216001,-0.03093295524200128,-0.004924711472474211,-0.00494455274231548,-0.03081098646203693,-0.031997494398544865,-0.01467047221072415
2024-12-17,-0.0031593113234055156,-0.0031791525932467857,0.002940377616641121,0.002920536346799851,-0.002589898877479728,-0.002609740147320998,-8.59494490008661e-05,-0.00010579071884213594,-0.0031351080416778046,-0.0031549493115190746,0.002940377616641121,0.002920536346799851,-0.014706436511521336,-0.014726277781362606,0.0,0.0,-0.0038888354273870565,-0.003908676697228326,0.0,0.0,0.0036707888025723917,0.0036509475327311217,0.005966704682283108,0.005946863412441839,0.007508968430532649,0.007489127160691379,-0.0007773390338707466,-0.0017971803037120165,0.016672160231391286
2024-12-18,0.004906124886327849,0.00488628361648658,0.0,0.0,-0.0056163060753403465,-0.005636147345181616,0.0,0.0,0.006071015221593423,0.006051173951752154,0.0,0.0,-0.002117873020172696,-0.002137714290013966,0.0,0.0,0.00015743209645868728,0.00013759082661741743,0.0,0.0,-0.0007627846968459168,-0.0007826259666871866,0.0,0.0,-0.0005928474284688096,-0.0006126886983100794,-0.028020343618375354,-0.030040184888216623,0.002128266553860003
2024-12-19,-0.001448105250179417,-0.0014679465200206868,0.0,0.0,-0.0012596195247862874,-0.0012794607946275572,0.0,0.0,0.00038566187395844276,0.00036582060411717294,0.0,0.0,-0.004584923009247864,-0.004604764279089134,0.0,0.0,-0.002282827496488879,-0.002302668766330149,0.0,0.0,-0.00430827885437754,-0.004328120124218809,0.0,0.0,0.0023614630749209803,0.0023416218050797103,0.0,0.0,0.0050028910981754215
2024-12-20,0.010714769695818693,0.010694928425977423,0.0,0.0,0.004736470040280209,0.00471662877043894,0.0,0.0,0.01040157075722728,0.01038172948738601,0.0,0.0,0.011472070879317536,0.011452229609476266,0.0,0.0,0.009976741184666987,0.009956899914825717,0.0,0.0,0.009213226866856938,0.009193385597015668,0.0,0.0,0.003874232710676495,0.003854391440835225,0.0,0.0,0.0017818270472702569
2024-12-23,-0.002461502917224641,-0.002481344187065911,0.0,0.0,-0.005795994894292111,-0.005815836164133381,0.0,0.0,-0.0020021066923962896,-0.0020219479622375597,0.0,0.0,-0.001347351216818532,-0.0013671924866598018,0.0,0.0,-0.005319345154816704,-0.005339186424657974,0.0,0.0,0.0019945355989059513,0.0019746943290646812,0.0,0.0,0.0018919277625965153,0.0018720864927552455,0.0,0.0,0.0053719950001476224
2024-12-24,-0.01719301652621124,-0.01721285779605251,0.0,0.0,-0.006451109623663062,-0.006470950893504332,0.0,0.0,-0.01613847554200816,-0.01615831681184943,0.0,0.0,-0.017947238705944855,-0.017967079975786126,0.0,0.0,-0.006740971904992218,-0.006760813174833488,0.0,0.0,-0.016117224707625645,-0.016137065977466915,0.0,0.0,-0.0037980781224583246,-0.0038179193922995946,0.0,0.0,-0.0012105361479821664
2024-12-25,0.004620141298357208,0.004600300028515939,0.0,0.0,-0.0006343438072182461,-0.0006541850770595159,0.0,0.0,0.003954501108490424,0.0039346598386491545,0.0,0.0,-0.003810500708293897,-0.003830341978135167,0.0,0.0,-0.007841105847168864,-0.007860947117010134,0.0,0.0,-0.0006830721527877129,-0.0007029134226289827,0.0,0.0,0.009305487529279968,0.009285646259438698,0.0,0.0,0.016474551996032094
2024-12-26,0.003159209401966963,0.003139368132125693,0.0,0.0,0.0015083691487962486,0.0014885278789549788,0.0,0.0,0.0072758142505674195,0.00725597298072615,0.0,0.0,0.01168741799575427,0.011667576725912999,0.0,0.0,-0.0004650403127406458,-0.0004848815825819156,0.0,0.0,0.0007607865501047389,0.0007409452802634691,0.0,0.0,-0.0038633974526215697,-0.0038832387224628398,0.0,0.0,-0.004541182586471848
2024-12-27,-0.007696066707357452,-0.007715907977198721,0.0,0.0,0.004703121171182462,0.004683279901341192,0.0,0.0,-0.006435838025148244,-0.0064556792949895135,0.0,0.0,-0.008113423835618541,-0.008133265105459812,0.0,0.0,-0.01059251321033422,-0.01061235448017549,0.0,0.0,-0.006628337079744556,-0.006648178349585826,0.0,0.0,-0.000977809164193967,-0.0009976504340352369,0.0,0.0,0.012934580293971765
2024-12-30,-0.0011032662446467043,-0.001123107514487974,0.0,0.0,0.007273650847267658,0.007253809577426389,0.0,0.0,-0.0011614888127105746,-0.0011813300825518445,0.0,0.0,0.0036787786809965375,0.0036589374111552675,0.0,0.0,0.00040461628772040653,0.0003847750178791367,0.0,0.0,-0.004313326028056605,-0.0043331672978978745,0.0,0.0,0.018562628272044468,0.018542787002203198,0.0,0.0,-0.006608038322343246
2024-12-31,0.0032771479001907217,0.0032573066303494516,0.0,0.0,0.001026652439730047,0.0010068111698887771,0.0,0.0,0.003627036500204475,0.003607195230363205,0.0,0.0,0.006079421823982932,0.006059580554141662,0.0,0.0,0.004615427875326331,0.004595586605485061,0.0,0.0,0.0007068638073794986,0.0006870225375382288,0.0,0.0,-0.006496537698742345,-0.006516378968583615,0.0,0.0,-0.00018277031041402658
2025-01-01,-0.004151046101998131,-0.0041708873718394,0.0,0.0,-0.003827729904987476,-0.003847571174828746,0.0,0.0,-0.0011049131836339612,-0.001124754453475231,0.0,0.0,-0.00040667637623445496,-0.0004265176460757248,0.0,0.0,-0.0033295548218125887,-0.0033493960916538587,0.0,0.0,-0.00375950818506518,-0.00377934945490645,0.0,0.0,0.006641039130847709,0.006621197861006439,0.0,0.0,-0.011311588075192391
2025-01-02,-0.011501012495589727,-0.011520853765430997,0.0,0.0,-0.009662302007751374,-0.009682143277592644,0.0,0.0,-0.012357232083936798,-0.012377073353778068,0.0,0.0,-0.007474879039461771,-0.0074947203093030405,0.0,0.0,-0.0036981827976636933,-0.0037180240675049633,0.0,0.0,-0.013900379499440382,-0.013920220769281653,0.0,0.0,-0.003408766686370933,-0.003428607956212203,0.0,0.0,0.005485260923822732
2025-01-03,0.008934172615584268,0.008914331345742998,0.0,0.0,0.010590180700469867,0.010570339430628597,0.0,0.0,0.006653933599317312,0.006634092329476042,0.0,0.0,0.00046526312754873594,0.00044542185770746613,0.0,0.0,0.004335218812830215,0.004315377542988945,0.0,0.0,0.002955684295111824,0.002935843025270554,0.0,0.0,0.0025338106479115483,0.0025139693780702782,0.0,0.0,0.016376385526191806
2025-01-06,0.005497390896851112,0.0054775496270098424,0.0,0.0,-0.0005555217730157172,-0.000575363042856987,0.0,0.0,0.005115190742696729,0.0050953494728554595,0.0,0.0,7.82579351806395e-05,5.841666533936966e-05,0.0,0.0,0.005085568969105288,0.005065727699264018,0.0,0.0,-0.006062717238315224,-0.0060825585081564935,0.0,0.0,0.0006349455584491598,0.00061510428860789,0.0,0.0,-0.0003709179780292393
2025-01-07,0.002264897453115075,0.002245056183273805,0.0,0.0,0.00355940608024137,0.0035395648104001,0.0,0.0,0.0011395354907877894,0.0011196942209465196,0.0,0.0,0.0015030467288965135,0.0014832054590552437,0.0,0.0,0.006684474850219169,0.006664633580377899,0.0,0.0,0.002149198534347134,0.002129357264505864,0.0,0.0,-0.006694161713137893,-0.006714002982979163,0.0,0.0,-0.0016857426857429525
2025-01-08,-0.0012575041025507869,-0.0012773453723920567,0.0,0.0,-0.0040642837312864916,-0.004084125001127761,0.0,0.0,0.0007193445179456068,0.000699503248104337,0.0,0.0,-0.0030658108778068016,-0.0030856521476480716,0.0,0.0,-0.010113896936662113,-0.010133738206503384,0.0,0.0,-0.006650532845098138,-0.0066703741149394076,0.0,0.0,-0.009679696496558789,-0.009699537766400059,0.0,0.0,-0.01178078659374715
2025-01-09,-0.0005929130778813546,-0.0006127543477226244,0.0,0.0,-0.0043281258906262,-0.0043479671604674695,0.0,0.0,-0.0034531240726182535,-0.0034729653424595236,0.0,0.0,0.0029793213115475864,0.0029594800417063164,0.0,0.0,0.0029408115246583252,0.002920970254817055,0.0,0.0,-0.0035095049899556696,-0.0035293462597969396,0.0,0.0,0.0013137971313359476,0.0012939558614946777,0.0,0.0,-0.0020422191890754338
2025-01-10,-0.008021674483604885,-0.008041515753446155,0.0,0.0,-0.010542713851394214,-0.010562555121235485,0.0,0.0,-0.009445232543344756,-0.009465073813186026,0.0,0.0,0.006174084001342013,0.0061542427315007435,0.0,0.0,0.006230442107494252,0.006210600837652983,0.0,0.0,-0.00024968855954468627,-0.0002695298293859561,0.0,0.0,-0.0045743703959842605,-0.00459421166582553,0.0,0.0,-0.017040736856936856
2025-01-13,0.006201985452717114,0.006182144182875844,0.0,0.0,0.005915212028482983,0.005895370758641713,0.0,0.0,0.007069310379075218,0.007049469109233948,0.0,0.0,0.00336816509755785,0.00334832382771658,0.0,0.0,0.012765982670261446,0.012746141400420175,0.0,0.0,0.0061278825539273635,0.006108041284086094,0.0,0.0,0.004778902990994545,0.004759061721153275,0.0,0.0,-0.009561657853907168
2025-01-14,-0.0008413730594917096,-0.0008612143293329794,0.0,0.0,0.006327401565970572,0.006307560296129303,0.0,0.0,-0.00038858377926662135,-0.00040842504910789117,0.0,0.0,-0.005239780883082995,-0.005259622152924265,0.0,0.0,-0.01076727130838185,-0.01078711257822312,0.0,0.0,-0.0027483946431629963,-0.0027682359130042663,0.0,0.0,0.001410766206601563,0.0013909249367602932,0.0,0.0,0.0029746465072004735
2025-01-15,0.0019185693347830296,0.0018987280649417598,0.0,0.0,0.0012003303515860583,0.0011804890817447885,0.0,0.0,0.003346685608941205,0.003326844339099935,0.0,0.0,0.000995279181001285,0.0009754379111600153,0.0,0.0,0.0012757545813782759,0.001255913311537006,0.0,0.0,-0.0007800000505459384,-0.0007998413203872082,0.0,0.0,-0.005349116420410659,-0.005368957690251928,0.0,0.0,0.014989145175155372
2025-01-16,-1.4889030276368787e-05,-3.473030011763863e-05,0.0,0.0,0.006003349468012516,0.005983508198171246,0.0,0.0,-0.0009103849782765711,-0.0009302262481178409,0.0,0.0,-0.01189370111241448,-0.01191354238225575,0.0,0.0,0.0026159410333179978,0.0025960997634767277,0.0,0.0,-0.0022603209830785523,-0.0022801622529198223,0.0,0.0,-0.002998865796380694,-0.003018707066221964,0.0,0.0,0.03138131947352463
2025-01-17,0.007114186841492752,0.007094345571651482,0.0,0.0,0.005292925162401402,0.005273083892560132,0.0,0.0,0.006935038470810596,0.006915197200969327,0.0,0.0,0.006310763875029719,0.00629092260518845,0.0,0.0,0.006874607353611298,0.006854766083770028,0.0,0.0,-0.0027726151222902187,-0.0027924563921314888,0.0,0.0,0.0005672794305345702,0.0005474381606933004,0.0,0.0,-0.005972435935779896
2025-01-20,-0.00105641718689415,-0.0010762584567354197,0.0,0.0,0.006318323353057889,0.00629848208321662,0.0,0.0,-0.0010829348433003885,-0.0011027761131416583,0.0,0.0,0.0033112877981841538,0.0032914465283428837,0.0,0.0,-0.0006241720787486318,-0.0006440133485899017,0.0,0.0,0.007907699855153487,0.007887858585312216,0.0,0.0,0.0014787476757231882,0.0014589064058819184,0.0,0.0,0.016268301723099787
2025-01-21,0.001218189225690225,0.001198347955848955,0.018230429330587383,0.017210588060746112,0.007997693093158634,0.007977851823317363,0.018230429330587383,0.017210588060746112,0.0015468986605746554,0.0015270573907333856,0.018230429330587383,0.017210588060746112,0.000835119517081824,0.0008152782472405542,0.0,0.0,-0.0007838479522084274,-0.0008036892220496972,0.018230429330587383,0.017210588060746112,0.0006598020583755762,0.0006399607885343064,0.0,0.0,-0.00717505886351575,-0.00719490013335702,0.018230429330587383,0.017210588060746112,0.0031612772844180625
2025-01-22,-0.0038040373077095208,-0.003823878577550791,-0.0015041796829369236,-0.0025240209527781932,-0.010899140116330593,-0.010918981386171863,-0.025874608132647525,-0.025894449402488796,-0.0019757722552905047,-0.0019956135251317747,-0.0015041796829369236,-0.0025240209527781932,-0.006806441732451089,-0.006826283002292359,0.0,0.0,-0.006401279084177057,-0.006421120354018327,-0.025874608132647525,-0.025894449402488796,-0.00883913229150339,-0.008858973561344661,0.0,0.0,-0.0006352090528221471,-0.0006550503226634169,-0.025874608132647525,-0.025894449402488796,-0.001183724114210083
2025-01-23,-0.001002456192523718,-0.0010222974623649878,0.020559802072783295,0.020039960802942024,0.005782464251392026,0.005762622981550757,0.004769354165429673,0.004749512895588404,-0.0005565001654949872,-0.000576341435336257,0.020559802072783295,0.020039960802942024,0.00025342229635394453,0.0002335810265126747,0.00937733578119282,0.00835749451135155,0.0035921380053097265,0.0035722967354684565,0.004769354165429673,0.004749512895588404,0.007687456010326436,0.007667614740485167,0.0,0.0,0.0033683150993994992,0.003348473829558229,0.004769354165429673,0.004749512895588404,0.005238538968987738
2025-01-24,-0.0005243840563337529,-0.0005442253261750227,-0.011300749330427518,-0.011820590600268787,0.0017729691359898575,0.0017531278661485877,-0.018574474293043153,-0.019594315562884424,-0.0014244015232634175,-0.0014442427931046873,-0.011300749330427518,-0.011820590600268787,0.0015421340412984583,0.0015222927714571885,-0.011818980639786925,-0.012838821909628194,-0.001994435248565421,-0.002014276518406691,-0.02488599400446112,-0.025905835274302392,0.0019570274305238805,0.0019371861606826107,0.0,0.0,0.0007298608306149784,0.0007100195607737086,-0.02488599400446112,-0.025905835274302392,0.001161081320479651
2025-01-27,0.0043511969023998925,0.004331355632558623,0.0009535495753995229,0.0006003749722249197,0.012160228436713466,0.012140387166872196,0.0021314050835110065,0.0021115638136697365,0.004298457762564448,0.004278616492723178,0.0009535495753995229,0.0006003749722249197,0.001647477082077485,0.0016276358122362152,-0.05120586680196415,-0.05122570807180542,0.00708710045997378,0.007067259190132511,-0.012161228855134227,-0.012847736791642164,0.00033639671801770354,0.00031655544817643373,0.0,0.0,0.01003156127765776,0.010011720007816489,-0.009508311009961301,-0.01002815227980257,0.0016943529817343705
2025-01-28,-0.007204311421754102,-0.007224152691595371,0.0010142728732109212,0.0004110982700363182,-0.0150666183126065,-0.01508645958244777,-0.013060037619612386,-0.013913212222786988,-0.008151992399291944,-0.008171833669133214,0.0010142728732109212,0.0004110982700363182,-0.005042000552724378,-0.005061841822565648,-0.016791888805252564,-0.017311730075093835,-0.010189128327101796,-0.010208969596943066,-0.012352041317304663,-0.012871882587145932,-0.00027457255900838196,-0.00029441382884965177,-0.027463654349053845,-0.029483495618895114,-0.014763882106052603,-0.014783723375893874,-0.007549499974148888,-0.008069341243990157,-0.004011664791093383
2025-01-29,-0.005501108336534888,-0.0055209496063761574,-0.009033012298516552,-0.009052853568357822,-0.0005615192558386037,-0.0005813605256798735,-0.01258949339515945,-0.012609334665000721,-0.003622453566848663,-0.003642294836689933,-0.009033012298516552,-0.009052853568357822,-0.0033344016553319006,-0.0033542429251731706,-0.03283772696903631,-0.032857568238877574,-0.008229254936806367,-0.008249096206647637,-0.022477995797640947,-0.022497837067482217,-0.0031359167027688595,-0.0031557579726101295,-0.011101796448205192,-0.011121637718046463,-0.008507090587855183,-0.008526931857696454,-0.019080261252573782,-0.019100102522415053,-0.0148992062577874
2025-01-30,-0.00383464518577456,-0.00385448645561583,0.027447246618375748,0.027427405348534478,-0.008104425979004973,-0.008124267248846243,0.006608712061590194,0.006588870791748924,-0.005733561547474321,-0.0057534028173155905,0.027447246618375748,0.027427405348534478,-0.005318503607845776,-0.0053383448776870455,-0.025277427808981456,-0.025297269078822727,-0.011395466143987266,-0.011415307413828537,0.011318896866653622,0.011299055596812352,-0.0022620563036419294,-0.0022818975734831995,0.0021414955714226247,0.0021216543015813547,-0.01027123037832492,-0.01029107164816619,0.013120854930587234,0.013101013660745963,-0.016499877227743043
2025-01-31,-0.007775121488463613,-0.007794962758304882,0.02486878869655698,0.02459894742671571,0.007498467905647108,0.007478626635805838,0.030119053391274353,0.02951587878809975,-0.006069483685644694,-0.006089324955485964,0.02486878869655698,0.02459894742671571,-0.0005509808910342598,-0.0005708221608755296,0.004540733074228198,0.0045208918043869286,-0.004825291713983985,-0.004845132983825255,0.019864864109458903,0.0195116895062843,-0.003855925757642993,-0.003875767027484263,0.04970574421764784,0.04968590294780657,-0.009378171769297096,-0.009398013039138366,0.016899603755847387,0.016546429152672786,0.007665693716093491
2025-02-03,-0.008793728251970181,-0.008813569521811452,0.0054135792459121534,0.005393737976070884,-0.011503858299574517,-0.011523699569415787,0.0033390567464296663,0.0033192154765883963,-0.0065898815204993785,-0.006609722790340648,0.0054135792459121534,0.005393737976070884,0.0063931150863820105,0.006373273816540741,0.004387846491158365,0.0038680052213170947,-0.009366704297675721,-0.009386545567516991,0.001386423703281514,0.0008665824334402443,-0.005918157552925268,-0.005937998822766538,-0.007754946268223373,-0.008608120871397975,-0.0044184288912463635,-0.004438270161087633,0.02190831450110527,0.021555139897930668,-0.00256370099094283
2025-02-04,0.0005137982427345852,0.0004939569728933154,0.0014307724146920887,0.0012109311448508188,-0.008221711450452827,-0.008241552720294098,-0.007550324370133865,-0.007970165639975135,0.00028379598290483726,0.00026395471306356745,0.0014307724146920887,0.0012109311448508188,0.0023161583997665727,0.0022963171299253027,-0.022270978859454987,-0.02262415346262959,0.004333160991975019,0.004313319722133749,0.008714654492179952,0.008494813222338683,-0.007775506307847964,-0.0077953475776892335,-0.018955564720571916,-0.018975405990413186,0.0003885753038298731,0.0003687340339886033,-0.006927011153317046,-0.007196852423158316,-0.00607697789621775
2025-02-05,-0.0030995205398806694,-0.0031193618097219394,0.00700468950915327,0.006609848239312,-0.0053810632982383005,-0.00540090456807957,0.0015456888249973286,0.001359180888489392,-0.003005871011455913,-0.003025712281297183,0.00700468950915327,0.006609848239312,-0.008373678776409085,-0.008393520046250356,-0.0017167207569501926,-0.0023198953601247956,-0.008518409460401638,-0.008538250730242909,-0.007493280290471216,-0.007513121560312486,-0.008844093271303165,-0.008863934541144435,-0.024672481948233037,-0.025192323218074308,0.0018324799334566086,0.0018126386636153388,0.005034040643531912,0.004764199373690642,0.0005735618939546328
2025-02-06,-0.016019056173903742,-0.016038897443745013,-0.015352608193448636,-0.015372449463289906,-0.006993496040820717,-0.007013337310661986,-0.015235158565589258,-0.015254999835430529,-0.015763482320637803,-0.015783323590479074,-0.015352608193448636,-0.015372449463289906,-0.009433260356181222,-0.009453101626022493,0.0004031212959438313,0.00038328002610256147,-0.014968892097951353,-0.014988733367792623,-0.008681978959231817,-0.008701820229073088,-0.010855040802799282,-0.010874882072640552,-0.018689279864122128,-0.018709121133963398,0.0017066883282369424,0.0016868470583956726,0.00481827949581215,0.00479843822597088,0.009224254782072006
2025-02-07,0.007000452679535633,0.006980611409694364,-0.0013964113635031965,-0.0016162526333444664,0.005311851469158843,0.0052920101993175735,-0.005040648809871744,-0.005403347222570157,0.005975174754278202,0.0059553334844369326,-0.0013964113635031965,-0.0016162526333444664,0.0010116738510449544,0.0009918325812036846,-0.016318151460465176,-0.016787992730306445,0.003629665105745805,0.003609823835904535,-0.010158057752969251,-0.010544565689477188,0.0020921576960156313,0.0020723164261743613,-0.00420775178256075,-0.00442759305240202,0.007828119852381597,0.007808278582540328,-0.0035915027687788287,-0.004239915467191527,0.0024640033732903355
2025-02-10,0.0025664430417935355,0.0025466017719522655,-0.001266803844275216,-0.0014533117807831526,0.004914475442339548,0.004894634172498279,-0.005076423579624548,-0.005221264849465818,0.002410644538972162,0.002390803269130892,-0.001266803844275216,-0.0014533117807831526,0.007395586212039021,0.007375744942197751,0.0021116257142883787,0.0018917844444471088,0.009363502038658683,0.009343660768817413,0.008171238922030016,0.00798473098552208,0.010995910818573748,0.010976069548732478,-0.003450851970011289,-0.0036373599065192257,0.0037689475315207596,0.0037491062616794896,0.00469374922584076,0.004507241289332824,-0.006736604303050564
2025-02-11,-0.00893280704318293,-0.0089526483130242,-0.002858867659266115,-0.002878708929107385,-0.010167711139191349,-0.01018755240903262,0.0020592491522410487,0.0018727412157331122,-0.010166995358796088,-0.010186836628637359,-0.0015793826524210484,-0.0017103350333734293,-0.0114199087237008,-0.01143974999354207,-0.008571067904507235,-0.008590909174348505,-0.009471520602782564,-0.009491361872623835,-0.007338571775126481,-0.00735841304496775,-0.011036619150696696,-0.011056460420537966,-0.0005121756812397713,-0.0007820169510810411,-0.014873554156554912,-0.014893395426396182,0.007545240445087166,0.007525399175245896,0.01396922251213839
2025-02-12,0.008468941768276977,0.008449100498435707,0.00801360752281019,0.00799376625296892,0.005413175904977467,0.005393334635136198,0.003926148188814222,0.0039063069189729524,0.009209446940042262,0.009189605670200992,0.009995882179127676,0.009976040909286405,-0.0010585806113455193,-0.001078421881186789,-0.01638242857372905,-0.016568936510236987,0.002831736489593277,0.002811895219752007,-0.009428169269402233,-0.009590867682100646,0.006343363652123464,0.0063235223822821944,0.008278352227526514,0.008058510957685245,-0.007645992722120493,-0.007665833991961762,-0.0029935931740492777,-0.0031384344438905474,0.017851040532797846
2025-02-13,-0.0068785895079967255,-0.006898430777837995,0.020707146605132468,0.020433337081322944,-0.010905052686696524,-0.010924893956537795,0.01524379692118108,0.014973955651339809,-0.006257867723518086,-0.006277708993359356,0.01933492436361671,0.019072225950918297,-0.0034118447980960587,-0.0034316860679373287,0.009227035820711441,0.00895719455087017,-0.0072667478546106015,-0.007286589124451871,0.006781637694673308,0.006636796424832038,-0.010896173169098113,-0.010916014438939383,0.004969712335593572,0.004807013922895159,0.00633971880913619,0.00631987753929492,0.00996036686727446,0.00982941448632208,0.005920123208551287
2025-02-14,0.00810707727447988,0.00808723600463861,0.0002983414293461599,9.668197768670822e-05,0.006970644436777931,0.006950803166936662,-0.00268967744972181,-0.0029095187195630795,0.005966582477033647,0.005946741207192377,0.0016119617089973629,0.0014254537724894263,0.0068400225005324986,0.006820181230691229,-0.004289276761413146,-0.004475784697921082,0.010873972426328697,0.010854131156487427,0.0029626751494775394,0.002799976736779127,0.0029510989953725683,0.0029312577255312983,0.010735363065043198,0.010590521795201927,0.005719204908929083,0.005699363639087814,-0.001441409351271447,-0.001461250621112717,0.011190298624784933
2025-02-17,-0.0008004083465951231,-0.0008202496164363929,-0.0010541759003289963,-0.0011573505035035994,-0.009596430094919027,-0.009616271364760298,-0.011903607028443036,-0.011923448298284307,-0.0012695051604514132,-0.001289346430292683,-0.0012356190325603141,-0.0013323833793246608,-0.011149060295047537,-0.011168901564888808,-0.007506657231512688,-0.007637609612465069,-0.001645039028131151,-0.001664880297972421,-0.012207089146166913,-0.012463041527119294,-0.008276325470536784,-0.008296166740378055,-0.011524164782619167,-0.011544006052460438,-0.00552831507598716,-0.0055481563458284295,0.0016336760212578693,0.0016138347514165995,0.014141559964951922
2025-02-18,0.002459530086192749,0.002439688816351479,-0.004585490458003399,-0.00482124081875376,-0.00498496555847925,-0.0050048068283205195,-0.0053554128323878274,-0.005686365213340209,0.004598331116761736,0.004578489846920467,-0.005096620371162028,-0.005324794974336631,-0.0011968925453533369,-0.0012167338151946067,0.005559191046298414,0.005296492633600001,-0.012367874943526418,-0.012387716213367688,-0.001156520060007812,-0.0014192184727062247,0.004149586733672578,0.004129745463831308,-0.007162271693243178,-0.007182112963084447,0.001971221857461375,0.001951380587620105,0.004850075042191618,0.004608011550128126,0.012911092480449637
2025-02-19,0.0038829664749436693,0.0038631252051023993,-0.0013939880239637586,-0.0021061369861127208,-0.007262230100159445,-0.007282071370000714,0.007923335670699574,0.007595802093165996,0.0039550115704716365,0.003935170300630367,-0.00042549735423629605,-0.0011266573053962472,0.0021958268836020575,0.0021759856137607875,-0.006364899188167164,-0.0065514071246751005,-0.00021762910157388515,-0.000237470371415155,-0.003922640836611711,-0.004234148773119647,-0.00013745946450528096,-0.0001573007343465508,-0.005894451297069225,-0.006469848122466051,-0.001440940996915066,-0.0014607822667563359,-0.0009439050653158917,-0.001518291789702616,0.00723509094823882
2025-02-20,0.006469609966295191,0.006449768696453921,-0.013881014046730929,-0.014054701470418353,0.008666707224607967,0.008646865954766696,-0.0007389494112626273,-0.000849699772012988,0.00528305239033626,0.00526321112049499,-0.01312543105589679,-0.013288129468595204,0.0023334394741344675,0.0023135982042931974,-0.00017588455162515382,-0.0005707258214664236,0.0069177393595469955,0.006897898089705726,0.0023350146824451593,0.0022040623014927783,0.010265784259755197,0.010245942989913926,-0.011368072307588295,-0.011387913577429565,-0.0014036366462889943,-0.0014234779161302641,-0.005060300052580471,-0.005246807989088407,0.007061817517823643
2025-02-21,0.0001225784728234383,0.00010273720298216847,-0.002817137128705114,-0.0029203117318797175,-0.0011325299276057632,-0.001152371197447033,-0.0023227279210891183,-0.00252438737274857,0.0004505510575083596,0.0004307097876670898,-0.003010176892243325,-0.0031133514954179283,-0.009236202205991577,-0.009256043475832847,-0.010071451886555489,-0.01018220224730585,-0.002897518723522473,-0.002917359993363743,-0.005960082585186677,-0.006170832945937038,-0.008873532397336022,-0.008893373667177292,0.0042321624120836236,0.004212321142242354,0.004843141521789419,0.00482330025194815,-0.00031503031461314456,-0.0004348715844544144,0.006196266306811582
2025-02-24,-0.004054537012424059,-0.004074378282265328,0.001586430725304122,0.001352303741177138,0.0005597609162891828,0.000539919646447913,-0.0013100493926121032,-0.001483736816299527,-0.0026172765124974143,-0.0026371177823386843,0.0025055222525362224,0.0022356809826949526,0.006879341274623453,0.0068595000047821835,0.007912241272188165,0.007892400002346894,-0.0036088345575470207,-0.0036286758273882907,-0.0073283733358461365,-0.00768154793902074,-0.0008628478390652478,-0.0008826891089065176,0.00749269574318176,0.00737285447334049,-0.004670795084274364,-0.004690636354115633,0.0018005464627960767,0.0016140385262881402,-0.011590714420017356
2025-02-25,-0.013989724231288157,-0.014009565501129428,0.004139482986083519,0.00381011790671844,-0.012738274328138267,-0.012758115597979538,0.006871406532766392,0.006597719109078968,-0.013836492981754524,-0.013856334251595794,0.0033981867052672986,0.0030866787687593624,-0.016817841110950173,-0.016837682380791443,0.005544326075171776,0.0054244848053305065,-0.012516597584404654,-0.012536438854245924,0.00369525250506122,0.00347541123521995,-0.012161888751578621,-0.012181730021419892,0.0020130763204149827,0.0015210128283514907,-0.0034303668788932887,-0.0034502081487345587,0.0034807397052455565,0.0032069301814360326,0.008187954725455526
2025-02-26,-0.003640905915836476,-0.003660747185677746,-0.015610221413044623,-0.015883456348044264,-0.0015852236672613193,-0.0016050649371025891,-0.010696455665646283,-0.010787725506916125,-0.004396061051002313,-0.004415902320843583,-0.01403743951577412,-0.014292098599380573,-0.001761912426376723,-0.0017817536962179928,-0.007587326962902475,-0.007807168232743745,-0.0025312441642268285,-0.0025510854340680986,-0.013471345503035182,-0.01374876253045221,-0.0025944970677456575,-0.0026143383375869275,-0.014469058381302347,-0.014588899651143617,-0.006434336162559805,-0.006454177432401074,-0.0057973957482240525,-0.0060422370180653225,-0.014433953682392087
2025-02-27,0.0053096923029479215,0.005289851033106652,-0.0059028672120413975,-0.005922708481882667,0.0016073098863345278,0.001587468616493258,-0.00889673662382131,-0.00891657789366258,0.004678320787420309,0.00465847951757904,-0.006292962893909878,-0.006312804163751147,0.006337756138595323,0.006317914868754053,-0.003002104394052142,-0.003021945663893412,-0.0009896775263315977,-0.0010095187961728675,-0.011321159575644286,-0.011341000845485557,0.00372580691052294,0.00370596564068167,0.0012299545914849245,0.0012101133216436547,-0.0015712693743954037,-0.0015911106442366735,0.001845819359213294,0.0018259780893720241,-0.008260594006375688
2025-02-28,0.002512193705083633,0.002492352435242363,0.015021675650873029,0.014918501047698426,0.0017236008075152617,0.001703759537673992,0.0076316033396911145,0.007423727881815657,0.0032370882135779946,0.0032172469437367246,0.01437200474827871,0.014268830145104107,-0.0007317569473955857,-0.0007515982172368555,0.00918796910564823,0.00916812783580696,-0.0028202083316079124,-0.0028400496014491824,0.011087920654610724,0.010968079384769455,-0.0066574919542592564,-0.006677333224100526,0.004143513072758471,0.004123671802917201,-0.006134407748678371,-0.00615424901851964,0.017495769228007652,0.01736481684705527,0.01481921574588907
2025-03-03,-0.00906073024431401,-0.00908057151415528,0.005116320229641822,0.005096478959800552,-0.008947944810344617,-0.008967786080185888,0.002241997222185675,0.002222155952344405,-0.008546409052059521,-0.008566250321900792,0.003080605546920575,0.003060764277079305,-0.006691337587150452,-0.0067111788569917214,0.01240094014697704,0.01226998776602466,-0.011722910938623106,-0.011742752208464376,0.010307220697762168,0.010085359225900696,-0.009392400987180964,-0.009412242257022235,0.0035232956546589825,0.0032494861308494587,-0.004963168724887654,-0.004983009994728923,0.007846241674122125,0.007759733737614188,0.009722421789636115
2025-03-04,0.005264545755134235,0.0023697044852929654,-0.0006414962564511746,-0.0007238375262924445,0.007386774526011677,0.004366933256170408,0.011188030259670858,0.010986370808011407,0.001921794074040549,-0.0008480471958007209,-0.0009165647462452721,-0.0009919615716420976,0.005003991287452145,0.0016091500176108747,0.014101359682171844,0.013956518412330574,-0.0003087409504046873,-0.003578582220245957,-0.0041519460273707065,-0.004271787297211976,-0.0031576715890109103,-0.00605251285885218,0.00465341360053392,0.00463357233069265,0.005894002233201086,0.001999160963359816,-0.0005599250355797329,-0.0007047663054210027,0.016841381186544435
2025-03-05,-0.0038535143651819703,-0.0038733556350232404,0.0019162669925150578,0.0016656564919045572,0.0016501176361639822,0.0016302763663227123,0.0013190732262047934,0.0011992319563635236,-0.006097661714437971,-0.006117502984279241,-2.462518255521239e-06,-0.0002223037880967911,0.002719099339940023,0.002699258070098753,0.0004578560209210561,0.00018404649711153227,0.0015949116853988879,0.001575070415557618,0.003181031661240759,0.003161190391399489,0.004618093378296995,0.004598252108455725,-0.0004522627498228436,-0.0007578183053783992,-0.009779596982128706,-0.009799438251969977,0.00015711727016612994,6.584742889628868e-05,-0.002508418220560138
2025-03-06,-0.0022360684031837857,-0.0022559096730250558,-0.010058378533245656,-0.010078219803086926,-0.0018642903527009286,-0.0018841316225421984,-0.013254092852717062,-0.013273934122558333,-0.003584082347098623,-0.003603923616939893,-0.005686871392894803,-0.005706712662736073,-0.004207173262060417,-0.004227014531901686,-0.013422078392049779,-0.013441919661891049,-0.006637808100366176,-0.006657649370207445,-0.011096424807087064,-0.011116266076928335,-0.00812589447962292,-0.00814573574946419,-0.008115120703022496,-0.008134961972863767,-0.0015551349470995651,-0.001574976216940835,-0.0038409764004275655,-0.0038608176702688356,-0.012194737254044519
2025-03-07,0.0045656550512312224,0.004545813781389953,0.0057952468421257055,0.005684496481375345,0.011946616153549049,0.011926774883707778,0.019949344142357973,0.019693391761405592,-0.0024025237281219552,-0.0024223649979632253,0.006217379891146844,0.006106629530396483,-0.0009741186281510411,-0.000993959897992311,0.0054889918146970125,0.005177483878189076,0.0015619037186684337,0.0015420624488271639,0.003130004939523662,0.002874052558571281,-0.003371694142421243,-0.003391535412262513,0.0162073088958634,0.016020800959355465,-0.005899928021932788,-0.005919769291774057,-0.008179989687285985,-0.00861541537271167,-0.00216480916777384
2025-03-10,0.0001455142254991812,0.00012567295565791135,-0.001708259207381246,-0.0018281004772225159,-0.00786518211430097,-0.00788502338414224,0.0023719130196930005,0.002227071749851731,-0.002631451071149024,-0.002651292340990294,-0.00493028568138832,-0.00505012695122959,0.005903948561717602,0.0058841072918763325,0.011012843823867812,0.0108501454111694,0.0012355465907025465,0.0012157053208612767,0.002267686330479038,0.0021049879177806254,0.0016999758453005234,0.0016801345754592536,-0.003141373246573009,-0.0033612145164142785,-0.0010992831916798937,-0.0011191244615211635,-0.01150326198034989,-0.011689769916857827,0.0016023442696462276
2025-03-11,-0.001659499447625605,-0.0016793407174668748,0.005836272376134534,0.0058164311062932645,0.0004216614163542673,0.0004018201465129975,0.013442860308050515,0.013280161895352102,0.005484920996360991,0.005465079726519721,0.005568049747872316,0.005476779906602476,-0.0008578208421463132,-0.000877662111987583,0.005080805221360295,0.005060963951519026,-0.005263814269120259,-0.005283655538961529,0.00594756532748689,0.005927724057645621,-0.0016610398613264507,-0.0016808811311677205,0.005373468416176659,0.005186960479668723,-0.0016752565687438506,-0.0016950978385851204,-0.0017896713987187393,-0.001809512668560009,0.0013488758797401967
2025-03-12,0.0052085912297508,0.005188749959909531,0.014762594478758141,0.01474275320891687,0.0054174361525963916,0.005397594882755122,0.020464616585962273,0.020444775316121003,0.004980380685920063,0.004960539416078794,0.014154600933817086,0.014134759663975816,0.004558663317060084,0.0045388220472188144,0.019789592293944152,0.019603084357436216,-0.0038627846035804783,-0.0038826258734217483,0.004527534228142734,0.0043410262916347975,-0.0042495087280198796,-0.004269349997861149,0.015853232609105625,0.015633391339264356,0.0005918028718692875,0.0005719616020280177,0.006291335478336442,0.006171494208495172,0.012950485266323808
2025-03-13,-0.0018449082518855187,-0.0018647495217267885,0.003096955966044211,0.002882670251758497,-0.007768877349530599,-0.007788718619371869,-0.001373235010269483,-0.001793076280110753,-0.0022898214584856913,-0.0023096627283269613,0.0013239993699547337,0.001116123912079276,-0.005763089591111353,-0.005782930860952623,0.011208732874741889,0.01068889160490062,-0.006551243121057676,-0.006571084390898946,0.0006974633932934035,0.0004776221234521337,-0.003601275471407775,-0.003621116741249045,0.009611845972862543,0.009342004703021274,-0.010315932793009332,-0.010335774062850602,-0.0068454106016801524,-0.006976362982632533,-0.0034939746750379808
2025-03-14,0.0015500943021666963,0.0015302530323254265,-0.000967829373298739,-0.001187670643140009,0.002335052311884113,0.002315211042042843,-0.002359478937421374,-0.002712653540595977,-0.0033461061985344334,-0.0033659474683757034,0.0001786466102463389,-2.3012841413112784e-05,0.002267187551126891,0.002247346281285621,-0.0029844998254180298,-0.0032043410952592995,-0.0063889110834340485,-0.006408752353275318,-0.007509080015526529,-0.007653921285367799,-0.009341265598755574,-0.009361106868596845,0.005472070978690246,0.005118896375515642,0.0039112792111006545,0.0038914379412593844,-0.0006999260159683308,-0.0007197672858096007,0.004352379189832112
2025-03-17,0.008059353031245803,0.008039511761404532,0.01000591440640211,0.009874962025449728,0.004099946410665502,0.004080105140824232,0.0035617458459321853,0.0035419045760909152,0.008125450644829328,0.008105609374988058,0.005746932442021558,0.005627091172180288,0.011698926868799295,0.011679085598958024,0.007227526037222275,0.006874351434047672,0.013607830531455839,0.013587989261614569,0.020494862216117675,0.020082163803419262,0.014267527752852477,0.014247686483011206,0.009206014449753375,0.009186173179912105,0.004725930290185816,0.0047060890203445465,0.01135364247582999,0.01133380120598872,-0.010394898643780626
2025-03-18,0.011273247815169626,0.011253406545328356,0.00011679520878758905,-2.8046061053680797e-05,0.0071726638096417245,0.007152822539800455,0.02228916642403535,0.02181932515419408,0.01325469308189442,0.01323485181205315,0.0007718070620773452,0.0006269657922360754,0.006132647394402162,0.006112806124560892,0.012317923337027387,0.011548082067186117,0.0048504812749366535,0.004830640005095384,-0.011790408296559671,-0.012143582899734275,0.009238962695117293,0.009219121425276023,0.00900185194523387,0.0089820106753926,0.010949319896410743,0.010929478626569473,0.001944872744368257,0.001800031474526987,0.005433490058482038
2025-03-19,-0.00751581156591196,-0.00753565283575323,0.006926157219592848,0.0036206016640372924,-0.001510621712254842,-0.001530462982096112,-0.011013296495577408,-0.011033137765418678,-0.007462758543723594,-0.007482599813564863,0.006288247198317262,0.0030184059284759923,0.0027172189172485622,0.002697377647407292,0.0037052348663609846,0.0036853935965197146,0.0026584116059226795,0.0026385703360814095,0.03606098891281343,0.03387448097630549,-0.0020112952612229007,-0.0020311365310641707,0.0014812788142214428,-0.0030385624556198264,-0.0073944137446720765,-0.007414255014513346,0.02710563018582019,0.021942931773121777,0.0005141940520418942
2025-03-20,0.00031693861539647955,0.00029709734555520974,-0.012296224082199714,-0.01248273201870765,-0.006789021744991054,-0.006808863014832324,-0.012618359435964899,-0.01288820070580617,-0.0018733603416124789,-0.0018932016114537487,-0.007540216617777405,-0.007702915030475818,-0.00498776533405141,-0.005007606603892679,-0.0014923763211053265,-0.002512217590946596,0.009782032090743256,0.009762190820901986,-0.001202297317078882,-0.001422138586920152,-0.0006991725016833733,-0.0007190137715246431,-0.022924604935788406,-0.022944446205629677,-0.00895730159113172,-0.008977142860972991,-0.0007252793704464189,-0.0011451206402876887,-0.0077679467211296815
2025-03-21,-0.0010236868652606715,-0.0010435281351019413,0.008163406984230293,0.008143565714389022,0.0019599868116164376,0.0019401455417751678,0.0047573843540116845,0.004737543084170415,0.0016571587862529713,0.0016373175164117015,0.004826146154258051,0.004806304884416781,0.006428678416562146,0.0064088371467208765,-0.0009274829899846848,-0.0009473242598259546,-0.005857447171757839,-0.0058772884415991085,-0.014825592309126612,-0.015095433578967882,0.002150711053317683,0.002130869783476413,0.037009428253115706,0.03698958698327444,-0.0006057669432498747,-0.0006256082130911445,-0.016156691931254595,-0.016176533201095866,-0.0021141229839234388
2025-03-24,0.01128117217424525,0.011261330904403979,0.006839479132499049,0.006319637862657779,0.008485855209598693,0.008466013939757423,0.007604676240153707,0.0065848349703124375,0.009056471867159167,0.009036630597317897,0.006839479132499049,0.0060696378626577795,0.006016125851451434,0.005996284581610165,0.019775300004046925,0.019755458734205655,0.010501556357942456,0.010481715088101185,0.009259254547966833,0.00890607994479223,0.015634352630367318,0.015614511360526048,0.021227287155145325,0.021207445885304054,0.012214804854912276,0.012194963585071005,0.005751548069095225,0.005481706799253955,-0.0015459332116674052
2025-03-25,-0.0019773525266144065,-0.0019971937964556766,0.01578247442867468,0.014429299825500078,-0.0039044597077173074,-0.003924300977558577,-0.0035537650560740763,-0.004573606325915346,-0.002603890681463515,-0.002623731951304785,0.01578247442867468,0.014429299825500078,0.004987432511782568,0.004967591241941298,0.00273956764660499,0.00271972637676372,0.007587925618671269,0.00756808434883,0.020076346007700252,0.01955650473785898,-0.007630660365918501,-0.007650501635759771,0.009622799012721228,0.008602957742879959,0.004769156575000585,0.004749315305159316,0.020076346007700252,0.01905650473785898,-0.0024917064227080177
2025-03-26,-0.00032701211242283645,-0.00034685338226410627,0.0,0.0,0.0019635561234194535,0.0019437148535781836,0.0,0.0,0.006127323890295196,0.006107482620453926,0.0,0.0,-0.001474501426689416,-0.0014943426965306858,0.0,0.0,-0.005452194494489075,-0.005472035764330345,0.0,0.0,0.0028389824946552025,0.0028191412248139325,0.0,0.0,0.0056916450812034836,0.005671803811362214,0.0,0.0,0.019964753664944546
2025-03-27,0.008786956137339423,0.008767114867498153,0.0,0.0,0.008189145690612382,0.008169304420771111,0.0,0.0,0.0026841763975534866,0.0026643351277122166,0.0,0.0,0.005283184006975035,0.005263342737133765,0.0,0.0,0.009967523505002858,0.009947682235161587,0.0,0.0,-0.00046074901145884417,-0.000480590281300114,0.0,0.0,0.0006795060132902819,0.0006596647434490121,0.0,0.0,-0.0006029060253867069
2025-03-28,-0.0008327101131664627,-0.0008525513830077325,0.0,0.0,0.002415400049864687,0.002395558780023417,0.0,0.0,0.001224043575802941,0.0012042023059616713,0.0,0.0,0.00685979360409332,0.00683995233425205,0.0,0.0,-0.0015388510773472683,-0.001558692347188538,0.0,0.0,-0.0005042199661331737,-0.0005240612359744435,0.0,0.0,0.0003649904317792538,0.00034514916193798396,0.0,0.0,-0.0022028572119505707
2025-03-31,0.003800436194854588,0.003780594925013318,0.0,0.0,0.00935835861575459,0.00933851734591332,0.0,0.0,-0.00045907504575681823,-0.00047891631559808805,0.0,0.0,-0.003991822635539946,-0.004011663905381216,0.0,0.0,0.002295594734259797,0.002275753464418527,0.0,0.0,0.0005994643796286975,0.0005796231097874277,0.0,0.0,-0.00996681827952562,-0.00998665954936689,0.0,0.0,-0.022591960533711708
2025-04-01,0.004148271669082507,0.004128430399241237,0.0,0.0,-0.0003440663428824417,-0.0003639076127237115,0.0,0.0,0.0034912960488342887,0.0034714547789930186,0.0,0.0,0.0014093303646089336,0.0013894890947676638,0.0,0.0,0.0007881993137745097,0.0007683580439332399,0.0,0.0,-0.005538763495242197,-0.005558604765083466,0.0,0.0,0.0044937679375829515,0.004473926667741682,0.0,0.0,-0.009356280871774203
2025-04-02,0.0005433064084928232,0.0005234651386515534,0.0,0.0,0.010370908907916844,0.010351067638075574,0.0,0.0,0.0037353450339326216,0.0037155037640913516,0.0,0.0,0.002610920292666047,0.002591079022824777,0.0,0.0,0.006625543615838912,0.006605702345997643,0.0,0.0,0.005641361313565657,0.0056215200437243875,0.0,0.0,0.0057388918463285865,0.005719050576487317,0.0,0.0,-0.002413807669019885
2025-04-03,-0.0025412295501878526,-0.0025610708200291227,0.0,0.0,0.006339129841315398,0.006319288571474129,0.0,0.0,0.0005633882567939869,0.000543546986952717,0.0,0.0,-0.005970365541366603,-0.005990206811207872,0.0,0.0,0.005764388222765586,0.005744546952924316,0.0,0.0,0.0037289401617891516,0.0037090988919478815,0.0,0.0,0.00035828864329736504,0.0003384473734560952,0.0,0.0,-0.007064379437942914
2025-04-04,0.004918351681847254,0.004898510412005984,0.0,0.0,0.006777802150732357,0.006757960880891087,0.0,0.0,-0.0005027258058476411,-0.0005225670756889109,0.0,0.0,0.0015632450110638421,0.0015434037412225723,0.0,0.0,0.002834801406739064,0.002814960136897794,0.0,0.0,-0.002657696445577805,-0.002677537715419075,0.0,0.0,-0.005330579681165397,-0.0053504209510066665,0.0,0.0,0.015678783527155682
2025-04-07,0.0028307724383119445,0.0028109311684706745,0.0,0.0,-0.0019971061875462687,-0.0020169474573875387,0.0,0.0,0.00641475447849834,0.00639491320865707,0.0,0.0,0.0023297692410702703,0.0023099279712290002,0.0,0.0,0.009780979283972063,0.009761138014130793,0.0,0.0,0.0003714078865400955,0.0003515666166988257,0.0,0.0,0.009301909618377728,0.009282068348536458,0.0,0.0,-0.0013343155293583653
2025-04-08,0.00430298266946464,0.004283141399623371,0.0,0.0,-0.0018308229602069792,-0.001850664230048249,0.0,0.0,0.0009375463872854234,0.0009177051174441536,0.0,0.0,-0.004313657664703749,-0.0043334989345450185,0.0,0.0,-0.0037684037992054623,-0.0037882450690467323,0.0,0.0,0.0015190256640185001,0.0014991843941772303,0.0,0.0,0.0008260361754903606,0.0008061949056490908,0.0,0.0,0.01465288674250087
2025-04-09,-0.004003077206768027,-0.004022918476609297,0.0,0.0,-0.002987300908832362,-0.003007142178673632,0.0,0.0,-0.0030933670930275298,-0.0031132083628688,0.0,0.0,-0.011246084207593578,-0.011265925477434848,0.0,0.0,0.002571416674389683,0.002551575404548413,0.0,0.0,0.0017354504479266883,0.0017156091780854185,0.0,0.0,-0.0003411613048351636,-0.0003610025746764334,0.0,0.0,0.0011587509745540903
2025-04-10,-0.002785936608412351,-0.002805777878253621,0.0,0.0,-0.0044796801444477105,-0.00449952141428898,0.0,0.0,-0.00157058310527506,-0.0015904243751163297,0.0,0.0,-0.014445568583040864,-0.014465409852882135,0.0,0.0,-0.01656781120128304,-0.01658765247112431,0.0,0.0,-0.018859956849851624,-0.018879798119692894,0.0,0.0,-0.004227686857649855,-0.004247528127491125,0.0,0.0,0.0008895062006373244
2025-04-11,0.006820695270193411,0.006800854000352141,0.0,0.0,0.0034095766046340903,0.0033897353347928203,0.0,0.0,0.004223093371778772,0.004203252101937502,0.0,0.0,0.005747843517068703,0.005728002247227433,0.0,0.0,0.005636777144558465,0.005616935874717195,0.0,0.0,0.006060421242844019,0.0060405799730027495,0.0,0.0,0.005526829807527674,0.005506988537686404,0.0,0.0,-0.0004967609248374139
2025-04-14,0.002607286464880232,0.002587445195038962,0.0,0.0,-0.003305851675654288,-0.003325692945495558,0.0,0.0,0.002257304600430436,0.002237463330589166,0.0,0.0,-0.003986417525158006,-0.004006258794999276,0.0,0.0,-0.004425947435051515,-0.004445788704892785,0.0,0.0,-0.0036992090491382718,-0.003719050318979542,0.0,0.0,0.004011147302982271,0.003991306033141001,0.0,0.0,0.0005217587678361113
2025-04-15,0.0003462475896686412,0.0003264063198273714,0.0,0.0,0.0004962973715126884,0.00047645610167141856,0.0,0.0,0.001228741671559841,0.0012089004017185711,0.0,0.0,0.001972284347336671,0.0019524430774954013,0.0,0.0,-0.006724885058681948,-0.006744726328523218,0.0,0.0,0.010395528424389441,0.010375687154548171,0.0,0.0,0.004950944287011413,0.004931103017170144,0.0,0.0,0.019386745033548536
2025-04-16,0.011716829433261286,0.011696988163420016,0.0,0.0,0.0058533829871056375,0.005833541717264368,0.0,0.0,0.009681837931615436,0.009661996661774166,0.0,0.0,0.009674145219127288,0.009654303949286017,0.0,0.0,0.007886091670528415,0.007866250400687145,0.0,0.0,-0.0002915276405650591,-0.0003113689104063289,0.0,0.0,0.004313274194348737,0.004293432924507468,0.0,0.0,-0.025035717994263407
2025-04-17,-0.0026396972513479597,-0.0026595385211892297,0.0,0.0,-0.004199058276681156,-0.004218899546522425,0.0,0.0,0.0018846696018592207,0.001864828332017951,0.0,0.0,0.0018609127606521725,0.0018410714908109027,0.0,0.0,0.006449859582187585,0.0064300183123463155,0.0,0.0,0.0013653063282674585,0.0013454650584261887,0.0,0.0,0.007486680428975524,0.007466839159134255,0.0,0.0,-0.021537003188825454
2025-04-18,-0.0060987927920321885,-0.006118634061873458,0.0,0.0,-0.008390797760653074,-0.008410639030494344,0.0,0.0,-0.005494028725038985,-0.005513869994880255,0.0,0.0,-0.007053882947840477,-0.007073724217681747,0.0,0.0,-0.007235453322191575,-0.007255294592032844,0.0,0.0,-0.0080119767049667,-0.00803181797480797,0.0,0.0,-0.0018503300603330483,-0.0018701713301743181,0.0,0.0,-0.0054948791416172815
2025-04-21,-0.002605301308479968,-0.002625142578321238,0.0,0.0,-0.012816438848494753,-0.012836280118336024,0.0,0.0,-0.006719863445283691,-0.006739704715124961,0.0,0.0,-0.0015921675111817205,-0.0016120087810229903,0.0,0.0,-0.010026501503502781,-0.010046342773344052,0.0,0.0,-0.006072592366811881,-0.006092433636653151,0.0,0.0,-0.002970435492455868,-0.0029902767622971382,0.0,0.0,0.0006398067013133613
2025-04-22,-0.006478695784070038,-0.006498537053911307,-0.007865394927899838,-0.009885236197741109,-0.00033310535483358633,-0.00035294662467485615,-0.02202109035737443,-0.0230409316272157,-0.011136297839710006,-0.011156139109551277,-0.007865394927899838,-0.009885236197741109,0.005860462436764413,0.0058406211669231435,-0.02202109035737443,-0.0230409316272157,0.005523609516905642,0.0055037682470643725,0.0,0.0,-0.004391987106252833,-0.0044118283760941025,-0.007865394927899838,-0.009885236197741109,-0.00011949543115652439,-0.00013933670099779423,0.01415569542947459,0.013135854159633321,0.008071148672404105
2025-04-23,0.00945394402796633,0.009434102758125059,-0.00890794483789703,-0.010394452774404967,-0.0013787487308634175,-0.0013985900007046873,-0.011461011081233652,-0.013230852351074922,0.010104533688859177,0.010084692419017906,-0.00890794483789703,-0.010394452774404967,-0.00046787748250775446,-0.0004877187523490243,-0.026265898965117662,-0.02803574023495893,-0.004621386838567491,-0.004641228108408761,-0.008352499150413323,-0.010372340420254594,0.0021002436930591534,0.0020804024232178833,-0.01898951775149066,-0.020426025687998596,0.0023843750888696766,0.0023645338190284066,-0.017117131919738182,-0.01880363985624612,0.0056839591783022225
2025-04-24,0.018230415415464565,0.018210574145623295,0.011049465003563071,0.010493909448007516,0.01075425772730678,0.01073441645746551,0.008975876616892937,0.008289368680385,0.013387535169577837,0.013367693899736566,0.011049465003563071,0.010493909448007516,0.008284978944322528,0.008265137674481258,0.007743153127639735,0.007223311857798465,0.005425733020552936,0.005405891750711667,-0.00872612144866317,-0.00939596271850444,0.01171058943742169,0.011690748167580419,-0.0063357435775305004,-0.00680558484737177,0.0062177495017767745,0.006197908231935505,-0.027379111898224794,-0.027798953168066066,-0.0037467050416861714
2025-04-25,-0.001995951822182457,-0.002015793092023727,0.006105889595085779,0.005886048325244509,-0.005099483083422687,-0.005119324353263957,0.014383774076572662,0.01382107566387425,-0.0019919762377863873,-0.0020118175076276573,0.006105889595085779,0.005886048325244509,0.005123401857038586,0.005103560587197316,0.0096075044039274,0.009254329800752796,0.002932692919179865,0.0029128516493385948,0.003224546325402127,0.0030380383888941906,0.006522618108702742,0.0065027768388614725,0.009684831076621677,0.009498323140113741,0.005388326020379704,0.005368484750538434,0.012396841474585486,0.011977000204744216,0.011689480625659332
2025-04-28,-0.009228165405070779,-0.00924800667491205,0.031203407937622007,0.031183566667780736,-0.005474945372689104,-0.005494786642530373,0.007515602309193242,0.007329094372685306,-0.01072290619636157,-0.01074274746620284,0.031203407937622007,0.031183566667780736,-0.01269923409902323,-0.012719075368864501,0.014617166478512855,0.014347325208671585,0.0005010705151297506,0.00048122924528848083,0.028118809577591136,0.028098968307749866,-0.015812857586429196,-0.015832698856270467,0.027055780169535363,0.02689308175683695,-0.00581201338650484,-0.0058318546563461094,0.020092369885562775,0.020072528615721504,0.01181214943468012
2025-04-29,-0.0100350662336356,-0.01005490750347687,-0.00021248670753328414,-0.00039899464404122065,-0.010726755511122253,-0.010746596780963524,0.008038993250530764,0.007876294837832351,-0.008156686777015906,-0.008176528046857177,-0.00021248670753328414,-0.00039899464404122065,0.0013979032955257556,0.0013780620256844858,0.0032731730617956423,0.0032533317919543722,-0.011211070912158998,-0.011230912182000268,-0.009560188113834411,-0.009722886526532824,-0.011122942904463501,-0.011142784174304771,0.0024668197660869945,0.002321978496245725,-0.006983738411201444,-0.007003579681042714,0.004387506934849016,0.004034332331674413,0.0025046361439873266
2025-04-30,0.00018958177449417135,0.0001697405046529015,-0.009744196693361446,-0.009764037963202717,-0.006896611041289198,-0.006916452311130468,0.004727805368865001,0.004582964099023731,0.0029523758901209493,0.0029325346202796793,-0.009744196693361446,-0.009764037963202717,0.007569812839614241,0.007549971569772972,0.0065542752797039475,0.006334434009862677,2.7236087539669884e-06,-1.7117661087302853e-05,0.0013328233800337236,0.0011879821101924537,-0.0024620708542771458,-0.002481912124118416,0.010439092680693329,0.01021925141085206,0.0022900764925196868,0.0022702352226784167,0.010516400038057244,0.01016322543488264,0.01106923329735543
2025-05-01,-0.006645743236407271,-0.006665584506248541,0.001003241651479113,0.0009834003816378432,0.005650481584220046,0.005630640314378777,-0.001057155184354273,-0.0011881075653066538,-0.00426616288393173,-0.004286004153773,0.001003241651479113,0.0009834003816378432,-0.0010038007908029084,-0.0010236420606441782,-0.00026814635793751505,-0.00028798762777878487,-0.0007315612719176259,-0.0007514025417588957,-0.0061857570182353855,-0.006205598288076655,-0.010061718183721792,-0.010081559453563062,0.002126210303222858,0.0019397023667149216,0.0009663976235241845,0.0009465563536829146,0.006438802778680061,0.006418961508838791,0.0034790978977534692
2025-05-02,0.00679660372406804,0.00677676245422677,0.007661722121231137,0.007641880851389868,0.002287752260659158,0.002267910990817888,0.007997847907070706,0.007978006637229435,0.005362873671966806,0.005343032402125536,0.007661722121231137,0.007641880851389868,0.0013024459450997339,0.001282604675258464,0.024691877308172662,0.02467203603833139,0.021814221767657425,0.021794380497816155,0.004307121749501958,0.004287280479660688,0.013806674102568542,0.013786832832727271,0.008666069674153459,0.008646228404312188,0.004532325102642211,0.004512483832800941,0.0014838206169989362,0.0013639793471576663,-0.005696313294611843
2025-05-05,0.009792164821202654,0.009772323551361383,-0.00018976933284971763,-0.00047746774554813026,0.0034565468292086093,0.0034367055593673393,-0.0031055499216846444,-0.0034476134137481364,0.003222943275058447,0.003203102005217177,-0.00018976933284971763,-0.00047746774554813026,0.0029151579333214564,0.0028953166634801864,-0.0017187994913003598,-0.0017386407611416296,0.007021717804569408,0.007001876534728138,0.0022981651353431477,0.002167212754390767,0.00538594074113824,0.00536609947129697,-0.005105286485987743,-0.005236238866940124,0.00011487169707034145,9.503042722907161e-05,0.00957730652439211,0.009390798587884174,0.008155985229000073
2025-05-06,0.011329790247069267,0.011309948977227997,0.006402012534424429,0.005882171264583159,0.011991567618361128,0.011971726348519857,0.00822463677518103,0.007788128838673093,0.01717135095021556,0.01715150968037429,0.006402012534424429,0.005882171264583159,0.0042772723995437995,0.00425743112970253,0.025372109464409827,0.025352268194568556,0.006048584684194086,0.006028743414352816,0.005507853077096067,0.005238011807254798,0.005661526309959496,0.005641685040118226,0.010955148336815629,0.010685307066974358,0.011147589734418942,0.011127748464577671,0.0030956135845476166,0.002932915171849204,0.001696744348365753
2025-05-07,0.0037492768888210265,0.0037294356189797565,0.009139639373477417,0.00886222234606039,0.0018572938635403533,0.0018374525936990834,0.00028502748067320044,0.00018826313390885366,0.007883803048970274,0.007863961779129004,0.009139639373477417,0.00886222234606039,0.004588014924324771,0.004568173654483501,0.012413177626099189,0.01189333635625792,0.0009082224217303245,0.0008883811518890547,0.009895303055273828,0.009532604642575415,-0.0016525377866820068,-0.0016723790565232766,0.006119112289626543,0.00575641387692813,0.010042330089931002,0.010022488820089732,-0.008136107947027701,-0.008280949216868972,0.0004947383142990258
2025-05-08,-0.007404512968258649,-0.0074243542380999185,-0.009150865692592706,-0.009247630039357054,0.001523877690159707,0.0015040364203184372,-0.0017680244031869925,-0.0018647887499513391,-0.0028369117114828285,-0.0028567529813240985,-0.009150865692592706,-0.009247630039357054,-0.00430750816436265,-0.00432734943420392,-0.0014075508980783136,-0.0014273921679195834,-0.019281106459188187,-0.019300947729029457,-0.015674867759401825,-0.015928042362576427,-0.0008334879345990032,-0.000853329204440273,-0.0010837844686450541,-0.001228625738486324,-0.006623343429508911,-0.006643184699350181,-0.00202251539190363,-0.0021852138046020426,0.016682489294085334
2025-05-09,0.001955607311670174,0.001935766041828904,0.0036688910310634475,0.003577621189793606,0.008335285178288972,0.008315443908447701,0.005843275270036242,0.005690100666861639,0.005099112087565069,0.0050792708177238,0.0036688910310634475,0.003577621189793606,0.007483345644863193,0.007463504375021923,0.007862293436048516,0.007842452166207246,0.0014957997531091505,0.0014759584832678807,-0.0019037595126556728,-0.0019861007824969424,0.010842100062742818,0.010822258792901548,0.003942932595419318,0.003923091325578048,0.005684429721142005,0.005664588451300735,-0.0023610562070938597,-0.002439721006346894,-0.026479593413940683
2025-05-12,0.006903673812371051,0.006883832542529782,-0.008004455027806265,-0.008174296297647534,-0.003582518130190823,-0.0036023594000320932,0.006100552495266802,0.006080711225425532,0.01159861282498141,0.01157877155514014,-0.008004455027806265,-0.008174296297647534,-0.003975800910700093,-0.003995642180541363,0.005763419921909244,0.005743578652067974,0.0016563850644014042,0.0016365437945601343,-0.00830175916699332,-0.008432711547945702,0.004240932135940505,0.004221090866099235,0.003407913232852092,0.003388071963010822,0.004233675889651109,0.004213834619809839,-0.006747131275822334,-0.006891972545663603,-0.015114525871755324
2025-05-13,0.008172456538796322,0.008152615268955051,-0.0017392571884020987,-0.0018985215351664455,0.00021352293545310458,0.00019368166561183474,0.0049878149686143885,0.004896545127344548,0.006724704753355834,0.0067048634835145645,-0.0017392571884020987,-0.0018985215351664455,-0.0007722756315358542,-0.000792116901377124,0.006889828947098979,0.006869987677257709,-0.0028156449100794276,-0.0028354861799206976,-0.006300575308905168,-0.006373048157693806,-0.0033282981885119287,-0.0033481394583531987,-0.0036146873276125084,-0.0038081397085648894,0.00573974014524687,0.005719898875405601,-0.005950946587850217,-0.0060263434132470425,-0.012577774690118004
2025-05-14,-0.01707073370422764,-0.01709057497406891,-1.6000975094420853e-05,-0.0001660943457760268,-0.020453028462730602,-0.020472869732571872,-0.002870991846724606,-0.0029574997832325423,-0.02096896901086994,-0.02098881028071121,-1.6000975094420853e-05,-0.0001660943457760268,-0.014373870677058843,-0.014393711946900114,-0.0035414918265486706,-0.0035613330963899406,-0.008004817835636911,-0.008024659105478182,0.001465552723293529,0.0013028543105951162,-0.009115213038815378,-0.009135054308656649,-0.007050066174620301,-0.007228730973873335,-0.00710890055319497,-0.00712874182303624,0.0087576568015309,0.00873781553168963,-0.0035158671232569105
2025-05-15,0.008681222840017704,0.008661381570176433,0.009873151238588593,0.009797754413191768,0.011821222291360102,0.011801381021518832,0.003856021195444215,0.0037736799256029453,0.01515306821103092,0.01513322694118965,0.009873151238588593,0.009797754413191768,0.009953603486232462,0.009933762216391192,0.019657971756143866,0.019495273343445453,-0.005255386014024088,-0.005275227283865358,0.007522847489119169,0.007453006219277899,0.019761224234044625,0.019741382964203354,0.004929247526709632,0.004853850701312806,0.016748627874803107,0.016728786604961837,0.0067605064174057865,0.006576922457506037,-0.0023206898674262844
2025-05-16,0.00589849287268579,0.00587865160284452,-0.010767036548095651,-0.011054734960794064,0.0030128573870733116,0.0029930161172320416,-0.003001961465750073,-0.0032505609055259836,0.0008936564693429044,0.0008738151995016346,-0.010767036548095651,-0.011054734960794064,0.0059108635889673425,0.005891022319126073,-0.011268920469714314,-0.011731618882412727,0.0012885882721696898,0.00126874700232842,-0.006014384036526821,-0.0061592253063680906,0.00891584206707368,0.00889600079723241,-0.006192086958950949,-0.006521452038316029,0.002590697875502576,0.002570856605661306,-0.015142131293326333,-0.015311972563167603,-0.016100582125503582
2025-05-19,0.012067904311124249,0.012048063041282978,-0.002868167877299665,-0.002888009147140935,0.012001011905567162,0.011981170635725891,-0.006016922542099016,-0.0060367638119402855,0.010716113442791608,0.010696272172950338,-0.002868167877299665,-0.002888009147140935,0.02005817756947044,0.02003833629962917,-0.007137291305282862,-0.007282132575124132,0.013117161389846366,0.013097320120005095,-0.012651398577863677,-0.012671239847704947,0.010027711820165541,0.01000787055032427,-0.006407171554222149,-0.006427012824063418,0.007598971664264889,0.0075791303944236195,-0.004061702228340146,-0.004081543498181415,-0.010356738355418948
2025-05-20,0.0037837731543412384,0.0037639318844999684,0.005727311669331435,0.005590803732823498,0.002115197009888034,0.002095355740046764,0.0036454273553210726,0.0035079390266562734,0.00554631832763984,0.005526477057798571,0.005727311669331435,0.005590803732823498,0.0027883781605224575,0.0027685368906811875,-0.005663780865653931,-0.005826479278352344,0.014486832068594593,0.014466990798753323,0.007157881577454352,0.007026929196501971,0.013734989843114435,0.013715148573273165,-0.0004464877325994158,-0.0006072380933497765,-0.0004891724935183472,-0.000509013763359617,-0.004243963504867996,-0.004422534933439425,-0.008989258463759309
2025-05-21,0.012144119451281195,0.012124278181439924,0.0023836544157712844,0.001800176782293651,0.0002855722880494571,0.0002657310182081873,-0.004564185223326786,-0.00492331220745377,0.012098587820511139,0.012078746550669869,0.0023836544157712844,0.001800176782293651,0.004629316652106565,0.004609475382265295,-0.012315483486390798,-0.013285324756232068,0.01031415993093681,0.01029431866109554,0.0031676789122710818,0.0024713670541945177,0.013653434332382648,0.013633593062541378,0.0018191381088600057,0.0013548523945742913,0.010026857944808287,0.010007016674967017,-0.01238636150440282,-0.012947869440910757,0.027511665012834863
2025-05-22,0.0032445874144105824,0.0032247461445693124,-0.010923887136807243,-0.011218582207818103,-0.00323726429922111,-0.00325710556906238,-0.009808565970516988,-0.01006174057369159,0.002377768196954712,0.0023579269271134418,-0.010923887136807243,-0.011218582207818103,-6.928944452340435e-05,-8.91307143646742e-05,0.0005957303453335977,0.00046477796438121674,0.0039587833758253504,0.003938942105984081,-0.003668579214243831,-0.0040217538174184345,-0.0006825952454613676,-0.0007024365153026374,-0.003434894330199112,-0.0036385591294521465,-0.00047226565934055387,-0.0004921069291818237,-0.005640580539025122,-0.005785421808866392,0.020299161425218593
2025-05-23,0.010508333539133344,0.010488492269292073,-0.006886381238471486,-0.006961778063868312,0.015812415605732356,0.015792574335891086,-0.005827078599994246,-0.006091675114590761,0.01390648866597502,0.01388664739613375,-0.006886381238471486,-0.006961778063868312,0.008761706016706207,0.008741864746864936,0.00983099152276816,0.009686150252926889,0.00620742408778166,0.00618758281794039,0.005146058969870408,0.005054789128600567,0.011758159758036311,0.011738318488195041,-0.003134190944625609,-0.0032165322144668785,0.008098414116980077,0.008078572847138806,-0.01790226744089294,-0.01825544204406754,-0.004049243594531182
2025-05-26,-0.011863853908932805,-0.011883695178774075,0.008364515293895862,0.008344674024054591,-0.009006430209037887,-0.009026271478879157,0.010359902942010536,0.010256728338835933,-0.008662256888497373,-0.008682098158338643,0.008364515293895862,0.008344674024054591,-0.013219670805708732,-0.013239512075550002,0.0036587470478080175,0.003496048635109605,-0.007863272242720931,-0.007883113512562202,0.0019319448016893708,0.001912103531848101,-0.008437616025624387,-0.008457457295465657,0.011390013647472498,0.011303505710964562,-0.0016678140688124454,-0.0016876553386537152,0.008663875071380393,0.008644033801539122,-0.0035194161933747026
2025-05-27,-0.004824715616225848,-0.004844556886067118,0.006040181204040157,0.005961516404787122,0.0037587977049249044,0.0037389564350836344,-0.0030745066209093147,-0.0031852569816596754,-0.0023849034994104373,-0.0024047447692517074,0.006040181204040157,0.005961516404787122,-0.006321970614772368,-0.006341811884613638,-0.0010229653154195106,-0.0010428065852607804,-0.004139526161416648,-0.004159367431257918,0.010181393872311251,0.010084629525546904,0.007386125059204579,0.0073662837893633095,0.0014128253355139044,0.001321555494244063,-0.0010903617628923237,-0.0011102030327335935,0.010572087674530847,0.01028557973802291,-0.012161243969071145
2025-05-28,0.00521374941019722,0.0051939081403559505,0.0009933240601857768,0.000973482790344507,0.002011993156913694,0.001992151887072424,0.002265490298157889,0.0021456490283166194,0.0035468730772885426,0.0035270318074472726,0.0009933240601857768,0.000973482790344507,0.004924311843444988,0.0049044705736037185,0.019043652338524952,0.01869047773535035,0.0015701570210450433,0.0015503157512037735,0.017175441452484633,0.01707226684931003,0.0035293928691009294,0.0035095515992596593,-0.003998538263369638,-0.004161236676068051,0.000490496038200762,0.00047065476835949217,0.003926196757866835,0.0036563554880255653,-0.020509434545477934
2025-05-29,-0.0016246281871416107,-0.0016444694569828805,-0.0057082991951298186,-0.005728140464971088,0.006421819115075646,0.006401977845234376,0.003324715192887454,0.003193762811935073,-0.002584782388016106,-0.002604623657857376,-0.0057082991951298186,-0.005728140464971088,0.007795065079879961,0.007775223810038691,-0.005202263256429019,-0.005222104526270289,0.012733063863989764,0.012713222594148494,-0.0022881700356050007,-0.0023080113054462707,0.00030910787303624343,0.0002892666031949736,-0.013355538159223752,-0.013542046095731688,0.0025845284913098288,0.0025646872214685587,-0.01285325068855659,-0.01287309195839786,-0.0008056820504940276
2025-05-30,-0.0033155023604279354,-0.0033353436302692055,0.0019227614020238164,0.0019029201321825466,-0.0009321089879642669,-0.0009519502578055367,0.006956942855537335,0.006937101585696066,-0.006333822029204204,-0.006353663299045474,0.0019227614020238164,0.0019029201321825466,-0.004487944248443315,-0.004507785518284585,0.00805413801138246,0.00803429674154119,0.0034071157768797294,0.0033872745070384594,-0.004890285373621919,-0.004910126643463189,-0.006864515739440087,-0.006884357009281357,-0.005699746756469628,-0.005719588026310897,-0.007241619113033074,-0.007261460382874343,-0.002665279627375723,-0.0027760299881260837,-0.010496371815684302
2025-06-02,0.0007570555355296341,0.0007372142656883642,-0.0033839914934707255,-0.0035913327633119952,-0.0026762123931526882,-0.0026960536629939582,-0.002550126494808371,-0.0029171899868718635,0.0004110312046352871,0.00039118993479401727,-0.0033839914934707255,-0.0035913327633119952,0.007903122454832733,0.007883281184991462,-0.004130700227672072,-0.004150541497513342,-0.003978677717474677,-0.003998518987315946,-0.0036645549508785825,-0.003775305311628943,-0.00857030434889327,-0.00859014561873454,-0.000506121921816538,-0.0006028862685808848,0.005034776184407293,0.005014934914566023,-0.004964676588425434,-0.005206740080488926,-0.0004533558482819888
2025-06-03,-0.0012926180277926802,-0.00443745929763395,0.004038157539649494,0.00345421370570566,0.006144210969995657,0.002999369700154387,-0.003694795805902984,-0.004547970409077587,0.0030429922080544847,-0.00010184906178678553,0.004038157539649494,0.00345421370570566,-0.006129084901545567,-0.009023926171386837,-0.009205039848246823,-0.009224881118088094,0.009121458868148372,0.005976617598307102,0.005823608512025052,0.005428767242183782,-0.0031047116985523926,-0.006249552968393662,-0.002777722219313999,-0.003097563489155269,0.0062879913724421185,0.0023931501026008485,0.013389986633601959,0.013084431078046403,-0.017122264339478388
2025-06-04,0.002013696242719465,0.001993854972878195,0.005113102197760827,0.004711442746101376,-0.004034211791999767,-0.004054053061841037,-0.012451705239195643,-0.012671546509036912,0.006747272237321432,0.006727430967480162,0.005113102197760827,0.004711442746101376,-0.0014664473157210839,-0.0014862885855623537,-0.003509382336980349,-0.0044292236068216185,0.003833360251484813,0.003813518981643543,-0.006679154663569211,-0.007282329266743814,-0.0008395069219204326,-0.0008593481917617025,-0.004946189781717207,-0.005594602480129905,0.0023487636423426828,0.0023289223725014127,0.0073312828579782385,0.006911441588136969,-0.007901719041412791
2025-06-05,0.001040994418846343,0.0010211531490050732,-0.006830579865567199,-0.006950421135408469,0.001895068664823231,0.0018752273949819611,0.003835528105125463,0.0036156868352841933,-0.0018084582036125493,-0.0018282994734538191,-0.006830579865567199,-0.006950421135408469,0.00581891804636115,0.005799076776519881,0.01776429824416228,0.017744456974321008,0.0018582203712280698,0.0018383791013868,-0.015490283875441574,-0.016043458478616178,-0.00037452160745231333,-0.00039436287729358315,-0.008909319995593246,-0.009179161265434516,-0.0013947790437810817,-0.0014146203136223515,-0.003682239971883944,-0.003952081241725214,0.002114898048331204
2025-06-06,0.004150680994274736,0.004130839724433466,-0.005955200728852973,-0.006086153109805354,0.0071458006284202055,0.007125959358578936,0.003533568277402551,0.0028470603408946144,0.002868899790685428,0.002849058520844158,-0.005955200728852973,-0.006086153109805354,0.004232666751358347,0.004212825481517077,-0.0023638331671694823,-0.0023836744370107524,0.00256018801816614,0.00254034674832487,-0.012743631049359716,-0.013013472319200987,0.0014531127830695184,0.0014332715132282486,-0.007719373743795086,-0.007739215013636356,0.008854271085100486,0.008834429815259216,-0.004722213288962829,-0.004992054558804099,0.004508305575623428
2025-06-09,-0.010042139012925624,-0.010061980282766895,0.008688548936032672,0.008293707666191403,0.000581325303617472,0.0005614840337762022,0.008146088054855224,0.008126246785013953,-0.0031242709208214384,-0.0031441121906627084,0.008688548936032672,0.008293707666191403,-0.013541489588417374,-0.013561330858258645,0.013181807200392304,0.013161965930551033,-0.004832687155194325,-0.0048525284250355944,0.003020462407442118,0.0020006211376008484,-0.0041204696568758956,-0.004140310926717165,0.008904051002510707,0.008884209732669436,-0.0044937456954515995,-0.004513586965292869,-0.011031633499225962,-0.011384808102400565,0.00507219154616223
2025-06-10,-0.008904953674617772,-0.008924794944459042,0.004738605430250693,0.004242573684218947,0.007039286153997182,0.007019444884155912,0.019411699149669087,0.019141857879827816,-0.011087057312602941,-0.011106898582444211,0.004738605430250693,0.004242573684218947,-0.008302285664327641,-0.008322126934168911,0.020276630008928577,0.020256788739087307,-0.006758389971324219,-0.006778231241165489,0.019385345059845016,0.018365503790003745,-0.002273824481376155,-0.002293665751217425,0.009510373463669154,0.008990532193827885,-0.011193650178829881,-0.011213491448671151,-0.014892170029592606,-0.01524534463276721,-0.014045378825727317
2025-06-11,0.0032490295631541835,0.0032291882933129135,0.01443637701665986,0.013749869080151923,0.000739340833228401,0.0007194995633871312,0.01503563117265009,0.014682456569475486,0.0005004264260290089,0.00048058515618773913,0.01443637701665986,0.013749869080151923,0.001356148790096122,0.0013363075202548521,0.0006955826306322081,0.0006757413607909382,0.0018237116920749377,0.001803870422233668,-0.029950086256079922,-0.030469927525921193,0.0004454952007622026,0.0004256539309209328,0.011106557874503787,0.010386716604662517,0.0014435261508651612,0.0014236848810238914,0.008685059596823492,0.008665218326982221,0.009881543031491136
2025-06-12,0.0007066390186083876,0.0006867977487671178,0.013982064392807326,0.013762223122966056,0.0027107923525784144,0.0026909510827371444,-0.007191262286970572,-0.007711103556811842,0.00038903347199836097,0.00036919220215709115,0.013982064392807326,0.013762223122966056,0.00931522781017332,0.00929538654033205,0.02124138411650528,0.02097154284666401,0.002376123693103152,0.002356282423261882,0.01770300189077767,0.0176831606209364,-0.0015280981642768199,-0.0015479394341180897,0.008888825015606727,0.008618983745765457,0.005126019077912457,0.005106177808071187,0.01956670297867763,0.01854686170883636,-0.008322328662620504
2025-06-13,-0.0017500263879078673,-0.0017698676577491371,0.014552060174981063,0.013032218905139793,-0.001856203321530095,-0.0018760445913713647,0.007265657493206845,0.005245816223365575,0.0028156058681631374,0.0027957645983218674,0.014552060174981063,0.013032218905139793,0.002043063893323316,0.002023222623482046,0.03285808977245763,0.028838248502616362,0.0004734524480230276,0.0004536111781817578,0.0005407989105414845,-0.0004790423592997853,0.002155190597823306,0.002135349327982036,0.01765638468951647,0.0146365434196752,0.0014745081065738325,0.0014546668367325627,0.026097502730552113,0.024077661460710845,0.007441437060680345
2025-06-16,0.0017231256437605577,0.001703284373919288,-0.0002354289688957234,-0.0002552702387369932,0.0006868798987532745,0.0006670386289120047,-0.008163488071775027,-0.008183329341616297,0.0045186884608779745,0.004498847191036705,-0.0002354289688957234,-0.0002552702387369932,0.0039368106485684895,0.00391696937872722,-0.0038558833814830162,-0.0038757246513242863,0.00621156176409627,0.006191720494255,0.024628027120481066,0.024608185850639796,0.007598729065009177,0.0075788877951679075,-0.0038558833814830162,-0.0038757246513242863,0.004150071035541138,0.004130229765699868,0.02089484654644691,0.02087500527660564,0.0003629745571998022
2025-06-17,-0.0007733508559665675,-0.0007931921258078373,0.011068442936826406,0.011048601666985135,-0.0062638283440842185,-0.006283669613925488,0.0,0.0,0.003676068224076963,0.003656226954235693,0.011068442936826406,0.011048601666985135,0.0004572119394899432,0.0004373706696486734,0.013238724446180905,0.013218883176339635,0.0018406327356084787,0.0018207914657672089,0.0,0.0,0.003200746920324876,0.003180905650483606,0.013238724446180905,0.013218883176339635,0.0024900654046451642,0.002470224134803894,0.008898161427471907,0.008878320157630636,-0.014660262489857412
2025-06-18,0.0011994009409578427,0.0011795596711165729,0.0,0.0,0.005527446153919972,0.005507604884078703,0.0,0.0,-0.0009324772413160654,-0.0009523185111573352,0.0,0.0,0.0006461395234386783,0.0006262982535974084,0.0,0.0,-0.0053532335811337164,-0.005373074850974986,0.0,0.0,0.0037290338179206267,0.0037091925480793567,0.0,0.0,0.005901717359036655,0.005881876089195386,0.0,0.0,-0.002998174750393101
2025-06-19,-0.0035975049541215123,-0.0036173462239627824,0.0,0.0,-0.0022754179688368875,-0.0022952592386781575,0.0,0.0,-0.0030972676164752605,-0.0031171088863165305,0.0,0.0,0.005133642695023817,0.0051138014251825474,0.0,0.0,0.0010055847702677909,0.000985743500426521,0.0,0.0,0.0017825812315821546,0.0017627399617408848,0.0,0.0,-0.00064269557907283,-0.0006625368489140999,0.0,0.0,0.0044990011627017434
2025-06-20,0.003040863014539784,0.003021021744698514,0.0,0.0,0.007235985759532604,0.007216144489691334,0.0,0.0,0.0006862937509419589,0.0006664524811006891,0.0,0.0,0.005175600743074479,0.00515575947323321,0.0,0.0,-0.00288735110236725,-0.00290719237220852,0.0,0.0,0.00023837918607978736,0.00021853791623851752,0.0,0.0,-0.0009443364618139799,-0.0009641777316552497,0.0,0.0,0.007222619185220491
2025-06-23,0.0014126185685208112,0.0013927772986795414,0.0,0.0,0.0011215021165088199,0.00110166084666755,0.0,0.0,0.0010681512503165,0.0010483099804752302,0.0,0.0,-0.003850450619448255,-0.003870291889289525,0.0,0.0,-0.0014499697598210348,-0.0014698110296623046,0.0,0.0,0.002237337404978987,0.0022174961351377168,0.0,0.0,0.0020229073910602094,0.0020030661212189394,0.0,0.0,-0.0010708668718886205
2025-06-24,0.006303152648357256,0.0062833113785159865,0.0,0.0,-0.008249390319479369,-0.00826923158932064,0.0,0.0,0.006690661538523206,0.006670820268681936,0.0,0.0,0.009609967169653441,0.00959012589981217,0.0,0.0,0.0018145871960560112,0.0017947459262147413,0.0,0.0,-0.00020820981803305882,-0.00022805108787432867,0.0,0.0,0.006311602571489133,0.006291761301647864,0.0,0.0,0.017329567796611878
2025-06-25,-0.0031616863136708015,-0.0031815275835120715,0.0,0.0,-0.010739641814205024,-0.010759483084046294,0.0,0.0,0.0007113960084292048,0.000691554738587935,0.0,0.0,-0.0018958225625862121,-0.001915663832427482,0.0,0.0,-0.002730087250599887,-0.002749928520441157,0.0,0.0,0.004218244250363094,0.004198402980521825,0.0,0.0,-0.006974951925525975,-0.006994793195367245,0.0,0.0,0.01156261848085216
2025-06-26,-0.005296484577960794,-0.005316325847802064,0.0,0.0,-0.002842176741955575,-0.002862018011796845,0.0,0.0,-0.005722529469133,-0.00574237073897427,0.0,0.0,-0.006558183925960692,-0.006578025195801962,0.0,0.0,0.0020663888419397425,0.0020465475720984725,0.0,0.0,0.005441342133104682,0.005421500863263412,0.0,0.0,0.004135666222334487,0.004115824952493218,0.0,0.0,-0.002343195280397392
2025-06-27,0.0053433552164360645,0.005323513946594795,0.0,0.0,0.004109724600237251,0.004089883330395981,0.0,0.0,0.0029943340272673424,0.0029744927574260724,0.0,0.0,-0.0011458940137949805,-0.0011657352836362503,0.0,0.0,0.001342034255359309,0.0013221929855180392,0.0,0.0,0.003069303977141613,0.003049462707300343,0.0,0.0,0.001743659937931047,0.001723818668089777,0.0,0.0,0.008731339933506277
2025-06-30,-0.009667842109848196,-0.009687683379689466,0.0,0.0,-0.004298335857690419,-0.004318177127531689,0.0,0.0,-0.0033774058280441333,-0.0033972470978854033,0.0,0.0,-0.012282543979644206,-0.012302385249485476,0.0,0.0,0.004824903786936202,0.0048050625170949325,0.0,0.0,-0.008681209392986555,-0.008701050662827826,0.0,0.0,-0.011494969650570813,-0.011514810920412084,0.0,0.0,0.021751728337070064
2025-07-01,-0.008616624822991713,-0.008636466092832983,0.0,0.0,-0.011036591319103471,-0.011056432588944742,0.0,0.0,-0.0049490927355096345,-0.004968934005350904,0.0,0.0,0.004264321394294279,0.00424448012445301,0.0,0.0,0.002740820171050505,0.002720978901209235,0.0,0.0,0.002076519168139203,0.002056677898297933,0.0,0.0,-0.007628635270042497,-0.007648476539883767,0.0,0.0,0.022045330608613245
2025-07-02,2.0047567713156467e-05,2.0629787188662543e-07,0.0,0.0,-0.0022563432162668456,-0.0022761844861081157,0.0,0.0,-0.0007137310251042542,-0.000733572294945524,0.0,0.0,0.0015546605372072642,0.0015348192673659943,0.0,0.0,0.004504859652246528,0.004485018382405258,0.0,0.0,0.006543386543538275,0.0065235452736970055,0.0,0.0,-0.002424969351047343,-0.002444810620888613,0.0,0.0,-0.01302799868904747
2025-07-03,0.00874872463242058,0.00872888336257931,0.0,0.0,0.012350954263926517,0.012331112994085246,0.0,0.0,0.0122880244774798,0.01226818320763853,0.0,0.0,0.012529437627078893,0.012509596357237623,0.0,0.0,0.005482865844806541,0.005463024574965271,0.0,0.0,0.005395976005449277,0.005376134735608007,0.0,0.0,0.010401856445833225,0.010382015175991955,0.0,0.0,-0.009711864222728628
2025-07-04,0.004010677605197986,0.0039908363353567166,0.0,0.0,-0.004375332033721084,-0.004395173303562354,0.0,0.0,0.0033617826123478883,0.0033419413425066183,0.0,0.0,0.010247101022787239,0.010227259752945968,0.0,0.0,0.005784382065314987,0.005764540795473718,0.0,0.0,0.006360577433043406,0.006340736163202136,0.0,0.0,0.008082790971711495,0.008062949701870225,0.0,0.0,0.016814106654072347
2025-07-07,0.002671285891537631,0.002651444621696361,0.0,0.0,0.002644445167993746,0.002624603898152476,0.0,0.0,0.005831853513863186,0.0058120122440219165,0.0,0.0,0.002275687654277346,0.002255846384436076,0.0,0.0,0.0027231245842459853,0.0027032833144047153,0.0,0.0,-0.0005718174118308286,-0.0005916586816720984,0.0,0.0,-0.012126078060066423,-0.012145919329907693,0.0,0.0,-0.011161091559214076
2025-07-08,-0.006202756778218979,-0.006222598048060249,0.0,0.0,-0.0022014002019621545,-0.0022212414718034246,0.0,0.0,-0.0014084899594586503,-0.0014283312292999201,0.0,0.0,0.00388739219586505,0.0038675509260237798,0.0,0.0,0.0004760925921122039,0.0004562513222709341,0.0,0.0,-0.00454317998088534,-0.004563021250726609,0.0,0.0,-0.0012013425948713685,-0.0012211838647126383,0.0,0.0,-0.014067952466208511
2025-07-09,0.002948944844073355,0.002929103574232085,0.0,0.0,0.00422891590048094,0.00420907463063967,0.0,0.0,0.002415243022225587,0.002395401752384317,0.0,0.0,0.0014918240258762969,0.001471982756035027,0.0,0.0,-0.0053630834906844005,-0.00538292476052567,0.0,0.0,0.003419877292633912,0.003400036022792642,0.0,0.0,-1.281215225561877e-05,-3.265342209688861e-05,0.0,0.0,-0.004868135437689491
2025-07-10,-0.0043178330458849765,-0.004337674315726246,0.0,0.0,-0.005889922324890662,-0.005909763594731931,0.0,0.0,-0.0026658805441836728,-0.002685721814024943,0.0,0.0,0.0028736753581235785,0.0028538340882823085,0.0,0.0,-0.00045393867053807047,-0.0004737799403793403,0.0,0.0,-0.002515068584745761,-0.002534909854587031,0.0,0.0,-0.003709335849578964,-0.003729177119420234,0.0,0.0,0.005102493804220343
2025-07-11,0.0017593653914123597,0.0017395241215710899,0.0,0.0,0.0015895925180959003,0.0015697512482546305,0.0,0.0,0.0004837995745233109,0.0004639583046820411,0.0,0.0,0.005162002327887161,0.005142161058045891,0.0,0.0,0.007077287030971942,0.007057445761130672,0.0,0.0,0.0030134476020057394,0.0029936063321644693,0.0,0.0,-0.001441646945837989,-0.001461488215679259,0.0,0.0,-0.0006463637727220917
2025-07-14,0.0020026830924215963,0.0019828418225803263,0.0,0.0,-0.005715636746124873,-0.005735478015966143,0.0,0.0,0.0012384082881355743,0.0012185670182943045,0.0,0.0,0.005573076233371561,0.005553234963530292,0.0,0.0,0.007376231623251267,0.007356390353409997,0.0,0.0,0.004357691284963619,0.004337850015122349,0.0,0.0,0.00039276678867804227,0.00037292551883677245,0.0,0.0,-0.006676199824461548
2025-07-15,0.0030197799493779445,0.0029999386795366745,0.0,0.0,0.006538507305137248,0.006518666035295978,0.0,0.0,0.002327159807819598,0.002307318537978328,0.0,0.0,-0.0001266848634424167,-0.00014652613328368654,0.0,0.0,0.0033683569219396456,0.0033485156520983756,0.0,0.0,0.006835421126647985,0.006815579856806715,0.0,0.0,0.004159853866762535,0.004140012596921265,0.0,0.0,-0.006936337078969568
2025-07-16,-0.006954373480223118,-0.006974214750064388,0.0,0.0,-0.002283964074481018,-0.002303805344322288,0.0,0.0,-0.00889584464168413,-0.0089156859115254,0.0,0.0,-0.013033649635960043,-0.013053490905801313,0.0,0.0,-0.005199256756884707,-0.005219098026725977,0.0,0.0,-0.008504988384011106,-0.008524829653852376,0.0,0.0,-0.014235140157016317,-0.014254981426857587,0.0,0.0,-0.0073557077085397715
2025-07-17,-0.005570425466963513,-0.005590266736804783,0.0,0.0,-0.00020761978874261205,-0.0002274610585838819,0.0,0.0,-0.0009984583484095103,-0.00101829961825078,0.0,0.0,-0.006885945298220328,-0.0069057865680615975,0.0,0.0,-0.004535750530524137,-0.004555591800365406,0.0,0.0,-0.006099892153381803,-0.0061197334232230725,0.0,0.0,-0.010573482107935343,-0.010593323377776614,0.0,0.0,-0.009194605915248344
2025-07-18,-0.0058574487466021286,-0.005877290016443398,0.0,0.0,-0.0007037094432637281,-0.0007235507131049979,0.0,0.0,-0.0026404276970299623,-0.0026602689668712323,0.0,0.0,-0.011156471095327934,-0.011176312365169205,0.0,0.0,0.005148915032065535,0.005129073762224265,0.0,0.0,0.002325119495475453,0.002305278225634183,0.0,0.0,-0.00793555621855637,-0.007955397488397641,0.0,0.0,0.02557796165003645
2025-07-21,0.007537021412874691,0.007517180143033421,0.016197518619444073,0.015177677349602804,-0.0007712672864041564,-0.0007911085562454262,-0.001437476070956012,-0.0024573173407972815,0.008073006149068945,0.008053164879227675,0.016197518619444073,0.015177677349602804,0.006736751913905846,0.006716910644064576,-0.019072470761356097,-0.02009231203119737,0.0014151118095832096,0.0013952705397419398,0.0,0.0,0.0059177477986448596,0.00589790652880359,0.0,0.0,-0.008715036161670783,-0.008734877431512054,-0.001437476070956012,-0.0024573173407972815,0.0037526217830410324
2025-07-22,-0.00023435395115903312,-0.00025419522100030294,-0.01129670491972512,-0.01131654618956639,-0.013132661235869897,-0.013152502505711167,-0.006822089200940351,-0.006841930470781621,-0.004371994789070584,-0.004391836058911853,-0.01129670491972512,-0.01131654618956639,-0.006076404829723707,-0.0060962460995649765,-0.002347473482155582,-0.002367314751996852,-0.0003320515386117523,-0.0003518928084530221,0.0,0.0,0.002372662715075996,0.002352821445234726,0.0,0.0,-0.0006866872401961044,-0.0007065285100373742,-0.006822089200940351,-0.006841930470781621,0.010234349598452042
2025-07-23,0.005377275460336735,0.005357434190495465,-0.009794692996522098,-0.011481200933030034,0.0020934501067338407,0.0020736088368925707,-0.005827195031068722,-0.007447036300909992,0.00794626600545957,0.0079264247356183,-0.009794692996522098,-0.011481200933030034,-0.0005264937145598933,-0.0005463349844011631,-0.023211298814752646,-0.024731140084593914,0.0011022914317404542,0.0010824501618991844,0.019620300624555664,0.017600459354714396,0.003755990091239718,0.003736148821398448,-0.005978405856674751,-0.007998247126516022,0.009012909746135639,0.008993068476294368,-0.011764278543998493,-0.013117453147173096,-0.004899852149308215
2025-07-24,0.0037763610821996765,0.0037565198123584065,0.011257284985444798,0.011237443715603528,0.005303261892921483,0.005283420623080214,0.028941260125725336,0.02863570457016978,0.0055741824076033925,0.005554341137762123,0.011257284985444798,0.011237443715603528,-0.01275590854399171,-0.01277574981383298,0.019679569700297606,0.019659728430456335,0.0023239055728943928,0.0023040643030531227,0.023376059391211512,0.02285621812137024,-0.001607687787487537,-0.0016275290573288068,-0.009882261752612143,-0.010402103022453412,-0.004881377627290184,-0.004901218897131454,-0.008467688311612792,-0.009070862914787396,-0.0015655234490465908
2025-07-25,-0.00023875970446479017,-0.00025860097430606,-0.005406379115062887,-0.006326220384904158,0.007451969576504923,0.007432128306663653,-0.010294672249635886,-0.010939513519477155,0.0002964895501257961,0.00027664828028452627,-0.005406379115062887,-0.006326220384904158,0.012417863516388628,0.012398022246547357,0.01320268206767768,0.012849507464503076,0.004443591284116449,0.00442375001427518,-0.005959695292524658,-0.006812869895699261,0.00215224284797768,0.0021324015781364098,-0.0007119097028753059,-0.0013984176393832424,0.009629860279523401,0.009610019009682131,-0.00121903185694755,-0.001572206460122153,-0.007369093795073778
2025-07-28,0.005434385036029367,0.005414543766188097,0.02470056352089145,0.024347388917716848,0.010769670562592003,0.010749829292750732,0.011008233269570664,0.010488391999729394,0.006753212951610417,0.006733371681769147,0.02470056352089145,0.024347388917716848,0.012983276861503891,0.01296343559166262,0.03139435788915279,0.03087451661931152,0.001568645296513127,0.0015488040266718572,0.02764418643668602,0.027291011833511417,0.005460719255098417,0.005440877985257148,0.01204911698008012,0.01202927571023885,0.004247748068567647,0.004227906798726378,0.014764039302120821,0.014244198032279552,-0.028688791684111203
2025-07-29,-0.004170502963501278,-0.004190344233342548,0.013990398531451537,0.013970557261610266,-0.010089104697156646,-0.010108945966997917,-0.004107327968611824,-0.004127169238453093,-0.004132310757624651,-0.00415215202746592,0.013990398531451537,0.013970557261610266,0.01094827637906002,0.010928435109218749,0.007289045000320571,0.007269203730479301,-0.0030685889375713926,-0.0030884302074126626,0.01921429409382147,0.0191944528239802,3.027117465675966e-05,1.0429904815489817e-05,0.014894933869780228,0.014625092599938959,0.0010605583955922565,0.0010407171257509867,0.0070427762443484015,0.00671182386339602,-0.01467810204532638
2025-07-30,0.001855380742389695,0.0018355394725484253,0.008021819049196854,0.007335311112688918,-0.002048615390915026,-0.0020684566607562962,0.0024692019689179223,0.0019096781593941129,-0.0004139475601426523,-0.00043378882998392214,0.008021819049196854,0.007335311112688918,-0.0022412881750370275,-0.0022611294448782976,0.006543281332630407,0.0059401067294558045,0.008406081444723872,0.008386240174882601,0.004461662027758051,0.003941820757916781,0.004622777783399576,0.004602936513558306,0.002674501134154881,0.0019760884357421823,0.007902705767459925,0.007882864497618654,0.003723067150410722,0.0031032258805694522,-0.019436805479784325
2025-07-31,0.003769373963098989,0.003749532693257719,0.013264770079724745,0.013244928809883474,0.0010391225230428763,0.0010192812532016065,0.005873994474892542,0.005854153205051273,0.010397013987162272,0.010377172717321002,0.013264770079724745,0.013244928809883474,0.004804331116963843,0.004784489847122574,0.019184964225683186,0.018965122955841917,0.00792472476541059,0.00790488349556932,0.006264713283626988,0.0062448720137857185,0.009986951839874386,0.009967110570033116,0.011386957280147082,0.011367116010305812,0.007671484732142957,0.007651643462301687,0.005782111436424601,0.0055046944090075735,-0.024267621557467756
2025-08-01,0.007888223684070432,0.007868382414229162,0.010592803237619408,0.010572961967778138,0.010381736400858883,0.010361895131017613,-0.009921400331378455,-0.009941241601219725,0.003034091334473278,0.003014250064632008,0.010592803237619408,0.010572961967778138,-0.0018018904142494546,-0.0018217316840907244,-0.007748867140529589,-0.007768708410370859,0.006827336123737059,0.006807494853895789,0.00840731392321789,0.00838747265337662,0.007650283285154172,0.007630442015312902,0.0012207611287566415,0.0010009198589153716,0.0008556357747493346,0.0008357945049080647,0.008875628669549426,0.008855787399708156,-0.012668948717278972
2025-08-04,0.0058013017044716494,0.00578146043463038,-0.010510081030113786,-0.010672779442812199,0.010058413480937736,0.010038572211096466,-0.0026372809108766056,-0.0029571221807178755,0.0071128611164739675,0.007093019846632698,-0.010510081030113786,-0.010672779442812199,0.007224970694228443,0.007205129424387173,-0.02369111053686158,-0.02396095180670285,0.0032084086197502887,0.0031885673499090187,-0.015888542506459078,-0.01630838377630035,0.005225647609456263,0.005205806339614994,-0.015639920909940364,-0.015784762179781635,0.005935880545113632,0.005916039275272363,-0.012012094115761849,-0.01226270461637235,0.015054512473198
2025-08-05,0.017230135740254005,0.017210294470412734,0.006021123277537453,0.00573342486483904,0.012686968995460401,0.012667127725619131,0.00351349503411617,0.0032269870976082337,0.015252939110590391,0.01523309784074912,0.006021123277537453,0.00573342486483904,0.01366790364883174,0.01364806237899047,0.0024767687875495883,0.0022569275177083186,0.005568772523937747,0.005548931254096477,0.003876566279520636,0.003523391676346033,0.008892789370882982,0.008872948101041712,0.001977248015749585,0.0015907400792416482,0.01443968921516496,0.01441984794532369,-0.007173023125439763,-0.007264292966709604,-8.797844747943095e-06
2025-08-06,0.007787314872259608,0.007767473602418339,0.00026665997555647483,2.4596483492982758e-05,0.006239162257408518,0.006219320987567248,0.005327832559278921,0.00507722205866842,0.014625869004868307,0.014606027735027036,0.00270497848246915,0.00238513721262788,0.006320128750656143,0.006300287480814873,0.01579923423532483,0.01577939296548356,0.0035123740723789695,0.0034925328025376995,0.008487904021450499,0.008325205608752086,0.009783553671341469,0.009763712401500198,-0.0019555156763753356,-0.0022091231799828393,0.012839167878317556,0.012819326608476286,-0.0011407356185215017,-0.0013480768883627715,0.014676201385532828
2025-08-07,0.0035251092862390934,0.0035052680163978234,0.00014175926923012646,1.0806888277745499e-05,0.004798308123744537,0.004778466853903267,-0.013607418315159325,-0.013775611233352244,0.002960280279244852,0.002940439009403582,-0.001280319919481967,-0.0014112723004343478,0.006452098684247773,0.006432257414406503,-0.015566278117441712,-0.015586119387282982,-0.0033562124387006634,-0.0033760537085419334,0.011494479400374197,0.011224638130532927,0.0026706568951528134,0.0026508156253115434,0.006308975049886605,0.006205800446712002,-0.0024326309735570317,-0.0024524722433983018,-0.0010687506038938566,-0.0011552585404017931,0.0050008083459096575
2025-08-08,5.6364993549266884e-05,3.652372370799704e-05,-0.003915545427010135,-0.004135386696851405,0.0016011314639966107,0.0015812901941553408,-0.0025557064143325505,-0.0027136429222690585,0.00011437516153948307,9.453389169821323e-05,-0.007182287694329468,-0.007393038055079829,-0.0045019085062851655,-0.004521749776126435,-0.013304199856330167,-0.013490707792838104,-0.0006209654328285935,-0.0006408067026698633,-0.006820831401925964,-0.006965672671767234,-0.0011520748527354685,-0.0011719161225767383,0.005434011159978611,0.005289169890137341,-0.005676341103224923,-0.005696182373066193,-0.004669033419422077,-0.004747698218675112,0.00908814708286676
2025-08-11,-0.013535073745352962,-0.013554915015194232,0.005815546939296231,0.005613887487636779,-0.006898990769097953,-0.006918832038939222,0.006949240633508328,0.006800232697000391,-0.009040287466076498,-0.009060128735917768,0.006469482612649968,0.006275398918566273,-0.00982028005784201,-0.00984012132768328,0.006919013407692512,0.006756314994994099,-0.018825058889675103,-0.018844900159516374,0.011823213645774294,0.011803372375933024,-0.015385481999550539,-0.01540532326939181,0.0027799026894180685,0.0026489503084656876,-0.0162858897469369,-0.01630573101677817,0.004934657144790578,0.0048592603193937526,-0.009429866948350463
2025-08-12,0.012825945806194818,0.012806104536353547,0.006155717673620303,0.005969209737112367,0.004594352634684197,0.004574511364842927,0.006306044973272206,0.006112592592319825,0.0077786544480275,0.00775881317818623,0.005226184410567986,0.005046086730470306,0.005782974585579928,0.0057631333157386585,0.00400203705800474,0.0036905291214968036,0.008175492587613742,0.008155651317772471,0.0020557273069055125,0.0019247749259531316,0.014444770233156788,0.014424928963315518,0.013048394733851222,0.012851630387086876,0.008015591796802266,0.007995750526960995,-0.0038492201305417766,-0.0039690614003830465,0.006243460496119457
2025-08-13,0.005540956926766136,0.005521115656924866,-0.0037976113865599067,-0.0040372328761813965,0.007327545024794026,0.007307703754952756,-0.00021630585467616661,-0.0003949706539292012,0.003028691691424397,0.003008850421583127,-0.004299490414056322,-0.004533617398183306,0.0053812198547459195,0.00536137858490465,-0.013410642745592782,-0.013541595126545163,0.0060153237891011485,0.005995482519259879,-0.0026576562281789857,-0.0029774974980202556,0.0025780424430213236,0.0025582011731800536,-0.006930864034619752,-0.007174947728703446,0.0031298105229596376,0.0031099692531183676,-0.002378173477596503,-0.0025081337950568204,0.008495856574817884
2025-08-14,0.00027988331956146223,0.0002600420497201924,0.006041444901053856,0.006021603631212586,-0.01058774646884559,-0.01060758773868686,0.005825254038189555,0.005805412768348285,-0.00032813124452850395,-0.00034797251436977377,0.006227129686051547,0.006207288416210277,0.00927057152730712,0.00925073025746585,0.004770111913906885,0.004750270644065615,-0.0013690709424317923,-0.0013889122122730622,0.009589946381212123,0.009570105111370852,0.0025804879258507496,0.0025606466560094796,0.008590592376950701,0.00857075110710943,-0.002519380174725021,-0.002539221444566291,0.008286607671330866,0.008266766401489595,-0.005863120214570694
2025-08-15,-0.0004819016748176877,-0.0005017429446589575,0.008354199938752036,0.008262930097482194,0.0011651657413081218,0.001145324471466852,-0.0005089390666314624,-0.0005287803364727322,0.005391813315663643,0.005371972045822374,0.00799980169073789,0.007913293754229953,0.009750057032408922,0.009730215762567652,0.006924603933256921,0.0069047626634156515,-0.00610397688964371,-0.0061238181594849795,-0.0010852469608281681,-0.001105088230669438,-0.00127714582518057,-0.0012969870950218399,0.004057248613245227,0.003954074010070623,0.0004531049957061592,0.0004332637258648894,0.0022766422774774357,0.0022113464621816206,0.006634944076777893
2025-08-18,0.00342503547200642,0.00340519420216515,0.0060937533857583015,0.005931054973059889,0.001957274671795406,0.0019374334019541361,-0.009172071521377886,-0.009349807528061261,0.0024179318033918373,0.0023980905335505673,0.007438843619707221,0.007285669016532618,0.0034952807327407326,0.0034754394628994626,-0.0018674167467135966,-0.0020872580165548662,0.011822875708074214,0.011803034438232943,0.009818360353043698,0.009798519083202428,0.00850227274769795,0.00848243147785668,0.005960277583258737,0.005940436313417468,-0.004300992628132709,-0.004320833897973979,0.003986684411674431,0.0038668431418331616,0.006708065344323222
2025-08-19,0.0060546239012185255,0.006034782631377256,-0.009729553436241916,-0.009941061372749853,0.0013667794356965607,0.0013469381658552909,-0.0018151000344394943,-0.001884941304280764,0.003148427355647271,0.003128586085806001,-0.008306083825882413,-0.00851023882121388,0.0029358972922716997,0.0029160560224304297,-0.017694136538320512,-0.017713977808161783,0.003962818975885282,0.003942977706044013,-0.0029129009902302584,-0.003163511490840759,-0.00010411587543249223,-0.00012395714527376207,-0.0033871446431239455,-0.0035464089898882925,0.0002711041746946627,0.0002512629048533929,-0.0021964912046908997,-0.0024183526765523718,-0.005565078832430959
2025-08-20,-0.00521922255894143,-0.0052390638287827,0.0018094381636718296,0.0015181683224019882,-0.0015103296298670035,-0.0015301708997082733,0.00115982529558422,0.0007591790721825787,-0.005962941552286882,-0.005982782822128152,0.001426320813644081,0.0011475509723742397,-0.001466639952794939,-0.0014864812226362087,0.009764041708934676,0.009369200439093407,-0.006925090029815215,-0.006944931299656484,0.002533102978786731,0.0022483044439881965,-0.002108654665278223,-0.002128495935119493,0.009577209625071508,0.009240701688563571,-0.009021307219399179,-0.009041148489240449,0.006339629308581724,0.006103878947831363,-0.011870452754980998
2025-08-21,0.00340869038068195,0.00338884911084068,0.00486535590254767,0.004778847966039734,0.004279355426735534,0.004259514156894265,0.005468917417861192,0.005275873533640838,0.0012654774983987677,0.0012456362285574978,0.005101810738272369,0.005015302801764432,-0.007668933473047555,-0.007688774742888825,-0.007685407041393824,-0.007705248311235094,0.004569517121204743,0.004549675851363473,0.0008752639245306303,0.0007720893213560271,-0.0014647476645283236,-0.0014845889343695934,0.006679260377479301,0.006526085774304698,0.0008275535754919405,0.0008077123056506707,0.002682899702060291,0.0024904393845999735,-0.012545411650880967
2025-08-22,-0.006909452446511949,-0.0069292937163532185,0.0010019771373062708,0.0007568611421902757,-0.003362178681013621,-0.003382019950854891,-0.0009856817846730422,-0.0011268465839260767,-0.01046671828741396,-0.010486559557255231,0.001652035357299647,0.0014179083731726628,-0.004789355876830631,-0.004809197146671901,0.01334402519621911,0.012990850593044506,-0.010535371516456324,-0.010555212786297594,0.006828082940625429,0.006592332579875068,-0.006488364366661496,-0.006508205636502766,-0.0013526410965616856,-0.0015348200287406178,-0.010274556713786978,-0.010294397983628249,0.011134572205235886,0.011009467777499879,0.001431560961136391
2025-08-25,-0.007245093035932584,-0.007264934305773854,-0.004847775167328089,-0.004944539514092436,-0.0033373382133989465,-0.0033571794832402166,-0.006572522618507871,-0.006725697221682474,-0.003963359733504868,-0.003983201003346137,-0.004092363891318521,-0.004189128238082867,0.0076572749174230945,0.007637433647581825,0.0023630645216383642,0.0022003661089399517,-0.0037101427301388865,-0.0037299839999801565,0.0009367448757157781,0.0007740464630173654,1.9349889779383955e-05,-4.91380061885886e-07,-0.004476844469200651,-0.004496685739041921,-0.0036092600340483713,-0.0036291013038896413,-0.004106413299631706,-0.004310568294963173,0.004077108556682418
2025-08-26,-0.005194680821684887,-0.0052145220915261565,0.0004220775858634002,0.0004022363160221304,-0.0030501106243723333,-0.0030699518942136034,0.00733684705098351,0.00731700578114224,-0.007137453552825385,-0.007157294822666654,0.002677715742489254,0.002657874472647984,0.009085771780891656,0.009065930511050386,0.00946988672023644,0.00945004545039517,-0.01604279645208282,-0.01606263772192409,0.005275733398412681,0.005255892128571411,-0.00528532645338662,-0.005305167723227889,-0.0017032515936824724,-0.001800015940446819,-0.005794446846240968,-0.0058142881160822375,0.010785928556812891,0.01063215871554305,-0.008237784135036952
2025-08-27,-0.011837386099672588,-0.011857227369513858,-0.00888456965118631,-0.009287744254360913,-0.0020554972499824825,-0.0020753385198237525,0.008119533682865688,0.007783025746357751,-0.007849035908721637,-0.007868877178562907,-0.007813240183295692,-0.00821000453006004,-0.003652956760259188,-0.003672798030100458,-0.011022921736415114,-0.011709429672923051,-0.009807656264055574,-0.009827497533896844,-0.010129718096792317,-0.010416226033300254,-0.0065880365761491755,-0.006607877845990445,-0.006942450030041558,-0.007362291299882828,-0.003595427959282603,-0.003615269229123873,0.006901334972792653,0.006259271480729161,0.0007724387545871014
2025-08-28,0.005989134834316581,0.005969293564475312,0.002594603899265099,0.002574762629423829,-0.004071996833382406,-0.004091838103223676,-0.0027160376630278446,-0.0027358789328691146,0.004429955308479637,0.004410114038638367,0.0009243716742314834,0.0009045304043902136,-0.003636550508054018,-0.003656391777895288,-0.008491971107014254,-0.009511812376855524,0.0045104945957417306,0.004490653325900461,-0.01309790737739246,-0.01311774864723373,0.0038971003960190653,0.0038772591261777953,0.010494316689469551,0.01047447541962828,-0.007052099930617922,-0.007071941200459192,0.013404811328642042,0.013106123904954617,0.0067559073975234085
2025-08-29,-0.0042117200566819946,-0.004231561326523264,0.01069519308547332,0.01067535181563205,-0.010028497142707718,-0.010048338412548988,0.008038658964225103,0.008018817694383833,-0.0014222237831385542,-0.001442065052979824,0.010051937882524318,0.010032096612683047,-0.007752587092210397,-0.007772428362051667,0.020935951668602105,0.020916110398760835,-0.004545215960084094,-0.0045650572299253634,0.018695652209897887,0.018675810940056617,-0.006686861088800872,-0.006706702358642141,0.019008504229575677,0.018877551848623296,0.003543019234545766,0.003523177964704496,0.007428990925735559,0.00740914965589429,0.007280097861318335
2025-09-01,0.0030371451643374098,0.0030173038944961397,0.008990343096390884,0.008859390715438504,-0.003027131045401407,-0.0030469723152426772,-0.0034585967915720973,-0.0038117713947467004,-0.0007533496670609555,-0.0007731909369022253,0.006060342508735864,0.005929390127783483,-0.0006998262778717609,-0.0007196675477130308,0.005062997898055599,0.004843156628214329,0.0027537657380231687,0.0027339244681818986,-0.002464799226397061,-0.002795751607349442,7.721777423438936e-05,5.737650439311952e-05,0.003545943383246021,0.00341499100229364,0.008524449080313398,0.008504607810472128,-0.004820365134207111,-0.005256873070715047,0.017550681321347295
2025-09-02,0.011063634896362307,0.007918793626521037,0.0036100896476896002,0.0033743392869392394,0.007856143176742832,0.004461301906901562,0.005789268248209358,0.005412284121225231,0.009896002723338453,0.006626161453497183,0.0022588015057287136,0.0020306269025541107,0.01300899964830323,0.009864158378461961,-0.025001006593825426,-0.025270847863666696,0.01011312013421161,0.0069682788643703406,0.0011225448501325647,0.0007277035802912948,0.007040398133966265,0.004395556864124995,-0.002107170534099194,-0.0025377260896547495,0.010477551226309029,0.006582709956467758,-0.0033312412548220753,-0.003551082524663345,0.014526789154178266
2025-09-03,0.0028546977713938063,0.0028348565015525362,0.009392138660727179,0.009150075168663688,0.0024540870439995824,0.0024342457741583124,0.006659013834978,0.006366445292409458,0.004877783322057128,0.004857942052215858,0.009392138660727179,0.009038964057552576,0.014027750362016152,0.014007909092174881,-0.017097782182006332,-0.017117623451847603,-0.0062741779044148405,-0.00629401917425611,-0.009299147373648696,-0.009461845786347109,0.004686647657366982,0.004666806387525713,0.014369786911065949,0.01404042183170087,0.009413056937271444,0.009393215667430174,0.00242726153827744,0.002074086935102837,-0.010534205760321935
2025-09-04,0.000793999332106575,0.0007741580622653052,0.003930278165654539,0.0037675797529561268,0.0014454140099958435,0.0014255727401545736,-0.0038293071699245333,-0.00411581510643247,-0.0005722782271878127,-0.0005921194970290825,0.003930278165654539,0.0037675797529561268,-0.0037015622464353845,-0.0037214035162766545,-0.018036139292030323,-0.018055980561871594,-1.4516354112661944e-05,-3.4357623953931786e-05,-0.0004614070472047649,-0.0014812483170460347,0.005369931134840862,0.0053500898649995925,0.009010137382284119,0.00879029611244285,-0.0029688331820143035,-0.0029886744518555735,-0.008131320931824955,-0.008401162201666226,0.018999448304918287
2025-09-05,0.010151601031915626,0.010131759762074356,0.013166163238535445,0.012854655302027508,0.010874764137744575,0.010854922867903304,0.007078808882702079,0.006747856501749697,0.009074738536247948,0.009054897266406677,0.013166163238535445,0.012854655302027508,0.00689046633153427,0.0068706250616930005,0.013018323061270968,0.012665148458096364,0.010037197987040843,0.010017356717199572,0.0065565227283552185,0.006370014791847282,0.008565284148090352,0.008545442878249081,0.005311276823785733,0.005124768887277797,-0.004721236326175202,-0.004741077596016471,0.007498232211797393,0.007353390941956123,-0.005360741550112791
2025-09-08,-0.008141763784612017,-0.008161605054453288,0.005862264269672979,0.0054995658569745665,-0.0020243661698307325,-0.0020442074396720025,0.01738604032338098,0.01699119905353971,-0.010231191307128427,-0.010251032576969698,0.005862264269672979,0.0054995658569745665,-0.009741169551700068,-0.009761010821541339,-0.009501203392851876,-0.010021044662693145,-0.002519663170291876,-0.0025395044401331462,0.003729128077732273,0.003709286807891003,-0.011815436449895245,-0.011835277719736515,0.005398052366057083,0.0051782110962158125,-0.008991952614990431,-0.009011793884831702,0.004586398582675554,0.004423700169977141,0.011973600936998618
2025-09-09,-0.006198265854079503,-0.006218107123920773,-0.014058566687560217,-0.014495074624068153,0.003288011691739992,0.003268170421898722,-0.006514568206672512,-0.007201076143180448,-0.006325793626693721,-0.0063456348965349905,-0.014058566687560217,-0.014495074624068153,-0.006889523091728057,-0.006909364361569327,-0.0019305591460974103,-0.00295040041593868,-0.003745684168628277,-0.003765525438469547,-0.01611467182322126,-0.01633451309306253,-0.004402749034847872,-0.004422590304689142,-0.020404662647549282,-0.020924503917390553,-0.004801767553855758,-0.004821608823697028,-0.007815163149906618,-0.008235004419747888,0.0012278528865619087
2025-09-10,-0.006155448102822925,-0.006175289372664194,-0.006357568495535826,-0.007577409765377095,-0.00401045831257462,-0.00403029958241589,0.001705903467219383,0.0006860621973781131,-0.010618254200994139,-0.010638095470835409,-0.006357568495535826,-0.007577409765377095,-0.0080005968150468,-0.00802043808488807,0.0,0.0,-0.006079511911540061,-0.006099353181381331,-0.004314828566152035,-0.0045846698359933045,-0.007995953452758484,-0.008015794722599754,-0.0012266431967497917,-0.002579817799924395,-0.0071729271879389725,-0.007192768457780242,0.0012351241798281751,0.0006319495766535721,-0.004053643163026699
2025-09-11,-0.003619134179328201,-0.003638975449169471,-0.020609215154032513,-0.020629056423873783,0.00751462511005431,0.00749478384021304,-0.005550968669986944,-0.005570809939828214,-0.004907269948233019,-0.004927111218074288,-0.020609215154032513,-0.020629056423873783,-0.003852585495145222,-0.003872426764986492,0.0,0.0,0.0032001180443905625,0.0031802767745492924,-0.010539608424651625,-0.010559449694492896,-0.005314580894275001,-0.00533442216411627,-0.024193529342173004,-0.024213370612014274,-0.004698116568624761,-0.00471795783846603,-0.03119725543206821,-0.03121709670190948,-0.019404665457524284
2025-09-12,0.0030664423539828387,0.0030466010841415686,0.001667774254373089,0.001397932984531819,-0.002729347802656913,-0.002749189072498183,0.0018323342543437038,0.001812492984502434,-0.00033221132020667954,-0.00035205259004794935,0.001667774254373089,0.001397932984531819,0.008821547474905225,0.008801706205063955,0.0,0.0,0.004953530518001778,0.004933689248160508,0.003851695129091226,0.003831853859249956,0.0013692554045237892,0.0013494141346825194,0.010312154245277871,0.009792312975436602,-0.0019437430385510213,-0.0019635843083922913,-0.015324946042155693,-0.015678120645330296,-0.0014072096123797229
2025-09-15,0.005135661027271032,0.005115819757429763,-0.03520744134101167,-0.035560615944186275,0.012517708864947005,0.012497867595105735,-0.004316593912355523,-0.004669768515530127,0.0028803018361133817,0.0028604605662721117,-0.03520744134101167,-0.035560615944186275,0.004288342025571899,0.00426850075573063,0.0,0.0,0.004400697540487428,0.004380856270646158,-0.00996129495298087,-0.00998113622282214,0.0018139496736368083,0.0017941084037955384,-0.033258869145195546,-0.033278710415036813,0.006650674048049164,0.0066308327782078945,-0.0006550214524287945,-0.0006748627222700643,-0.016673215588361656
2025-09-16,0.003187094233848317,0.003167252964007047,-0.01569950569955525,-0.01871934696939652,0.0023936785942495348,0.0023738373244082647,0.0006378770346929796,0.0001180357648517098,0.0013048989121392102,0.0012850576422979404,-0.01569950569955525,-0.01871934696939652,-0.01158627658379513,-0.0116061178536364,0.0,0.0,0.005053507266683993,0.0050336659968427235,-0.0039039512513820984,-0.006923792521223368,-0.004537703402664316,-0.004557544672505585,-0.01569950569955525,-0.01771934696939652,0.0026881234541194024,0.0026682821842781324,-0.0035642824957253794,-0.007584123765566649,0.011120291594270526
2025-09-17,-0.0042251866066646965,-0.004245027876505966,0.012240367427007515,0.012220526157166244,0.002930407377953706,0.002910566108112436,0.012240367427007515,0.011220526157166245,-0.0003375025054923597,-0.00035734377533362953,0.012240367427007515,0.012220526157166244,-0.00014746685061359233,-0.00016730812045486217,0.0,0.0,-0.007255600479769711,-0.007275441749610981,0.0,0.0,-0.004620994283255991,-0.004640835553097261,0.012240367427007515,0.012220526157166244,-0.0012322091881726352,-0.001252050458013905,0.012240367427007515,0.012220526157166244,0.0171647192285318
2025-09-18,0.011309638084531948,0.011289796814690677,0.0,0.0,0.01042615495532162,0.01040631368548035,0.0,0.0,0.009867410044879496,0.009847568775038226,0.0,0.0,0.005236455359229529,0.0052166140893882594,0.0,0.0,0.0023972128418651914,0.0023773715720239214,0.0,0.0,0.007324861005537871,0.007305019735696601,0.0,0.0,0.008667254744944786,0.008647413475103515,0.0,0.0,-0.0082860208822636
2025-09-19,-0.0006223653857132805,-0.0006422066555545503,0.0,0.0,0.0032714267485296836,0.0032515854786884135,0.0,0.0,-0.00011083234171088696,-0.0001306736115521568,0.0,0.0,0.00489806353650854,0.0048782222666672705,0.0,0.0,0.0015137639921703194,0.0014939227223290496,0.0,0.0,-0.0019463477061451503,-0.0019661889759864204,0.0,0.0,-0.0002622711615590384,-0.0002821124314003082,0.0,0.0,0.0038016781677119305
2025-09-22,0.005215520184961249,0.005195678915119979,0.0,0.0,0.008206420782030217,0.008186579512188947,0.0,0.0,0.002500692526239072,0.002480851256397802,0.0,0.0,0.010929936008048736,0.010910094738207466,0.0,0.0,0.005287121472898594,0.0052672802030573245,0.0,0.0,0.003227757327171926,0.003207916057330656,0.0,0.0,0.009872089312175085,0.009852248042333814,0.0,0.0,-0.0074993067420878745
2025-09-23,-0.005384252003745642,-0.005404093273586911,0.0,0.0,-0.012523321132709202,-0.012543162402550472,0.0,0.0,-0.0034078767841350735,-0.0034277180539763435,0.0,0.0,-0.0036375523657301637,-0.0036573936355714337,0.0,0.0,-0.00750611172525064,-0.00752595299509191,0.0,0.0,-0.011521499684075703,-0.011541340953916974,0.0,0.0,-0.008124870591952708,-0.008144711861793979,0.0,0.0,-0.006433332031504535
2025-09-24,0.006112859650256257,0.006093018380414987,0.0,0.0,0.007747111423690729,0.00772727015384946,0.0,0.0,0.008047290305102421,0.00802744903526115,0.0,0.0,0.0058335272216896855,0.005813685951848416,0.0,0.0,0.005916305776353263,0.0058964645065119935,0.0,0.0,0.0023937329847701153,0.0023738917149288452,0.0,0.0,0.011610980101290712,0.011591138831449441,0.0,0.0,0.008999441742518766
2025-09-25,-0.005276032239536502,-0.005295873509377771,0.0,0.0,-0.00800948073104437,-0.00802932200088564,0.0,0.0,-0.0034926251025335017,-0.0035124663723747718,0.0,0.0,0.003087746637651989,0.003067905367810719,0.0,0.0,0.005665013939226846,0.005645172669385576,0.0,0.0,-0.005528200930342106,-0.0055480422001833755,0.0,0.0,0.001285964867762647,0.0012661235979213772,0.0,0.0,5.6079119722607373e-05
2025-09-26,-0.0035828215626323365,-0.0036026628324736065,0.0,0.0,-0.0003310850621625755,-0.0003509263320038453,0.0,0.0,-0.00555202985628004,-0.0055718711261213095,0.0,0.0,0.004434053733447803,0.004414212463606533,0.0,0.0,0.00522640746461861,0.00520656619477734,0.0,0.0,-0.007351167029151728,-0.007371008298992998,0.0,0.0,0.0070336786632491655,0.007013837393407896,0.0,0.0,0.019616128461241056
2025-09-29,-0.0029043983460625214,-0.0029242396159037914,0.0,0.0,-0.003065275924846053,-0.003085117194687323,0.0,0.0,-0.0033017239721525315,-0.0033215652419938016,0.0,0.0,0.0039080942521932185,0.0038882529823519485,0.0,0.0,-0.0010296015390540494,-0.0010494428088953193,0.0,0.0,-0.008164437318346658,-0.008184278588187929,0.0,0.0,0.0047222675817408105,0.004702426311899541,0.0,0.0,-0.004824557265732055
2025-09-30,6.732151601406694e-05,4.74802461727971e-05,0.0,0.0,0.00019882760003998856,0.00017898633019871872,0.0,0.0,0.00243993894564222,0.00242009767580095,0.0,0.0,0.0014802602351419863,0.0014604189653007165,0.0,0.0,-0.003216208043074452,-0.003236049312915722,0.0,0.0,0.005314961149086507,0.005295119879245237,0.0,0.0,0.000419856077299878,0.0004000148074586082,0.0,0.0,0.01147269965721942
2025-10-01,-0.007085651034065735,-0.007105492303907004,0.0,0.0,-0.0028302736134743003,-0.0028501148833155704,0.0,0.0,-0.00728718457238408,-0.007307025842225349,0.0,0.0,-0.005655848865706803,-0.0056756901355480725,0.0,0.0,0.0005904240686191442,0.0005705827987778744,0.0,0.0,-0.007164642523416684,-0.0071844837932579534,0.0,0.0,0.0012997333352350246,0.0012798920653937548,0.0,0.0,0.001551547542535614
2025-10-02,-0.013233375016797992,-0.013253216286639263,0.0,0.0,-0.014904795294095184,-0.014924636563936455,0.0,0.0,-0.016590261323282354,-0.016610102593123625,0.0,0.0,-0.001498936046406281,-0.0015187773162475507,0.0,0.0,-0.007916242223025713,-0.007936083492866983,0.0,0.0,-0.013346410649784306,-0.013366251919625576,0.0,0.0,-0.010938498568433763,-0.010958339838275034,0.0,0.0,0.009233558107186512
2025-10-03,-0.00027175913063077345,-0.00029160040047204326,0.0,0.0,0.0038608265059185756,0.0038409852360773056,0.0,0.0,-0.0016473853737813682,-0.001667226643622638,0.0,0.0,0.003467379988843937,0.003447538719002667,0.0,0.0,0.003790029730493319,0.003770188460652049,0.0,0.0,0.0013341039054716314,0.0013142626356303616,0.0,0.0,0.0024408327277633535,0.0024209914579220834,0.0,0.0,-0.00443873423062946
2025-10-06,0.004593249588356482,0.004573408318515213,0.0,0.0,0.0061845800023841435,0.006164738732542874,0.0,0.0,0.005691964087165935,0.005672122817324665,0.0,0.0,-0.004142300579154226,-0.004162141848995496,0.0,0.0,0.0054679322207613484,0.005448090950920079,0.0,0.0,-0.005154406157466901,-0.0051742474273081705,0.0,0.0,-0.006279974465440888,-0.0062998157352821575,0.0,0.0,-6.514721306738469e-05
2025-10-07,0.0027733365119152753,0.0027534952420740053,0.0,0.0,0.0028234246699967783,0.0028035834001555082,0.0,0.0,-0.00033629678907672045,-0.00035613805891799026,0.0,0.0,-0.0007150825108701159,-0.0007349237807113857,0.0,0.0,0.001550058685111641,0.0015302174152703712,0.0,0.0,0.006673170478321999,0.00665332920848073,0.0,0.0,-0.00469875072520104,-0.004718591995042309,0.0,0.0,-0.000790487672288287
2025-10-08,-0.013458908394107523,-0.013478749663948793,0.0,0.0,-0.008433935419120117,-0.008453776688961388,0.0,0.0,-0.014362133825126522,-0.014381975094967792,0.0,0.0,-0.004072345568310709,-0.004092186838151979,0.0,0.0,-0.007629648315922617,-0.007649489585763887,0.0,0.0,-0.010249876277292479,-0.01026971754713375,0.0,0.0,-0.0033950996756365592,-0.0034149409454778293,0.0,0.0,-0.00871662826330366
2025-10-09,-0.002446742393228944,-0.0024665836630702142,0.0,0.0,-0.001881462279554609,-0.0019013035493958789,0.0,0.0,-0.0034433687880981584,-0.0034632100579394284,0.0,0.0,-0.00012979967531298597,-0.00014964094515425581,0.0,0.0,0.00016039185266539246,0.00014055058282412262,0.0,0.0,-0.00909020002534175,-0.00911004129518302,0.0,0.0,-0.01578178820197903,-0.0158016294718203,0.0,0.0,0.007762896880399106
2025-10-10,-0.0032550597157543146,-0.0032749009855955846,0.0,0.0,-0.0028426530765454996,-0.0028624943463867697,0.0,0.0,-0.004938141847361015,-0.004957983117202284,0.0,0.0,-0.001376969667357189,-0.0013968109371984589,0.0,0.0,0.0005896777348651863,0.0005698364650239165,0.0,0.0,-0.0016202889886640232,-0.001640130258505293,0.0,0.0,0.0016278346585820447,0.0016079933887407749,0.0,0.0,0.0076327390613619706
2025-10-13,-0.006016815784755047,-0.006036657054596317,0.0,0.0,-0.0066388020135268525,-0.006658643283368122,0.0,0.0,-0.004215086663804629,-0.004234927933645899,0.0,0.0,-0.011981206229847885,-0.012001047499689155,0.0,0.0,-0.0054511577306298326,-0.005470999000471102,0.0,0.0,0.00037041624721793204,0.0003505749773766622,0.0,0.0,-0.004473419461847553,-0.004493260731688822,0.0,0.0,0.007009101643961291
2025-10-14,0.005890333321424704,0.005870492051583434,0.0,0.0,0.0010925751960902605,0.0010727339262489907,0.0,0.0,0.0015717788125796245,0.0015519375427383547,0.0,0.0,0.004047573747912467,0.004027732478071197,0.0,0.0,0.000900647372178251,0.0008808061023369812,0.0,0.0,0.0011964698375489871,0.0011766285677077173,0.0,0.0,-0.0030782849603309403,-0.0030981262301722104,0.0,0.0,0.01738662219309406
2025-10-15,0.005408108401138756,0.005388267131297486,0.0,0.0,0.003101810449167741,0.003081969179326471,0.0,0.0,0.008466380993164595,0.008446539723323324,0.0,0.0,0.0016216346187786085,0.0016017933489373387,0.0,0.0,-0.00011549150404218528,-0.00013533277388345512,0.0,0.0,0.00039623167434270357,0.00037639040450143375,0.0,0.0,0.0030741571623185762,0.003054315892477306,0.0,0.0,0.016422792813599374
2025-10-16,0.001363011132919957,0.0013431698630786873,0.0,0.0,0.00015544471575586888,0.00013560344591459904,0.0,0.0,-0.0005264186842878008,-0.0005462599541290706,0.0,0.0,-0.005237119901248789,-0.005256961171090059,0.0,0.0,0.002906751504231607,0.002886910234390337,0.0,0.0,0.0035285667996695635,0.0035087255298282935,0.0,0.0,0.010195471173400791,0.010175629903559521,0.0,0.0,-0.003644391588340401
2025-10-17,0.002446165630678801,0.002426324360837531,0.0,0.0,0.003385668909767242,0.003365827639925972,0.0,0.0,0.00036266556093209057,0.00034282429109082076,0.0,0.0,-0.0013454118347014515,-0.0013652531045427214,0.0,0.0,0.00157670924498398,0.0015568679751427103,0.0,0.0,-0.005688188387438918,-0.005708029657280188,0.0,0.0,0.005359387210524896,0.005339545940683627,0.0,0.0,0.004583575502775883
2025-10-20,0.01111064916868982,0.011090807898848549,0.0,0.0,0.0066608465011976856,0.006641005231356416,0.0,0.0,0.009258720812180238,0.009238879542338967,0.0,0.0,0.013721645277353499,0.013701804007512228,0.0,0.0,0.012446338029858263,0.012426496760016992,0.0,0.0,0.0025614357870892557,0.0025415945172479856,0.0,0.0,0.00862705860530704,0.00860721733546577,0.0,0.0,-0.0063796075818403075
2025-10-21,0.006357172322693561,0.006337331052852291,-0.01545551868446049,-0.01647535995430176,-0.004578446307699845,-0.004598287577541114,-0.003662483937907468,-0.004682325207748738,0.010321762771641915,0.010301921501800645,-0.01545551868446049,-0.01647535995430176,0.007152001710832086,0.007132160440990816,0.009873912814414076,0.008854071544572807,0.006346411056726016,0.006326569786884746,-0.01545551868446049,-0.01647535995430176,0.007212924543214101,0.007193083273372832,-0.01545551868446049,-0.01647535995430176,0.01196469539231669,0.01194485412247542,0.021666947560967098,0.020647106291125827,0.0007369084772601564
2025-10-22,0.0021921728579539015,0.0021723315881126315,0.04339275984288621,0.04187291857304494,0.004696939278745593,0.004677098008904324,0.060663081774014874,0.05930990717084027,0.004269548684944897,0.004249707415103628,0.03381595998095145,0.03229611871111018,-0.0041581401279799715,-0.004177981397821241,-0.002680925597449757,-0.002700766867291027,0.0032980572244546424,0.0032782159546133724,0.04144445391494084,0.03992461264509957,-0.0016137728753374547,-0.0016336141451787245,0.04534106577083158,0.04382122450099031,0.005802976060842187,0.005783134791000917,0.038772894592838225,0.03775305332299696,-0.0061172439403076595
2025-10-23,-0.00952448254374471,-0.00954432381358598,-0.0051454424053804515,-0.0056652836752217215,-0.01524988002215586,-0.015269721291997131,-0.012022710382264813,-0.012442551652106082,-0.010483824619023072,-0.010503665888864342,-0.004483682755414017,-0.005003524025255287,-0.00021284232633022454,-0.00023268359617149438,0.004867355446823707,0.004847514176982437,-0.004587664005598291,-0.0046075052754395605,0.008281652833153519,0.007428478229978916,-0.009723636858102173,-0.009743478127943444,-0.005321403831798299,-0.005841245101639569,-0.010930280338903385,-0.010950121608744656,0.0008879994404620284,0.00020149150395409193,0.018300773400496517
2025-10-24,0.011622734212074062,0.011602892942232792,-0.0020498508481789452,-0.0024030254513535483,0.007666870446130548,0.007647029176289279,0.004279283259879622,0.004092775323371686,0.008945621683471204,0.008925780413629934,-0.001317471139264087,-0.0015873124091053568,0.0018552910172805817,0.001835449747439312,-0.009489137653125035,-0.010508978922966304,0.005359263379003824,0.005339422109162555,0.0005704277900918098,0.00055058652025054,0.005697465570276269,0.005677624300435,0.003021563491375029,0.003001722221533759,0.0012721970344714562,0.0012523557646301863,-0.004247730783024105,-0.0045175720528653745,0.0044806796537724125
2025-10-27,0.007006670951795448,0.006986829681954178,0.002435155368843126,0.0024153140990018558,0.0038186249875577505,0.0037987837177164805,-0.016602356680817505,-0.016765055093515918,0.003424098948589978,0.003404257678748708,0.0052473797001115485,0.005227538430270279,-0.0028169384748081977,-0.0028367797446494677,0.029387968850314694,0.029368127580473424,0.0032861702947909605,0.0032663290249496904,-0.03503635916181793,-0.0350562004316592,0.008464519554731688,0.008444678284890417,-0.014119161275909065,-0.014139002545750335,0.002831404295636157,0.002811563025794887,0.012481555358419189,0.012211714088577918,-0.0019183204091485218
2025-10-28,-0.007114868551522442,-0.007134709821363712,0.007197097776937755,0.0067272565070964855,-0.00914982292161217,-0.009169664191453441,0.012344073499446578,0.011699232229605309,-0.005798584997607381,-0.005818426267448651,0.004323032096331003,0.0039031908264897334,-0.0061982860632237916,-0.006218127333065061,0.018858129986713212,0.01833828871687194,-0.008288251232101376,-0.008308092501942647,0.016737250628109816,0.016117409358268546,-0.00570196958974626,-0.0057218108595875295,0.013305580561959351,0.012535739292118082,-9.733716508852908e-05,-0.00011717843492979892,0.0016867650120703688,0.001266923742229099,0.013609804290420024
2025-10-29,0.011834484337958903,0.011814643068117633,-0.011979424518929416,-0.011999265788770686,0.00387715656311452,0.00385731529327325,0.00861912871845176,0.00859928744861049,0.01653006543023993,0.01651022416039866,-0.00799050512909305,-0.008010346398934321,0.008176952467128872,0.008157111197287601,-0.02997495846303888,-0.02999479973288015,0.011783530642051808,0.011763689372210537,-0.010867869078192061,-0.010887710348033331,0.013335518035703493,0.013315676765862223,-0.007654742795498354,-0.007874584065339623,0.010923573734643623,0.010903732464802352,-0.01556611497056224,-0.015585956240403511,-0.023396769507749493
2025-10-30,0.009556538327740574,0.009536697057899304,0.009218116391189166,0.008998275121347897,0.0007001964531929902,0.0006803551833517204,0.006504646216903696,0.006040360502617982,0.015248360142564317,0.015228518872723047,0.009702717986135704,0.009516210049627768,0.011299456176753951,0.01127961490691268,0.00967321374135749,0.009320039138182886,0.008781510934167853,0.008761669664326583,-0.01333045323179241,-0.013766961168300347,0.007317535629812216,0.007297694359970947,-0.0024882157164492144,-0.002708056986290484,0.004911353567221541,0.004891512297380271,0.0034284936956227724,0.0034086524257815024,-0.021675128543518274
2025-10-31,0.001170766589743591,0.0011509253199023211,-0.015066777051796713,-0.015253284988304649,0.0036727764494351098,0.0036529351795938397,0.0005397875559052315,0.00026994628606396166,-0.0017163167339503266,-0.0017361580037915964,-0.016390405033491973,-0.016553103446190386,0.004852091249741133,0.004832249979899864,-0.017053846200841973,-0.017073687470683243,-0.0005285968818018322,-0.000548438151643102,-0.009068100120119096,-0.009230798532817509,-0.0016670780349020212,-0.001686919304743291,-0.0064509120226379675,-0.006637419959145904,0.001224283527816776,0.0012044422579755062,-0.01929573544143721,-0.01931557671127848,0.009234225207417568
2025-11-03,0.001872351687612836,0.0018525104177715662,0.0057655872849264956,0.005745746015085226,-0.0012992780747239155,-0.0013191193445651853,0.013388612466228696,0.013368771196387425,0.0037805334098314977,0.0037606921399902277,0.009035710073513444,0.009015868803672174,-0.003966106986956618,-0.003985948256797887,-0.0017422713521046216,-0.0017621126219458914,0.005200485170065869,0.005180643900224599,0.021176369701664234,0.020956528431822965,0.011417151572107424,0.011397310302266154,0.003974763106506389,0.0037882551699984523,0.0015120622600835604,0.0014922209902422906,-0.004926017886608354,-0.00511252582311629,0.0011451529292911822
2025-11-04,0.003855020251150948,0.003835178981309678,0.0016896734857467094,0.001134117930191154,0.008106779272517538,0.008086938002676267,0.002153229545180757,0.001833388275339487,0.0003879040184719823,0.0003680627486307125,0.006165902291445844,0.005638124513668066,0.004812140555468664,0.004792299285627394,-0.00117247274812358,-0.0017756473512981828,0.0028889287723295742,0.002869087502488304,0.0022217734179533766,0.0019102654814454401,0.0065072562489553384,0.006487414979114069,0.0041191110843573535,0.0037064126716589408,-0.0062319265606912005,-0.00625176783053247,-0.002383232995147636,-0.0027125980745127155,0.003234909302868294
2025-11-05,-0.005834021053275358,-0.005853862323116628,-0.013707681787095916,-0.013838634168048296,0.004894973604950434,0.004875132335109164,-0.00765435440484552,-0.007840862341353456,-0.008050818868872718,-0.008070660138713989,-0.010368571485384882,-0.010488412755226151,-0.014558543680449024,-0.014578384950290294,-0.018082045569253045,-0.018101886839094316,0.0033549895217813985,0.0033351482519401285,-0.0041879271668136125,-0.0043188795477659934,-0.0025593587684809363,-0.0025792000383222063,-0.006367078946932392,-0.0063869202167736614,-0.007197927392966617,-0.007217768662807887,0.0035708190346970675,0.0033009777648557977,-0.014110357136504104
2025-11-06,-0.0029197462055553583,-0.0029395874753966283,-0.005563510397849929,-0.005708351667691199,-0.005058321609746258,-0.005078162879587528,-0.016534935807361838,-0.016554777077203108,-0.001632903517670134,-0.0016527447875114038,-0.0032739015605443176,-0.0034187428303855873,-0.0022893015671422226,-0.0023091428369834926,-0.014061968543841424,-0.014331809813682695,-0.00898015512803451,-0.00899999639787578,-0.01303583585909434,-0.013198534271792753,-0.006168536983292228,-0.006188378253133497,-0.008075457424455576,-0.008220298694296847,-0.0071180500458346285,-0.007137891315675898,0.004526754295556097,0.004284690803492605,0.0002244291806459131
2025-11-07,0.010586097250782946,0.010566255980941675,0.007625580169461119,0.007494627788508738,0.003803538351311739,0.0037836970814704688,-0.0021675968176336803,-0.002278347178384041,0.007618216925733785,0.007598375655892516,0.0040919591478315274,0.0039610067668791465,0.005804220390391114,0.0057843791205498445,0.01431086321980287,0.014091021949961601,0.014603535110693358,0.014583693840852088,0.004020480389145986,0.0038756391193047164,0.008721673537345327,0.008701832267504057,0.008820741837457406,0.008689789456505025,-0.004424190787321716,-0.004444032057162986,-0.005961897986903601,-0.006081739256744871,0.022518603514414703
2025-11-10,-0.0006240559224263975,-0.0006438971922676673,-0.003889738141066513,-0.004009579410907783,0.0032557844644091824,0.0032359431945679124,0.012500500947042817,0.012326813523355393,-0.00327094808811193,-0.0032907893579532,-0.007237948929613457,-0.0073577901994547265,-0.003988894784393578,-0.004008736054234847,-0.019811618461432937,-0.019831459731274207,0.00011139722713610078,9.155595729483094e-05,-0.0016505978164929394,-0.0017815501974453203,0.000793756210039534,0.0007739149401982642,-0.00517401477645809,-0.00529385604629936,0.0008856155170452462,0.0008657742472039764,-0.00376151363926484,-0.0038722640000152008,0.00954619581775451
2025-11-11,0.004287258847887131,0.004267417578045861,0.005412456549085401,0.005225948612577465,0.004482287816273273,0.004462446546432003,-0.0024338541054293927,-0.0024536953752706627,0.0009658182618118849,0.0009459769919706151,0.004740207082628335,0.004553699146120399,-0.0025832617016076226,-0.0026031029714488926,0.007971464919104315,0.0074516236492630445,-0.0061920427883763035,-0.006211884058217573,0.0014326783575823515,0.0012128370877410816,0.004090024209015282,0.004070182939174012,0.004132166118724164,0.004021415757973803,-0.003109799907991803,-0.003129641177833073,0.0006418181347409612,0.000538643531566358,0.002346771996570851
2025-11-12,0.0029989152427812096,0.0029790739729399396,-0.0006254421880808317,-0.0009722065348451784,-0.0009350483590050279,-0.0009548896288462977,0.0025223519849136723,0.002181082143643831,0.0016636246391635648,0.001643783369322295,-0.0016953248217603124,-0.00202285839929389,0.003511708901791283,0.0034918676319500128,0.008237983195167326,0.007968141925326057,0.0035831652950672407,0.0035633240252259707,-0.00027237637549899166,-0.000549793402916019,-0.001635258038960162,-0.0016550993088014318,0.007516951892428925,0.007297110622587655,-0.015989428217393048,-0.01600926948723432,-0.0009594401201262629,-0.0011792813899675328,-0.00434959301115434
2025-11-13,0.01187482999513649,0.01185498872529522,0.010673330630606886,0.010653489360765616,0.0022452910272444393,0.0022254497574031693,0.002930364198445564,0.002910522928604294,0.009470552193750724,0.009450710923909453,0.01120920353142046,0.01118936226157919,0.005423506053921799,0.0054036647840805295,0.023631664997990073,0.023611823728148802,0.01096498269167711,0.010945141421835839,0.009399378409222565,0.009379537139381295,0.009846699134939615,0.009826857865098345,-0.0008750608547060572,-0.001048748278393481,0.011670468073341295,0.011650626803500024,0.005424797578165485,0.005171190074557982,-0.003860301370563257
2025-11-14,-0.0004202388374788188,-0.0004400801073200886,0.008348973663141038,0.00818078074494812,0.0036551933964266287,0.0036353521265853586,0.007064704257439554,0.006867085209820507,0.0016587012726965791,0.0016388600028553093,0.005212050009642467,0.005049351596944054,-0.000149104901081977,-0.00016894617092324683,0.003362433645336213,0.003231481264383832,-0.0011024656826899154,-0.0011223069525311852,0.009281323630402207,0.009101225950304527,0.0002590960589387292,0.00023925478909745938,-0.0022960571693058512,-0.0024782361014847832,0.004477069461748265,0.004457228191906995,0.0011441092928110644,0.0010409346896364613,-0.022941176781200334
2025-11-17,0.022320958722027252,0.022301117452185982,0.004425005689311321,0.004405164419470051,0.01906729760967487,0.0190474563398336,0.007718847035607146,0.007699005765765876,0.022315560453760534,0.022295719183919264,0.005218786295565389,0.005198945025724119,0.013537437993709593,0.013517596723868323,0.0009679156665473774,0.0009480743967061076,0.01775001557472236,0.01773017430488109,0.008268845077922032,0.008249003808080762,0.024620739639571655,0.024600898369730385,0.0004592118800435061,0.0004393706102022363,0.020755620763744334,0.020735779493903064,-0.013863611862260043,-0.01395011979876798,0.003314044630132962
2025-11-18,0.002281344112923224,0.002261502843081954,-0.001490847426365148,-0.0018410458390635607,-0.0034157453554608044,-0.0034355866253020745,0.003297254055517198,0.0028735666318297744,0.0009219185695691148,0.000902077299727845,-0.0018121636737537944,-0.0021513326746875013,-0.0010487448253820586,-0.0010685860952233284,-0.002531041059708007,-0.003332700511367459,-0.00016526167523673446,-0.0001851029450780043,-0.004983907922766399,-0.0053037491926076685,0.0006330168489847091,0.0006131755791434392,-0.0017061645586487068,-0.0020227091251932734,-0.008680339747531789,-0.008700181017373059,-0.0025939752092721136,-0.0029105197758166803,0.009780314193300388
2025-11-19,0.008585470155571179,0.008565628885729908,0.004843000386460388,0.004496236039696041,0.0073832297214710615,0.007363388451629792,-0.00945422129743157,-0.009648304991515264,0.008067719349934097,0.008047878080092826,0.004843000386460388,0.004433736039696041,0.008552008884309542,0.008532167614468272,0.003785713672858952,0.003765872403017682,0.006923600868056885,0.006903759598215616,-0.0007076579633341212,-0.0008898368955130534,0.011602780609030854,0.011582939339189583,-0.0008919475150211461,-0.0011425580156316467,0.001232524005570057,0.0012126827357287872,-0.014807511370208745,-0.0151130669257643,-0.016851812598876914
2025-11-20,0.006921659432158264,0.006901818162316995,0.00031561776505051667,5.513478397930029e-05,0.012197156826670025,0.012177315556828754,0.010946563504470489,0.010500148808055793,0.004209671483062408,0.004189830213221138,0.00031561776505051667,5.513478397930029e-05,0.0045833861022087155,0.004563544832367446,0.008992045455642073,0.008651691365287983,0.0027465827909922552,0.002726741521150985,0.004065455184918819,0.0037209385904022245,0.0041143734165533935,0.004094532146712124,0.0034954959671941177,0.0031679623896605402,0.006556054003144504,0.0065362127333032346,-0.0015586249973777973,-0.0019879900767428766,-0.006795585815374983
2025-11-21,0.00558227158374601,0.00556243031390474,0.011086690603865603,0.010921016000691,0.003747243737113791,0.003727402467272521,0.007199383429635813,0.006997723977976361,0.00894595586269658,0.008926114592855309,0.011086690603865603,0.010921016000691,0.002573705263940136,0.002553863994098866,0.005982560258183001,0.005736528512151255,0.0005816327553810272,0.0005617914855397573,0.009503895522295368,0.009400720919120765,0.005091471624901554,0.005071630355060285,0.0006150411168183503,0.0005237712755485091,0.0050616792123542795,0.00504183794251301,0.0018770472312688927,0.001717782884504546,-0.012252110954567685
2025-11-24,-0.0004711361663651756,-0.0004909774362064454,0.013042219086936875,0.013022377817095605,0.0018637414324767093,0.0018439001626354395,0.003234068956643921,0.003114227686802651,-0.001186837131714795,-0.0012066784015560647,0.013042219086936875,0.013022377817095605,0.0014927963089843427,0.0014729550391430729,0.004158134454166897,0.004138293184325627,-0.010727802567149142,-0.010747643836990412,0.0011112267736816568,0.001091385503840387,0.0033373857930667286,0.0033175445232254586,0.005389700251057275,0.005369858981216005,-0.008309939371746893,-0.008329780641588163,0.018845386547964835,0.0187588786114569,-0.01013886314289636
2025-11-25,0.012834227473401537,0.012814386203560266,0.005586981569423733,0.0054095645420067055,0.008651478675348948,0.008631637405507677,0.008141475952021535,0.007927190237735821,0.009293471091434045,0.009273629821592775,0.005586981569423733,0.0054095645420067055,-0.003686992360321918,-0.003706833630163188,0.0051824743771958035,0.005071724016445443,0.010755564384641342,0.010735723114800071,0.0075391226749684705,0.007246554132399928,0.012150691924194545,0.012130850654353275,0.004247290144154378,0.003927448874313108,0.011235872450932279,0.011216031181091008,-0.005977902443954678,-0.0061525056185578525,0.001068297895040926
2025-11-26,0.0027918365608413376,0.0027719952910000675,0.009385629789116692,0.009365788519275421,0.004714063021181082,0.004694221751339813,0.011688993574607825,0.011669152304766554,0.003658502299960821,0.003638661030119551,0.009385629789116692,0.009365788519275421,-0.001929824793356183,-0.0019496660631974528,0.007735773878214579,0.007715932608373309,0.002910211100800704,0.002890369830959434,0.007551806409641343,0.007531965139800073,0.005425155460107939,0.005405314190266669,0.01006825427838292,0.009971489931618572,0.004962184263724509,0.004942342993883239,0.002062479443223724,0.002042638173382454,-0.0224484237048731
2025-11-27,0.010642108457526209,0.010622267187684938,0.0054098610575570825,0.005318591216287242,0.006349076485769899,0.006329235215928629,0.006966068064400978,0.006730317703650617,0.005918925031541976,0.005899083761700706,0.0054098610575570825,0.005318591216287242,0.003945776980058414,0.003925935710217145,0.010454875527555658,0.010335034257714388,0.00984124752405549,0.00982140625421422,0.0027352034054548783,0.0025244530447045177,0.00929794559465693,0.00927810432481566,-0.0012576719223898747,-0.0013886243033422556,-0.0018854546147746565,-0.0019052958846159263,-0.004545752117393897,-0.004565593387235166,0.007236974821927644
2025-11-28,0.0025429800919177584,0.0025231388220764883,-0.004068082441102493,-0.004164846787866839,-0.0059847495207219145,-0.006004590790563184,-0.001161385494561417,-0.0012812267644026869,0.0022328701039224866,0.0022130288340812166,-0.004068082441102493,-0.004164846787866839,-0.0025384015392510215,-0.0025582428090922915,-0.0019426646479215673,-0.0019625059177628373,-0.0009170057076369614,-0.0009368469774782312,0.0014086985698172644,0.0012777461888648835,0.0016647202564348748,0.001644878986593605,-0.002564108208206713,-0.0027089494780479827,-0.000600277738928949,-0.0006201190087702188,0.0020717858002026147,0.0020519445303613447,0.008772405769270408
2025-12-01,-0.005306725593039831,-0.0053265668628811,0.003734668116824811,0.003714826846983541,-0.011874846211047549,-0.01189468748088882,-0.0005727908329164117,-0.0005926321027576815,-0.0029125013277592135,-0.0029323425976004835,0.003734668116824811,0.003714826846983541,-0.0051990145947729965,-0.005218855864614266,0.008398414171612082,0.008378572901770812,-0.0015127931902971029,-0.0015326344601383727,0.0031888999774041075,0.0030690587075628377,-0.007101811227475614,-0.007121652497316884,0.013958100505575378,0.013854925902400774,-0.010657664674565713,-0.010677505944406984,0.005454371354763492,0.005357607007999146,-0.0022821284684059195
2025-12-02,-0.0013368689990326116,-0.0036067102688738814,-0.005737827142733066,-0.0061617088166147395,0.002343917685027258,-0.0005509235848140119,-0.00026548451623942607,-0.0005392940400489499,0.00045470347093015673,-0.0018151377989111131,-0.005737827142733066,-0.0061617088166147395,-0.0053493585939641194,-0.008244199863805389,-0.005317074765105151,-0.005614693812724198,0.0020414739496878304,-0.0004783673201534397,-0.003711043328134392,-0.003966995709086773,-0.0036171759837159354,-0.0062620172535572055,-0.004334946126237922,-0.004779029820321616,-0.005227218190444645,-0.009122059460285915,-0.005618904066288705,-0.005812987760372399,-0.02680779360982999
2025-12-03,-0.004231292487564375,-0.004251133757405645,0.0008940017423912571,0.0007741604725499873,-0.01614384284443062,-0.01616368411427189,-0.01498368311475613,-0.0151285243845974,8.361882514798524e-05,6.37775553067154e-05,0.0008940017423912571,0.0007741604725499873,0.006122012637034144,0.006102171367192874,0.008629086772294422,0.008609245502453152,-0.006086902395105294,-0.0061067436649465635,-0.003203745465983069,-0.0033664438786814815,-0.006355156324840558,-0.0063749975946818275,-0.008859967841983268,-0.008879809111824538,0.0005146090252991925,0.0004947677554579227,0.004694153443833107,0.004452089951769615,-0.010480604886026201
2025-12-04,0.0022069741674678386,0.0021871328976265686,0.005950781869247607,0.005805940599406337,-0.004482992117147852,-0.004502833386989122,0.004420711151801836,0.004400869881960566,0.0011953614267311008,0.001175520156889831,0.005950781869247607,0.005805940599406337,0.007158978544048532,0.007139137274207262,0.02374540658357775,0.02352556531373648,0.0035954207593882764,0.0035755794895470064,0.015277506239109236,0.015132664969267965,0.0006659043681244495,0.0006460630982831797,0.014668993384212157,0.014549152114370887,-0.005532829897887177,-0.005552671167728447,-0.0034875082345401202,-0.00370734950438139,0.01404192127512971
2025-12-05,0.0008022558768349883,0.0007824146069937185,0.008424787145991888,0.008262088733293475,0.004334798069797488,0.0043149567999562185,0.013866574741429369,0.013680066804921433,-0.00022426388008382064,-0.00024410514992509048,0.008424787145991888,0.008262088733293475,0.0028465527001827473,0.0028267114303414773,-0.004116547634129136,-0.004386388903970406,0.0017194797503684578,0.001699638480527188,0.004876792914229076,0.004714094501530663,-0.0036153100040045433,-0.0036351512738458133,-0.0025773529246291282,-0.002708305305581509,-0.0023377352448545052,-0.0023575765146957753,-0.005762849986173713,-0.0058938023671260935,-0.030077937088014206
2025-12-08,-0.0006914942214248446,-0.0007113354912661144,-0.008376050680522487,-0.008562558617030423,-0.00131561626266824,-0.0013354575325095098,0.00027765019031489313,-0.0002421910795263767,-0.003982072543783598,-0.004001913813624867,-0.008376050680522487,-0.008562558617030423,0.0066258455106099415,0.006606004240768672,-0.007690924063461067,-0.007710765333302337,-0.0014418540642775618,-0.0014616953341188316,-0.00035474838123993047,-0.000541256317747867,-0.0035302068220705377,-0.0035500480919118077,-0.00869349863156737,-0.008838339901408641,-0.013341150450445746,-0.013360991720287017,-0.01185180037268936,-0.01199664164253063,-0.0033427575341288263
2025-12-09,-0.006342971609543405,-0.006362812879384674,-0.0012060313992512395,-0.0017258726690925093,-0.003901370834076358,-0.003921212103917627,-0.0038815091795885437,-0.0039013504494298137,-0.006682882187829739,-0.006702723457671009,-0.0012060313992512395,-0.0017258726690925093,2.9480144390789387e-05,9.638874549519546e-06,-0.0030764201483573384,-0.0037153090372462273,0.00010352290764942262,8.368163780815278e-05,-0.01096494246358939,-0.011351450400097326,-0.009840315881296753,-0.009860157151138024,-0.012749770802199247,-0.01291246921489766,-0.006941331905920077,-0.006961173175761347,-0.005252353815133559,-0.005415052227831972,-0.01250000856313993
2025-12-10,-0.00023772828756808695,-0.00025756955740935676,0.013567862498303647,0.012786116466557616,-0.0017748906959844657,-0.0017947319658257355,0.0024572717002330213,0.0017707637637250848,-0.0022545181982573104,-0.0022743594680985804,0.013567862498303647,0.012786116466557616,-0.0005106342996701596,-0.0005304755695114294,0.016674984982186336,0.016255143712345065,-0.004010122800891011,-0.004029964070732281,0.017356669375396094,0.016586828105554823,0.0011462004701581069,0.001126359200316837,0.007318099158829385,0.006798257888988115,-0.008781364891538385,-0.008801206161379655,-0.005618425493718081,-0.005923981049273636,0.009330273317433413
2025-12-11,0.0002529129076935602,0.00023307163785229033,0.0028002419145548886,0.0027804006447136186,-0.0006529452271703054,-0.0006727864970115752,-0.006729188525977186,-0.0067490297958184555,-0.0010025620518905529,-0.0010224033217318227,0.0028002419145548886,0.0027804006447136186,-0.0017219396811206725,-0.0017417809509619423,0.0004012402264857544,0.00038139895664448457,0.007720515776957697,0.007700674507116427,-0.002785623167637974,-0.002805464437479244,0.003657658723775603,0.003637817453934333,-0.0049865686819348665,-0.005406409951776136,0.00904836489276701,0.009028523622925739,0.008718147573504182,0.008131639636996245,-0.0069462534735780235
2025-12-12,0.004018055983481539,0.003998214713640269,-0.008596926971860763,-0.0092834349083687,0.0031192885561126885,0.0030994472862714184,-0.011985520227983604,-0.012705361497824873,0.004339202700492019,0.004319361430650749,-0.008596926971860763,-0.0092834349083687,-0.002015454976481694,-0.002035296246322964,-0.01808097371386319,-0.01835081498370446,0.0018320147317505628,0.001812173461909293,-0.011105661689661725,-0.011792169626169661,0.00271189939236538,0.00269205812252411,0.006743679822317291,0.0061405052191426885,0.007084539090157507,0.007064697820316238,0.0010008586680765098,0.0007810173982352399,0.004923494228091796
2025-12-15,0.003244243093904399,0.003224401824063129,-0.009855596933473246,-0.009875438203314517,-0.006949635731985364,-0.006969477001826633,-0.0005530494508999562,-0.000572890720741226,0.003796488687150594,0.003776647417309324,-0.009855596933473246,-0.009875438203314517,0.004197114914780711,0.004177273644939442,0.004282824619320965,0.004262983349479696,-0.007000510292209938,-0.007020351562051208,-0.0038724903776049154,-0.0038923316474461854,-0.0030686421228969737,-0.0030884833927382438,-0.011396844888167576,-0.011416686158008846,0.011582650927637363,0.011562809657796092,0.013803965643268823,0.013534124373427554,0.006700064610859924
2025-12-16,-0.003977836821799384,-0.003997678091640654,0.0040960548182268006,0.0020762135483855305,-0.007877590497493987,-0.007897431767335258,-0.0011221465835834499,-0.00264198785342472,-0.003955392511109365,-0.003975233780950635,0.0040960548182268006,0.0020762135483855305,0.008481037703173426,0.008461196433332156,-0.003528236886689351,-0.005048078156530621,-0.0015716400166620806,-0.0015914812865033504,0.012580926899765754,0.010061085629924485,0.000839826683959051,0.0008199854141177812,0.0251039762919536,0.022750801688778997,-0.0001372798016168325,-0.00015712107145810235,0.01580409761105589,0.015117589674547953,0.020678484237030226
2025-12-17,-0.0014505643428219667,-0.0014704056126632365,0.009361606102401332,0.0073417648325600614,0.0021844399392743977,0.0021645986694331276,0.007921046413254584,0.007901205143413314,-0.0037170847141521565,-0.0037369259839934266,0.009361606102401332,0.0073417648325600614,0.0009732720828914271,0.0009534308130501573,0.0010457418691133813,0.0010259005992721115,-0.001880432389927314,-0.0019002736597685838,0.004864488327363414,0.004844647057522145,0.003376434533668933,0.003356593263827663,-0.005709886428121647,-0.005729727697962916,0.00651065965406028,0.0064908183842190105,-0.004646767401099899,-0.00666660867094117,-0.0017523613804290017
2025-12-18,-0.00593229438551697,-0.00595213565535824,-0.029518774255806512,-0.029538615525647783,-0.008625803911638405,-0.008645645181479675,-0.029518774255806512,-0.030538615525647784,-0.006966477881207245,-0.006986319151048514,-0.029518774255806512,-0.029538615525647783,-0.0063890550293639325,-0.006408896299205202,-0.029518774255806512,-0.030538615525647784,-0.00514200628773781,-0.00516184755757908,-0.029518774255806512,-0.030538615525647784,-0.008269311951395221,-0.008289153221236491,-0.029518774255806512,-0.03153861552564778,-0.005418069010517293,-0.0054379102803585625,-0.029518774255806512,-0.03253861552564778,0.0046164880658488006
2025-12-19,0.00840998577459106,0.00839014450474979,,,0.0007261155156425697,0.0007062742458012999,,,0.0069570216994860115,0.006937180429644742,,,0.0018843977130510725,0.0018645564432098027,,,0.008407695043685166,0.008387853773843896,,,0.006373224847018487,0.006353383577177217,,,-0.0028270776435976377,-0.0028469189134389078,,,-0.015855610270401832
2025-12-22,0.0033054736451802735,0.0032856323753390035,,,-0.0013165515325534796,-0.0013363928023947494,,,0.00039280570683323385,0.00037296443699196403,,,0.011020647742834885,0.011000806472993615,,,0.0043605903772840765,0.004340749107442807,,,-0.0007417121305577021,-0.0007615534003989719,,,-0.003467615013165129,-0.003487456283006399,,,0.013574549196231134
2025-12-23,0.0024042146219294194,0.0023843733520881494,,,0.00730846519666116,0.00728862392681989,,,0.0005617595555553467,0.0005419182857140769,,,0.00021726646756979606,0.00019742519772852622,,,0.0024591729504877327,0.0024393316806464627,,,0.005482632752785738,0.005462791482944468,,,-0.00512236005619611,-0.005142201326037379,,,-0.007885597328785021
2025-12-24,0.0031108591215978226,0.0030910178517565526,,,-0.0044646363143913265,-0.004484477584232596,,,0.0009665096866833811,0.0009466684168421113,,,0.003719693095805575,0.003699851825964305,,,0.003362543254277095,0.003342701984435825,,,0.007676884947540312,0.007657043677699042,,,0.00364062428719987,0.0036207830173586,,,-0.0056882958049651045
2025-12-25,0.011085020234143657,0.011065178964302386,,,0.003210765052663052,0.003190923782821782,,,0.01192087306886818,0.01190103179902691,,,0.004211470483006699,0.004191629213165429,,,0.002928356853871668,0.002908515584030398,,,-0.001787877492346296,-0.0018077187621875657,,,0.005390633753484669,0.0053707924836434,,,0.00023527425665870183
2025-12-26,-0.006524250469029262,-0.006544091738870532,,,-3.8358387712579545e-05,-5.8199657553849386e-05,,,-0.005943280645245234,-0.005963121915086504,,,-0.0016220923319458097,-0.0016419336017870795,,,1.5605998589934833e-06,-1.8280669982276358e-05,,,-0.00699686239464508,-0.00701670366448635,,,-0.007726478323498619,-0.007746319593339888,,,-0.01671172779873842
2025-12-29,-0.007412321699387811,-0.007432162969229081,,,-6.884778865394459e-06,-2.67260487066643e-05,,,-0.005413922555105713,-0.0054337638249469826,,,0.00128603892144704,0.0012661976516057701,,,-0.0021110983040519907,-0.0021309395738932607,,,0.002040059809503676,0.002020218539662406,,,0.002725879597731802,0.002706038327890532,,,0.0029964703182183694
2025-12-30,0.0005129155739983932,0.0004930743041571233,,,-0.008059680751226414,-0.008079522021067684,,,0.0001811309639415809,0.00016128969410031106,,,-0.0026843230118989703,-0.0027041642817402403,,,-0.003803460816965247,-0.003823302086806517,,,-0.003906231268781188,-0.0039260725386224575,,,0.007436957710397742,0.007417116440556472,,,0.011122129002175019
2025-12-31,-0.005945432311048653,-0.005965273580889922,,,-0.010623941705261618,-0.010643782975102888,,,-0.00421405502291556,-0.004233896292756829,,,0.0033746957764595326,0.0033548545066182625,,,-0.009117357579974089,-0.00913719884981536,,,-0.003752020071231231,-0.003771861341072501,,,0.005363623459179019,0.0053437821893377495,,,0.0037022720584702906
2026-01-01,0.019198204862288286,0.019178363592447015,,,0.012247095873266563,0.012227254603425292,,,0.022137228408146137,0.022117387138304866,,,0.012454644909016495,0.012434803639175224,,,0.012410458515677576,0.012390617245836306,,,0.01137146499196437,0.011351623722123099,,,0.011274272193070721,0.01125443092322945,,,-0.01699787320596602
2026-01-02,0.011369665401845246,0.011349824132003975,,,-0.002733331445215516,-0.002753172715056786,,,0.006214367091385245,0.006194525821543975,,,0.008230456944238268,0.008210615674396998,,,0.011931848248183885,0.011912006978342615,,,0.011313671047675465,0.011293829777834195,,,0.002689949181384814,0.002670107911543544,,,-0.0008819022376262975
2026-01-05,-0.007485734913782328,-0.007505576183623598,,,-0.006145099417052331,-0.006164940686893601,,,-0.0011287950428117977,-0.0011486363126530675,,,-0.004512592601920974,-0.004532433871762244,,,-0.0055408860117782885,-0.005560727281619558,,,0.000758763134926399,0.0007389218650851292,,,0.0019655439768240107,0.001945702706982741,,,0.008642317932774368
2026-01-06,0.008097038928001662,0.008077197658160392,,,0.003893961755581203,0.003874120485739933,,,0.008437232402907467,0.008417391133066197,,,-0.0018795175211205883,-0.0018993587909618582,,,0.0027382004033970897,0.0027183591335558197,,,0.010496332139384904,0.010476490869543633,,,0.0027351286575593436,0.0027152873877180736,,,-0.020177876425624852
2026-01-07,-0.0015479901574860094,-0.0015678314273272792,,,-0.004179254798644096,-0.004199096068485365,,,-0.005795652067419783,-0.005815493337261053,,,-0.00046045806247947685,-0.00048029933232074666,,,-0.005305745919578261,-0.005325587189419531,,,-0.002827797678075443,-0.002847638947916713,,,-0.0036429601939409126,-0.0036628014637821826,,,-0.011342426151994767
2026-01-08,-0.006769917337870017,-0.006789758607711287,,,-0.003235684478849331,-0.003255525748690601,,,-0.009331243771754608,-0.009351085041595878,,,5.180738240062599e-05,3.196611255935615e-05,,,-0.006164624845676557,-0.006184466115517827,,,-0.0042434051997745845,-0.004263246469615854,,,-0.008262066873462183,-0.008281908143303453,,,0.010121979644896584
2026-01-09,-0.0010750871878640947,-0.0010949284577053645,,,-0.010839568307160145,-0.010859409577001416,,,0.001130136284882212,0.001110295015040942,,,0.0052645206947680295,0.00524467942492676,,,-0.002499734168411802,-0.002519575438253072,,,-0.003574379262898393,-0.003594220532739663,,,-3.002025545048581e-05,-4.986152529175565e-05,,,0.0034510497761701675
2026-01-12,-0.0022867057978596325,-0.0023065470677009025,,,-0.008222520399467047,-0.008242361669308317,,,-0.00306757266725443,-0.0030874139370957,,,-0.0114845385272982,-0.011504379797139471,,,-5.0866299094183554e-05,-7.07075689354534e-05,,,-0.003096273274843117,-0.003116114544684387,,,-0.002988837969089421,-0.003008679238930691,,,0.005011687403394305
2026-01-13,-0.0006981517792318467,-0.0007179930490731166,,,-0.0037058409129973532,-0.0037256821828386233,,,-0.001867779377833681,-0.0018876206476749508,,,0.0020691640475448136,0.0020493227777035436,,,0.0003150891480211346,0.00029524787817986477,,,0.0056479053434554324,0.005628064073614163,,,-0.00563922955245684,-0.005659070822298109,,,0.020934442883856486
2026-01-14,-0.005450607741096951,-0.0054704490109382204,,,0.0008236384203342065,0.0008037971504929367,,,-0.00043028324625970366,-0.00045012451610097347,,,-0.006157017925408723,-0.006176859195249992,,,-0.0033696389253017253,-0.0033894801951429953,,,0.0013066634314056885,0.0012868221615644187,,,-0.006098118920995363,-0.0061179601908366325,,,0.005634080563568178
2026-01-15,0.004142001541551345,0.004122160271710075,,,0.006551132439576883,0.006531291169735613,,,0.005657205580394321,0.005637364310553052,,,0.004726156280298266,0.004706315010456996,,,0.00873991231137692,0.00872007104153565,,,0.001048087578384406,0.0010282463085431362,,,-0.008119440350993892,-0.008139281620835163,,,0.00771676811476496
2026-01-16,0.00750957345914538,0.00748973218930411,,,0.0028298787224610433,0.0028100374526197733,,,0.004460396122915072,0.004440554853073803,,,-0.0008967283273398213,-0.0009165695971810911,,,0.0052178181325374245,0.005197976862696155,,,0.010906330523932674,0.010886489254091403,,,0.010281252115666564,0.010261410845825294,,,0.030298200799401487
2026-01-19,0.0030756042391639413,0.0030557629693226712,,,0.006393092638915063,0.006373251369073793,,,-0.002626611389852665,-0.002646452659693935,,,-0.001167700964448487,-0.0011875422342897568,,,-0.0014731727793698135,-0.0014930140492110833,,,0.011143790864790067,0.011123949594948796,,,-0.012382523502630291,-0.012402364772471561,,,-0.001871850138995379
2026-01-20,-0.005623987258128779,-0.005643828527970049,,,-0.019209426241659687,-0.019229267511500957,,,-0.001909087732520652,-0.0019289290023619219,,,-0.00541783990004166,-0.0054376811698829295,,,-0.01052109530082316,-0.01054093657066443,,,-0.009384251033871346,-0.009404092303712617,,,-0.0013593385216940784,-0.0013791797915353482,,,-0.008296710399803398
2026-01-21,-0.011836361548167237,-0.011856202818008508,,,-0.01946472381190656,-0.01948456508174783,,,-0.01154106233665636,-0.01156090360649763,,,-0.01531857533814071,-0.015338416607981981,,,-0.010210141595015362,-0.010229982864856633,,,-0.014272434305653676,-0.014292275575494947,,,-0.0008803621796862615,-0.0009002034495275313,,,0.005185760380718385
2026-01-22,0.008219011551316581,0.00819917028147531,,,0.004354327479817351,0.004334486209976081,,,0.002851702623604735,0.002831861353763465,,,0.011326380923343184,0.011306539653501913,,,0.011805806379698303,0.011785965109857032,,,0.012153829639263723,0.012133988369422453,,,0.008743212790516167,0.008723371520674896,,,0.0053089013232778814
2026-01-23,0.0024082113308084435,0.0023883700609671735,,,0.0024230903176172824,0.0024032490477760124,,,0.0006060472013984936,0.0005862059315572237,,,-0.0008642818329911844,-0.0008841231028324543,,,-0.005109523201285458,-0.005129364471126728,,,-0.0047658239542527625,-0.004785665224094032,,,0.002420924519290789,0.002401083249449519,,,-0.005313869311408426
2026-01-26,-0.010247766784982529,-0.0102676080548238,,,0.00029056603691782895,0.00027072476707655914,,,-0.01116325258972782,-0.011183093859569091,,,-0.007741439750727379,-0.007761281020568648,,,-0.0019162135220703244,-0.0019360547919115942,,,-0.008706914292053905,-0.008726755561895175,,,-0.01536065623038814,-0.01538049750022941,,,-0.010876367215103433
2026-01-27,-0.008880865005487265,-0.008900706275328536,,,-0.0004170388709546016,-0.00043688014079587144,,,-0.008204721197304476,-0.008224562467145747,,,-0.0001172035883204442,-0.00013704485816171404,,,-0.0016680805318692593,-0.0016879218017105291,,,-0.003104344490134754,-0.003124185759976024,,,0.002805207270768502,0.002785366000927232,,,0.025888288642990753
2026-01-28,0.0016498405327051505,0.0016299992628638807,,,0.008321742871537856,0.008301901601696585,,,0.0004953197432879045,0.00047547847344663464,,,0.00543396942540951,0.00541412815556824,,,0.001434136737850901,0.0014142954680096311,,,0.0034359358279711302,0.00341609455812986,,,0.0020671472573661615,0.0020473059875248914,,,0.0040752781742683375
2026-01-29,-0.0013491054690696822,-0.001368946738910952,,,-0.00021616780024173027,-0.0002360090700830001,,,0.0013431861870698905,0.0013233449172286207,,,0.0034032533331118733,0.0033834120632706033,,,-0.0008918405368722113,-0.0009116818067134811,,,-0.0033300402224441597,-0.0033498814922854297,,,-0.0034950547310234337,-0.0035148960008647037,,,-0.007575139195422853
2026-01-30,0.010366512489322105,0.010346671219480835,,,0.013043068783103295,0.013023227513262025,,,0.010818548523746079,0.010798707253904808,,,0.006798765202648008,0.006778923932806738,,,0.008226331511424927,0.008206490241583656,,,0.01435411868414517,0.0143342774143039,,,0.008784705534584339,0.008764864264743068,,,0.010555233325075575
2026-02-02,-0.005057323060328384,-0.005077164330169653,,,0.008171359852865323,0.008151518583024053,,,-0.007113200404162301,-0.0071330416740035705,,,0.008567371457163395,0.008547530187322124,,,-0.0024860984752929013,-0.0025059397451341714,,,0.0025232795511936773,0.0025034382813524073,,,-0.00018489764029911565,-0.0002047389101403855,,,-0.0007205966671747221
2026-02-03,0.005378397374204064,0.005358556104362794,,,0.003716622127756475,0.003696780857915205,,,0.00397868557721312,0.003958844307371851,,,0.001960656953061926,0.0019408156832206563,,,-0.0032114011428982306,-0.0032312424127395006,,,-0.008911739380855634,-0.008931580650696904,,,0.0071075612979051295,0.00708772002806386,,,-0.0023016959094961376
2026-02-04,0.0061842460776310865,0.006164404807789817,,,0.004169789607933794,0.004149948338092524,,,0.006579031262568105,0.006559189992726836,,,0.0026745220662787172,0.002654680796437447,,,-0.0010171066399455933,-0.0010369479097868631,,,0.004595619558788018,0.0045757782889467484,,,0.004306595284760954,0.004286754014919685,,,0.006665001591059427
2026-02-05,0.0024183707424350956,0.0023985294725938256,,,0.000770640995081423,0.0007507997252401532,,,0.0025861153783186264,0.0025662741084773563,,,-0.00950850369742267,-0.00952834496726394,,,-0.00448999233661726,-0.00450983360645853,,,-0.0034253488667201973,-0.0034451901365614673,,,-0.0026009991689596723,-0.0026208404388009423,,,-0.013730704950548511
2026-02-06,-0.0012443157429649979,-0.0012641570128062677,,,-0.0003601710024389512,-0.00038001227228022104,,,-0.003438314025965554,-0.003458155295806824,,,-0.001698466189339061,-0.0017183074591803308,,,-0.00012990738275427127,-0.0001497486525955411,,,0.0022381320724083192,0.002218290802567049,,,0.0016505877832734273,0.0016307465134321574,,,0.004358899243088965
2026-02-09,-0.005159624631082577,-0.005179465900923846,,,-0.01166877782718316,-0.011688619097024431,,,-0.00885712132996145,-0.00887696259980272,,,-0.005527285021548818,-0.005547126291390088,,,-0.010467957790262508,-0.010487799060103779,,,0.0015680386014421122,0.0015481973316008423,,,0.0016793439476401398,0.00165950267779887,,,0.0215225028850492
2026-02-10,0.01018854178107409,0.01016870051123282,,,0.001057442635125562,0.0010376013652842922,,,0.006059567673530379,0.0060397264036891095,,,0.011935167422529501,0.01191532615268823,,,0.009221288347700106,0.009201447077858835,,,0.0014644156178598017,0.0014445743480185319,,,0.0121863411229685,0.01216649985312723,,,0.005607954284170491
2026-02-11,-0.005224893844402542,-0.005244735114243812,,,-0.003435811776244399,-0.003455653046085669,,,-0.0045503422818302525,-0.004570183551671522,,,-0.0068115061038627744,-0.006831347373704044,,,-0.002504565357174006,-0.002524406627015276,,,-0.006002789327009206,-0.0060226305968504755,,,-0.0028773460339400828,-0.002897187303781353,,,-0.0036583331416182308
2026-02-12,-0.005138889332021328,-0.005158730601862597,,,-0.0012917211206151732,-0.001311562390456443,,,-0.0057246724829292175,-0.005744513752770487,,,-0.007400950095201107,-0.007420791365042377,,,-0.0029320583700098296,-0.0029518996398510996,,,0.004774247695627128,0.004754406425785858,,,-0.0026197424203483893,-0.0026395836901896594,,,-0.005098158084710702
2026-02-13,0.0038786555626822705,0.0038588142928410005,,,0.0005150067017937535,0.0004951654319524836,,,0.002540817946364106,0.002520976676522836,,,-0.0014666395724332176,-0.0014864808422744874,,,0.00416842425941754,0.00414858298957627,,,0.001215189081367106,0.0011953478115258361,,,0.0065591714978407226,0.006539330227999453,,,-0.004033739706796102
2026-02-16,0.005857074483822104,0.005837233213980835,,,0.007132197638651805,0.007112356368810535,,,0.005725257832120231,0.005705416562278962,,,0.0006836314330334464,0.0006637901631921766,,,0.001012381585210026,0.0009925403153687562,,,-0.0019309127343890356,-0.0019507540042303054,,,-0.0008965529887638088,-0.0009163942586050786,,,-0.0023135894585255556
2026-02-17,0.001071724131343231,0.0010518828615019612,,,0.0033756744016670004,0.0033558331318257304,,,0.0030746791607616647,0.0030548378909203947,,,-0.0029200038240116757,-0.0029398450938529458,,,0.00594373084034442,0.005923889570503151,,,0.002810235397919289,0.002790394128078019,,,-0.003114407927469025,-0.003134249197310295,,,-0.003675871860340907
2026-02-18,-0.00887155595463135,-0.00889139722447262,,,-0.0003251827394630466,-0.0003450240093043164,,,-0.007255675678871275,-0.007275516948712544,,,-0.002542376085175539,-0.0025622173550168092,,,-0.0046768434553245905,-0.00469668472516586,,,0.003167132658138172,0.003147291388296902,,,-0.007532634040840931,-0.007552475310682201,,,0.010559425851820237
2026-02-19,-0.0001406291067906143,-0.00016047037663188414,,,-6.799369869928129e-05,-8.783496854055113e-05,,,0.004926949449959708,0.004907108180118439,,,-0.013003332228603198,-0.013023173498444469,,,0.0008679485063958839,0.0008481072365546141,,,-0.002747635003020249,-0.002767476272861519,,,-0.0042399629719961016,-0.004259804241837371,,,-0.0185853001352988
2026-02-20,-0.0013601897473419639,-0.0013800310171832337,,,0.0006502048462718318,0.000630363576430562,,,-0.004685328548409723,-0.0047051698182509925,,,-0.0037456657265267715,-0.0037655069963680415,,,-0.008043852759200408,-0.008063694029041679,,,-0.005206939533135245,-0.005226780802976515,,,-0.010322259810688121,-0.010342101080529392,,,0.009962000554533557
2026-02-23,-0.008075762940160373,-0.008095604210001644,,,-0.008475074530523735,-0.008494915800365006,,,-0.008779328518322714,-0.008799169788163985,,,-0.00798611615671603,-0.008005957426557301,,,-0.012275429118451128,-0.012295270388292399,,,-0.013422101822561996,-0.013441943092403267,,,-0.0020854523583524603,-0.0021052936281937304,,,-0.0036965517765682465
2026-02-24,-0.007029899381000501,-0.007049740650841771,,,-0.010584887220221592,-0.010604728490062863,,,-0.006572203194769657,-0.006592044464610927,,,0.0060441368135343565,0.006024295543693087,,,-0.010459070706735074,-0.010478911976576345,,,-0.0009374217426394785,-0.0009572630124807483,,,-0.0046605270582885175,-0.004680368328129787,,,0.004626425642649146
2026-02-25,0.002417433370349574,0.002397592100508304,,,0.009850066073397556,0.009830224803556286,,,0.001451566195640852,0.0014317249257995823,,,0.005964932806887618,0.005945091537046349,,,0.003607158726874414,0.003587317457033144,,,0.004676422818936009,0.004656581549094739,,,-0.0032051871396716752,-0.0032250284095129453,,,-0.01191686701220962
2026-02-26,-0.006946513934947704,-0.006966355204788974,,,-0.0033688960191213813,-0.0033887372889626513,,,-0.009216155768043834,-0.009235997037885104,,,-0.00037239970646279347,-0.0003922409763040633,,,-0.010439906124736484,-0.010459747394577754,,,-0.0030638895241915445,-0.0030837307940328146,,,-0.010877298067389969,-0.01089713933723124,,,0.01509494173534387
2026-02-27,-0.005513608108899143,-0.0055334493787404125,,,0.000623147252217307,0.0006033059823760372,,,-0.0008674231922358722,-0.000887264462077142,,,-0.004230454752666264,-0.004250296022507534,,,-0.0022786234644132305,-0.0022984647342545006,,,-0.009653505586224423,-0.009673346856065693,,,-6.010650342051782e-05,-7.994777326178766e-05,,,0.014181984561890681
2026-03-02,-0.0011669571508545473,-0.0011867984206958171,,,0.0035779665517820455,0.0035581252819407755,,,-0.00042780160210395546,-0.00044764287194522527,,,-0.00976458088520718,-0.00978442215504845,,,0.001093970411622333,0.0010741291417810633,,,0.00047251346627781576,0.00045267219643654595,,,-0.007727165480494277,-0.007747006750335547,,,0.011035495783250804
