Date,llm_seasonal_gross,llm_seasonal_net,llm_event_time_gross,llm_event_time_net,lm_seasonal_gross,lm_seasonal_net,lm_event_time_gross,lm_event_time_net,llm_guidance_seasonal_gross,llm_guidance_seasonal_net,llm_guidance_event_time_gross,llm_guidance_event_time_net,llm_margins_seasonal_gross,llm_margins_seasonal_net,llm_margins_event_time_gross,llm_margins_event_time_net,llm_demand_seasonal_gross,llm_demand_seasonal_net,llm_demand_event_time_gross,llm_demand_event_time_net,llm_overall_seasonal_gross,llm_overall_seasonal_net,llm_overall_event_time_gross,llm_overall_event_time_net,llm_delta_seasonal_gross,llm_delta_seasonal_net,llm_delta_event_time_gross,llm_delta_event_time_net,market_SPY
2023-08-09,,,,,,,,,,,,,,,,,,,,,,,-0.014174734250918863,-0.015194575520760133,,,,,-0.006685211735051322
2023-08-10,,,,,,,,,,,,,,,,,,,,,,,-0.0006108359585927925,-0.0006306772284340623,,,,,0.00035884070728298134
2023-08-11,,,,,,,,,,,,,,,,,,,,,,,-0.01037756333221751,-0.01039740460205878,,,,,-0.0005831829382706433
2023-08-14,,,,,,,,,,,,,,,,,,,,,,,0.01649853467377671,0.01647869340393544,,,,,0.005520062860039143
2023-08-15,,,,,,,,,,,,,,,,,,,,,,,0.0029000761868640534,0.0028802349170227834,,,,,-0.011648845341397318
2023-08-16,,,,,,,,,,,,,,,,,,,,,,,-0.010099665612489317,-0.010619506882330586,,,,,-0.007338239833424187
2023-08-17,,,,,,,,,,,,,,,,,,,,,,,0.0008751068245507754,0.0008552655547095056,,,,,-0.0076198710531143465
2023-08-18,,,0.005182728291749372,0.004162887021908103,,,0.01390598706538948,0.01288614579554821,,,,,,,0.005182728291749372,0.004162887021908103,,,0.005182728291749372,0.004162887021908103,,,-0.0024123107406185396,-0.0024321520104598096,,,,,0.00048147724643343714
2023-08-21,,,0.0007610816164407286,0.0007412403465994588,,,-0.009165476147595553,-0.009185317417436823,,,,,,,0.0007610816164407286,0.0007412403465994588,,,0.0007610816164407286,0.0007412403465994588,,,0.020169059060365813,0.020149217790524542,,,,,0.006506163216661198
2023-08-22,,,0.0030691562937557038,0.0030493150239144337,,,-0.00046583545582923325,-0.00048567672567050306,,,,,,,0.0030691562937557038,0.0030493150239144337,,,0.0030691562937557038,0.0030493150239144337,,,-0.0031334441021398374,-0.0031532853719811074,,,,,-0.002708490407634656
2023-08-23,,,-0.0017614601904083482,-0.001781301460249618,,,-0.004195665049877784,-0.004215506319719053,,,,,,,-0.0017614601904083482,-0.001781301460249618,,,-0.0017614601904083482,-0.001781301460249618,,,0.004471113191894083,0.004451271922052813,,,,,0.011137709248336458
2023-08-24,,,0.0006399835123787057,0.0006201422425374358,,,0.006205778387996963,0.006185937118155693,,,,,,,0.0006399835123787057,0.0006201422425374358,,,0.0006399835123787057,0.0006201422425374358,,,-0.006555315042390153,-0.0065751563122314225,,,,,-0.01385915232896573
2023-08-25,,,-0.015024750255331565,-0.015544591525172834,,,-0.01622457697289248,-0.01674441824273375,,,,,,,-0.015024750255331565,-0.015544591525172834,,,0.0012776662756315282,0.0012578250057902584,,,0.003353066685856665,0.003333225416015395,,,,,0.007049859927363622
2023-08-28,,,0.007023806747244121,0.007003965477402852,,,0.005386767468822828,0.005366926198981559,,,,,,,0.007023806747244121,0.007003965477402852,,,0.002635181162543132,0.002615339892701862,,,0.004709313133597015,0.0046894718637557455,,,,,0.006341460281101607
2023-08-29,,,0.009555146305312068,0.009535305035470797,,,0.010542051229879612,0.010522209960038342,,,,,,,0.009555146305312068,0.009535305035470797,,,-0.008049050563514903,-0.008068891833356174,,,0.007631458556640491,0.007611617286799222,,,,,0.01445471910667595
2023-08-30,,,0.003010869335818067,0.002991028065976797,,,0.00439350300250263,0.0043736617326613604,,,,,,,0.003010869335818067,0.002991028065976797,,,0.0003013022828326495,0.00028146101299137967,,,0.0008990914894174695,0.0008792502195761997,,,,,0.004118846590038583
2023-08-31,,,0.018197047795281973,0.017177206525440702,,,0.006760530339058102,0.006740689069216832,,,0.011057354145704301,0.010037512875863032,,,0.007139693649577672,0.007119852379736402,,,0.01096873155709377,0.010948890287252499,,,0.005428083561638708,0.005408242291797438,,,,,-0.0014634738129720715
2023-09-01,,,0.00312337489075748,0.00310353362091621,,,-0.013633902938582132,-0.013653744208423402,,,0.009287304745871805,0.009267463476030535,,,-0.006163929855114325,-0.006183771124955595,,,0.0066787628068298854,0.006658921536988616,,,0.002555559397754925,0.002535718127913655,,,,,0.0018652880284513174
2023-09-05,0.002714735517416387,0.0006948942475751168,-0.005858063576158257,-0.005877904845999526,0.0017882565995661747,-0.00023158467027509537,0.0007011848591342851,0.0006813435892930153,-0.0034975997157669324,-0.005517440985608203,-0.00556837426617951,-0.0055882155360207795,-0.005813924190668408,-0.007833765460509678,-0.00028968930997874676,-0.00030953057982001657,-0.005653636638630043,-0.0076734779084713135,-0.00570566074158585,-0.005725502011427119,0.0018510816695759026,-0.00016875960026536746,0.010912526600867611,0.010892685331026341,,,,,-0.004322018229361846
2023-09-06,0.004999838298609715,0.004979997028768445,0.0004688307464257857,0.0004489894765845159,-0.0029243898243304584,-0.0029442310941717284,-0.004808732048649567,-0.004828573318490836,0.0057201100286048785,0.005700268758763609,0.00989438074842841,0.00987453947858714,-0.004461385827539003,-0.004481227097380272,-0.009425550002002625,-0.009445391271843896,-0.0035530630607861517,-0.0035729043306274217,0.0049762963814952155,0.004956455111653946,0.00638048273099016,0.00636064146114889,-0.008854169642155407,-0.008874010911996678,,,,,-0.006722524415292308
2023-09-07,-0.007471620636994766,-0.0074914619068360356,-0.024732720616511716,-0.024752561886352987,0.006428864046052462,0.006409022776211192,0.0005512106970346209,0.0005313694271933511,-0.0027735282812933046,-0.0027933695511345746,-0.01585422743580156,-0.01587406870564283,-0.003528233081330113,-0.0035480743511713832,-0.008878493180710156,-0.008898334450551427,-0.002104185558111476,-0.002124026827952746,-0.0034030393077637555,-0.0034228805776050255,0.008935063301306211,0.00891522203146494,-0.01049357169251941,-0.01151341296236068,,,,,-0.0030701695393151596
2023-09-08,-0.005215198540259746,-0.005235039810101015,-0.011602322206763716,-0.011622163476604986,-0.005946620298212234,-0.005966461568053504,-0.007822413310781207,-0.007842254580622477,-0.0018603533538757988,-0.0018801946237170686,-0.0018058349372831461,-0.001825676207124416,-0.004045185064359727,-0.004065026334200997,-0.00979648726948057,-0.00981632853932184,-0.004812967202282008,-0.004832808472123277,-0.0036192198560033306,-0.0036390611258446007,-0.0030102694781715244,-0.0030301107480127944,0.0006231192254020357,0.0006032779555607659,,,,,0.0015060827955775125
2023-09-11,-0.001635275715180122,-0.0016551169850213918,-0.015902075209671074,-0.015921916479512344,0.0005009344908295521,0.0004810932209882823,-0.009159077782702474,-0.009178919052543744,-0.0024382490188387985,-0.0024580902886800686,-0.00650268080974481,-0.006522522079586079,0.0019133281362447977,0.001893486866403528,-0.009399394399926264,-0.009419235669767535,-0.0022590102232803444,-0.0022788514931216144,-0.003576656323245553,-0.003596497593086823,-0.0021847166575743593,-0.0022045579274156293,0.00761075048901827,0.007590909219177,,,,,0.0065766552261130595
2023-09-12,-0.006753974173719418,-0.006773815443560687,-0.01302330308334071,-0.01304314435318198,-0.008779241664542112,-0.008799082934383383,0.002624417763844311,0.002604576494003041,-0.0008246152559148796,-0.0008444565257561494,-0.011141392668489014,-0.011161233938330285,-0.008136592115299232,-0.008156433385140502,-0.0018819104148516952,-0.001901751684692965,-0.0036361132809895487,-0.0036559545508308188,-0.002431694105558102,-0.002451535375399372,-0.000663929989114403,-0.0006837712589556728,0.0008793433727897204,0.0008595021029484506,,,,,-0.005485525593879381
2023-09-13,-0.004520263944917434,-0.004540105214758704,0.008193899807706498,0.007840725204531895,-0.007966498309702863,-0.007986339579544133,0.005808708673702756,0.005788867403861486,-0.008263172410407181,-0.008283013680248452,-0.0013403766503541359,-0.0013602179201954057,-0.002786826318930063,-0.002806667588771333,0.009534276458060634,0.00918110185488603,0.0007677474932451154,0.0007479062234038456,0.008031232768128616,0.0075113914982873455,-0.0035405947866268394,-0.0035604360564681094,0.0023917940492979017,0.0023719527794566317,,,,,0.0011659429869188553
2023-09-14,-0.0007009847219077046,-0.0007208259917489744,0.00818548381010568,0.00816564254026441,-0.005778352771245264,-0.005798194041086534,-0.005470644097792854,-0.0054904853676341235,0.0016244161063787453,0.0016045748365374755,0.010146883047423505,0.010127041777582235,-0.002545325557228713,-0.002565166827069983,-0.001961399237317825,-0.001981240507159095,0.00155069754918972,0.0015308562793484501,0.00031385076382350885,0.00029400949398223904,-0.00033279215931091184,-0.00035263342915218166,0.0,0.0,,,,,0.008622410629380184
2023-09-15,-0.0035731986905228608,-0.003593039960364131,0.0004740736475652794,0.00045423237772400957,-0.0002752363382396844,-0.0002950776080809542,-0.00823698280639612,-0.00825682407623739,0.000208201358938509,0.00018836008909723915,0.0019370280188545363,0.0019171867490132665,-0.003685664139404349,-0.003705505409245619,-0.001462954371289257,-0.0014827956411305268,0.000182875143113043,0.00016303387327177315,0.010221065191129364,0.010201223921288093,-0.001351542502481682,-0.0013713837723229518,0.0,0.0,,,,,-0.012048338042223716
2023-09-18,0.006074705452114403,0.006054864182273133,-0.013028023635699881,-0.01354786490554115,-0.0015847275276283934,-0.0016045687974696632,0.0035023248180248157,0.002482483548183546,0.004177469341229633,0.004157628071388363,-0.0057311054394499905,-0.00575094670929126,-0.0017512515087170345,-0.0017710927785583044,-0.007296918196249891,-0.00781675946609116,-0.0037431155243736994,-0.0037629567942149694,-0.015510722569581414,-0.016530563839422686,0.0008431066084109644,0.0008232653385696946,0.0,0.0,,,,,0.0005865320730911172
2023-09-19,0.0018763959201163224,0.0018565546502750526,-0.0009145395052366223,-0.0009343807750778921,0.0006738183481968959,0.0006539770783556261,0.005707569548056235,0.005687728278214965,-0.00015055949770264535,-0.0001704007675439152,-0.0004119063586185412,-0.000431747628459811,0.006392434499789027,0.006372593229947757,-0.0005026331466180811,-0.0005224744164593509,-6.694453886526858e-05,-8.678580870653843e-05,0.007064683422627449,0.0070448421527861795,-0.0057662474518785055,-0.005786088721719775,0.0,0.0,,,,,-0.0020739851178942503
2023-09-20,-0.006902640733540608,-0.006922482003381878,-0.018651631157556747,-0.018671472427398018,-0.005069058957441326,-0.005088900227282596,-0.01097935466038008,-0.010999195930221351,0.004289318877245461,0.004269477607404191,-0.013570797832928028,-0.013590639102769298,0.0004910292132222788,0.000471187943381009,-0.00508083332462872,-0.005100674594469989,-0.0041384285695501314,-0.004158269839391401,0.010080084034673087,0.010060242764831816,-0.0019070356648050518,-0.0019268769346463216,0.0,0.0,,,,,-0.009193290985454183
2023-09-21,-0.003288928573197552,-0.003308769843038822,-0.022031009151050662,-0.022050850420891933,-0.0076655916437037026,-0.007685432913544972,-0.01837457909479051,-0.01839442036463178,-0.0044637598962863,-0.004483601166127569,-0.008855185595679549,-0.00887502686552082,-0.006815262559435849,-0.006835103829277119,-0.013175823555371113,-0.013195664825212384,-0.012947990777218431,-0.012967832047059702,-0.013949235348289846,-0.013969076618131116,-0.005558556587271531,-0.005578397857112801,0.0,0.0,,,,,-0.01652828290683661
2023-09-22,0.0019373671181853612,0.0019175258483440914,0.012576746063723832,0.012556904793882561,0.00705734743721837,0.007037506167377101,0.008523946782346636,0.008504105512505366,-0.002478628663304962,-0.002498469933146232,0.004927043427679911,0.004907202157838642,0.008906492659359166,0.008886651389517896,0.00764970263604392,0.007629861366202651,-0.0013166117377512413,-0.001336453007592511,-0.0014069270337681017,-0.0014267683036093715,5.151168767313259e-05,3.167041783186275e-05,0.0,0.0,,,,,-0.002248583247313918
2023-09-25,0.003472133619809581,0.003452292349968311,-0.005199957799580046,-0.006219799069421316,0.00032958153156900996,0.00030974026172774015,-0.00673978125076502,-0.00775962252060629,0.0002796261693833982,0.0002597848995421284,0.005700331028838268,0.0056804897589969984,-0.00011168088368251894,-0.00013152215352378878,-0.010900288828418314,-0.011920130098259584,-0.0031687277997277294,-0.0031885690695689995,-0.010900288828418314,-0.010920130098259585,-0.003478771003089489,-0.003498612272930759,0.0,0.0,,,,,0.004205138535487318
2023-09-26,0.003978412482550153,0.003958571212708884,-0.023841649931865216,-0.023861491201706487,-0.000866450560557095,-0.0008862918303983649,0.004331509722590665,0.0043116684527493955,0.004852308260221034,0.004832466990379764,-0.006953746454896215,-0.006973587724737484,-0.00047696982451756603,-0.0004968110943588358,-0.016887903476969002,-0.016907744746810272,-0.0006260671524702787,-0.0006459084223115485,-0.016887903476969002,-0.016907744746810272,0.007842234478292392,0.007822393208451121,0.0,0.0,,,,,-0.014691201370980678
2023-09-27,0.020536366463081296,0.020516525193240025,0.009531996278455246,0.009512155008613975,0.0010319596982235118,0.001012118428382242,-0.007706964081135803,-0.007726805350977073,0.013784967197932936,0.013765125928091666,0.012409979466616261,0.01239013819677499,-0.00928220000835758,-0.00930204127819885,-0.002877983188161015,-0.002897824458002285,-0.005987116953549526,-0.006006958223390795,-0.002877983188161015,-0.002897824458002285,0.0065475469748223925,0.006527705704981123,0.0,0.0,,,,,0.0003990798649384786
2023-09-28,0.01067590399293963,0.01065606272309836,0.010831522175989594,0.010311680906148325,0.0055004669164922465,0.005480625646650977,-0.004931041237652645,-0.005950882507493914,0.009526877080862035,0.009507035811020765,0.0020046155469952698,0.001484774277154,-0.0017562710856984859,-0.0017761123555397557,0.008826906628994324,0.008807065359153054,-0.0021731889029665214,-0.0021930301728077914,0.008826906628994324,0.008807065359153054,0.007280439465119298,0.007260598195278028,0.0,0.0,,,,,0.005797384548081874
2023-09-29,-0.0060353017243795675,-0.006055142994220837,0.004286947218164583,0.0032671059483233133,-0.0002563741692151022,-0.000276215439056372,0.016816947631072665,0.016797106361231395,-0.008733948299857087,-0.008753789569698358,0.004027011940306302,0.0030071706704650324,-0.0023385746444187783,-0.0023584159142600483,0.00025993527785828086,0.00024009400801701101,0.002046154786311624,0.002026313516470354,0.00025993527785828086,0.00024009400801701101,-0.007696560411892693,-0.007716401681733963,0.0,0.0,,,,,-0.002426767026894705
2023-10-02,0.011025321359669174,0.011005480089827904,-0.0037811757607841834,-0.0038010170306254534,0.012857327869855446,0.012837486600014176,-0.005770525171242991,-0.006290366441084261,0.0036798654679656645,0.0036600241981243945,-0.011637440145216615,-0.011657281415057886,-0.0010661386320783839,-0.0010859799019196537,0.018544190726521803,0.017524349456680532,-0.0058612866595790306,-0.0058811279294203,0.007856264384432432,0.007836423114591162,-0.00040418308102706333,-0.00042402435086833314,0.0,0.0,,,,,-0.0003978082203137667
2023-10-03,-0.000160631830427237,-0.00018047310026850685,-0.009548307891008911,-0.009568149160850182,0.0005681608815359084,0.0005483196116946385,0.00024873088047649983,0.00022888961063522999,-0.0010280024894865469,-0.0010478437593278167,-0.002411522943555844,-0.002431364213397114,0.0020502766986861326,0.0020304354288448625,-0.02612773208150776,-0.02614757335134903,0.00019628461419361927,0.00017644334435234943,-0.007136784947453068,-0.007156626217294337,-0.0029190513697464997,-0.0029388926395877697,0.0,0.0,,,,,-0.013386160539729741
2023-10-04,0.004343798595967377,0.004323957326126108,0.012529348344881175,0.012509507075039904,0.00695243094282917,0.0069325896729879,0.0034748274536422485,0.0034549861838009785,0.005998249782251867,0.005978408512410598,-0.004681822965194593,-0.004701664235035863,-0.0026335417799680703,-0.0026533830498093403,0.016080012427037493,0.016060171157196223,-0.006293216455450643,-0.006313057725291913,0.017211171310075768,0.017191330040234497,0.006336178002472066,0.006316336732630797,0.0,0.0,,,,,0.0072819807960526894
2023-10-05,-0.009486432587742904,-0.009506273857584175,0.01584752634954123,0.01582768507969996,-0.0012070952835324662,-0.001226936553373736,0.001556537744370201,0.0015366964745289313,-0.010592921901570462,-0.010612763171411733,0.003610869207602896,0.003591027937761626,-0.005699876167217233,-0.005719717437058502,0.012902739846781586,0.012882898576940315,-0.002445940683291058,-0.002465781953132328,0.012236657141938334,0.012216815872097064,-0.006220387599912539,-0.0062402288697538085,0.0,0.0,,,,,-0.0003766793247312883
2023-10-06,0.008974958767334007,0.008955117497492737,0.022706947447365955,0.022187106177524684,0.0008286948702038851,0.0008088536003626153,0.03785684040396098,0.03783699913411971,0.010215937590025877,0.010196096320184606,0.019720202759318572,0.0192003614894773,0.011219741031536296,0.011199899761695026,0.0010793596964204788,0.001059518426579209,0.005831179872715456,0.005811338602874186,0.0029867446880473825,0.0029669034182061124,0.005265318738986797,0.005245477469145527,0.0,0.0,,,,,0.011872739817849531
2023-10-09,0.014020737523100785,0.014000896253259515,-0.0009519812156847385,-0.0009718224855260083,-0.007306247339730659,-0.007326088609571928,-0.0012891895389458563,-0.0013090308087871261,0.015990067797308976,0.015970226527467705,0.0021764380818721785,0.0021565968120309084,0.005585767359481143,0.005565926089639873,0.0056423902668440995,0.00562254899700283,0.00556436155416498,0.00554452028432371,-0.003128419297556917,-0.003148260567398187,0.006507641090312655,0.006487799820471385,0.0,0.0,,,,,0.0064021834492535845
2023-10-10,-0.004221186296005566,-0.004241027565846835,-0.007582517994647153,-0.007602359264488423,-0.0015683252744011192,-0.001588166544242389,0.0014775711137808845,0.0014577298439396146,-0.001501757239477838,-0.0015215985093191078,0.0031515535837313147,0.0031317123138900446,0.00651797621706708,0.00649813494722581,-0.013167897482929791,-0.013187738752771062,0.007351812719326119,0.007331971449484849,-0.010734071578378468,-0.010753912848219738,0.002529148755229014,0.002509307485387744,0.0,0.0,,,,,0.005204807868341987
2023-10-11,-0.00027174143715706124,-0.00029158270699833106,-0.0004658632416625341,-0.00048570451150380394,0.009592170688429448,0.009572329418588177,0.018531755868753497,0.017678581265578894,0.002265239880433996,0.002245398610592726,-0.0004658632416625341,-0.00048570451150380394,0.018533673197825805,0.018513831927984534,-0.006454548375451674,-0.006474389645292944,0.010013330582275529,0.009993489312434259,0.0,0.0,0.0011891512530367203,0.0011693099831954505,0.0,0.0,,,,,0.004096379540939221
2023-10-12,-0.003488652234211083,-0.003508493504052353,-0.0060459935646962615,-0.006065834834537531,-0.001334383449235828,-0.0013542247190770978,0.01726202535470628,0.017242184084865008,-0.009146577374513779,-0.00916641864435505,-0.0060459935646962615,-0.006065834834537531,-0.006808489419754957,-0.006828330689596227,-0.012178536134298423,-0.012198377404139694,-0.007291965256235298,-0.007311806526076567,0.0,0.0,-0.003967499481900635,-0.003987340751741905,0.0,0.0,,,,,-0.006096511134232041
2023-10-13,-0.002033910590470274,-0.002053751860311544,-0.006548408411347073,-0.006568249681188343,-0.00995398926138037,-0.00997383053122164,-0.013733140791751586,-0.013752982061592856,0.0008323767047676814,0.0008125354349264116,-0.006548408411347073,-0.006568249681188343,-0.005086341789972322,-0.005106183059813592,-0.011630622600897422,-0.011650463870738693,-0.009349658025211188,-0.009369499295052458,0.0,0.0,0.001845500995505795,0.001825659725664525,0.0,0.0,,,,,-0.0049808392494131715
2023-10-16,-0.0019705053343196995,-0.0019903466041609696,0.0033752599963415104,0.0030220853931669073,-0.0005173910587307692,-0.000537232328572039,0.0030811665986579338,0.0018946586621499976,-0.0004118596790546481,-0.0004317009488959179,0.0033752599963415104,0.0030220853931669073,-0.002504255305824727,-0.002524096575665997,-0.010797897669352574,-0.010817738939193845,0.002655332318802772,0.002635491048961502,0.0,0.0,-0.0021624272603968982,-0.0021822685302381683,0.0,0.0,,,,,0.010521369152287185
2023-10-17,-0.00203227650612862,-0.00205211777596989,-0.0023478209493981994,-0.0026176622192394692,-0.010094950507257838,-0.010114791777099109,0.004596628539495954,0.004376787269654684,0.0008874332936996934,0.0008675920238584236,-0.0023478209493981994,-0.0026176622192394692,-0.006711411664964596,-0.006731252934805866,-0.009551931888433174,-0.009571773158274444,-0.0004976252551913449,-0.0005174665250326147,0.0,0.0,-0.0027258863294828835,-0.0027457275993241536,0.015583776905335855,0.014563935635494586,,,,,-4.5865141389489494e-05
2023-10-18,0.0021253747629012866,0.0021055334930600166,-0.0007141813454211166,-0.0007340226152623864,-0.008972122910876628,-0.008991964180717899,-0.0005760074861041915,-0.0008458487559454613,-0.005369664879662369,-0.005389506149503638,0.0010688906792451162,0.0008490494094038463,-0.0037205870431640514,-0.0037404283130053214,-0.020702925537508854,-0.020722766807350124,-0.013000375712012673,-0.013020216981853943,0.0,0.0,0.00016765379838354702,0.00014781252854227718,0.027591144229232367,0.027571302959391097,,,,,-0.013324942724003419
2023-10-19,-0.0005592399215422882,-0.000579081191383558,0.008447470677726804,0.007427629407885534,0.017867118052091388,0.017847276782250118,-0.0008602038269439512,-0.000880045096785221,-0.003946763225631675,-0.003966604495472944,0.0030101124952432116,0.0029902712254019415,-0.0039510969640904866,-0.003970938233931756,0.0013109974961735826,0.0002911562263323128,-0.010522187313122327,-0.010542028582963598,0.0,0.0,-0.008301185440199298,-0.008321026710040568,-0.0017824447628466134,-0.0018022860326878832,,,,,-0.00878649691477773
2023-10-20,-0.0001503339725632928,-0.00017017524240456265,0.012563567948140342,0.012043726678299073,-0.001511837592451203,-0.0015316788622924727,0.012085338642554965,0.011865497372713696,0.00724968203905464,0.0072298407692133705,-0.001783937873391683,-0.0018037791432329528,0.000305880652851951,0.0002860393830106812,-0.002239673644829132,-0.0032595149146704017,-0.0006197829658688182,-0.000639624235710088,-0.017089975510564792,-0.018109816780406063,0.003111038329150594,0.003091197059309324,-0.006032322961256387,-0.006552164231097657,,,,,-0.012287992776404688
2023-10-23,0.006275816930176673,0.006255975660335403,0.009421436404443003,0.008868261801268401,0.016334337107702133,0.016314495837860862,0.004920645876575454,0.004734137940067518,-0.0023561646190541044,-0.0023760058888953745,0.0006043133662199107,0.0004178054297119742,0.014213730048363545,0.014193888778522274,0.015458035537763815,0.015438194267922544,0.0029200382236845976,0.0029001969538433275,0.015206330989059325,0.015186489719218054,0.0003521827204156563,0.0003323414505743865,0.003637029808027048,0.003617188538185778,,,,,-0.0017331759508294464
2023-10-24,-0.00759870088365602,-0.007618542153497289,0.0010456622457164352,0.0010258209758751654,-0.0012325823949841143,-0.001252423664825384,0.005845824870996112,0.005825983601154843,-0.005892707858464852,-0.005912549128306121,0.009287910893011156,0.009268069623169886,0.00686750160613778,0.006847660336296511,0.008430975461584167,0.008411134191742897,0.007645066087588612,0.007625224817747343,0.01870600837912495,0.01868616710928368,-0.006773347028168181,-0.006793188298009451,0.019769932184275696,0.019750090914434425,,,,,0.007539373672874605
2023-10-25,0.0022054622323498404,0.0021856209625085703,0.0045175309941766165,0.004247689724335347,-0.018145986588695324,-0.018165827858536595,-0.007315902550724729,-0.007502410487232665,0.002934535070622456,0.002914693800781186,-0.012515877461951966,-0.012535718731793237,0.007758561501786468,0.0077387202319451984,0.013039480965118644,0.01268630636194404,0.005460335425379356,0.0054404941555380865,-0.01328130667118077,-0.01330114794102204,0.004605694468915394,0.004585853199074124,-0.018746151796145638,-0.01876599306598691,,,,,-0.014352274963949196
2023-10-26,-0.008533910477479756,-0.008553751747321026,-0.008408687253462426,-0.008828528523303696,-0.005432625815547068,-0.005452467085388338,-0.01402588870169234,-0.014379063304866943,-0.0035900423402583804,-0.0036098836100996504,-0.007598093572124616,-0.007951268175299219,-0.0033216932561573502,-0.0033415345259986203,0.014981837737647682,0.014961996467806412,-0.002293320313820445,-0.002313161583661715,0.0025464708212621368,0.0025266295514208667,-0.005716653604540335,-0.005736494874381604,-0.011710494867963106,-0.011730336137804376,,,,,-0.011974642931195656
2023-10-27,0.008335355616003922,0.008315514346162652,0.015190893417464713,0.014804385480956776,0.018762441263298513,0.018742599993457242,0.004028795094152592,0.0038660966814541794,-0.0014581739941968985,-0.0014780152640381683,0.01759682644492663,0.017434128032228217,-0.004056962048436,-0.0040768033182772695,0.00924032066194193,0.008487146058767327,-0.007158536559021458,-0.007178377828862727,-0.00196153106678032,-0.00198137233662159,0.005160152548003321,0.005140311278162051,0.01570859403616805,0.015355419432993447,,,,,-0.004532642265123066
2023-10-30,-0.006481460931995716,-0.006501302201836986,-0.008791443137867455,-0.009061284407708724,-0.0006476783228983353,-0.0006675195927396051,-0.003554238266588551,-0.003899079536429821,-0.007306868201361097,-0.007326709471202367,-0.00906048621006635,-0.00930254970212984,-0.003479512692366942,-0.003499353962208212,-0.008677160096080085,-0.009197001365921354,-0.0018925107712333637,-0.0019123520410746335,-0.00827035157634537,-0.00829019284618664,-0.008766540558720145,-0.008786381828561415,-0.009422673841674944,-0.009442515111516215,,,,,0.01195574241713837
2023-10-31,0.0004807837815572237,0.0004609425117159539,0.00031352930485839016,0.00029368803501712035,-0.0029540077941275773,-0.0029738490639688473,0.0036007088551579473,0.0034142009186500107,-0.008800188901021546,-0.008820030170862816,0.000708203813757185,0.0006883625439159152,-0.0011481984140368435,-0.0011680396838781133,-0.0038112784331577974,-0.0039977863696657335,-0.0021934111966898837,-0.0022132524665311537,-0.0010301640850121085,-0.002050005354853378,-0.00888034683688885,-0.008900188106730121,-0.002693002469724851,-0.002712843739566121,,,,,0.006280381790441103
2023-11-01,0.005163636055968443,0.005143794786127173,-0.0006065236116648666,-0.0007374759926172475,0.009030378390865179,0.009010537121023909,-0.005086897258018373,-0.005106738527859643,0.00240475472205189,0.00238491345221062,0.004777568005119426,0.004657726735278156,0.0037003656581417526,0.0036805243883004826,0.010202957588165213,0.00984978298499061,0.001178080737028828,0.001158239467187558,-0.0005219249123809,-0.0005417661822221698,0.0010942646806706546,0.0010744234108293847,0.014109249256491402,0.013839407986650131,,,-0.014904841386860435,-0.015924682656701706,0.010664615580186165
2023-11-02,-0.007553953854016866,-0.007573795123858136,0.0066205343535018085,0.006600693083660539,-0.0058013933141111,-0.00582123458395237,0.007586909726789933,0.0075670684569486635,-0.004678380764116655,-0.004698222033957924,0.007892435321277813,0.007872594051436543,0.0005492613527274953,0.0005294200828862255,0.0034569237995242634,0.0034370825296829934,0.000976571144090839,0.0009567298742495691,0.0001752961642706996,0.00015545489442942976,0.004497447555515056,0.004477606285673786,0.010798791162371313,0.010778949892530042,,,-0.012281204020611725,-0.012301045290452995,0.019164387972748553
2023-11-03,0.0011526533696801042,0.0011328120998388344,0.0022850584091409724,0.001798550472633036,0.005687513464891714,0.005667672195050444,-0.0008767409488170735,-0.0010076933297694544,-0.0016381367360983365,-0.0016579780059396063,0.000938121086412275,0.0006455525438437325,-0.0015235686299172784,-0.0015434098997585482,0.00034435885743175354,0.00018166044473334086,0.006259074094055794,0.006239232824214525,0.011609079534814049,0.01108923826497278,0.0031935031381894827,0.0031736618683482127,-0.0057428224974705455,-0.005762663767311815,,,0.03363597698477583,0.03186613571493456,0.009123189169152113
2023-11-06,-0.0008466674250988927,-0.0008665086949401625,-0.0030839979957281716,-0.0031038392655694416,0.004422390140166765,0.004402548870325496,-0.0014360628959151295,-0.0014559041657563993,7.850211731319501e-05,5.8660847471925167e-05,-0.0019873486042039194,-0.0020071898740451895,0.006043932177969366,0.006024090908128096,0.0036138274758018988,0.0035939862059606287,0.0010049099877196019,0.000985068717878332,0.004090516793574084,0.004070675523732814,0.0022895159250807292,0.002269674655239459,0.0034695760535434494,0.0034497347837021794,,,0.00817647178471495,0.00815663051487368,0.002300670495051005
2023-11-07,-0.00586768922616876,-0.005887530496010029,-0.013746778062984084,-0.013766619332825355,-0.0030724247680340927,-0.0030922660378753628,-0.010720392660655985,-0.010740233930497256,-0.004027449881766682,-0.004047291151607952,2.849817365778006e-06,-1.6991452475491835e-05,-0.005456602205533407,-0.005476443475374676,0.000723836240552775,0.0007039949707115052,-0.006593072637489354,-0.006612913907330624,0.005802206973099744,0.005782365703258474,-0.004294325959579867,-0.004314167229421136,0.00444404394819925,0.00442420267835798,,,0.0061909528279040504,0.006171111558062781,0.0028459228110255808
2023-11-08,0.004994298995915759,0.004974457726074489,0.0012519400749254098,0.00123209880508414,0.003270006778884029,0.003250165509042759,0.0014357144003403321,0.0010908731304990623,0.0077880469519647656,0.007768205682123496,0.0014553048278670635,0.0014354635580257936,0.00870373105829599,0.00868388978845472,0.005655753064156407,0.0056359117943151375,0.0031628451665441557,0.0031430038967028857,-0.0019968782235652016,-0.0020167194934064716,0.004897240083093347,0.0048773988132520775,0.006738697871063737,0.006718856601222467,,,0.0023970430633167283,0.0023772017934754583,0.0007325647595575191
2023-11-09,0.012091846572865526,0.012072005303024255,0.012052473662406468,0.012032632392565197,0.007169450460003243,0.007149609190161973,0.0055553656652476665,0.005535524395406397,0.0054420085567653195,0.00542216728692405,0.009909309932282399,0.009889468662441128,-0.005884084088278662,-0.005903925358119931,0.010523092938901885,0.010503251669060614,-0.014160415135973164,-0.014180256405814435,3.469388243931837e-05,1.4852612598048527e-05,0.0017339739228486011,0.0017141326530073313,0.009813469301863165,0.009793628032021894,,,-0.0007309474162694451,-0.000750788686110715,-0.00779872697240247
2023-11-10,0.007494522978226392,0.007474681708385123,0.008508723744273555,0.008488882474432285,0.005152990633374611,0.0051331493635333415,0.0003611787558133687,0.00034133748597209887,0.0009470325067221343,0.0009271912368808645,0.008935270477879514,0.008915429208038244,0.0012867732193674684,0.0012669319495261986,0.016650230157548795,0.016630388887707525,-0.0020192446035062457,-0.0020390858733475158,0.005926040986476644,0.005906199716635374,0.002671496372402358,0.002651655102561088,0.017873234429290313,0.017853393159449043,,,0.007857495547213544,0.007837654277372274,0.015604733097510426
2023-11-13,0.004967591197509829,0.00494774992766856,0.003811682054796305,0.003680729673843924,0.001656296509652439,0.0016364552398111692,0.0010956510702338864,0.0004924764670592834,0.006872466404859081,0.006852625135017811,0.00251832333167592,0.00239848206183465,0.00205802036357018,0.00203817909372891,0.007361958986206476,0.007342117716365206,-0.002576047246672597,-0.002595888516513867,0.008585038474052897,0.008565197204211627,0.009657520671837696,0.009637679401996425,0.009889146914917268,0.009869305645075998,,,-0.013386227159662534,-0.013406068429503804,-0.0009532497535900131
2023-11-14,-0.002637220889484926,-0.002657062159326196,0.0018530983183132795,0.0017082570484720095,0.0007993598465987229,0.0007795185767574531,0.01662931967086608,0.016409478401024812,-0.002171298144994319,-0.002191139414835589,0.005833829779064844,0.005702877398112463,0.004669136299827729,0.00464929502998646,-0.008924436954564328,-0.008944278224405598,0.010381064020331872,0.010361222750490602,-0.01568909246750605,-0.01570893373734732,-0.004546103593528212,-0.0045659448633694815,-0.005895000355806184,-0.006248174958980788,,,0.005578161392757103,0.005558320122915833,0.01940071204308924
2023-11-15,-0.007690373373375747,-0.007710214643217017,-0.002213094160231293,-0.002344046541183674,-0.0015307711735397613,-0.0015506124433810311,0.004361167845578107,0.0038413265757368366,-0.0051704978285092755,-0.005190339098350545,-0.001315677364363826,-0.001557740856427318,-0.016081323964231946,-0.016101165234073216,-0.02173084758098935,-0.021750688850830622,0.0018130128704183144,0.0017931716005770446,-0.011070688812045315,-0.011090530081886586,-0.006213705764545237,-0.0062335470343865065,-0.01933829319535224,-0.01960813446519351,,,0.011704277761336285,0.011684436491495014,0.0021171954378080837
2023-11-16,-0.009380780450287514,-0.009400621720128784,0.0020235276985402146,0.0018036864286989447,-0.0023270489905753795,-0.0023468902604166495,0.0009521459648807832,0.0009323046950395134,-0.0013426965362991852,-0.001362537806140455,-0.0003951554626515888,-0.00041499673249285863,-0.0037683783438334905,-0.0037882196136747605,0.01704488214002579,0.016858374203517854,-0.005419136523023296,-0.005438977792864566,0.010290954926750584,0.010271113656909314,0.007058543410464067,0.007038702140622797,0.005094823695252354,0.005074982425411084,,,0.01601288154128097,0.0159930402714397,0.0012229624768878011
2023-11-17,-0.005015046151229151,-0.005034887421070421,-0.00458156447875075,-0.0050014057485920195,-0.006890771295837669,-0.006910612565678939,0.004231267540348527,0.0037114262705072567,0.0011566410306419594,0.0011367997608006896,-0.0032047848747285895,-0.0032246261445698595,-0.004761153067498297,-0.004780994337339566,-0.00906998583069557,-0.009923160433870173,0.001811651873585193,0.0017918106037439231,-0.009562518789682395,-0.009582360059523665,0.001987373082833921,0.001967531812992651,-0.003766240787489439,-0.004119415390664042,,,-0.026781911919880025,-0.026801753189721295,0.0012439596023434696
2023-11-20,0.0036733917658571874,0.0036535504960159173,-0.002632076384636195,-0.003026917654477465,0.002559834249238212,0.002539992979396942,-0.0040610999306549544,-0.005080941200496224,-0.0009195373457468643,-0.0009393786155881341,0.002079011850947554,0.0019341705811062842,0.002960605228620295,0.002940763958779025,-0.0022422572539723866,-0.0022620985238136567,-0.0007736144479812226,-0.0007934557178224924,-0.007765022055134407,-0.007784863324975677,-0.000429218809202523,-0.0004490600790437928,0.0024494698481835426,0.0024296285783422726,,,-0.011703377043218804,-0.011723218313060075,0.0076975060392106
2023-11-21,-0.0015423910225464842,-0.001562232292387754,-0.0013047215322241762,-0.001324562802065446,0.002887428175504951,0.002867586905663681,0.006772353433372033,0.006752512163530763,0.0014750257899488843,0.0014551845201076145,0.0006844725054706707,0.0006646312356294009,0.0064174488225226594,0.00639760755268139,-0.006438336616645039,-0.006458177886486309,0.0010390868496264285,0.0010192455797851587,0.0018353947957741035,0.0018155535259328337,-0.0038596680040762837,-0.0038795092739175537,-0.0031003940769700478,-0.003120235346811318,,,-0.003866077958901981,-0.003885919228743251,-0.0021793330955118817
2023-11-22,-0.002596425578717717,-0.002616266848558987,-0.004467665704730126,-0.004820840307904729,-0.004266792216882654,-0.004286633486723924,-0.008051739892477261,-0.00827158116231853,-0.005876891216119808,-0.005896732485961078,-0.003620764409205196,-0.003640605679046466,-0.003201851588256773,-0.003221692858098043,-0.000893076633894996,-0.0011129179037362659,-0.005587774320015276,-0.005607615589856545,-0.0024635955833783862,-0.0024834368532196563,-0.007770692007763616,-0.007790533277604886,-0.0027542079920198264,-0.0027740492618610964,,,-0.0006938335469073298,-0.0007136748167485996,0.0038609262313438197
2023-11-24,-0.0015407261963896746,-0.0015605674662309444,-0.008566264210600765,-0.008978962623299178,-0.0024014052509676465,-0.0024212465208089166,0.004994743150832315,0.004724901880991045,0.001203652398306073,0.0011838111284648031,-0.004417951543535319,-0.004580649956233732,-0.002748579363975237,-0.002768420633816507,-0.00815564608741485,-0.008342154023922787,-0.0008716428381047026,-0.0008914841079459724,-0.002723559199252712,-0.002743400469093982,0.0016411571449952665,0.0016213158751539967,-0.005810951080777856,-0.005830792350619125,,,-0.012721615730923397,-0.012741457000764667,0.0006151886931016204
2023-11-27,0.0019483628171406142,0.0019285215472993444,0.0014497511042468325,0.0009299098344055627,0.0008444335016949534,0.0008245922318536836,0.0017819837693962928,0.0014288091662216897,-0.005419621948827934,-0.005439463218669204,0.0007234590712549283,0.0005369511347469917,-0.0028974261300759308,-0.0029172673999172008,0.010377779468090348,0.008857938198249078,-0.007423140966138029,-0.0074429822359792985,-0.001480977555859464,-0.0015008188257007338,-0.005138534766444805,-0.005158376036286075,0.0037465490971502202,0.00322670782730895,,,0.0008336451065182604,0.0008138038366769906,-0.0018009929543526537
2023-11-28,0.0008753794100019061,0.0008555381401606363,-0.006100518449835927,-0.006620359719677197,-0.00458235441417074,-0.004602195684012009,0.001731998055104933,0.0012121567852636632,0.0001986795069194179,0.00017883823707814806,0.0021975855371941244,0.0016777442673528546,-0.003067736413666188,-0.003087577683507458,0.00967111041444349,0.00965126914460222,-0.005731541943921497,-0.005751383213762767,-0.006310674450882514,-0.006330515720723784,-0.0017816078945464121,-0.001801449164387682,0.004563701468040859,0.00454386019819959,,,-0.012610592118611541,-0.012630433388452812,0.0009901644316310243
2023-11-29,-0.003204503401038493,-0.003224344670879763,-0.00282182093345291,-0.00284166220329418,-0.003206674543949863,-0.003226515813791133,-0.011375748191321866,-0.012395589461163136,0.00049972522596257,0.00047988395612130015,-0.0027603960255640214,-0.0027802372954052914,-4.929867723324488e-05,-6.913994707451472e-05,-0.013900507999641635,-0.014253682602816238,0.010369979273701868,0.010350138003860598,-0.012441445153063446,-0.013461286422904716,0.002836061774349622,0.002816220504508352,-0.006901836116468885,-0.006921677386310154,,,-0.011876334329770977,-0.011896175599612247,-0.000703440521818921
2023-11-30,-0.006881897073318493,-0.006901738343159763,-0.01698754292472541,-0.01734071752790001,-0.010310904869939833,-0.010330746139781103,-0.013488673901290382,-0.013508515171131653,-0.0017155720692476374,-0.0017354133390889072,-0.00401699573284553,-0.004370170336020133,-0.0038305092280388844,-0.0038503504978801544,-0.01297054719187988,-0.012990388461721151,-0.007236140196503229,-0.0072559814663444985,-0.009445781800840325,-0.009465623070681595,-0.006156497478888418,-0.006176338748729688,-0.004003837564014345,-0.005023678833855615,,,-0.015495224532352858,-0.01584839913552746,0.003937529378508886
2023-12-01,-0.0035279174804467724,-0.0035477587502880424,-0.0036218915499575863,-0.0036417328197988564,-0.0037709705751945,-0.00379081184503577,-0.01697721593224405,-0.01699705720208532,0.004694499121496887,0.004674657851655617,0.0020451475534309926,0.0020253062835897226,0.00026719184224925164,0.0002473505724079818,-0.0056670391033885785,-0.005686880373229848,-0.004158374042401997,-0.004178215312243267,-0.006922849801769271,-0.00694269107161054,0.0017101490903966097,0.0016903078205553399,-0.013638374886403737,-0.013658216156245007,,,0.002621063966308901,0.002601222696467631,0.005915854725011993
2023-12-04,-0.014557591515192503,-0.016777432785033772,-0.031517155416789344,-0.03403699668663061,0.00013322942021641864,-0.0008866118496248508,-0.014025353949700725,-0.015045195219541995,-0.011082893068709366,-0.013702734338550637,-0.01901568393280484,-0.021035525202646108,-0.013114122266045048,-0.015733963535886318,-0.012501471483984505,-0.013021312753825775,-0.0023574349820701277,-0.005377276251911398,0.0,0.0,-0.01005231386624712,-0.01267215513608839,-0.01901568393280484,-0.01903552520264611,-0.0015018312359323448,-0.003521672505773615,0.0,0.0,-0.005249354143821883
2023-12-05,-0.006323299861923903,-0.006343141131765173,0.012002824383025357,0.011982983113184086,-0.002726123854309215,-0.002745965124150485,0.010872286556157573,0.010852445286316303,-0.002543998554648064,-0.002563839824489334,0.0014075800244039982,0.0013877387545627284,-0.000935440879124427,-0.0009552821489656968,0.010595244358621358,0.010575403088780088,-0.005348649163301588,-0.005368490433142858,0.0,0.0,-0.0007349887048429321,-0.0007548299746842019,0.0014075800244039982,0.0013877387545627284,-0.007986687589876097,-0.008006528859717367,0.0,0.0,-0.00019719927145744887
2023-12-06,-0.007312259313885517,-0.007332100583726787,-0.021881058378680096,-0.021900899648521367,-0.0043288185228966495,-0.004348659792737919,-0.01891995173093608,-0.01893979300077735,-0.005719502178075953,-0.0057393434479172225,-0.01209762560138572,-0.01211746687122699,-0.0038196627105430035,-0.0038395039803842735,-0.009783432777294376,-0.009803274047135647,0.0033465177120152513,0.0033266764421739812,0.0,0.0,-0.005510813680092242,-0.0055306549499335115,-0.01209762560138572,-0.01211746687122699,0.0042720768184463615,0.004252235548605092,0.0,0.0,-0.004029660295721382
2023-12-07,-8.967709461304985e-05,-0.00010951836445431969,0.017696258198752868,0.017676416928911597,-0.008730301281440223,-0.008750142551281493,-0.0067651417628601385,-0.006784983032701408,4.131949591723583e-05,2.1478226075965985e-05,0.007446381708550831,0.0074265404387095614,0.0035998212351225356,0.0035799799652812656,0.010249876490202037,0.010230035220360766,-0.0028841441859794423,-0.0029039854558207123,0.0,0.0,0.0028421804073835094,0.0028223391375422394,0.007446381708550831,0.0074265404387095614,0.00015159846742347034,0.0001317571975822005,0.0,0.0,0.007630307775091216
2023-12-08,-0.0016559970399296574,-0.0016758383097709272,0.010088311665628846,0.010068470395787576,-0.0036611120536486404,-0.0036809533234899105,-0.011414365249234115,-0.011434206519075386,0.0007225599520341627,0.0007027186821928928,0.0033795264895151167,0.0033596852196738467,-0.005161183692214999,-0.005181024962056268,0.00670878517611373,0.00668894390627246,0.00033470658375199785,0.00031486531391072803,0.0,0.0,-0.0006326541698584154,-0.0006524954396996852,0.0033795264895151167,0.0033596852196738467,-0.004032687508702103,-0.004052528778543373,0.0,0.0,0.004299288842918303
2023-12-11,0.01048150189832353,0.01046166062848226,-0.013699870862733332,-0.013719712132574603,0.009894268625645831,0.009874427355804561,-0.012367618424279803,-0.012387459694121073,0.003566027404796124,0.003546186134954854,-0.010997173598343624,-0.011017014868184894,0.009264468481410637,0.009244627211569366,-0.0027026972643897085,-0.0027225385342309785,0.0073171907446071705,0.007297349474765901,0.0,0.0,0.0036200975897659584,0.0036002563199246883,-0.010997173598343624,-0.011017014868184894,0.0013922950016826236,0.0013724537318413538,0.0,0.0,0.003889424922904672
2023-12-12,-0.01605659384360276,-0.016076435113444032,0.004793819464252058,0.004773978194410789,0.002169687099660155,0.002149845829818885,-0.00485066054282135,-0.00487050181266262,-0.0009569007049683781,-0.0009767419748096479,-0.0010767419108121956,-0.0010965831806534654,-0.0039935945290411334,-0.004013435798882403,0.005870561375064254,0.005850720105222984,-0.011966258278132958,-0.011986099547974229,0.0,0.0,0.003347628701943339,0.003327787432102069,-0.0010767419108121956,-0.0010965831806534654,-0.0027679779787308143,-0.0027878192485720843,0.0,0.0,0.0045672521717736725
2023-12-13,0.005558643534510388,0.005538802264669118,-0.017956684419555113,-0.018309859022729715,-5.993768626644247e-06,-2.5835038467914088e-05,-0.0014294480636394269,-0.0019492893334806967,0.005180940276191015,0.005161099006349745,-0.016821948939944598,-0.016841790209785868,-0.0010125419003646392,-0.001032383170205909,-0.0011347354796105158,-0.0014879100827851189,0.005257231553017994,0.005237390283176724,0.007834709891099134,0.0068148686212578646,0.004845747563731127,0.004825906293889857,-0.016821948939944598,-0.016841790209785868,0.007822876651106703,0.007803035381265433,0.005998760612233589,0.004978919342392319,0.013790079384885079
2023-12-14,-0.005963291215001054,-0.005983132484842324,-0.011744415813037904,-0.011764257082879174,-0.007878503294318228,-0.007898344564159498,-0.013828587336777054,-0.014848428606618324,-0.003988283561392159,-0.0040081248312334285,0.0,0.0,-0.03455836708827222,-0.03457820835811349,-0.011744415813037904,-0.011764257082879174,-0.0281259304469047,-0.02814577171674597,-0.029231348747521424,-0.029251190017362694,-0.013175300906408826,-0.013195142176250096,0.0,0.0,0.008918890259275551,0.00889904898943428,0.0015846624817807964,0.0015648212119395266,0.003209466014667095
2023-12-15,-0.002087978331952378,-0.002107819601793648,-0.0025107920958267194,-0.003530633365667989,-0.007373656317984568,-0.007393497587825837,0.011489614436960949,0.01096977316711968,-0.005950162835636586,-0.005970004105477856,-0.02078178174168621,-0.021801623011527483,0.0016191048463495394,0.0015992635765082696,0.018270989645859492,0.018251148376018222,0.00109188043854217,0.0010720391687009001,0.03165357470674568,0.03163373343690441,-0.003746223216659128,-0.003766064486500398,0.0,0.0,-0.004840778836194604,-0.004860620106035873,0.00011750799742304974,-0.0009023332724182201,-0.0016465949153261494
2023-12-18,0.0020127580088661673,0.0019929167390248972,-0.004819083296484505,-0.005838924566325775,-0.0012908491063060804,-0.0013106903761473502,0.007015352687171905,0.006995511417330636,0.003597900768397399,0.003578059498556129,-0.01946358990397057,-0.01998343117381184,0.014180117563935779,0.014160276294094509,0.014644506607486063,0.014124665337644794,0.005626433982572477,0.005606592712731207,0.010635057223933542,0.010615215954092271,0.005042003321769406,0.005022162051928136,0.0,0.0,0.0003129586638664669,0.0002931173940251971,0.016356303950855633,0.016336462681014362,0.005625223111219935
2023-12-19,-0.00017147345408542475,-0.0001913147239266946,-0.016526967567593975,-0.016546808837435246,0.0030213910106124285,0.0030015497407711584,0.04308867885209988,0.042068837582258614,-0.0003727987202323483,-0.0003926399900736181,-0.011675651432118905,-0.011695492701960176,-0.009950905628886786,-0.009970746898728056,-0.00485131613547507,-0.00487115740531634,-0.0004948808867442644,-0.0005147221565855343,0.0058238220020807585,0.005803980732239489,-0.0012937664718674635,-0.0013136077417087333,0.0,0.0,0.0012741302250871183,0.0012542889552458485,0.011634804840847002,0.011614963571005731,0.006080754194616622
2023-12-20,0.0005713520509036188,0.000551510781062349,-0.0031711751355245066,-0.0031910164053657766,-0.003304853242604721,-0.003324694512445991,-0.010512193751620602,-0.010532035021461873,0.0038300882796876174,0.0038102470098463474,0.007903051195895516,0.007883209926054246,-0.002410658395499799,-0.002430499665341069,-0.011074226331420023,-0.011094067601261293,-0.0052998947933323715,-0.005319736063173641,-0.005907364429522999,-0.005927205699364268,0.0023388347186798844,0.0023189934488386144,0.0,0.0,-0.0031435504724484954,-0.0031633917422897655,-0.005881538343934345,-0.0059013796137756145,-0.013857226495829433
2023-12-21,0.0004956409000738127,0.00047579963023254286,0.0018923720379162567,0.001872530768074987,0.0017725996795826763,0.0017527584097414065,0.01401449714261993,0.01399465587277866,-0.0004255809563673118,-0.0004454222262085816,-0.005970066436035371,-0.00598990770587664,-0.0014774796946983356,-0.0014973209645396054,0.007862438473951627,0.007842597204110357,0.00015834744940774765,0.0001385061795664778,0.006936532023470443,0.0069166907536291735,-0.0026007186608600907,-0.0026205599307013608,0.0,0.0,0.0026608218260213926,0.0026409805561801226,-0.0037513682123007097,-0.0037712094821419797,0.009481934888156074
2023-12-22,0.001242853315043035,0.0012230120452017652,-0.0032186662091340246,-0.004238507478975294,-0.011778818171781636,-0.011798659441622906,0.0003016797501564916,0.0002818384803152218,-0.01289039113137338,-0.01291023240121465,-0.0044209401638304335,-0.004440781433671703,0.012877108403119442,0.012857267133278172,0.001202273954696409,0.00018243268485513913,0.0014727421761786207,0.001452900906337351,0.001202273954696409,0.0011824326848551391,-0.011742491600395344,-0.011762332870236614,0.0,0.0,-0.0018365812611381947,-0.0018564225309794645,-0.005193555570139341,-0.005213396839980611,0.0020095866236111704
2023-12-26,0.009646731544485842,0.009626890274644572,-0.0025185170802025647,-0.0025383583500438347,-0.000801973471243111,-0.0008218147410843808,-0.01158731856190437,-0.012107159831745639,0.00849727855384188,0.00847743728400061,0.0017981533211058887,0.0017783120512646188,0.000664040767678298,0.0006441994978370281,-0.004316670401308453,-0.004336511671149723,0.00386120005522157,0.0038413587853803,-0.004316670401308453,-0.004336511671149723,0.008351335367424873,0.008331494097583603,0.0,0.0,0.002418937716385621,0.002399096446544351,-0.006561100300843836,-0.007080941570685106,0.004222573962914256
2023-12-27,-0.00016679567325625922,-0.00018663694309752906,-0.011316647232026522,-0.011336488501867793,-0.0002832273171797684,-0.0003030685870210382,-0.005310259913361148,-0.005330101183202418,-0.0007291482583535069,-0.0007489895281947767,-0.007154430623704577,-0.007174271893545847,-0.0008342867573207346,-0.0008541280271620044,-0.004162216608321945,-0.004182057878163214,0.0008424393801870654,0.0008225981103457956,-0.004162216608321945,-0.004182057878163214,-0.0008216768552216426,-0.0008415181250629124,0.0,0.0,0.001135409677117548,0.0011155684072762782,-0.0018797616632140746,-0.0018996029330553444,0.0018079528190970695
2023-12-28,-0.003161685178025364,-0.003181526447866634,0.0025547474740495457,0.0025349062042082757,0.001748455322239917,0.0017286140523986471,0.010315571026002668,0.010295729756161397,-0.0023634626858326183,-0.0023833039556738884,6.523090564425349e-06,-1.3318179276844492e-05,-0.0008812362802927188,-0.0009010775501339886,0.0025482243834851204,0.0025283831136438503,0.0023153179723333747,0.0022954767024921047,0.0025482243834851204,0.0025283831136438503,-0.0014618309256985151,-0.001481672195539785,0.0,0.0,0.0033016080770395468,0.0032817668071982767,-0.009185731084566107,-0.009205572354407377,0.0003778565605436768
2023-12-29,0.0004839305831475184,0.00046408931330624856,-0.005440429907202782,-0.005460271177044051,-0.00017925644484431116,-0.000199097714685581,-0.0037302807969955,-0.00375012206683677,0.0004856331409756609,0.0004657918711343911,-0.0006177850866749268,-0.0006376263565161966,0.002592242108526599,0.002572400838685329,-0.004822644820527855,-0.0048424860903691245,0.0005258307527485906,0.0005059894829073208,-0.004822644820527855,-0.0048424860903691245,-1.2032450101395753e-05,-3.1873719942665594e-05,0.0,0.0,-0.0018295573784686086,-0.0018493986483098784,0.0016711977956686552,0.0016513565258273854,-0.0028949686440654654
2024-01-02,-0.020419795445113485,-0.020439636714954756,-0.02217664445462969,-0.02219648572447096,-0.010404231293608878,-0.010424072563450149,0.010407993267734506,0.010388151997893235,-0.014148140274255584,-0.014167981544096854,-0.014778385378803549,-0.01479822664864482,-0.011004186009697613,-0.011024027279538884,-0.007398259075826141,-0.007418100345667411,-0.0024438997052099176,-0.0024637409750511876,-0.007398259075826141,-0.007418100345667411,-0.007808905702629655,-0.007828746972470924,0.0,0.0,0.0015548590361002597,0.00153501776625899,-0.016711395054833156,-0.016731236324674426,-0.005596290004522109
2024-01-03,-0.0023642099294157613,-0.0023840511992570313,-0.010795622850861497,-0.010815464120702768,-0.0043637105046852144,-0.004383551774526484,0.009609162863688014,0.009589321593846744,-0.000832072555393415,-0.0008519138252346848,-0.0035866026262010853,-0.0036064438960423553,0.0023505564847105635,0.0023307152148692935,-0.007209020224660412,-0.007228861494501681,0.0016634986554868395,0.0016436573856455697,-0.007209020224660412,-0.007228861494501681,0.00227987421383683,0.00226003294399556,0.0,0.0,-0.008744820698180425,-0.008764661968021696,0.008198164993307333,0.008178323723466063,-0.008166622435657245
2024-01-04,0.002498661616703457,0.002478820346862187,0.009193802679773655,0.009173961409932384,-0.005138941607623049,-0.005158782877464319,-0.020934869859007443,-0.020954711128848714,0.0017885209746596467,0.0017686797048183768,0.004703834835813936,0.004683993565972666,0.006169353800057698,0.006149512530216428,0.004489967843959719,0.0044701265741184494,0.001981643762997476,0.001961802493156206,0.004489967843959719,0.0044701265741184494,0.0005201545939571119,0.0005003133241158421,0.0,0.0,0.008481442618597328,0.008461601348756058,-0.0008320152215092746,-0.0008518564913505445,-0.003221140545811685
2024-01-05,-0.007180675572106421,-0.007200516841947691,-0.011074028908851119,-0.01109387017869239,-0.01037237907216786,-0.01039222034200913,0.012142281593647108,0.012122440323805838,-0.0037455621244962822,-0.0037654033943375523,-0.0110691700908232,-0.01108901136066447,-0.0039602795485177865,-0.003980120818359056,-4.8588180279196536e-06,-2.4700087869189495e-05,-0.0020017073869638136,-0.0020215486568050836,-4.8588180279196536e-06,-2.4700087869189495e-05,-0.002727987294927836,-0.002747828564769106,0.0,0.0,0.0016637135505008908,0.001643872280659621,9.763146347535612e-05,7.779019363408628e-05,0.0013695625547325285
2024-01-08,0.005882687493331873,0.005862846223490603,0.01259159286433642,0.01257175159449515,0.003958519177479414,0.003938677907638144,0.013684013498670433,0.013664172228829163,0.006673168480512537,0.0066533272106712674,0.008080319387874568,0.008060478118033298,0.007170620324126386,0.007150779054285117,0.004511273476461852,0.004491432206620583,0.007473068568653606,0.007453227298812337,0.004511273476461852,0.004491432206620583,0.006093905129720934,0.006074063859879664,0.0,0.0,-0.0008700046402267342,-0.000889845910068004,0.02284425069398005,0.02282440942413878,0.014275872910629817
2024-01-09,-0.006467514593400481,-0.006487355863241751,-0.012395690628569303,-0.012748865231743907,-0.00022322112320374322,-0.00024306239304501307,-0.002206572370451132,-0.002226413640292402,-0.006148917282152477,-0.006168758551993747,-0.004071137120876514,-0.004424311724051118,0.006706331564625134,0.006686490294783865,-0.008324553507692789,-0.00834439477753406,0.004104254078846626,0.004084412809005357,-0.008324553507692789,-0.00834439477753406,-0.0016834380949218297,-0.0017032793647630995,0.0,0.0,-0.005948132347104611,-0.00596797361694588,0.016519647957261407,0.016499806687420137,-0.0015169111722769246
2024-01-10,-0.0041717350306270775,-0.004191576300468347,0.0032462581711483565,0.0032264169013070864,-0.005467487789939695,-0.005487329059780965,-0.005778986920098761,-0.0057988281899400305,0.0012305442867447504,0.0012107030169034806,0.002217448999210873,0.0021976077293696028,0.0065584458077383,0.006538604537897031,0.0010288091719374837,0.0010089679020962139,0.006334451753160553,0.006314610483319283,0.0010288091719374837,0.0010089679020962139,0.003144633008496078,0.003124791738654808,0.0,0.0,0.003243094548223024,0.003223253278381754,0.0013174919959617615,0.0012976507261204917,0.005655408921280358
2024-01-11,0.00981250359576712,0.00979266232592585,0.01680090400373587,0.0167810627338946,0.008829987103859516,0.008810145834018245,0.00369382696510262,0.00367398569526135,0.007949719138069855,0.007929877868228585,0.008180929599531503,0.008161088329690232,0.008916178280163056,0.008896337010321786,0.008619974404204367,0.008600133134363096,0.002041565376002452,0.0020217241061611818,0.008619974404204367,0.008600133134363096,0.010978282934963234,0.010958441665121964,0.0,0.0,-0.007114105800234083,-0.0071339470700753525,0.0024703002409730557,0.0024504589711317856,-0.0004407091740716851
2024-01-12,0.004249687640300115,0.004229846370458846,-0.007958248594069165,-0.007978089863910435,-0.0032017998065197563,-0.0032216410763610264,0.0006229811129787599,0.0006031398431374901,0.005214051998410208,0.005194210728568938,-0.007958248594069165,-0.007978089863910435,0.001629643411847981,0.001609802142006711,0.0,0.0,-0.000640313884202659,-0.0006601551540439288,0.0,0.0,-0.0003418407633226429,-0.0003616820331639127,0.0,0.0,-0.007427603922124851,-0.0074474451919661205,0.006341996204507705,0.005322154934666435,0.0006927821704558745
2024-01-16,0.0016544816850904143,0.0016346404152491445,0.003484532516452717,0.0034646912466114468,-0.007018166337347509,-0.007038007607188778,-0.018844689425727423,-0.018864530695568694,0.0002954215875323749,0.00027558031769110507,0.003484532516452717,0.0034646912466114468,0.013602206860078713,0.013582365590237443,0.0,0.0,0.00781434300599293,0.00779450173615166,0.0,0.0,0.0010831354009382729,0.001063294131097003,0.0,0.0,0.00012482398479939268,0.00010498271495812283,0.033702304888324375,0.03368246361848311,-0.003671233311448918
2024-01-17,-0.001202245116804457,-0.0012220863866457268,-0.009273780075834681,-0.00979362134567595,-0.0013315463026888795,-0.0013513875725301493,0.006509882369971298,0.004490041100130028,-0.0021012604582322236,-0.0021211017280734937,-0.009273780075834681,-0.00979362134567595,0.0082483311011747,0.00822848983133343,0.0,0.0,-0.0017975182209367668,-0.0018173594907780366,0.0,0.0,-0.0022159848803873557,-0.0022358261502286258,0.0,0.0,-0.0013959204005433217,-0.0014157616703845916,-0.004356167327780103,-0.006876008597621373,-0.005558695480359699
2024-01-18,0.009820081322762908,0.009800240052921638,0.0011170334542940363,9.71921844527665e-05,-0.0011345612112384162,-0.001154402481079686,-0.008615772944062794,-0.008968947547237397,0.005415894412668808,0.0053960531428275385,0.0011170334542940363,9.71921844527665e-05,0.00693020798989319,0.00691036672005192,0.0,0.0,-0.0016814766955958738,-0.0017013179654371436,0.0,0.0,0.001851679367303227,0.0018318380974619573,0.0,0.0,-0.00034775144254390374,-0.00036759271238517356,0.002668016211230362,0.0026481749413890918,0.00889273880780328
2024-01-19,-0.001206947239453771,-0.0012267885092950407,0.0034642338516133186,0.0034443925817720486,-0.0060127140610457645,-0.006032555330887034,-0.016983082956940027,-0.017002924226781298,0.00012959854555255612,0.00010975727571128628,0.0034642338516133186,0.0034443925817720486,-0.0015776124427017806,-0.0015974537125430504,0.0,0.0,0.0023513712215604277,0.0023315299517191576,0.0,0.0,0.001255239927383833,0.0012353986575425631,0.0,0.0,0.0036902364087211875,0.0036703951388799175,0.04439031794202819,0.04437047667218692,0.012466217691016412
2024-01-22,0.004614551195630067,0.004594709925788798,-0.0016484634425701916,-0.0016683047124114614,0.004345892490287373,0.004326051220446103,0.004199699616858288,0.004179858347017018,-0.0006927787965768652,-0.0007126200664181351,-0.0016484634425701916,-0.0016683047124114614,-0.0041807067789731535,-0.004200548048814423,0.0,0.0,-0.010488779824224735,-0.010508621094066006,0.0,0.0,0.0006361200046149595,0.0006162787347736896,0.0,0.0,-0.0009265012529530159,-0.0009463425227942857,0.005150366037637577,0.0051305247677963075,0.002114280506698263
2024-01-23,0.004063081673968327,0.004043240404127057,-0.009840980103743346,-0.009860821373584617,-0.00686742514343941,-0.006887266413280679,0.008447964717416684,0.008178123447575413,0.013923387869673697,0.013903546599832426,-0.009840980103743346,-0.009860821373584617,0.005607020763264125,0.005587179493422856,0.0,0.0,0.005174228197561204,0.005154386927719934,0.0,0.0,0.013639856263212758,0.013620014993371487,0.0,0.0,0.0188184481570053,0.01879860688716403,0.0030286586414183247,0.0030088173715770547,0.0029166152477959617
2024-01-24,0.017698131458605926,0.017678290188764656,0.020675066331482417,0.020655225061641146,0.008889287780652443,0.008869446510811172,-0.011663938460908796,-0.011683779730750066,0.014030297209010334,0.014010455939169063,0.020675066331482417,0.020655225061641146,0.01285667648910851,0.01283683521926724,0.0,0.0,0.003328507424837801,0.003308666154996531,0.0,0.0,0.014883865874426094,0.014864024604584823,0.0,0.0,0.0016686864680820726,0.0016488451982408028,0.0089218479783984,0.008402006708557131,0.001093117532592558
2024-01-25,0.008377340872899087,0.008357499603057816,0.025897437045325544,0.024877595775484273,-0.004567211279193761,-0.00458705254903503,-0.015803321276656623,-0.016823162546497895,0.00765748083570491,0.0076376395658636406,0.0066533536304225205,0.005633512360581251,0.001758325230664869,0.0017384839608235992,0.02599987291263739,0.024980031642796118,-0.00577780303735801,-0.005797644307199279,0.02599987291263739,0.024980031642796118,0.010030764413506976,0.010010923143665706,-0.019028333336063907,-0.02004817460590518,0.0006976163696310097,0.0006777750997897399,-0.001410807237643604,-0.002763981840818207,0.005438842130797594
2024-01-26,-0.022022113825383674,-0.022041955095224944,0.01940294485648819,0.01938310358664692,0.0007820423087414154,0.0007622010389001456,0.009376797113447322,0.009156955843606053,-0.015622231420604406,-0.015642072690445676,0.013813455457663437,0.013793614187822167,0.000647481325611066,0.0006276400557697962,0.019866922405518794,0.018847081135677523,-0.00406810628292047,-0.00408794755276174,0.019866922405518794,0.018847081135677523,-0.013943380495791368,-0.013963221765632639,-0.00012835186535720133,-0.0006481931351984712,0.0004508536722626448,0.0004310124024213749,-0.004518644865205479,-0.0045384861350467485,-0.0012703243993017477
2024-01-29,0.005007744554254711,0.004987903284413442,0.008727937223758142,0.008208095953916873,0.006020057931837962,0.006000216661996693,0.01187972420111072,0.011859882931269449,0.004731455906789583,0.004711614636948314,0.012103741821222591,0.011583900551381322,0.0022568539920918007,0.0022370127222505307,-0.0027044783384617688,-0.003224319608303039,0.0009155467411319559,0.0008957054712906861,-0.01047025427467152,-0.01049009554451279,0.006955878802023663,0.006936037532182394,0.002591906703706866,0.002238732100532263,0.0030466298910682603,0.0030267886212269903,0.001382351435535052,0.0009625101656937821,0.007919381068000497
2024-01-30,-0.0019011967827202159,-0.0019210380525614857,-0.022992143050852287,-0.02334531765402689,-0.017743672765299624,-0.017763514035140895,-0.03545710832477422,-0.03547694959461549,-0.0007479128460180506,-0.0007677541158593205,-0.01498678201108028,-0.015339956614254883,0.011106294875396928,0.011086453605555657,-0.015101048884641144,-0.015120890154482414,0.009019897009511646,0.009000055739670375,-0.028714034171045344,-0.028733875440886614,-0.0013008274369481383,-0.0013206687067894081,0.0008120311236237503,0.0007921898537824805,0.014131363848522403,0.014111522578681132,0.003336065203089881,0.003316223933248611,-0.0007734882337023796
2024-01-31,-0.0002866885200289663,-0.0003065297898702361,0.0057156137916321015,0.005445772521790832,0.007137430618265573,0.007117589348424303,0.005880063614945141,0.005860222345103872,0.0018778397440562759,0.001857998474215006,0.0010936352138935512,0.0008237939440522814,-0.0014814078869898935,-0.0015012491568311634,0.012000074382281012,0.011646899779106408,0.006586759990952418,0.006566918721111149,0.013466825304777386,0.013446984034936115,-0.0007828084260303025,-0.0008026496958715723,-0.008289781388742035,-0.008559622658583305,-0.0006752244160341571,-0.0006950656858754269,-0.012777058176549366,-0.013046899446390637,-0.016317268187528988
2024-02-01,-0.0033858067099874056,-0.0034056479798286756,-0.006662026234021068,-0.007181867503862338,0.004522903497466846,0.004503062227625577,0.006202426258455846,0.005682584988614576,0.0022092365651351312,0.002189395295293861,-0.0024654334741635135,-0.0030852747440047834,0.0014732004635306314,0.0014533591936893616,-0.005820730388610343,-0.006340571658451613,0.009202742302015031,0.00918290103217376,-0.015864278603129334,-0.015884119872970604,0.0005142929511333209,0.0004944516812920511,0.004265167091521638,0.004245325821680368,-0.008721075244618995,-0.008740916514460266,-0.004635606916535107,-0.004855448186376377,0.013087980607788374
2024-02-02,-0.007877031504181599,-0.00789687277402287,-0.002895553648814597,-0.0031153949186558667,-0.023343348818947594,-0.023363190088788864,-0.00528146062685741,-0.005301301896698679,0.010226925556047962,0.010207084286206692,0.004858180601137252,0.004638339331295982,0.0017697132980008302,0.0017498720281595604,0.003846829358768974,0.003826988088927704,-0.007708643747126875,-0.007728485016968145,-0.0012861720044592406,-0.0013060132743005104,0.021316965152402022,0.02129712388256075,0.018953452667789,0.01893361139794773,0.014775816551233353,0.014755975281392083,0.005983988930023994,0.005797480993516058,0.010527476101239719
2024-02-05,0.005707363928556364,0.005687522658715094,-0.005241718926355133,-0.005261560196196402,-0.005917773290029382,-0.0059376145598706515,-0.0008172909429125883,-0.0010037988794205249,0.0033895075261037855,0.0033696662562625154,-0.014451844845567306,-0.015043114686837146,0.0012717104800576643,0.0012518692102163945,0.002581981264046758,0.002562139994205488,0.0026010908687945093,0.0025812495989532393,0.0022360612167913185,0.0022162199469500485,0.004100333971593151,0.004080492701751881,0.00639496730974784,0.00637512603990657,-0.014474769780210377,-0.014494611050051648,-0.00865970503001249,-0.008846212966520425,-0.0036411212279222616
2024-02-06,-0.005644091634625181,-0.0056639329044664505,0.000735476963170759,0.0005489690266628224,0.006291278358343222,0.006271437088501953,-0.0029555413879521547,-0.0034515731339839007,-0.010282667396208745,-0.010302508666050016,-0.00018084685697249483,-0.00032568812681376465,-0.009965704598300174,-0.009985545868141444,-0.009919832947416812,-0.009939674217258082,-0.005335840474805331,-0.005355681744646601,-0.024091173374960584,-0.024111014644801854,-0.015650369563586997,-0.015670210833428268,-0.01153102859208971,-0.01155086986193098,-0.008588418009733239,-0.00860825927957451,0.010740962098674828,0.010721120828833558,0.002903296810174316
2024-02-07,-0.006453372384237955,-0.006473213654079224,-0.005679532665087883,-0.0058993739349291535,-0.005749956674344047,-0.005769797944185317,0.00035162484379331563,0.0003317835739520458,-0.0035095897398277334,-0.0035294310096690034,0.00018728891293571907,2.459050023730639e-05,0.0029985847423160458,0.0029787434724747757,-0.0011853917544411563,-0.0012052330242824261,0.00486887028188553,0.00484902901204426,0.008993803002427803,0.008973961732586532,0.0027692032108505788,0.0027493619410093087,0.010691460337175579,0.010671619067334309,-0.0079672905580574,-0.007987131827898671,-0.0002900288792719121,-0.00030987014911318194,0.008340343964780894
2024-02-08,0.002548888331061672,0.002529047061220402,0.009874773508527635,0.009854932238686364,0.0016923235783257717,0.001672482308484502,0.001374674199639108,0.001229832929797838,0.0015399911724962578,0.001520149902654988,0.0026039687828904056,0.002459127513049136,0.0023212819911351715,0.0023014407212939014,0.004884045967592139,0.004530871364417536,0.006197274695980715,0.006177433426139445,-1.2205803545994875e-05,-3.204707338726472e-05,0.00476174546715481,0.00474190419731354,0.004418872077608327,0.004399030807767057,0.00010694125393116856,8.709998408989872e-05,-0.00014531953550828407,-0.00030801794820669676,0.00044164527671441967
2024-02-09,0.003968427028565958,0.003948585758724688,0.005993631824092516,0.00580712388758458,0.008921051367749589,0.008901210097908318,0.00744296635527973,0.007280267942581317,-0.0022423728358381355,-0.0022622141056794056,0.0007532849383127815,0.0006084436684715117,0.008183561873951117,0.008163720604109847,0.0050231704208417716,0.005003329151000502,0.0055471506084340365,0.005527309338592767,0.0024634163269701137,0.0024435750571288437,0.003847481812448683,0.0038276405426074128,0.004377507346345844,0.004357666076504574,0.003934501150918078,0.003914659881076809,0.0003752005514086425,0.0003553592815673727,0.005779457369023078
2024-02-12,-8.585194641874683e-05,-0.00010569321626001667,-0.016337520252406756,-0.016357361522248027,-0.002591937475930017,-0.002611778745771287,-0.0010890010400156774,-0.0012338423098569474,0.007511878034783092,0.007492036764941822,-0.0037385379333601115,-0.0037583792032013816,-0.008667534108688335,-0.008687375378529606,-0.01369292635584703,-0.0137127676256883,-0.00258876848238403,-0.0026086097522253,0.002036228179200128,0.002016386909358858,0.00754398233455158,0.007524141064710311,-0.006966170993437021,-0.0069860122632782904,0.0027515707012027253,0.0027317294313614553,0.0003822199194456321,0.0002195215067472194,-0.0004389136296578666
2024-02-13,0.004005627813469404,0.0039857865436281345,-0.0003403239729639438,-0.0003601652428052136,0.002105774190894494,0.002085932921053224,0.0005081184359968377,0.0004882771661555679,0.004264387766543266,0.0042445464967019965,-0.002100257862623911,-0.002120099132465181,0.010567213191801171,0.0105473719219599,0.004517422246492283,0.004497580976651014,0.0034983721381594435,0.0034785308683181735,0.0012659088764904736,0.0012460676066492038,0.0008527926932510813,0.0008329514234098115,-0.0028880672813772768,-0.0029079085512185468,-0.0066550440841537765,-0.006674885353995046,-0.00747507115940571,-0.007494912429246979,-0.0137730931098613
2024-02-14,0.007726049399855207,0.007706208130013937,0.01650173744486118,0.01648189617501991,0.0017356954586097767,0.0017158541887685068,0.009970300951906636,0.009664745396351081,0.007942574667912095,0.007922733398070824,0.010028714546823775,0.010008873276982504,0.007043969517458658,0.0070241282476173885,0.004847940864559492,0.004828099594718222,0.004358725921193763,0.004338884651352493,0.0264196009250115,0.02639975965517023,0.011358952903520214,0.011339111633678943,-0.0004102456466068549,-0.00043008691644812473,0.004318292641423421,0.004298451371582151,0.002938503255661344,0.002466281033439122,0.009087716802688828
2024-02-15,-0.014118095233086537,-0.014137936502927807,-0.002343032834590678,-0.002362874104431948,-0.007507555828884793,-0.007527397098726063,0.00399134024777679,0.0038048323112688533,-0.008661009504965811,-0.008680850774807082,0.00027468875192604436,0.00025484748208477455,-0.010192049031294947,-0.010211890301136218,0.007406515787709048,0.007386674517867778,-0.003836782481645062,-0.003856623751486332,0.02263118544714038,0.022611344177299108,-0.003851888989224183,-0.003871730259065453,-0.0002721587910478884,-0.00029200006088915824,0.0011298342756392993,0.0011099930057980295,0.007340005318641069,0.0073201640487998,0.006899732879512399
2024-02-16,-0.008404817286470434,-0.008424658556311705,-0.009830509539371554,-0.010183684142546157,-0.006988294788521155,-0.007008136058362425,-0.00218044610696832,-0.00220028737680959,-0.00966787979279804,-0.00968772106263931,-0.002210461083929282,-0.0023414134648816628,-0.0015863570279941452,-0.001606198297835415,-0.003113843051665871,-0.003383684321507141,0.003192696420329011,0.003172855150487741,0.001474064094801164,0.0009542228249598942,-0.010150315611828198,-0.010170156881669468,-0.0026110890560430977,-0.0026309303258843677,-0.007497533506161274,-0.007517374776002544,0.013614630218365842,0.013469788948524571,-0.004979972192162729
2024-02-20,-0.0014259541998135061,-0.001445795469654776,-0.006837621883385788,-0.006857463153227057,0.002576744026145816,0.002556902756304546,-0.0013169854209106454,-0.0013368266907519152,0.0019339713456235196,0.0019141300757822498,-0.005594164833589793,-0.005614006103431063,-0.0011287659939569145,-0.0011486072637981843,-0.010447994985455436,-0.010467836255296707,0.00027183491907417645,0.00025199364923290664,-0.011433988574077292,-0.011453829843918562,0.0008691794549852694,0.0008493381851439996,-0.012315553402342583,-0.012335394672183853,0.004936037639930952,0.004916196370089682,-0.01352407300085071,-0.01354391427069198,-0.005505423937581022
2024-02-21,-0.002435268093432108,-0.002455109363273378,0.007352109720037769,0.007189411307339356,-0.0015611559518064148,-0.0015809972216476846,-0.0025818320148910077,-0.0028016732847322774,-0.0019088154778611143,-0.0019286567477023841,0.002812873508504639,0.002681921127552258,-0.00473403977503244,-0.0047538810448737095,0.009495265210318377,0.009475423940477106,-0.004446838239956419,-0.004466679509797689,-0.016389842847246372,-0.016409684117087642,-0.005082065904424116,-0.005101907174265385,-0.0010856132154514198,-0.0013054544852926897,-0.000275640647535047,-0.00029548191737631684,-0.0018724571532986595,-0.0018922984231399293,0.0009058482471346885
2024-02-22,0.011562821929701105,0.011542980659859835,0.00811351137203227,0.008093670102191,-0.003498477302283554,-0.003518318572124824,0.014872963992102162,0.014686456055594226,0.008447422877537402,0.008427581607696131,0.00740800290220937,0.0072881616323681,0.022590272932991075,0.022570431663149804,0.009607104099040864,0.009587262829199594,0.0015688904238515102,0.0015490491540102404,0.0014210375253657093,0.0014011962555244395,0.013687056661914387,0.013667215392073117,0.016282342142684404,0.016262500872843134,-0.006019137656033088,-0.006038978925874358,0.011871855473284641,0.01154090309233226,0.02069547359013213
2024-02-23,-0.00239062924587774,-0.00241047051571901,-0.0013470226571700374,-0.002033530593677974,0.0014076749909271327,0.0013878337210858629,0.004014017610346457,0.0034941763405051873,-0.0041377309054493215,-0.004157572175290591,-0.0022894037868040314,-0.0026842450566453013,-0.0001340884822751743,-0.00015392975211644415,0.0014875352489276683,0.0009676939790863985,-0.0004214231730066296,-0.00044126444284789943,-0.004668445827289869,-0.005688287097131138,-0.0026889825873532835,-0.0027088238571945536,-0.00030671085293015876,-0.0005765521227714286,0.0016620653924187545,0.0016422241225774847,-0.008621452536900755,-0.00917700809245631,0.0006896938035241273
2024-02-26,-0.000781938049602826,-0.0008017793194440958,-0.0018212990533197203,-0.0018411403231609902,0.000986018076557449,0.0009661768067161791,0.0054798298453881955,0.005259988575546925,-0.0019243904798206474,-0.0019442317496619172,-0.007570062154704055,-0.0075899034245453245,0.004316834918298873,0.004296993648457603,-0.0026468264547398757,-0.0031666677245811457,0.0012320137947839926,0.0012121725249427228,0.0006998922440019095,0.0006800509741606397,0.0032464193894988554,0.0032265781196575854,-0.0008056896159486979,-0.001158864219123301,-0.008968609708887035,-0.008988450978728305,-0.003963471127154283,-0.003983312396995553,-0.003662551297314409
2024-02-27,-0.00014752666734769732,-0.00016736793718896716,-0.004360791942593645,-0.004547299879101581,-0.005200187459740546,-0.005220028729581816,-0.0008161132608478319,-0.0008359545306891017,0.001288703683146064,0.0012688624133047942,-0.0014219633176574032,-0.0015529156986097842,0.0015844219979490592,0.0015645807281077894,-0.007397702342120449,-0.008417543611961719,-0.001309540289199296,-0.0013293815590405657,-0.005259442424600469,-0.0052792836944417386,-0.0005607293250560418,-0.0005805705948973116,-0.006080753420648732,-0.006600594690490002,0.0017476974457204656,0.0017278561758791958,0.00024002518623337252,-0.00017981608360789737,0.0018577522132514623
2024-02-28,-0.0054472471102802395,-0.005467088380121509,-0.00967992017019835,-0.00989976144003962,-0.001758523673338186,-0.001778364943179456,0.003981364345241689,0.003961523075400419,-0.005626852637386326,-0.0056466939072275955,-0.007021793296767553,-0.007166634566608823,-0.0070087039274250975,-0.007028545197266367,-0.0006228110152976529,-0.0006426522851389227,-0.007523262326460445,-0.007543103596301714,-0.007860196516638718,-0.007880037786479988,-0.006699674896421792,-0.0067195161662630615,-0.0023648316524782498,-0.00238467292231952,-0.0030661863293583386,-0.0030860275991996086,-0.0038255248000215016,-0.0038453660698627716,-0.0013217519841201009
2024-02-29,0.004999278053857381,0.004979436784016111,0.01495705740209067,0.014687216132249402,-0.006035979630504507,-0.006055820900345776,-0.0013531036965352145,-0.0013729449663764843,0.0011329432624518133,0.0011131019926105435,0.011613953395924664,0.011451254983226251,0.005487761116328249,0.005467919846486979,0.006470806059790168,0.006450964789948899,0.001297110067494966,0.0012772687976536962,0.00895885100945304,0.008939009739611769,0.004402772338612038,0.004382931068770768,-0.004349768851097835,-0.005369610120939105,0.0009344831404912955,0.0009146418706500257,0.01354799219762978,0.013194817594455177,0.003594993155892068
2024-03-01,0.008878638148991747,0.008858796879150477,0.01675674754798495,0.01623690627814368,-0.001633157793877793,-0.0016529990637190628,0.001263928382255669,0.0007440871124143992,0.00842707354766552,0.00840723227782425,0.01785933880113935,0.01723949753129808,0.006723847093926194,0.006704005824084924,0.004452040577940316,0.004098865974765713,0.004076242774302385,0.0040564015044611155,0.010937759909095957,0.010917918639254686,0.010391091920584572,0.010371250650743302,-0.000700846114199738,-0.0007206873840410078,-0.005789210025842737,-0.005809051295684007,0.01950942046936206,0.01898957919952079,0.009388320968662489
2024-03-04,0.006020297441176459,0.004400456171335189,0.026796499031743637,0.026443324428569035,0.003963715008305146,0.002743873738463876,0.02483298332481208,0.02481314205497081,0.0037468430324608896,0.0013270017626196193,0.015679041495018906,0.01549253355851097,-0.008462251821278542,-0.010482093091119813,0.022825121450032643,0.022805280180191373,-0.0066175552791775,-0.009437396549018772,0.026588974932447607,0.026569133662606336,-0.015012059626518604,-0.018031900896359875,0.009540181327633235,0.009520340057791964,0.0006735930015680069,-0.002946248268273264,0.005602705386186013,0.005332864116344743,-0.0010723579849281073
2024-03-05,-0.01090833886264113,-0.010928180132482401,-0.00080733609627609,-0.0008271773661173599,0.0005931001800850372,0.0005732589102437674,0.011383104006329359,0.011113262736488088,-0.00822603597425545,-0.00824587724409672,-0.010110465535496133,-0.01129697347200407,0.008451041565301031,0.00843120029545976,0.01555332749359184,0.01553348622375057,0.0016767166153779604,0.0016568753455366906,0.012450605665692949,0.012430764395851678,-0.00690203052785574,-0.00692187179769701,-0.004946389190843115,-0.004966230460684384,0.00147832432014019,0.0014584830502989202,-0.01699956940059355,-0.018019410670434822,-0.009994155065539134
2024-03-06,-0.005850544287321458,-0.005870385557162728,0.009068536765424184,0.008548695495582915,0.0007840704808880217,0.0007642292110467519,0.009043873281623593,0.007690698678448991,-0.0012440680157141054,-0.0012639092855553753,0.0040377779326586545,0.0036846033294840514,0.006705157970932007,0.006685316701090738,0.008956175783743229,0.008936334513901958,0.01254264597362369,0.01252280470378242,0.013093459078277636,0.013073617808436366,-0.0008202140706934148,-0.0008400553405346846,0.0017712856618385953,0.0017514443919973254,0.006704506204616544,0.006684664934775274,-0.0009422974951289742,-0.000962138764970244,0.005067283843022796
2024-03-07,0.009688138752204235,0.009668297482362965,0.018627459263228396,0.018607617993387126,0.008393680807577908,0.008373839537736637,0.011281720253608222,0.011261878983766951,0.006309338272206989,0.006289497002365719,0.013740602266995989,0.013720760997154718,-0.006140096746490098,-0.006159938016331368,0.004366587492799945,0.004346746222958675,-0.0011450245774292326,-0.0011648658472705024,0.009701265383573465,0.009681424113732195,-0.001734913630235224,-0.0017547549000764939,0.012284400695497522,0.012264559425656251,-3.206485556841478e-05,-5.190612540968462e-05,-0.004265821803707354,-0.004285663073548623,0.009926431560008053
2024-03-08,-0.0007970520945930759,-0.0008168933644343457,-0.019788906092420233,-0.019808747362261504,-0.004476075578250449,-0.004495916848091718,-0.030695822370467196,-0.031215663640308467,0.001639364859286719,0.0016195235894454491,-0.019068367050908624,-0.019588208320749895,-0.0029237426629233343,-0.0029435839327646043,-0.015601371632488592,-0.016121212902329863,-0.0038940755909830814,-0.003913916860824351,-0.015601371632488592,-0.015621212902329863,0.010050287063103468,0.010030445793262198,0.0024959187493878154,0.0024760774795465454,0.0038641417745204354,0.0038443005046791654,-0.004439982588521352,-0.004459823858362621,-0.00600223707223313
2024-03-11,-0.01124835548099281,-0.01126819675083408,0.0021547471302927335,0.0011349058604514636,-0.005039230249702798,-0.0050590715195440675,-0.015832110575450087,-0.016851951845291358,-0.005090254653155556,-0.005110095922996826,-0.004787200398774949,-0.005307041668616219,0.0005392810459998402,0.0005194397761585704,-0.0018870196045411847,-0.0019068608743824545,0.00246709601760241,0.00244725474776114,-0.0018870196045411847,-0.0019068608743824545,0.003267189034668771,0.003247347764827501,0.004041766734833918,0.0040219254649926485,-0.006703571172368138,-0.006723412442209408,-0.024302875176673067,-0.025322716446514338,-0.0008599039041066181
2024-03-12,0.02624299613456478,0.02622315486472351,0.026163576625885476,0.026143735356044206,0.008036662277107542,0.008016821007266271,0.031210390093517004,0.031190548823675734,0.02297941039210586,0.02295956912226459,0.024046108015197853,0.024026266745356583,0.016562393649332076,0.016542552379490805,0.023535034880885652,0.023515193611044382,0.01671033017730893,0.01669048890746766,0.023535034880885652,0.023515193611044382,0.012676373261595854,0.012656531991754583,0.002628541744999824,0.002608700475158554,0.008801747194092047,0.008781905924250776,0.028502355566489206,0.028149180963314605,0.010757494913311794
2024-03-13,-0.0002030235974372135,-0.00022286486727848335,-0.02061169638304975,-0.020964870986224352,-0.0007424201971108044,-0.0007622614669520742,-0.005066872236786979,-0.0050867135066282486,-0.0001203806426618775,-0.00014022191250314734,-0.01361260804138357,-0.013965782644558174,-0.007850568138331293,-0.007870409408172564,-0.007162812207247607,-0.007515986810422211,-0.017605048119100197,-0.017624889388941467,-0.007162812207247607,-0.007515986810422211,0.004436741685504742,0.004416900415663472,-0.013448884175802145,-0.013468725445643415,0.010325275175533066,0.010305433905691795,-0.011893186206996939,-0.01191302747683821,-0.0015675797383610801
2024-03-14,-0.00018817159586171934,-0.00020801286570298918,-0.0030834228297547863,-0.0031032640995960563,-0.006337163362953457,-0.006357004632794727,-0.01464468624406573,-0.014664527513907,-0.0017474717800955,-0.0017673130499367697,-0.007565598630502121,-0.00758543990034339,-0.0065238488465389375,-0.006543690116380207,-0.010922503337897646,-0.010942344607738916,-0.009519196484977555,-0.009539037754818826,-0.010922503337897646,-0.010942344607738916,0.0048064239581134816,0.004786582688272212,0.00783908050814286,0.007819239238301589,0.001373995083973123,0.0013541538141318532,-0.0044603103717201775,-0.0049801516415614476,-0.001976722054627955
2024-03-15,-0.016796726235247684,-0.016816567505088954,-0.000700589498433879,-0.0007204307682751488,-0.0009659626064781653,-0.0009858038763194351,0.0034725102210775294,0.0034526689512362593,-0.015049773953544988,-0.015069615223386259,-0.0006325876786163476,-0.0006524289484576174,-0.004975589689307791,-0.004995430959149061,0.0007302411033733858,0.000710399833532116,-0.00011871799291993676,-0.0001385592627612066,0.0007302411033733858,0.000710399833532116,-0.014428680129131156,-0.014448521398972427,-0.0014308306018072647,-0.0014506718716485345,-0.010943721039565878,-0.010963562309407149,-0.010003657857820702,-0.010023499127661973,-0.00686680474780077
2024-03-18,0.01168823772926184,0.01166839645942057,0.016055644520791,0.015535803250949732,-0.007433053798017696,-0.007452895067858966,-0.0009422178497335842,-0.0009620591195748541,0.010866429464326643,0.010846588194485373,0.01280416115776356,0.012284319887922291,-0.004980006002779392,-0.004999847272620661,0.006575746595139487,0.006055905325298217,-0.008280089456887862,-0.008299930726729132,0.006575746595139487,0.006055905325298217,0.0068750515453420485,0.006855210275500779,0.009479897925651515,0.009460056655810244,-0.0005032034046716927,-0.0005230446745129625,-0.015066315765271843,-0.016086157035113114,0.005943247138655572
2024-03-19,0.004224934430426419,0.004205093160585149,-0.009397626079833299,-0.00941746734967457,0.0003521288832477815,0.0003322876134065117,-0.00014453410915715725,-0.0001643753789984271,0.0030864249168711996,0.0030665836470299295,0.0006032378186446863,0.0005833965488034165,0.004521597287306578,0.004501756017465309,0.005211416420110804,0.005191575150269534,0.003362757131956629,0.003342915862115359,0.005211416420110804,0.005191575150269534,0.003097164576328881,0.0030773233064876108,-0.014609042499944103,-0.014628883769785373,0.0011689949287171375,0.0011491536588758677,-0.006353190090369942,-0.006373031360211212,0.005557043192334188
2024-03-20,-9.000234294200774e-05,-0.00010984361278327758,-0.0036080672588882923,-0.0036279085287295623,0.004027422593515728,0.004007581323674458,-0.0006801905049506063,-0.0007000317747918761,-0.0011158058923747879,-0.0011356471622160577,-0.0006016251058065247,-0.0016214663756477946,-0.006714594177522715,-0.006734435447363985,-0.0036080672588882923,-0.0036279085287295623,-0.004109915269930408,-0.004129756539771678,-0.0036080672588882923,-0.0036279085287295623,-0.0034606292607809556,-0.0034804705306222257,0.0,0.0,0.002664978603522894,0.002645137333681624,0.010522764853726552,0.010502923583885281,0.009249281975740598
2024-03-21,-0.0007286977178743937,-0.0007485389877156635,0.0016863292790997297,0.00166648800925846,-0.005060077958838083,-0.005079919228679353,0.008457233497946914,0.007437392228105645,-0.0008730851525390216,-0.0008929264223802914,0.0016863292790997297,0.00166648800925846,-0.005888017767872433,-0.0059078590377137025,0.0016863292790997297,0.00166648800925846,-0.003267208286491829,-0.003287049556333099,0.0016863292790997297,0.00166648800925846,-0.010485705378685685,-0.010505546648526955,0.0,0.0,-0.001079660715904329,-0.0010995019857455988,0.017682430347178868,0.016662589077337597,0.0033049703494358873
2024-03-22,0.0038901410081272902,0.00387029973828602,-0.0075606763738022,-0.00858051764364347,-0.0019375831436810216,-0.0019574244135222916,0.0,0.0,0.002401380771607564,0.002381539501766294,-0.0075606763738022,-0.00858051764364347,0.004640025248054069,0.0046201839782128,-0.0075606763738022,-0.00858051764364347,0.006561879033709705,0.006542037763868435,-0.0075606763738022,-0.00858051764364347,-0.0005043229752644375,-0.0005241642451057074,0.0,0.0,0.0011908024103835513,0.0011709611405422815,0.012493283816062073,0.012473442546220802,-0.0018960082807543133
2024-03-25,0.0007424226069656756,0.0007225813371244058,-0.010618413015529016,-0.010638254285370286,-0.004242223940984125,-0.004262065210825394,0.0,0.0,0.0005286583345612494,0.0005088170647199795,-0.010618413015529016,-0.010638254285370286,-0.0006758043153021866,-0.0006956455851434564,-0.010618413015529016,-0.010638254285370286,-0.0005631490013746966,-0.0005829902712159664,-0.010618413015529016,-0.010638254285370286,0.004811208017302359,0.00479136674746109,0.0,0.0,0.0005201323000881054,0.0005002910302468356,-0.02066067225733559,-0.02068051352717686,-0.0027628224274897084
2024-03-26,-0.0005911056379057536,-0.0006109469077470234,0.004940217289658877,0.004920376019817607,-0.005274255394459882,-0.005294096664301151,0.0,0.0,0.0007767857476993489,0.0007569444778580791,0.004940217289658877,0.004920376019817607,0.006984261677137903,0.006964420407296634,0.004940217289658877,0.004920376019817607,-0.008954841246993006,-0.008974682516834276,0.004940217289658877,0.004920376019817607,0.0087395104178147,0.00871966914797343,0.0,0.0,-0.007938262583589161,-0.007958103853430432,-0.0007020927602334748,-0.0007219340300747446,-0.0018469039122761544
2024-03-27,-0.02162576178173835,-0.021645603051579622,-0.017892226772648234,-0.017912068042489505,-0.005303810670461552,-0.005323651940302821,0.0,0.0,-0.021795203116811924,-0.021815044386653194,-0.017892226772648234,-0.017912068042489505,-0.015132331781105225,-0.015152173050946495,-0.017892226772648234,-0.017912068042489505,-0.002126229706758598,-0.002146070976599868,-0.017892226772648234,-0.017912068042489505,-0.00913260852277038,-0.00915244979261165,0.0,0.0,-0.004581876545403964,-0.004601717815245233,0.007808901972672588,0.007789060702831319,0.008403719100954943
2024-03-28,-0.0023026824731195773,-0.0023225237429608473,0.00290509133158412,0.0028852500617428498,-0.004872059807094209,-0.0048919010769354785,0.0,0.0,-0.0027165295427328154,-0.0027363708125740854,0.00290509133158412,0.0028852500617428498,-0.007412213412852586,-0.007432054682693856,0.00290509133158412,0.0028852500617428498,-0.0036140228353516825,-0.0036338641051929525,0.00290509133158412,0.0028852500617428498,-0.0024790424121758914,-0.0024988836820171614,0.0,0.0,0.001987687275554706,0.001967846005713436,0.0003549813732439677,0.0003351401034026979,-0.00019091284867489566
2024-04-01,0.007474455529205625,0.0074546142593643555,0.0007049461395035594,0.0006851048696622896,-0.0024317060959990425,-0.0024515473658403126,0.0,0.0,0.0070392606757107455,0.007019419405869476,0.0007049461395035594,0.0006851048696622896,-0.0026423641173945354,-0.0026622053872358054,0.0007049461395035594,0.0006851048696622896,-0.0014556296804185127,-0.0014754709502597825,0.0007049461395035594,0.0006851048696622896,0.005712432942448498,0.005692591672607228,0.0,0.0,0.002554120258665882,0.002534278988824612,-0.010572619849159692,-0.010592461119000963,-0.0017398671031291224
2024-04-02,0.0014660861304990223,0.0014462448606577525,-0.002727037493001516,-0.0027468787628427862,-0.010189265023780113,-0.010209106293621383,0.0,0.0,0.001007528370534882,0.0009876871006936122,-0.002727037493001516,-0.0027468787628427862,-0.00963151449615135,-0.00965135576599262,-0.002727037493001516,-0.0027468787628427862,-0.006472873760922759,-0.006492715030764029,-0.002727037493001516,-0.0027468787628427862,-0.00282283799717713,-0.0028426792670184,0.0,0.0,0.014147388360861424,0.014127547091020154,-0.008045801244748407,-0.008065642514589678,-0.0063582197032967525
2024-04-03,0.016526929589019003,0.016507088319177732,0.01418209376652202,0.014162252496680749,0.006262399589212065,0.006242558319370795,0.0,0.0,0.014377215905837371,0.0143573746359961,0.01418209376652202,0.014162252496680749,0.0031894108914555575,0.0031695696216142875,0.01418209376652202,0.014162252496680749,-0.002580523546881864,-0.002600364816723134,0.01418209376652202,0.014162252496680749,0.009645034253205231,0.009625192983363961,0.0,0.0,0.012285886644342893,0.012266045374501622,-0.003480059978833827,-0.003499901248675097,0.001098538297936047
2024-04-04,0.0009832590077446073,0.0009634177379033374,-0.0040327581474207674,-0.004052599417262037,-0.001501014262257615,-0.001520855532098885,0.0,0.0,0.00021039095956457664,0.0001905496897233068,-0.0040327581474207674,-0.004052599417262037,-0.003991595740279741,-0.0040114370101210104,-0.0040327581474207674,-0.004052599417262037,-0.005695245464320231,-0.005715086734161501,-0.0040327581474207674,-0.004052599417262037,-0.0030301669922698227,-0.0030500082621110927,0.0,0.0,-0.0027084551341073123,-0.0027282964039485823,0.0187713546607865,0.01875151339094523,-0.012205975319356743
2024-04-05,0.011021746690735013,0.011001905420893743,-0.006790524117103347,-0.007810365386944617,0.006905152243217971,0.006885310973376702,0.0,0.0,0.00824261400251416,0.008222772732672889,-0.006790524117103347,-0.007810365386944617,0.004943259877228534,0.004923418607387264,-0.004729733060275798,-0.004749574330117068,-2.765130624701219e-05,-4.749257608828203e-05,-0.004729733060275798,-0.004749574330117068,0.005818298965330859,0.0057984576954895894,0.0,0.0,0.009335128912792768,0.009315287642951498,0.016626588628798733,0.016606747358957463,0.010446772726340203
2024-04-08,-0.0032567845301514353,-0.0032766257999927054,-0.0032269983562174254,-0.0032468396260586954,-0.0013004949703915747,-0.0013203362402328445,0.0,0.0,-0.003621704268259118,-0.003641545538100388,-0.0032269983562174254,-0.0032468396260586954,-0.0017095718465077957,-0.0017294131163490655,-0.0049627564786939304,-0.0049825977485352,-0.004569342670024901,-0.00458918393986617,-0.0049627564786939304,-0.0049825977485352,4.564825269869348e-05,2.580698285742364e-05,0.0,0.0,0.002386041562893759,0.002366200293052489,-0.0009446367347215601,-0.0009644780045628299,0.0005592485948484605
2024-04-09,-0.003900203553915638,-0.0039200448237569074,-0.007811041549509845,-0.007830882819351116,-0.006340864784678291,-0.006360706054519561,0.0,0.0,-0.0034069356065850372,-0.0034267768764263073,-0.007811041549509845,-0.007830882819351116,-0.008545976196436544,-0.008565817466277815,-0.006965852131151529,-0.006985693400992798,-0.002628910309944765,-0.002648751579786035,-0.006965852131151529,-0.006985693400992798,0.001989524897280548,0.001969683627439278,0.0,0.0,-0.0019346444342616563,-0.0019544857041029263,-0.015919935624355563,-0.015939776894196834,0.001156939395297707
2024-04-10,0.006312421550193282,0.006292580280352012,-0.0054860278285085995,-0.005505869098349869,0.0016799387067987347,0.001660097436957465,0.0,0.0,0.00444392118873892,0.004424079918897651,-0.0054860278285085995,-0.005505869098349869,0.0026841054667478877,0.0026642641969066177,-0.001996718476384607,-0.002016559746225877,-0.0006469729996275153,-0.0006668142694687851,-0.001996718476384607,-0.002016559746225877,0.0031896616564444195,0.0031698203866031495,0.0,0.0,0.002009307651924086,0.001989466382082816,0.0008079848265306611,0.0007881435566893912,-0.010013224602685611
2024-04-11,0.00513783094865009,0.005117989678808821,0.01648008418918112,0.01646024291933985,0.00890770243202652,0.00888786116218525,0.0,0.0,0.0035467045731409127,0.0035268633032996427,0.01648008418918112,0.01646024291933985,0.011073482196556638,0.011053640926715368,0.0,0.0,0.013390320691269532,0.013370479421428261,0.0,0.0,0.01101885026519327,0.010999008995352,0.0,0.0,0.0012878684671077001,0.0012680271972664303,0.013581143731625,0.01356130246178373,0.007546903688030238
2024-04-12,-0.005242658884603114,-0.005262500154444383,0.008429962651672951,0.00841012138183168,0.005834401600949744,0.005814560331108475,0.0,0.0,-0.005520426694509695,-0.005540267964350964,0.008429962651672951,0.00841012138183168,-0.005695334530650152,-0.005715175800491422,0.0,0.0,-0.012023381033340908,-0.012043222303182178,0.0,0.0,-0.004130918561480734,-0.004150759831322004,0.0,0.0,-0.010046608107336751,-0.010066449377178021,0.007238516120708027,0.007218674850866758,-0.01380303518657644
2024-04-15,-0.007942462279271756,-0.007962303549113026,-0.008769008316306892,-0.008788849586148163,-0.003022869143886808,-0.003042710413728078,-0.021382250163371697,-0.022402091433212968,-0.006400600200236572,-0.006420441470077842,-0.008769008316306892,-0.008788849586148163,-0.010588656583255428,-0.010608497853096699,0.0,0.0,-0.007565936440024379,-0.007585777709865648,0.0,0.0,-0.0031046272613101,-0.00312446853115137,0.0,0.0,-0.004940079570657596,-0.004959920840498865,0.008963122683588454,0.007943281413747184,-0.012528095191382538
2024-04-16,0.008803112627013599,0.008783271357172329,-0.00720503551954399,-0.007224876789385259,0.010675521316522506,0.010655680046681236,0.008005910485051837,0.007986069215210567,0.008117393449089494,0.008097552179248223,-0.015409258941714632,-0.016429100211555903,0.007551199405963704,0.007531358136122435,0.0,0.0,0.003591774800944669,0.003571933531103399,0.0,0.0,0.0008216705967981413,0.0008018293269568715,0.0,0.0,-0.010626794648610872,-0.010646635918452142,-0.00890396658835918,-0.00942380785820045,-0.0018238320153739496
2024-04-17,-0.0055093222071210144,-0.005529163476962284,-0.021948681445376983,-0.022468522715218254,-0.012800204180018959,-0.01282004544986023,-0.007049967448407801,-0.008569808718249071,-0.005447490573251456,-0.005467331843092726,0.006339214285939828,0.005652706349431892,-0.014814086222396428,-0.014833927492237699,0.0,0.0,-0.018979123573592372,-0.018998964843433643,0.0,0.0,-0.002272207370170409,-0.002292048640011679,0.0,0.0,-0.005407049231139893,-0.005426890500981163,0.012809372352471593,0.012789531082630323,-0.005918270721091967
2024-04-18,0.0010279860224119309,0.001008144752570661,-0.007130600553566513,-0.007483775156741116,-0.0023326324285556145,-0.0023524736983968845,-0.03590577554846425,-0.036425616818305515,0.002046320511881028,0.002026479242039758,-0.007460428978319694,-0.007730270248160964,-0.003555831540447918,-0.003575672810289188,0.0,0.0,-0.005059550744169927,-0.005079392014011197,0.0,0.0,-0.002782303368517358,-0.002802144638358628,0.0,0.0,-0.002580476062886783,-0.002600317332728053,0.01916106110242427,0.018141219832583,-0.0020577941117486676
2024-04-19,-0.037069533114327737,-0.037089374384169004,-0.013823240885256882,-0.013843082155098153,-0.030088037026343974,-0.030107878296185244,-0.02528000064507857,-0.02529984191491984,-0.032105903168869486,-0.03212574443871075,-0.0053358427634437045,-0.005355684033284974,-0.017188647632834654,-0.017208488902675925,0.0,0.0,-0.016941341523983557,-0.016961182793824827,0.0,0.0,-0.003866129930076989,-0.0038859711999182592,0.0,0.0,0.0017039128832604389,0.001684071613419169,0.025118217276722032,0.025098376006880762,-0.008728184491961999
2024-04-22,-0.00012830607233269616,-0.000148147342173966,0.008911916803166164,0.007892075533324895,0.003039810070798854,0.003019968800957584,0.007129308304087201,0.006609467034245931,-0.0006171806828641378,-0.0006370219527054076,0.009396932745906306,0.008627091476065036,-0.0021846029309123384,-0.0022044442007536085,-0.0020173344429796902,-0.00303717571282096,0.0013378070450169137,0.0013179657751756439,0.0,0.0,0.0027474983631987976,0.0027276570933575275,0.0,0.0,0.007597448911118721,0.007577607641277451,0.008161347056128986,0.007541505786287717,0.009209095568160741
2024-04-23,0.012329685625659127,0.012309844355817856,0.021609738965398455,0.021589897695557185,0.004613894677020236,0.004594053407178967,0.011773068406762083,0.01141989380358748,0.011254800645028774,0.011234959375187504,0.013689907535110152,0.013670066265268881,0.005075198642392032,0.005055357372550763,0.011994354695455067,0.011974513425613797,0.008722158009672576,0.008702316739831305,0.0,0.0,-0.004891653822840647,-0.004911495092681917,0.0,0.0,0.012336253306938307,0.012316412037097036,0.007996135559361702,0.007809627622853766,0.011866491269179935
2024-04-24,-0.009092933149763116,-0.009112774419604387,-0.008279324267499425,-0.008299165537340695,-0.015576381860860033,-0.015596223130701303,-0.0226040628115739,-0.02287390408141517,-0.007639822000218476,-0.007659663270059746,0.0061765382606533414,0.005956696990812071,-0.010109552851573621,-0.010129394121414892,-0.015704429616633375,-0.015724270886474646,-0.011255793618230337,-0.011275634888071607,0.0,0.0,0.007097363906467036,0.007077522636625766,0.014639048603988014,0.013619207334146744,-0.011854644257297363,-0.011874485527138634,0.009849725260607036,0.009187026847908623,-0.00047458839491565374
2024-04-25,-0.012599582268887653,-0.012619423538728924,0.004541590864352814,0.004521749594511544,0.013885224157519582,0.013865382887678312,0.005151375083403714,0.005131533813562445,-0.01479071350333092,-0.014810554773172191,0.002393955845600787,0.002374114575759517,0.0016643925870438614,0.0016445513172025916,0.012363847707996867,0.012344006438155596,0.009659013253943149,0.009639171984101878,0.0,0.0,-0.008518580648694152,-0.008538421918535422,-0.009050457568146375,-0.009070298837987645,-0.013562192882501978,-0.013582034152343249,-0.015497553855754576,-0.015517395125595846,-0.003798820711377604
2024-04-26,0.025363974356969923,0.025344133087128653,0.008039094051214463,0.00768591944803986,0.010296078515869134,0.010276237246027864,-0.0029482973001616506,-0.0031681385700029203,0.022492158094889393,0.022472316825048123,0.009955394775709373,0.009649839220153817,0.007154879559026573,0.007135038289185303,-0.01342198814443259,-0.013775162747607194,-0.002772055734242119,-0.0027918970040833892,0.0,0.0,0.015182894808700033,0.015163053538858762,0.008116930587109605,0.008097089317268335,0.014700552322734461,0.01468071105289319,-0.010037950892023431,-0.010516125495198035,0.009473829310949533
2024-04-29,-0.009506192166365567,-0.009526033436206838,-0.007785003461724532,-0.008304844731565801,-0.0016318916168758246,-0.0016517328867170944,-0.003392694135305707,-0.0037792020718136437,-0.009307340560635535,-0.009327181830476806,-0.00435001152363641,-0.0046948527934776805,0.0014552660038295027,0.0014354247339882329,-0.013380371028085158,-0.013800212297926428,-0.001144719351723211,-0.001164560621564481,0.0,0.0,0.0039830253322042375,0.003963184062362968,-0.0029630089474068644,-0.0029828502172481344,0.005988132666043466,0.005968291396202197,-0.0008369270668604546,-0.0013067683367017245,0.0035415672071597015
2024-04-30,0.0024840206003516104,0.0024641793305103404,0.008082573688731082,0.008062732418889811,-0.004603721931650451,-0.004623563201491721,-0.008030094584273513,-0.008049935854114783,0.005699571350539345,0.005679730080698075,0.00528756051440615,0.00526771924456488,0.006348910960741673,0.006329069690900403,0.0037769747841480458,0.0037571335143067757,-0.002910606236624369,-0.002930447506465639,0.0,0.0,-0.004916228505081123,-0.004936069774922392,-0.00863825594957146,-0.008658097219412731,0.002649744562988844,0.0026299032931475738,0.017453062948878738,0.017433221679037467,-0.015841325203145407
2024-05-01,-0.01647017584747832,-0.01649001711731959,0.001530280043764709,0.0013104387739234391,0.011554501821942585,0.011534660552101315,-0.0008653445123603172,-0.00102804292505873,-0.012666899419909682,-0.012686740689750953,-0.010277707497046514,-0.010408659877998895,-0.009261238549382567,-0.009281079819223837,0.0013810288871633604,0.0003611876173220906,0.0036515657502388054,0.0036317244803975354,0.0,0.0,-0.00479283418071721,-0.004812675450558479,0.007330563122964873,0.007310721853123603,0.01659543195771245,0.016575590687871178,-0.012344072368028624,-0.012454822728778986,-0.003247077167387591
2024-05-02,-0.0016061359208453417,-0.0016259771906866115,-0.00989478696143522,-0.010247961564609824,0.014535906034190471,0.0145160647643492,0.012535778377104626,0.01210522282154907,-0.002888504821971594,-0.002908346091812864,-0.005630782052170521,-0.005936337607726077,0.0033859390411969505,0.0033660977713556805,0.004225656806221289,0.003705815536380019,0.017626798495732742,0.01760695722589147,0.0,0.0,0.003057430246782067,0.003037588976940797,0.001607563829431502,0.0010877225595902322,-0.006988391744650568,-0.007008233014491837,-0.0037488680213459136,-0.0040520426245205165,0.009353380061197125
2024-05-03,-0.003175917006239858,-0.003195758276081128,-0.00434758541100746,-0.00456742668084873,0.006144789248206539,0.006124947978365269,0.008376892263429737,0.008120939882477356,-0.0035854259808082312,-0.0036052672506495013,-0.0023744538759844684,-0.002560961812492405,-2.4994866816797565e-05,-4.4836136658067406e-05,0.02201344302203707,0.0219936017521958,0.002897466058476173,0.002877624788634903,0.0,0.0,0.0014898731582509324,0.0014700318884096626,0.02722311908530417,0.0272032778154629,0.0013157139018969092,0.0012958726320556394,-0.01287270309865265,-0.01289254436849392,0.012395318365177932
2024-05-06,0.01516373115004669,0.01514388988020542,0.011278818974411742,0.011258977704570471,0.0036478595702848383,0.0036280183004435682,0.0013442207819407597,0.0013243795120994899,0.01508507274540013,0.01506523147555886,0.007968404956383141,0.00794856368654187,0.004162197615815589,0.004142356345974319,0.007518899653763111,0.007499058383921842,-0.00028242251595270856,-0.0003022637857939784,0.0,0.0,0.0007039916804124635,0.0006841504105711937,0.010943554283770918,0.010923713013929647,0.005470486780941553,0.005450645511100283,-0.0011515963867455292,-0.001248360733509876,0.010326753519334764
2024-05-07,-0.003954452701003231,-0.0039742939708445005,0.006382007218340324,0.006362165948499055,0.007194412208270817,0.0071745709384295475,0.008885222042111595,0.008865380772270325,-0.005371186674091467,-0.005391027943932736,0.005860136694533033,0.005840295424691763,-0.003974170885788886,-0.003994012155630155,0.008981420896500536,0.008961579626659265,-0.004617434974229618,-0.004637276244070888,0.0,0.0,-0.003672555124497845,-0.003692396394339115,0.0024150987121401846,0.0023952574422989145,-0.007051399882416953,-0.007071241152258222,-0.002307162573470702,-0.002327003843311972,0.0011035482079475578
2024-05-08,0.006956186816107479,0.006936345546266209,0.0011362164395970933,0.0011163751697558235,-0.005373673557901271,-0.005393514827742541,-0.006902865441218547,-0.006922706711059817,0.009159319460573533,0.009139478190732263,0.00034817486098449586,0.000228333591143226,0.009561755877283173,0.009541914607441903,-0.013817946306646988,-0.013837787576488259,0.007675283649326348,0.007655442379485078,0.0,0.0,0.0066326049784719895,0.00661276370863072,-0.009111427877322553,-0.009131269147163824,0.0059930763529229105,0.005973235083081641,0.003883094004110083,0.003791824162840242,9.666059221768997e-05
2024-05-09,-0.008751282777903458,-0.008771124047744728,-0.0050425192054925905,-0.00506236047533386,-0.002799611460184692,-0.002819452730025962,0.0005420640722186201,0.0005222228023773502,-0.008364245432973705,-0.008384086702814975,-0.0019492718159114988,-0.001969113085752769,-0.005776525687149236,-0.005796366956990506,-0.009143266390663207,-0.009163107660504478,-0.008085289602036893,-0.008105130871878164,0.0,0.0,-0.00454318277685879,-0.004563024046700059,-0.010049342343270928,-0.010069183613112199,0.001813421829251349,0.0017935805594100792,-0.009410945279419377,-0.009430786549260647,0.005761836011684673
2024-05-10,0.002753714684372144,0.002733873414530874,-0.001857092330599941,-0.0018769336004412108,-0.0054695229338215245,-0.005489364203662794,-0.004832078969516885,-0.004851920239358155,0.0032164291171071337,0.0031965878472658637,-0.0006953865608512299,-0.0007152278306924997,1.4279594545385434e-05,-5.561675295884407e-06,-0.00613949901907016,-0.00615934028891143,-0.0008088974125481042,-0.000828738682389374,0.0,0.0,-0.005754904068093624,-0.005774745337934894,-0.0047623691462618245,-0.004782210416103094,0.0014930363842085125,0.0014731951143672427,-0.0027168045474029717,-0.0027366458172442417,0.0012881662358383839
2024-05-13,0.00024407451827623827,0.00022423324843496843,0.0013199583607192977,0.001300117090878028,0.0029363474125385534,0.0029165061426972834,-0.001982364148203729,-0.0021450625609021417,0.0022646226315721886,0.0022447813617309186,-0.0003723364570338765,-0.0003921777268751463,-0.0011918245121282922,-0.001211665781969562,0.0035794023053198343,0.0035595610354785642,0.004841858564155666,0.004822017294314396,0.0,0.0,0.004995452872293693,0.0049756116024524235,-0.011284597335394775,-0.011304438605236045,0.0019108204748231384,0.0018909792049818686,0.004948382825182838,0.004851618478418492,0.00013415839135411112
2024-05-14,0.003013578532656524,0.002993737262815254,-0.0026568648559038175,-0.0026767061257450876,-1.980443588256442e-05,-3.964570572383426e-05,0.0014560414749410023,0.0014362002050997324,0.0025346124483613948,0.0025147711785201247,-0.004880035680410979,-0.00501098806136336,0.0013862583325013004,0.0013664170626600306,0.010681460378983976,0.010661619109142706,0.0002576901095918127,0.00023784883975054287,0.0,0.0,0.0038810572132037422,0.003861215943362472,0.0170296805284032,0.01700983925856193,0.004291031662931088,0.004271190393089819,-0.006279081785785511,-0.006382256388960114,0.004588337361164152
2024-05-15,0.0037925060766825,0.00377266480684123,0.0026045545993725883,0.0023347133295313184,-0.00112169581014443,-0.0011415370799857,-0.0026030017929474653,-0.003033557348503021,0.0059202112443296085,0.005900369974488339,0.00026323820100780833,-0.0002566030688334615,0.003000620013135103,0.002980778743293833,0.005944291359454757,0.005924450089613487,0.0034083875658104997,0.0033885462959692297,0.0,0.0,-0.0011416455295447667,-0.0011614867993860365,0.004076411434465058,0.003723236831290455,0.007933159348285979,0.007913318078444708,-0.0010546707625416745,-0.0011514351093060212,0.01238307543289796
2024-05-16,-0.015204746895380383,-0.015224588165221653,0.0034885892254081043,0.0031354146222335013,0.008657235458748358,0.008637394188907088,-0.0014176922274414328,-0.0015803906401398455,-0.013588882942075609,-0.013608724211916879,0.0053425733160467675,0.004989398712872164,-0.006640287285578261,-0.00666012855541953,0.007526077739260794,0.007506236469419524,-0.00018458103348223398,-0.00020442230332350382,0.0,0.0,-0.004904274879742288,-0.004924116149583557,-0.0009196748634676677,-0.0009395161333089375,-0.015602886139819461,-0.015622727409660732,0.013632477665313529,0.01336263639547226,-0.0020575299463894137
2024-05-17,-0.0002497758994150722,-0.000269617169256342,0.0019969510471295024,0.001691395491573947,-0.0026547568722672162,-0.0026745981421084863,0.0004407840478348824,7.372055577139027e-05,-0.0018006646330868572,-0.001820505902928127,0.0015122112652098127,0.001310551813550361,-0.0013737718834301305,-0.0013936131532714003,-0.0113648286085016,-0.011670384164057156,-0.006908482231892121,-0.00692832350173339,0.008561158443496364,0.007541317173655094,0.007182643747162564,0.007162802477321295,-0.010446386231041327,-0.010466227500882597,0.004215887725991452,0.004196046456150182,-0.01639915386231869,-0.01649042370358853,0.0014374284791973668
2024-05-20,0.009380822878714968,0.009360981608873697,-2.9947253506468208e-05,-0.0004497885233477381,0.012080526832847138,0.012060685563005867,0.003288584926575763,0.00293541032340116,0.009624805485042775,0.009604964215201505,-0.0007811381477468016,-0.0011759794175880715,-0.0015663584244389518,-0.0015861996942802216,0.0012305591292014802,0.0008107178593602103,-0.004436926769866368,-0.004456768039707637,-0.008422323154341549,-0.00844216442418282,-0.0033168355401617996,-0.0033366768100030696,0.012353012426414808,0.012333171156573538,0.0003510690656976399,0.0003312277958563701,-0.0053027213094714466,-0.005595289852039989,0.0011521850332256722
2024-05-21,0.0019435883280488953,0.0019237470582076255,0.005162296792816353,0.005142455522975083,0.0017103931877897828,0.001690551917948513,-0.0019532830614207943,-0.002098124331262064,0.002261235840988685,0.002241394571147415,0.003611969467366046,0.003592128197524776,0.006814363025845038,0.006794521756003769,-0.003937663705536165,-0.003957504975377435,-0.0013312107458687162,-0.001351052015709986,0.012661475869500505,0.012641634599659234,0.007638227350756322,0.007618386080915052,0.008227375143614712,0.008207533873773442,9.056136839383742e-05,7.072009855256758e-05,0.0051449510509257446,0.005025109781084475,0.002452391920846342
2024-05-22,0.007350741576475573,0.0073309003066343035,-0.006115221308801844,-0.006135062578643114,-0.007161379517760957,-0.007181220787602227,-0.00584247501595235,-0.006005173428650763,0.011003109673363633,0.010983268403522362,-0.007024313251369778,-0.007187011664068191,0.015995215338979085,0.015975374069137814,-0.02198783402410496,-0.02200767529394623,0.009265027870263775,0.009245186600422504,0.00441411404255676,0.004394272772715491,0.00808780925367648,0.00806796798383521,-0.013909201318124842,-0.014429042587966111,-0.0013263930153718075,-0.0013462342852130773,-0.018867068248616996,-0.01933135396290271,-0.0028792147703587956
2024-05-23,0.017318542355539302,0.01729870108569803,0.004814769584404965,0.004794928314563696,0.011457402034047649,0.011437560764206378,0.0033210673604393125,0.0033012260905980425,0.015380030879066132,0.015360189609224861,0.005367537060200893,0.005347695790359624,0.01209124934178407,0.0120714080719428,0.0022920808781081055,0.0022722396082668355,0.004763347708145195,0.004743506438303925,0.0010205373129803519,0.001000696043139082,0.0046500905293392555,0.004630249259497986,0.013219848848367632,0.013200007578526362,3.535490602947153e-05,1.5513636188201687e-05,-0.0002875154739844961,-0.0003073567438257659,-0.007304212705789959
2024-05-24,-0.00046721544852045254,-0.00048705671836172235,-0.0004321930013331532,-0.000952034271174423,8.641982845817306e-05,6.657855861690322e-05,0.012117440408292194,0.01176426580511759,0.0003607267235722798,0.00034088545373101,-0.000260596843436356,-0.0009304381132776258,0.001966418554964489,0.0019465772851232192,0.005659271343122496,0.005389430073281226,0.00013912602740314708,0.00011928475756187723,0.0017120838238378067,0.0016922425539965368,-0.004966559755869737,-0.004986401025711007,0.005778754517788365,0.005758913247947095,0.00025818734157133654,0.0002383460717300667,-0.008146171077775774,-0.008957679014283711,0.006616277132521553
2024-05-28,0.012335722021213292,0.012315880751372021,-0.02253702477508046,-0.023223532711588397,0.011245406051577356,0.011225564781736086,0.012964395591505501,0.012577887654997564,0.009552862221157565,0.009533020951316295,-0.024319172909916864,-0.024922347513091466,0.0007410002152843042,0.0007211589454430344,0.006155352922712687,0.005135511652871417,0.001967744886882805,0.0019479036170415352,-0.005899397577983523,-0.005919238847824792,0.00245969162114108,0.00243985035129981,0.003974119943421062,0.003954278673579792,0.007026226963793004,0.007006385693951734,-0.029975916807444936,-0.030829091410619538,0.0006989438103297552
2024-05-29,0.00585549162554947,0.0058356503557082,-0.003145684600238859,-0.0031655258700801292,0.0035096094284991835,0.0034897681586579135,0.00657177122053643,0.00655192995069516,0.004230744820252463,0.004210903550411193,-0.004888277595429952,-0.004908118865271221,0.011710520353787623,0.011690679083946352,0.001759435447801161,0.001739594177959891,0.006017361548733447,0.005997520278892178,0.00515748239261804,0.005137641122776771,0.011157442845803967,0.011137601575962696,0.0011134968178864169,0.001093655548045147,0.003381341623712019,0.003361500353870749,-0.004964731096250101,-0.00498457236609137,-0.007002524711322233
2024-05-30,-0.023007679148100646,-0.023027520417941916,0.015764086905205255,0.015244245635363985,-0.004780003408428668,-0.004799844678269938,-0.018090981113762655,-0.018360822383603925,-0.020158394782097855,-0.020178236051939125,0.018617571054275823,0.01826439645110122,-0.0018690488704580788,-0.0018888901402993486,-0.02425103510940063,-0.025270876379241903,-0.0038371424057019768,-0.003856983675543247,0.006171663583219411,0.0061518223133781415,-0.020569361133159103,-0.020589202403000374,-0.027388147368062388,-0.027407988637903658,-0.00903503559173897,-0.009054876861580241,0.015460113760418503,0.015240272490577234,-0.006633806782808005
2024-05-31,-0.011952161763128267,-0.011972003032969537,0.018669609915763496,0.016649768645922228,-0.007386817423644245,-0.007406658693485515,-0.011068316156792973,-0.011921490759967575,-0.00871490670159687,-0.008734747971438141,0.022531382912069575,0.020511541642228306,-0.005044869748825065,-0.0050647110186663345,0.001715241952672364,0.001695400682831094,-0.004039854753851081,-0.004059696023692351,0.004299221883131699,0.004279380613290429,-0.010023564754567914,-0.010043406024409184,-0.008177206477297805,-0.009197047747139074,-0.006780543685507092,-0.006800384955348362,0.022376182975955394,0.021106341706114126,0.009108166990335897
2024-06-03,0.009880605539321054,0.009860764269479783,-0.046885057695096544,-0.04690489896493781,0.001978592534767787,0.001958751264926517,0.03659250276464961,0.03573932816147501,0.011071740275748521,0.01105189900590725,-0.04808971421921093,-0.0481095554890522,0.016353496415337055,0.016333655145495785,0.0012538030880602236,0.0012339618182189537,0.012994876225184894,0.012975034955343624,9.712134689099372e-05,7.728007704972388e-05,0.010691100899987881,0.010671259630146611,0.02130077531808061,0.02128093404823934,0.0009429844598031089,0.0009231431899618391,-0.051918912469654604,-0.05193875373949587,0.0008153584312327045
2024-06-04,0.00029916230474628155,-0.0025206789650949893,-0.003849823057461066,-0.004369664327302336,-0.003560501436838959,-0.004780342706680229,0.009081044829073532,0.008727870225898928,0.0026166836177376916,-0.00040315765210357894,-0.0047400369758210745,-0.005259878245662345,0.005322007093519143,0.0023021658236778725,0.013060140536841014,0.013040299266999743,0.01056305624655849,0.00794321497671722,0.010732548465449687,0.010712707195608417,0.003041747439473896,-0.00017809383036737408,0.00035584748292727397,0.00033600621308600416,0.004554608626171275,0.0007347673563300045,-0.009987897006207613,-0.010841071609382216,0.0011179275456751903
2024-06-05,-0.0016146986378488331,-0.001634539907690103,-0.04178297464598041,-0.041802815915821676,0.015206428895949375,0.015186587626108104,0.029267247998966517,0.029247406729125246,-0.0038925425310811666,-0.003912383800922436,-0.04255004340254994,-0.04256988467239121,0.009283250431847568,0.009263409162006297,-0.02296808151841384,-0.02298792278825511,0.0022001559594519993,0.0021803146896107292,-0.004527814888385606,-0.004547656158226876,0.00677092427511996,0.00675108300527869,0.0057923945603415294,0.00577255329050026,-0.010076978895169543,-0.010096820165010813,-0.03067805887318309,-0.03069790014302436,0.011885081701314748
2024-06-06,0.0021391944531545136,0.0021193531833132435,0.010576599066232317,0.010556757796391047,0.0029578486260610107,0.0029380073562197406,-0.0075542227536844475,-0.007574064023525717,0.00031928862260555135,0.00029944735276428154,0.010576599066232317,0.010056757796391048,0.002882128523149519,0.0028622872533082488,0.002747396251202794,0.002727554981361524,0.0027732678528634255,0.0027534265830221555,0.0009129611213340993,0.0008931198514928295,0.00025933963141067107,0.00023949836156940123,-0.0025621011805585514,-0.0025819424503998214,0.001077051077083324,0.0010572098072420542,0.009566733965975849,0.00904689269613458,-1.868653409564658e-05
2024-06-07,0.0036799805249276285,0.0036601392550863585,-0.014011460053389602,-0.014031301323230872,0.0019470626915372713,0.0019272214216960015,0.003244958494495058,0.0032251172246537878,-0.0019976924842322052,-0.0020175337540734753,-0.014011460053389602,-0.014031301323230872,-0.004536194679158889,-0.004556035949000159,-0.012458502219040157,-0.012478343488881428,-0.005607535535438535,-0.0056273768052798046,-0.017696947131240814,-0.017716788401082085,-0.010470079116084698,-0.010489920385925968,0.011076373182103527,0.011056531912262257,0.0004972101660067341,0.00047736889616546425,-0.015939617991021615,-0.015959459260862886,-0.0012158226894491975
2024-06-10,-0.0005055879009131072,-0.000525429170754377,-0.00011905676675805221,-0.00013889803659932205,0.0051649949342948975,0.005145153664453628,0.005624937329519445,0.005605096059678175,0.002894122929118437,0.002874281659277167,-0.00011905676675805221,-0.00013889803659932205,0.005600713715874483,0.005580872446033214,0.005215683078668709,0.00519584180882744,0.001188209942272178,0.0011683686724309082,0.013303385972439408,0.013283544702598137,0.007454652765237735,0.0074348114953964655,-0.013819782082604037,-0.013839623352445308,-0.0059249160745492475,-0.005944757344390517,0.008226844182094961,0.00820700291225369,0.0030899131908428412
2024-06-11,0.000912247126924104,0.0008924058570828342,0.003971887776873961,0.003952046507032692,0.002469510658620244,0.002449669388778974,-0.005235993531484369,-0.005255834801325639,5.120893913964633e-05,3.1367669298376486e-05,0.003971887776873961,0.003952046507032692,0.008325373673080162,0.008305532403238891,-0.004998016987351139,-0.005017858257192409,-0.001248108676286286,-0.0012679499461275558,-0.0058429866560100185,-0.005862827925851288,-4.394087663007768e-05,-6.378214647134752e-05,-0.007093656512054292,-0.007113497781895561,0.00869397769462934,0.00867413642478807,0.009595239692247237,0.009575398422405967,0.0024083365749489882
2024-06-12,0.004790783807765998,0.0047709425379247284,-0.020187052358764168,-0.02020689362860544,0.003887236604123756,0.003867395334282486,-0.00362627549942866,-0.00364611676926993,-0.0067140403480915435,-0.006733881617932813,-0.020187052358764168,-0.02020689362860544,0.018274820384887203,0.018254979115045932,-0.012998926643151276,-0.013018767912992547,0.01864979090747667,0.0186299496376354,-0.014507301304248044,-0.014527142574089314,0.0010935244770264641,0.0010736832071851943,-0.016867216469755197,-0.016887057739596468,-0.006033932548629673,-0.006053773818470942,-0.006008168132859315,-0.006028009402700585,0.008213258473934504
2024-06-13,-0.0047143422028929185,-0.004734183472734188,-0.01795242939731449,-0.01830560400048909,-0.0054778244315813905,-0.00549766570142266,0.004386449455790087,0.003866608185948817,-0.0018647241322997889,-0.0018845654021410587,-0.01795242939731449,-0.01830560400048909,-0.005743864927948128,-0.005763706197789397,-0.0020420361871008965,-0.0023952107902754996,0.0033927897402102,0.00337294847036893,-0.0009604473387237467,-0.0014802886085650165,-0.004085288423277577,-0.004105129693118847,0.0,0.0,-0.0015961627935957901,-0.00161600406343706,-0.0120424610344525,-0.01306230230429377,0.00201328594614969
2024-06-14,-0.0005661273263934507,-0.0005859685962347205,-0.00984601917627583,-0.0098658604461171,0.004658644559097436,0.004638803289256166,0.005453917505922464,0.005434076236081194,0.002603401908453351,0.002583560638612081,-0.00984601917627583,-0.0098658604461171,0.005056644411063816,0.005036803141222546,-0.0019369050329049637,-0.0019567463027462336,0.015724863069639782,0.01570502179979851,-0.004358757039812644,-0.004378598309653914,0.00436305239795296,0.00434321112811169,0.0,0.0,-0.017571598940022623,-0.017591440209863893,-0.0037195691571769163,-0.0037394104270181863,0.0006082746199471689
2024-06-17,0.004428003369615941,0.004408162099774671,0.01823347759141719,0.016213636321575922,-0.0014126084436721915,-0.0014324497135134613,-0.003170940340239514,-0.0036907816100807843,0.0006931277076177131,0.0006732864377764433,0.0004692381656676292,-0.0010506031041736406,0.003935503097966763,0.0039156618281254935,0.015062537251177677,0.013042695981336406,-0.004379525744357782,-0.004399367014199051,0.015062537251177677,0.014042695981336407,-0.010831773706073322,-0.010851614975914593,0.0,0.0,0.0024126809278646744,0.0023928396580234043,-0.017295001260081933,-0.0193148425299232,0.007959026912321532
2024-06-18,0.009456181372072724,0.009436340102231454,0.0038352242675231407,0.0038153829976818707,0.0026905182276178883,0.0026706769577766183,0.017189513417747215,0.017169672147905945,0.005596867210895129,0.005577025941053859,-0.00456429342662501,-0.00458413469646628,0.0006367849914981965,0.0006169437216569267,0.021024737685270356,0.021004896415429086,0.003527007461431908,0.003507166191590638,0.021024737685270356,0.021004896415429086,0.0016546187945212008,0.001634777524679931,0.0,0.0,0.004908298316864124,0.004888457047022854,-0.012963811120773161,-0.012983652390614431,0.0025407121528528975
2024-06-20,0.0037854882456925696,0.0037656469758512996,0.0027579166254996235,0.0027380753556583534,-0.0018726556752563404,-0.0018924969450976102,-0.012002163373450725,-0.012022004643291995,0.0017605117411512161,0.0017406704713099463,0.009408501223301557,0.009388659953460287,-0.002920118357773915,-0.002939959627615185,-0.009244246747951101,-0.009264088017792372,-0.00359350225176609,-0.00361334352160736,-0.009244246747951101,-0.009264088017792372,0.005966210227794389,0.005946368957953119,0.0,0.0,0.0027153857916828675,0.0026955445218415975,0.01605908582110349,0.01603924455126222,-0.002716544837253032
2024-06-21,0.0033932695963332705,0.0033734283264920005,0.0040114291529034785,0.003991587883062209,0.00250746980445381,0.00248762853461254,-0.012537093077202466,-0.012556934347043736,0.0020665695287008677,0.0020467282588595976,0.01897419374046927,0.018954352470628,0.004547879084128025,0.004528037814286756,-0.008525663924298987,-0.008545505194140258,-0.0014797408571298742,-0.001499582126971144,-0.008525663924298987,-0.008545505194140258,0.003925315716476585,0.003905474446635315,0.0,0.0,0.0034442318677369577,0.0034243905978956876,0.03393695832803506,0.033917117058193794,-0.001340605303397857
2024-06-24,0.007890800358759465,0.007870959088918194,0.02018216312880644,0.02016232185896517,-0.009944070781400438,-0.009963912051241709,-0.02830972497805878,-0.02832956624790005,0.012291991424756454,0.012272150154915184,0.01718241832229339,0.01716257705245212,-0.004720390283263964,-0.004740231553105234,-0.00812756184925234,-0.008147403119093611,-0.0015255365097868625,-0.0015453777796281324,-0.00812756184925234,-0.008147403119093611,0.0022530090073966894,0.0022331677375554194,0.0,0.0,0.013821859584163843,0.013802018314322572,0.014182673515780342,0.014162832245939071,-0.003250759517070101
2024-06-25,0.004333257043766259,0.004313415773924989,0.001523099574271214,0.0005032583044299441,0.0127951390661026,0.01277529779626133,-0.01052096379457057,-0.01154080506441184,-0.00047689934264528696,-0.0004967406124865568,0.006681607694128455,0.005661766424287186,0.005661233756831041,0.005641392486989772,-0.008997864220299356,-0.009017705490140627,0.004248407980057789,0.00422856671021652,-0.008997864220299356,-0.009017705490140627,0.010291049015394349,0.010271207745553079,0.0,0.0,-0.012854234081592131,-0.012874075351433402,0.011840115813985697,0.010820274544144427,0.0038509684777763287
2024-06-26,-0.012665916318805303,-0.012685757588646573,-0.001997666728973946,-0.002017507998815216,0.003486067294381745,0.003466226024540475,-0.006004455420635879,-0.006024296690477149,-0.0069747612092174276,-0.006994602479058697,0.003068592520765523,0.003048751250924253,-0.0025727843841875987,-0.0025926256540288687,-0.008002122149609825,-0.008021963419451095,-0.0004658983580618336,-0.00048573962790310343,-0.008002122149609825,-0.008021963419451095,-0.008419010457033815,-0.008438851726875085,0.0,0.0,0.0002783040980435137,0.00025846282820224387,0.008134851770504992,0.008115010500663721,0.001247921759041981
2024-06-27,0.005897392873172047,0.005877551603330778,0.009655696415068915,0.009635855145227645,0.0035998705163450386,0.0035800292465037685,0.0028745802497069928,0.0028547389798657227,-0.0008682652146713599,-0.0008881064845126297,0.019721052930007477,0.019701211660166206,0.0002081811080211658,0.00018833983817989595,0.012530276664775908,0.012510435394934637,-0.0011805319564010316,-0.0012003732262423014,0.012530276664775908,0.012510435394934637,0.002358001226896278,0.002338159957055008,0.0,0.0,-0.004315403698936337,-0.004335244968777607,0.029786409444946038,0.029766568175104768,0.0015765874637472255
2024-06-28,-0.009831993380602545,-0.009851834650443815,0.011194608529841998,0.011174767260000728,-0.008168129926204892,-0.008187971196046162,1.6977193197265095e-05,-2.8640766440047466e-06,0.006496206520836367,0.0064763652509950975,0.01558550700672312,0.01556566573688185,0.016040707436903032,0.016020866167061762,0.011211585723039263,0.011191744453197993,0.014740810171524989,0.014720968901683718,0.011211585723039263,0.011191744453197993,0.0042090061164725585,0.004189164846631289,0.0,0.0,-0.011349025532898783,-0.011368866802740053,0.019976405483604243,0.019956564213762972,-0.003935207051480205
2024-07-01,0.004431904047210655,0.0044120627773693855,0.025514188407973926,0.025494347138132655,0.0033853987987051306,0.0033655575288638606,-0.014186852777544612,-0.014206694047385882,-0.0028504838882955517,-0.0028703251581368217,0.022844626735744056,0.022824785465902785,-0.009841184615044019,-0.009861025884885289,0.011327335630429314,0.011307494360588043,-0.009251150502331896,-0.009270991772173167,0.011327335630429314,0.011307494360588043,-0.007254713297092385,-0.0072745545669336545,0.0,0.0,-0.0006984026492412032,-0.000718243919082473,0.020175065063514186,0.020155223793672915,0.0020580704570902775
2024-07-02,0.0031656237853618595,0.0031457825155205895,-0.00948018827902053,-0.0095000295488618,0.004608435532655508,0.004588594262814239,0.004078334123102767,0.004058492853261497,0.0019254188524767124,0.0019055775826354426,-0.0032692331680804765,-0.0032890744379217465,0.0072411931363859814,0.007221351866544712,-0.005401854155917762,-0.005421695425759032,-0.001530412784142099,-0.0015502540539833688,-0.005401854155917762,-0.005421695425759032,0.002057499563690346,0.002037658293849076,0.0,0.0,-0.0020505560197316424,-0.0020703972895729124,0.0029417219428595764,0.0029218806730183064,0.006729719960815839
2024-07-03,-0.0016136959686876672,-0.001633537238528937,0.0032144558657238864,0.0031946145958826164,0.01105307854759131,0.01103323727775004,0.0,0.0,-0.0019277548194797768,-0.0019475960893210467,0.0015248325829235743,0.0015049913130823045,0.006644187744115626,0.0066243464742743565,0.0032144558657238864,0.0031946145958826164,0.012377336147357943,0.012357494877516672,0.0032144558657238864,0.0031946145958826164,0.00918129253958937,0.0091614512697481,0.0,0.0,-0.006875033944344733,-0.006894875214186002,-0.0001647906998767379,-0.00018463196971800773,0.004462763867459474
2024-07-05,0.0039639456843048705,0.003944104414463601,-0.0026496747941100462,-0.0026695160639513163,0.004840792800994154,0.004820951531152884,0.0,0.0,0.005375043199914975,0.005355201930073705,0.0029742956960121525,0.0029544544261708825,0.008028288340230028,0.008008447070388757,-0.0026496747941100462,-0.0026695160639513163,-0.0030142420286914714,-0.0030340832985327414,-0.0026496747941100462,-0.0026695160639513163,0.011563140169666263,0.011543298899824993,0.0,0.0,-0.001195408450303903,-0.0012152497201451727,0.008598266186134351,0.00857842491629308,0.0057663783647854405
2024-07-08,-0.0010984298193275623,-0.0011182710891688321,0.005745763013489613,0.0047259217436483435,0.002411763064521022,0.002391921794679752,0.0,0.0,0.0014287934010091985,0.0014089521311679287,0.002513494721200049,0.0014936534513587793,0.011127361987109664,0.011107520717268393,0.00022721699035610499,0.00020737572051483515,-0.0017828340469423277,-0.0018026753167835975,0.00022721699035610499,0.00020737572051483515,-0.0010247714504825088,-0.0010446127203237786,0.0,0.0,0.004825712426941386,0.0048058711571001165,-0.006237319594223023,-0.006257160864064293,0.0011538007214388912
2024-07-09,-0.0029584640012721435,-0.0029783052711134135,-0.03918219397450429,-0.039202035244345554,0.0048865013490599464,0.004866660079218677,0.0,0.0,-0.0018810378731792365,-0.0019008791430205063,-0.03233602980396533,-0.032355871073806594,-0.003347667342949767,-0.003367508612791037,-0.030966595328339563,-0.030986436598180834,-0.009200328626729991,-0.009220169896571262,-0.030966595328339563,-0.030986436598180834,-0.002978479034252213,-0.002998320304093483,0.0,0.0,-0.0018121551306204853,-0.0018319964004617551,-0.017274266987261644,-0.017294108257102914,0.0009725560299771452
2024-07-10,-0.005405793331679032,-0.005425634601520302,0.009345474844540957,0.009325633574699687,-0.0022007550419214546,-0.0022205963117627246,0.0,0.0,-0.0021266266924972466,-0.0021464679623385166,0.0031064382260101997,0.0030865969561689297,0.00408195130385891,0.00406211003401764,-1.4464362030786049e-05,-3.430563187205589e-05,0.005176325708185115,0.005156484438343845,-1.4464362030786049e-05,-3.430563187205589e-05,0.0028587812321767096,0.0028389399623354396,0.0,0.0,0.0016940724308904705,0.0016742311610492007,-0.012492537599092302,-0.012512378868933572,0.009895400240772956
2024-07-11,-0.003503483181494749,-0.003523324451336019,-0.002833333484185019,-0.002853174754026289,-0.014702975628476434,-0.014722816898317705,0.01030125223528866,0.00928141096544739,0.003959777302392886,0.003939936032551617,-0.012808904938188315,-0.012828746208029585,-0.006883051633716564,-0.0069028929035578335,0.016316397804371774,0.016296556534530503,0.010557572386074288,0.010537731116233018,0.016316397804371774,0.016296556534530503,-0.0011634724176218022,-0.001183313687463072,0.0,0.0,0.0111466547967908,0.01112681352694953,0.0033332535658269213,0.0028134122959856513,-0.008622775151053363
2024-07-12,-0.007204816689421556,-0.007224657959262825,0.011901927034848825,0.011882085765007554,-0.007258169298812357,-0.0072780105686536265,-0.01361168154850989,-0.01463152281835116,0.004285928061524013,0.004266086791682743,0.008304975177316617,0.007951800574142014,0.004804797363187441,0.004784956093346171,0.007771911231635009,0.00775206996179374,0.0058937141802475,0.00587387291040623,0.007771911231635009,0.00775206996179374,0.0023821057945494052,0.0023622645247081352,0.0,0.0,0.010169994109314184,0.010150152839472914,-0.004429357328918249,-0.004449198598759518,0.006307644912908028
2024-07-15,0.007065001794851355,0.007045160525010086,-0.007642729621082811,-0.00816257089092408,0.009050764848539384,0.009030923578698113,0.017981873121602376,0.017962031851761106,0.0053264096566520095,0.00530656838681074,-0.012009344334952488,-0.013029185604793757,0.003192736136133345,0.003172894866292075,0.0,0.0,-0.010401935899502078,-0.010421777169343348,0.0,0.0,-0.0029478979778931325,-0.0029677392477344025,0.0,0.0,0.0029186387084837676,0.0028987974386424976,-0.017559800409268522,-0.018579641679109794,0.002750070829395712
2024-07-16,-0.01574014988909971,-0.01575999115894098,-0.006049302224706232,-0.006069143494547502,-0.011260072550575638,-0.011279913820416909,0.007255615400975524,0.007235774131134254,-0.012096288784350328,-0.012116130054191598,-0.0023528051962357823,-0.0027059797994103854,-0.01610779335128053,-0.0161276346211218,0.0,0.0,-0.006420111834692554,-0.0064399531045338234,0.0,0.0,-0.016001099489353313,-0.016020940759194583,0.0,0.0,-0.0012739332518474037,-0.0012937745216886735,-0.00988843509359505,-0.00990827636343632,0.0059302288745983756
2024-07-17,-0.0029381655053841048,-0.0029580067752253748,-0.039565489009513066,-0.03958533027935433,-0.02295870971238544,-0.02297855098222671,-0.030339305982531206,-0.031359147252372474,0.0011572015266599124,0.0011373602568186425,-0.010811064651092772,-0.011330905920934041,0.0028794847887900436,0.0028596435189487735,0.0,0.0,-0.0004587939323032809,-0.0004786352021445507,0.0,0.0,-0.009615928669532148,-0.009635769939373418,0.0,0.0,0.0174518629002103,0.01743202163036903,0.0011324156842276167,0.0001125744143863469,-0.014021236273249915
2024-07-18,-0.00669625750073387,-0.0067160987705751395,0.012355994898620049,0.012002820295445445,0.0021923410456382575,0.0021724997757969875,-0.005756675544139722,-0.006109850147314326,-0.00810787370659638,-0.00812771497643765,0.005552875222727072,0.005199700619552468,0.012073438659773639,0.012053597389932369,0.0,0.0,0.016690216696997363,0.016670375427156093,0.0,0.0,0.007957698675551517,0.007937857405710246,0.0,0.0,-2.9762338557826756e-05,-4.96036083990966e-05,0.01762192849288549,0.01735208722304422,-0.007684831488600441
2024-07-19,-0.0031349906642280877,-0.0031548319340693578,-0.011693238667536982,-0.011713079937378253,-0.0024286593309929437,-0.0024485006008342137,-0.00817778440954244,-0.00819762567938371,0.004952852782358596,0.0049330115125173265,-0.009333230596067239,-0.009353071865908509,-0.012670321513098704,-0.012690162782939975,0.0,0.0,0.002671368364197557,0.002651527094356287,0.0,0.0,-0.002778170412048475,-0.002798011681889745,0.0,0.0,-0.000298018252585186,-0.0003178595224264558,-0.003936963821538714,-0.003956805091379983,-0.006640584713270448
2024-07-22,0.0034383415957363935,0.0034185003258951235,-0.015421370446208726,-0.016691211716049995,0.025094033809145336,0.025074192539304065,0.021940626048230695,0.021420784778389424,-0.006449989330630889,-0.006469830600472158,-0.007780570337059145,-0.008550411606900414,0.009741760421401735,0.009721919151560465,0.0,0.0,-0.003373419327447314,-0.003393260597288584,0.0,0.0,0.007715417749647301,0.007695576479806032,0.0,0.0,-0.014288098850085473,-0.014307940119926744,-0.006865103536642658,-0.006884944806483928,0.010310013477656366
2024-07-23,0.013691248687790536,0.013671407417949265,-0.0075470782896776,-0.00756691955951887,0.004669297877703249,0.004649456607861979,0.006414158940627486,0.006060984337452883,-0.0044605937616814416,-0.004480435031522711,-0.003271692227414813,-0.003491533497256083,-0.009414250065423702,-0.009434091335264972,0.0,0.0,-0.011670218217830142,-0.011690059487671413,0.0,0.0,-0.0002481958930451774,-0.0002680371628864472,0.0,0.0,-0.0004461786290450133,-0.00046601989888628314,-0.0041853808143272,-0.00440522208416847,-0.0015686751905057417
2024-07-24,0.0026836220690004027,0.0026637807991591327,0.001858385973388099,0.0011385447035468293,-0.02118968531717922,-0.02120952658702049,-0.03149127122360257,-0.031511112493443835,0.011462761947224686,0.011442920677383416,0.004917005831535817,0.0043221645616945475,-0.008795079802500116,-0.008814921072341386,0.006427719596432624,0.004407878326591353,0.006816751889331729,0.0067969106194904596,0.0,0.0,0.002864888890116402,0.002845047620275132,-0.029319740982896136,-0.030339582252737408,0.024111364876422736,0.024091523606581466,0.012924793939053492,0.012529952669212223,-0.02266248419924921
2024-07-25,-0.0076736613622059744,-0.007693502632047244,0.004450709620652482,0.004430868350811213,-0.015214546338614033,-0.015234387608455304,-0.018050926331134733,-0.018070767600976003,-0.010070746996572011,-0.010090588266413281,0.010861818263047867,0.010841976993206597,-0.012384937582874279,-0.01240477885271555,0.015232059980309187,0.015212218710467917,-0.0018071423491195166,-0.0018269836189607864,0.0,0.0,-0.009458993315419618,-0.009478834585260889,0.006071187759719265,0.006051346489877996,0.008592183089175897,0.008572341819334627,0.01682830406528818,0.01630846279544691,-0.005210169905398465
2024-07-26,-0.012211336626567492,-0.012231177896408763,-0.00431323501537546,-0.0043330762852167295,-0.0020835308796512964,-0.0021033721494925664,0.0008249335085919931,0.0006622350958935804,-0.010578329688985377,-0.010598170958826647,-0.007730055720922141,-0.008116563657430078,-0.0055896946178666035,-0.005609535887707873,0.00106202963250146,0.0010421883626601902,-0.0011120796833273393,-0.0011319209531686092,0.0,0.0,-0.0005252154664185382,-0.000545056736259808,-0.0025713191709491046,-0.0025911604407903746,-0.0074372820290277575,-0.007457123298869027,0.0014706714155783389,0.001250830145737069,0.011199558304339163
2024-07-29,0.00025583579929632226,0.00023599452945505242,-0.010140747567676278,-0.010160588837517548,0.00595752893788346,0.005937687668042191,-0.002070963951001206,-0.002090805220842476,0.0013534094201252513,0.0013335681502839815,0.0015095349801890826,0.0014896937103478127,-0.002540874790272818,-0.002560716060114088,-0.0015734972434258143,-0.0015933385132670841,0.0011672183942113778,0.001147377124370108,0.0,0.0,-0.00014324413708602943,-0.00016308540692729927,0.002295602743968561,0.002275761474127291,0.0047703114709671144,0.004750470201125845,-0.0070686489224229595,-0.007088490192264229,0.0005878810225448117
2024-07-30,-0.01875122617713214,-0.018771067446973412,-0.013498836265757975,-0.013518677535599245,-0.007852326149891408,-0.007872167419732679,0.002306328255188182,0.002286486985346912,-0.013234036049303765,-0.013253877319145036,-0.012451133693462263,-0.012470974963303533,-0.01409866376455532,-0.01411850503439659,0.00945312245842489,0.00943328118858362,-0.008059973903494033,-0.008079815173335303,0.0,0.0,-0.015520008916732796,-0.015539850186574066,-0.016300875503241552,-0.016820716773082823,-0.008289719900167735,-0.008309561170009005,-0.003052960822893136,-0.003072802092734406,-0.005066718636549394
2024-07-31,-0.00981488984610036,-0.00983473111594163,-0.007567583785339608,-0.00792075838851421,0.0153147121146887,0.01529487084484743,0.005667341571499903,0.005397500301658633,-0.011431846468085894,-0.011451687737927164,0.0038081586376060256,0.003478793558240946,0.004344648311258903,0.004324807041417633,-0.016174779600149958,-0.01669462086999123,0.01756190290002978,0.01754206163018851,0.0,0.0,0.0018088109977495333,0.0017889697279082635,0.01301375143743877,0.0129939101675975,-0.02010168392369124,-0.02012152519353251,-0.0007390049700460601,-0.0011830886641297541,0.01625464939413712
2024-08-01,0.011008604468525375,0.010988763198684104,-0.003672279651346777,-0.003692120921188047,0.002337119370375418,0.002317278100534148,-0.010752795531847199,-0.011105970135021802,0.01834959900794215,0.01832975773810088,-0.00873686986609353,-0.008833634212857877,0.0027580061164258042,0.002738164846584534,0.01966504950343473,0.019311874900260127,0.007491578843905044,0.007471737574063775,0.0,0.0,0.018491616100942743,0.018471774831101472,-0.021277529745444612,-0.021297371015285883,0.016609780066763804,0.016589938796922533,0.0005670283360698265,0.0004638537328952233,-0.01416089772791107
2024-08-02,-0.004117055723772122,-0.004136896993613391,0.023799261398582898,0.023779420128741627,-0.022133882751119674,-0.022153724020960944,-0.03904553001284859,-0.039208228425547005,0.006247087761643021,0.006227246491801752,0.00955211111175218,0.00953226984191091,-0.017757005721469134,-0.017776846991310404,0.0143427816143951,0.01432294034455383,0.04058362762419582,0.04056378635435455,0.0,0.0,0.019336350342486375,0.019316509072645104,-0.023741139332177086,-0.023760980602018356,0.019766197497850933,0.019746356228009663,0.010079979586485127,0.010060138316643857,-0.018618234886734975
2024-08-05,0.0022504749183589363,0.0022306336485176663,0.01146640123652555,0.01079655996668428,-0.0072418635830488465,-0.007261704852890116,-0.0035499221467016062,-0.003819763416542876,0.0057119104433372425,0.005692069173495973,0.008008590677145835,0.007467741003943221,-0.008437721012482715,-0.008457562282323985,0.008444505835718753,0.007524664565877482,-0.0042006460550728306,-0.0042204873249141,0.0,0.0,-0.004347205794093256,-0.004367047063934526,0.007373060693802981,0.0070198860906283776,0.010152841461967353,0.010133000192126082,0.0009241563728909392,0.0006101974559908458,-0.029123900519452572
2024-08-06,-0.004765324514701852,-0.0047851657845431215,-0.013146647065369716,-0.013166488335210986,0.004065719553648728,0.004045878283807459,0.005357257003813579,0.005337415733972309,-0.002711780139828734,-0.002731621409670004,-0.006181438369305603,-0.006201279639146872,-0.008770500326516452,-0.008790341596357722,0.005117484802217099,0.005097643532375829,0.002662386727462728,0.002642545457621458,0.0,0.0,-0.0011975388432400652,-0.001217380113081335,0.015882149306856313,0.015862308037015042,-0.012192277563756227,-0.012212118833597498,-0.007451044979358369,-0.007470886249199639,0.009219621440571313
2024-08-07,0.005412085240624998,0.005392243970783728,0.004843799380168356,0.004823958110327087,-0.0054207094647250485,-0.005440550734566318,-0.007627663580646676,-0.007647504850487946,0.003096291701969767,0.003076450432128497,0.009437679981327973,0.009362283155931147,-0.005210908048150698,-0.005230749317991968,0.005920633344065673,0.005734125407557737,-0.003971991126894569,-0.0039918323967358385,0.0,0.0,-0.0036175350378121803,-0.0036373763076534503,0.009422024794735973,0.009402183524894702,0.011229757251804117,0.011209915981962847,-0.005730272653255567,-0.005805669478652392,-0.006684028350486093
2024-08-08,0.0077674490124442636,0.007747607742602994,-0.023082562416633007,-0.023102403686474277,0.01218306413120085,0.012163222861359579,0.012979324269051063,0.01281662585635265,0.003414962706529412,0.003395121436688142,-0.011532541371011493,-0.011552382640852763,0.002316669461778699,0.002296828191937429,-0.018256928546952267,-0.018276769816793537,-0.0103015700009625,-0.01032141127080377,0.0,0.0,0.0014074398489068544,0.0013875985790655846,-0.013276113603818862,-0.013295954873660133,-0.013412877636831811,-0.013432718906673082,-0.0022466678809256162,-0.0023253326801786506,0.023117343100528043
2024-08-09,0.00936517275170039,0.009345331481859119,0.011474738614181757,0.011254897344340488,0.0013255427049954527,0.001305701435154183,0.0015357373297219456,0.0013730389170235329,0.004336391344819956,0.004316550074978686,0.008453003748369346,0.008322051367416965,-0.008496299653576877,-0.008516140923418148,0.006070971912021328,0.006051130642180058,-0.003243670841532953,-0.003263512111374223,0.0,0.0,-0.0027864221088242714,-0.0028062633786655414,0.022160341772575014,0.022140500502733744,0.0016699857087252188,0.001650144438883949,-0.004260730812945921,-0.004280572082787191,0.0044095475592684785
2024-08-12,-0.008270606082674459,-0.00829044735251573,0.008781666748160815,0.008511825478319544,0.0015886191655244634,0.0015687778956831936,-0.006796585961612763,-0.006816427231454033,-0.007288397620862086,-0.007308238890703356,0.00334163546743341,0.0031551275309254735,-0.006427491419034848,-0.006447332688876118,0.0006534298094239182,0.0006335885395826483,0.0069598023537498326,0.006939961083908563,0.0,0.0,-0.00360221092465709,-0.00362205219449836,0.0070594617814293175,0.007039620511588048,-0.007910581954927155,-0.007930423224768425,0.014132266245507855,0.013612424975666585,0.0005255346745356437
2024-08-13,-0.0321937076113419,-0.03221354888118317,-0.015517284808815913,-0.015537126078657183,-0.016144816306822008,-0.01616465757666328,-0.026656344300844736,-0.026676185570686007,-0.013520630742782803,-0.013540472012624073,-0.006287594261261964,-0.006366259060514998,-0.026899056921651066,-0.026918898191492336,-0.04801828606904507,-0.048038127338886336,-0.009388388587296946,-0.009408229857138217,0.0,0.0,-0.03071791180381462,-0.03073775307365589,-0.00806902961689171,-0.00808887088673298,-0.0384714689783129,-0.038491310248154165,-0.0003377183758907854,-0.0003575596457320552,0.016445457845939204
2024-08-14,0.0014720608187753,0.0014522195489340302,0.006824744939952415,0.0068049036701111456,0.001563079523586686,0.0015432382537454161,0.007390215248457822,0.0069179930262356,0.0017177034644757167,0.0016978621946344469,0.004250705721580116,0.004230864451738847,-0.0026540260617847642,-0.0026738673316260343,0.009057585653252948,0.009037744383411678,0.004962583934209208,0.004942742664367938,0.0,0.0,-0.002933711790190063,-0.002953553060031333,0.011259610184206589,0.011239768914365319,-0.0016912657402454404,-0.0017111070100867102,0.011276539731552244,0.011123365128377641,0.0031548723144527724
2024-08-15,0.0026872967937054855,0.0026674555238642155,-0.01911078261287489,-0.01946395721604949,0.007474610251326976,0.007454768981485707,0.009405556889839795,0.009185715619998525,-0.0036761973547325792,-0.0036960386245738493,-0.005204096359391857,-0.005423937629233127,0.008586581846713825,0.008566740576872555,-0.010542058527305203,-0.010561899797146473,0.005905292648036561,0.005885451378195292,0.0,0.0,-0.004115111783490177,-0.004134953053331446,-0.00593384236986642,-0.00595368363970769,-0.010650661617182498,-0.010670502887023769,0.008348750009883745,0.008257480168613903,0.017140336759196684
2024-08-16,0.0033845166856213862,0.003364675415780116,-0.008031106333453704,-0.008336661889009259,-0.0008236594347120763,-0.0008435007045533461,-0.0007700094539065151,-0.0011787396126366739,0.004307277349315297,0.0042874360794740276,-0.005399285391391886,-0.0055243898191278925,0.0036061037143159005,0.0035862624444746305,0.00550904518916003,0.00498920391931876,0.004437280118417786,0.0044174388485765164,0.010614876667284445,0.009595035397443176,-0.0014325319420780188,-0.0014523732119192886,-0.007900367786164578,-0.007920209056005848,0.004917350888689198,0.004897509618847928,-0.004827857902755679,-0.0048476991725969485,0.0022418982885310523
2024-08-19,0.003024473767528124,0.003004632497686854,-0.013790989191582264,-0.0144774971280902,0.016916141345849612,0.01689630007600834,0.004558833884817568,0.0035389926149762985,-0.0031675899287963213,-0.0031874311986375913,-0.008942009623049123,-0.009329497951713922,0.010413655774279572,0.010393814504438301,-0.0006570912002428209,-0.0006769324700840907,0.004624063856756344,0.0046042225869150745,-0.0024666402621290606,-0.0024864815319703307,0.006889278771525654,0.006869437501684384,-0.014085999139270184,-0.014105840409111454,-0.006104163747157155,-0.0061240050169984244,-0.008673152320421873,-0.008692993590263143,0.009561331973907183
2024-08-20,0.005053419889779742,0.0050335786199384724,0.021757711684734525,0.021737870414893255,-0.006387962853646867,-0.006407804123488137,0.002458531577851382,0.0023136903080101124,0.005370761048510786,0.005350919778669516,0.008999277189980254,0.008916935920138983,-0.0036939564472146746,-0.0037137977170559446,0.009278885614567123,0.009259044344725853,-0.004317968268027117,-0.004337809537868387,0.009788942474583617,0.009769101204742347,-0.0006072947043542331,-0.0006271359741955029,0.008989994252403507,0.008970152982562237,0.00554075806196902,0.00552091679212775,-0.009503798372933931,-0.009600562719698278,-0.001626069220539983
2024-08-21,0.0007403370798586659,0.0007204958100173961,-0.014367910769980697,-0.015587752039821967,0.001827674797360024,0.0018078335275187542,0.00206658266355407,0.0020467413937128,0.002446906913665836,0.002427065643824566,-0.0028046619948625404,-0.0033886058288063745,0.004241216504455125,0.0042213752346138556,0.003308932225801553,0.0027557576226269497,0.005897834540329373,0.005877993270488103,0.00334875986804295,0.0033289185982016798,0.005594057809014019,0.00557421653917275,-0.01371038054415974,-0.014230221814001008,0.0008995439881061885,0.0008797027182649187,0.006512871583092472,0.006193030313251202,0.003436585226674671
2024-08-22,0.004905647444426708,0.0048858061745854385,0.059900868740289215,0.05988102747044795,-0.004100238179807003,-0.004120079449648272,0.00426667874422144,0.00424683747438017,0.0038330796200386485,0.0038132383501973785,0.014945730518746665,0.014925889248905394,-0.007646297143400837,-0.007666138413242107,0.012752756695565512,0.012732915425724241,0.001457516107370293,0.0014376748375290232,0.007828361022753527,0.007808519752912258,-0.0022758558555780574,-0.0022956971254193275,0.023607785219161237,0.023587943949319966,0.005525702994998294,0.005505861725157025,-0.006204064532474285,-0.007223905802315554,-0.00784834013086344
2024-08-23,-0.0102841377019945,-0.01030397897183577,-0.017222336921701165,-0.017242178191542435,0.0012049348947293925,0.0011850936248881227,-0.006209727429854969,-0.006729568699696239,-0.007060127953295582,-0.007079969223136851,-0.02132822025939269,-0.022029879711052143,0.002683299704072906,0.002663458434231636,-0.005904669622714512,-0.005924510892555782,0.004778030474148386,0.004758189204307117,-0.004654300381729759,-0.004674141651571029,0.0006473021098510334,0.0006274608400097636,-0.0008558386813836139,-0.0008756799512248837,-0.005870816336475971,-0.005890657606317241,0.015239043438374844,0.014969202168533573,0.010625307140247786
2024-08-26,0.0021324745462023564,0.0021126332763610864,0.021872634667148682,0.02185279339730741,-0.004860587620470003,-0.004880428890311273,-0.0003486664707640502,-0.00036850774060532003,0.00446503094530033,0.004445189675459061,0.015412231757526191,0.01539239048768492,-0.00285913772617985,-0.00287897899602112,0.000129937331455839,0.00011009606161456917,0.0016491652549325275,0.0016293239850912577,0.005056426842926509,0.0050365855730852395,-0.002511433238691363,-0.002531274508532633,0.009047080153756326,0.009027238883915056,0.00297506521173766,0.0029552239418963898,-0.003640743740601679,-0.003660585010442949,-0.002384044684012654
2024-08-27,-0.0030450534657553096,-0.0030648947355965796,0.004724673593628203,0.004704832323786934,0.00213719919508073,0.00211735792523946,0.006994192948181113,0.006974351678339844,-0.0010074898067314764,-0.0010273310765727462,-0.001996697784347286,-0.002016539054188556,-0.005195582857792046,-0.005215424127633316,0.00046064921935612055,0.00044080794951485073,0.0016108337421447238,0.001590992472303454,-0.0015031977121094386,-0.0015230389819507085,0.0003203319213479605,0.00030049065150669066,0.0043538411170610525,0.003333999847219783,-0.007855748785829841,-0.007875590055671112,0.003431003947928918,0.003411162678087648,0.0013732415917853125
2024-08-28,0.0003289133913206184,0.0003090721214793486,0.01732931788204245,0.01705947661220118,-0.005076479527506816,-0.005096320797348086,0.009241577151544753,0.00907887873884634,-0.00018411082375265932,-0.00020395209359392916,0.017024921253363596,0.015782857761300104,-0.0060824243082835735,-0.006102265578124843,0.012273107187980276,0.012003265918139005,-0.004342627957998446,-0.004362469227839716,-0.0030028132699821963,-0.0030226545398234664,-0.003381430216938674,-0.003401271486779944,0.017114522820333433,0.017094681550492163,0.006935607099257224,0.006915765829415954,-0.0015609419377688684,-0.001723640350467281,-0.00580521267877987
2024-08-29,0.011840276972977092,0.011820435703135821,-0.025052364952758394,-0.025072206222599664,-0.006720868967030902,-0.006740710236872172,-0.006175564835313873,-0.006595406105155143,0.00930654972081213,0.009286708450970859,-0.020948583249118205,-0.021093424518959476,0.004797327482933534,0.004777486213092264,-0.010351203545112691,-0.010704378148287294,-0.00657588757889821,-0.006595728848739479,0.007561339582808246,0.007541498312966977,0.0014507320965579718,0.001430890826716702,-0.026427593602922572,-0.026447434872763843,0.00685799055426759,0.00683814928442632,0.009158637162686167,0.008972129226178231,8.94147719037175e-05
2024-08-30,-0.0022766922127475005,-0.0022965334825887705,-0.08258916101908045,-0.08280900228892173,0.008850415929902223,0.008830574660060953,0.007280891621598118,0.006677717018423515,-0.0047441234196926585,-0.004763964689533928,-0.08355130000001493,-0.08368225238096731,0.005313482995569208,0.005293641725727939,-0.02695632697175241,-0.02722616824159368,-0.012558722340816474,-0.012578563610657744,-0.0027581771012296086,-0.0027780183710708786,-0.001938537930387018,-0.001958379200228288,-0.08533712916486214,-0.0853569704347034,-0.0037116646025190936,-0.0037315058723603636,0.0011843409192499512,0.0010216425065515385,0.009546220779997228
2024-09-03,-0.002684579249185425,-0.0027044205190266952,-0.00671074505403077,-0.00698058632387204,-0.022334910043814285,-0.022354751313655555,-0.04140341166482664,-0.042256586268001245,0.00304157285623503,0.00302173158639376,0.001976750305144947,0.0011569090353036769,-0.008670561518709784,-0.008690402788551054,0.009363316354564777,0.007010141751390173,0.010427841366123979,0.010408000096282708,0.015442085828872187,0.015422244559030917,-0.0022907250907570065,-0.0023105663605982765,0.0,0.0,0.01941819255777676,0.01939835128793549,-0.04931498623628627,-0.05183482750612754,-0.020579124567152274
2024-09-04,-0.0017894616557741715,-0.004009302925615442,-0.006338908924284292,-0.006358750194125562,0.0032856008334331,0.0022657595635918303,-0.010782600372836904,-0.010802441642678174,-0.003267490748348689,-0.00668733201818996,-0.0024681393425413757,-0.0024879806123826458,0.005747027098136237,0.0033271858282949663,0.002638089417048535,0.002618248147207265,0.0032659434126617315,0.00044610214282046106,-0.0010954400814096599,-0.0011152813512509297,-0.0015017021778562676,-0.004121543447697539,0.0,0.0,0.0021953148811838744,-0.0012245263886573954,-0.011368940844676656,-0.011388782114517926,-0.0020468082735936033
2024-09-05,-0.0017100390391849851,-0.001729880309026255,-0.007853485225377543,-0.007873326495218814,0.0016092994455490393,0.0015894581757077695,0.016320436332547116,0.016300595062705845,0.004898915898208167,0.004879074628366897,-0.007853485225377543,-0.008123326495218814,-0.001234183192837779,-0.0012540244626790488,0.000539329331086617,0.0005194880612453471,0.0030921111045659976,0.0030722698347247276,-0.005114719415515501,-0.00513456068535677,0.010306268922804162,0.010286427652962891,0.0,0.0,-0.0007326152770721462,-0.000752456546913416,0.011847426824290852,0.010827585554449582,-0.002432194921198616
2024-09-06,-0.0064074894945175265,-0.006427330764358796,-0.0003786221815681168,-0.0003984634514093866,-0.010465344940633425,-0.010485186210474695,-0.014723014791885775,-0.014742856061727046,-0.0017385727206501115,-0.0017584139904913813,-0.0003786221815681168,-0.0003984634514093866,-0.007833846501604156,-0.007853687771445426,-0.002448307574106967,-0.002468148843948237,-0.003266900745238931,-0.003286742015080201,0.008339612384721806,0.008319771114880536,-0.003696882959828108,-0.003716724229669378,0.0,0.0,-0.003010002572163417,-0.003029843842004687,-0.024024147491764514,-0.024043988761605784,-0.016830173214678057
2024-09-09,-0.003368168713017993,-0.003388009982859263,0.005022112029987813,0.0046689374268132095,0.006453719903129906,0.0064338786332886365,0.010873683974840972,0.010853842704999702,-0.0014181142968232915,-0.0014379555666645613,0.005022112029987813,0.0046689374268132095,-0.003852871209573904,-0.003872712479415174,0.005022112029987813,0.0050022707601465434,-0.0005936971337758713,-0.0006135384036171411,-0.004567745536963375,-0.004587586806804644,0.003110823660246608,0.0030909823904053378,0.0,0.0,0.008269762815875903,0.008249921546034633,0.02420182716389019,0.024181985894048918,0.011196352885878724
2024-09-10,0.012959630912195697,0.012939789642354427,0.007699260597341015,0.007679419327499745,-0.005534313443408912,-0.0055541547132501815,0.011603052779172656,0.011583211509331386,0.017921611673918914,0.017901770404077644,0.007699260597341015,0.007679419327499745,0.012936565032042291,0.01291672376220102,0.007699260597341015,0.007679419327499745,0.012109866409020965,0.012090025139179695,0.006072009435591386,0.006052168165750116,0.024243749368127742,0.02422390809828647,0.0,0.0,0.010570136572854171,0.0105502953030129,0.010953762920840271,0.010933921650999,0.0043556124835748555
2024-09-11,0.00847266005894982,0.00845281878910855,0.01922033385314233,0.01920049258330106,0.007021737768239345,0.007001896498398075,0.03798475613082242,0.03796491486098115,0.005911609753768121,0.005891768483926851,0.01922033385314233,0.01920049258330106,0.009659262443315376,0.009639421173474105,0.01922033385314233,0.01920049258330106,0.0031802920876294986,0.0031604508177882286,-0.0067893619772676495,-0.006809203247108919,0.008951395066893575,0.008931553797052304,0.0,0.0,0.007697059750082469,0.0076772184802412,0.0732235582854519,0.07220371701561064,0.01025898674273118
2024-09-12,0.009279188794384708,0.009259347524543438,0.004824769741961443,0.004804928472120174,-0.0009676985405411174,-0.0009875398103823872,0.011736534094765105,0.011216692824923836,0.008033385469868782,0.008013544200027511,0.004824769741961443,0.004804928472120174,0.008150926235745615,0.008131084965904345,0.004824769741961443,0.004804928472120174,0.002192939161722706,0.002173097891881436,0.0018678723703762223,0.0018480311005349525,0.012360010315427139,0.012340169045585868,0.0,0.0,0.00411516409758661,0.00409532282774534,-0.007559441819548818,-0.007579283089390087,0.008423138494075166
2024-09-13,-3.361715673954029e-05,-5.3458426580810134e-05,-0.00012463136558874943,-0.00014447263543001927,0.0006225011648158035,0.0006026598949745337,-0.0061052636612839994,-0.006125104931125269,-0.003093438210904687,-0.003113279480745957,-0.00012463136558874943,-0.00014447263543001927,0.0015086883275458596,0.0014888470577045898,-0.00012463136558874943,-0.00014447263543001927,0.0006108416138245198,0.00059100034398325,0.002592314331457124,0.002572473061615854,-0.0010170950080695797,-0.0010369362779108495,0.0,0.0,-0.010276072217253596,-0.010295913487094866,-0.0043635218706553625,-0.004383363140496632,0.005222645249989721
2024-09-16,0.0004039601356152882,0.00038411886577401837,-0.020956329004938157,-0.022976170274779426,-0.000987243538269433,-0.0010070848081107028,-0.020956329004938157,-0.021976170274779428,-0.004153536989047579,-0.004173378258888849,-0.020956329004938157,-0.022976170274779426,-0.004780731159020801,-0.00480057242886207,-0.020956329004938157,-0.022976170274779426,0.004757654668807809,0.004737813398966539,0.0,0.0,-0.005810365464749379,-0.005830206734590649,0.0,0.0,-0.016046978430347823,-0.016066819700189094,-0.030777476179066232,-0.0312973174489075,0.0014769168769515062
2024-09-17,-0.010104695191128034,-0.010124536460969304,-0.01059865350264566,-0.010618494772486931,0.0025157201673586703,0.0024958788975174002,-0.01059865350264566,-0.010618494772486931,-0.013424845024146892,-0.013444686293988163,-0.01059865350264566,-0.010618494772486931,-0.013999487736030347,-0.014019329005871618,-0.01059865350264566,-0.010618494772486931,-0.012008194138110738,-0.012028035407952008,0.0,0.0,-0.014060618613354746,-0.014080459883196016,0.0,0.0,-0.009204260505430616,-0.009224101775271887,0.004408651393491003,0.004388810123649734,0.0004086357464134771
2024-09-18,0.004361352290924681,0.004341511021083411,-0.01624017633348962,-0.01626001760333089,-0.006980529061260298,-0.007000370331101568,-0.01624017633348962,-0.01626001760333089,-0.0007682364484680407,-0.0007880777183093106,-0.01624017633348962,-0.01626001760333089,0.0018269356026326513,0.0018070943327913814,-0.01624017633348962,-0.01626001760333089,-0.0005672068361509907,-0.0005870481059922605,0.0,0.0,-0.0010170464714066912,-0.001036887741247961,0.0,0.0,0.0028335924093502284,0.0028137511395089584,-0.003729392240795437,-0.003749233510636707,-0.0029656261019592733
2024-09-19,0.0033402405525357554,0.0033203992826944854,0.022628597794048355,0.022608756524207085,0.0052642753487040055,0.005244434078862736,0.022628597794048355,0.022608756524207085,0.0009126928601190468,0.000892851590277777,0.022628597794048355,0.022608756524207085,0.004041784564149498,0.004021943294308228,0.022628597794048355,0.022608756524207085,0.0029184096719247488,0.0028985684020834787,0.0,0.0,1.4193532511752593e-05,-5.647737329517248e-06,0.0,0.0,0.011082455577571348,0.011062614307730078,0.01237675962066298,0.01235691835082171,0.017064468298038316
2024-09-20,0.0004860788777077518,0.00046623760786648196,-0.014136161300322359,-0.014156002570163629,-0.002337414965025797,-0.002357256234867067,-0.014136161300322359,-0.014156002570163629,0.00018752016143478442,0.00016767889159351458,-0.014136161300322359,-0.014156002570163629,0.005385392500926067,0.005365551231084798,-0.014136161300322359,-0.014156002570163629,0.009851183514712324,0.009831342244871054,0.0,0.0,-0.007897181033514378,-0.007917022303355649,0.0,0.0,-0.0034352401913420373,-0.0034550814611833073,-0.013155985797035585,-0.013175827066876856,-0.0017287265113851147
2024-09-23,-0.0014881119043851582,-0.001507953174226428,-0.00025745769832563603,-0.00027729896816690584,0.002989348052062246,0.002969506782220976,-0.00025745769832563603,-0.00027729896816690584,-0.007206690091607126,-0.007226531361448396,-0.00025745769832563603,-0.00027729896816690584,-0.005837067304004861,-0.00585690857384613,-0.00025745769832563603,-0.00027729896816690584,-0.0041500340526945175,-0.004169875322535787,0.0,0.0,-0.0046269063792212075,-0.004646747649062477,0.0,0.0,0.0035399891415269892,0.003520147871685719,0.0030102204006751676,0.0029903791308338976,0.0024987362915100952
2024-09-24,0.006646832222140764,0.006626990952299495,0.0367911482439236,0.03677130697408233,0.009251917508226426,0.009232076238385156,0.0367911482439236,0.03677130697408233,-0.003315626525094018,-0.003335467794935288,0.0367911482439236,0.03677130697408233,0.0025206900140922863,0.0025008487442510162,0.0367911482439236,0.03677130697408233,-0.009423096562494515,-0.009442937832335786,0.0,0.0,0.004324085269614164,0.004304243999772895,0.0,0.0,0.0042691404733129264,0.004249299203471657,0.04370385817491568,0.04368401690507441,0.0028613586038446215
2024-09-25,-0.0028620445838176134,-0.0028818858536588834,0.024047164980337876,0.024027323710496606,0.0007484305256188145,0.0007285892557775447,0.024047164980337876,0.024027323710496606,-0.0004614622162133819,-0.0004813034860546517,0.024047164980337876,0.024027323710496606,0.0068368614336068445,0.006817020163765575,0.024047164980337876,0.024027323710496606,0.007530950806978398,0.007511109537137128,0.0,0.0,-9.16668927399833e-05,-0.00011150816258125314,0.0,0.0,-0.004055493583170711,-0.00407533485301198,0.026280592535003755,0.026260751265162485,-0.0022055858738448952
2024-09-26,-0.007586056675096264,-0.007605897944937534,0.000326457363907684,0.00030661609406641417,0.0009660161471758966,0.0009461748773346268,0.000326457363907684,0.00030661609406641417,-0.010853457611340355,-0.010873298881181626,0.000326457363907684,0.00030661609406641417,-0.0011758455570621716,-0.0011956868269034414,0.000326457363907684,0.00030661609406641417,-0.007991299088958325,-0.008011140358799596,0.0,0.0,-0.006133924638972754,-0.0061537659088140234,0.0,0.0,-0.002185839043034543,-0.002205680312875813,0.0012514132487856378,0.001231571978944368,0.003964677313628595
2024-09-27,-0.00489690884512084,-0.004916750114962109,-0.019833100503114265,-0.019852941772955535,-0.006478398182300594,-0.006498239452141863,-0.019833100503114265,-0.019852941772955535,-0.008445888900277799,-0.00846573017011907,-0.019833100503114265,-0.019852941772955535,-0.005493036382032068,-0.005512877651873338,-0.019833100503114265,-0.019852941772955535,-0.00042171866451098385,-0.00044155993435225367,0.0,0.0,-0.004916912536757434,-0.004936753806598704,0.0,0.0,-0.006731504618331541,-0.00675134588817281,-0.0232840156442925,-0.02330385691413377,-0.001450291034742035
2024-09-30,-0.0016742658897725968,-0.0016941071596138666,0.0,0.0,-0.002355566626825123,-0.002375407896666393,0.0,0.0,0.0029751299034035616,0.0029552886335622915,0.0,0.0,0.004448862735637271,0.004429021465796002,0.0,0.0,0.007210503635981225,0.007190662366139956,0.0,0.0,0.0021473808759869596,0.0021275396061456895,0.0,0.0,-0.0013722466038062265,-0.0013920878736474963,-0.0031426328064607656,-0.0031624740763020356,0.004007205167527728
2024-10-01,0.00577627642512043,0.00575643515527916,0.0,0.0,-0.007943065726725573,-0.007962906996566843,0.0,0.0,-0.0015941027649557515,-0.0016139440347970214,0.0,0.0,-0.005913930992522942,-0.0059337722623642114,0.0,0.0,-0.006985228293047352,-0.007005069562888621,0.0,0.0,-0.0035141288138072265,-0.0035339700836484965,0.0,0.0,-0.002346158009595577,-0.002365999279436847,0.015014373320905328,0.014994532051064057,-0.008958323493068132
2024-10-02,0.004310709582229922,0.004290868312388652,0.0,0.0,0.001999011299936959,0.001979170030095689,0.0,0.0,0.0006399097634741334,0.0006200684936328636,0.0,0.0,0.0018842202338135382,0.0018643789639722684,0.0,0.0,0.0009794974915285472,0.0009596562216872774,0.0,0.0,0.0065675952719843065,0.006547754002143037,0.0,0.0,0.004767871383587752,0.004748030113746482,-0.004216328641712064,-0.004236169911553333,0.0004220236379359754
2024-10-03,0.010456021629308997,0.010436180359467726,0.0,0.0,0.001659805878037701,0.0016399646081964312,-0.010205714669710764,-0.011225555939552033,0.009713960620820628,0.009694119350979358,0.0,0.0,0.010224141102451557,0.010204299832610286,-0.010205714669710764,-0.011225555939552033,0.008444083848004524,0.008424242578163254,0.0,0.0,0.005607410083587937,0.0055875688137466675,0.0,0.0,0.007921065782199987,0.007901224512358716,0.0026930842189861748,0.0026732429491449048,-0.0018279976395086939
2024-10-04,0.0010773234869991708,0.001057482217157901,0.0,0.0,0.010463794471553635,0.010443953201712364,-0.0072601800735905275,-0.007280021343431797,-0.003661483713398205,-0.0036813249832394752,0.0,0.0,0.0007250155222355281,0.0007051742523942583,-0.0072601800735905275,-0.007280021343431797,0.0017723987980652898,0.00175255752822402,0.0,0.0,-0.007353089023787562,-0.007372930293628832,0.0,0.0,-0.0013938068884233983,-0.001413648158264668,-0.006293253945994115,-0.006313095215835385,0.00908711509499005
2024-10-07,0.0066443934366406275,0.006624552166799358,0.0,0.0,-0.0018178649280926502,-0.00183770619793392,-0.008224172349583503,-0.008244013619424773,0.0037006209608931306,0.0036807796910518606,0.0,0.0,-0.0028510174864571627,-0.0028708587562984327,-0.008224172349583503,-0.008244013619424773,-0.0008607797484869503,-0.0008806210183282201,0.0,0.0,0.0013728221054374323,0.0013529808355961625,0.0,0.0,0.0005137273489061456,0.0004938860790648758,0.01874099561374387,0.0177211543439026,-0.009040265816705362
2024-10-08,0.006806418877277586,0.006786577607436317,0.0,0.0,0.002885172100728839,0.002865330830887569,-0.01019957693205975,-0.010219418201901021,0.02068225238886262,0.02066241111902135,0.0,0.0,0.01689898286026754,0.01687914159042627,-0.01019957693205975,-0.010219418201901021,0.018849289928865788,0.018829448659024518,0.0,0.0,0.016789875424453857,0.016770034154612586,0.0,0.0,0.011443046222740283,0.011423204952899012,-0.025215571319485708,-0.02523541258932698,0.00945728106716004
2024-10-09,0.007736077313024314,0.007716236043183044,0.0,0.0,-0.002707887625302674,-0.0027277288951439442,0.008359996687049565,0.007340155417208295,0.007802235303762994,0.007782394033921725,0.0,0.0,0.00029368290607471,0.0002738416362334402,0.01387345236355464,0.013853611093713369,0.006412928428702481,0.006393087158861211,0.0,0.0,0.003810641831968475,0.003790800562127205,0.0,0.0,0.007372411819075519,0.007352570549234249,0.004971692064311306,0.0039518507944700364,0.006926470878219737
2024-10-10,0.0017102940420858142,0.0016904527722445444,0.0,0.0,0.003051661961970975,0.003031820692129705,-0.0068531148300268185,-0.006872956099868088,-0.0007067919658117145,-0.0007266332356529843,0.0,0.0,-0.0002800641337545426,-0.0002999054035958124,-0.0024951745383023916,-0.0025150158081436616,-0.008456020384478723,-0.008475861654319993,0.0,0.0,-0.0008874253715055462,-0.000907266641346816,0.0,0.0,0.00539540848289909,0.00537556721305782,-0.012961886626027042,-0.012981727895868312,-0.0017498385459364663
2024-10-11,-0.008069480417407127,-0.008089321687248397,0.0,0.0,0.003491326013962558,0.003471484744121288,-0.009911566820815843,-0.009931408090657113,-0.010948059516048103,-0.010967900785889374,0.0,0.0,-0.005407206242512275,-0.005427047512353545,-0.00537890661567797,-0.005398747885519239,-0.006858203945067986,-0.0068780452149092555,0.0,0.0,-0.013715105444259777,-0.013734946714101047,0.0,0.0,-0.013397552785857879,-0.01341739405569915,0.002008645783813434,0.001988804513972164,0.005988146615026446
2024-10-14,0.0019172784480492979,0.001897437178208028,0.0,0.0,0.001850466527971095,0.0018306252581298252,-0.0003481813022470637,-0.0008680225720883335,0.009779732152912467,0.009759890883071196,0.0,0.0,0.010728499953228922,0.010708658683387651,-0.014873607248704457,-0.014893448518545727,0.005880892200244315,0.005861050930403045,0.0,0.0,0.008859544723449452,0.008839703453608181,0.0,0.0,0.009090593052454321,0.009070751782613051,-0.005442326957175947,-0.006962168227017217,0.00817840117315427
2024-10-15,-0.010350917884585809,-0.010370759154427079,0.0,0.0,0.008536065569558028,0.008516224299716758,0.014504904733564306,0.014485063463723035,0.00047239306403892324,0.0004525517941976534,0.0,0.0,0.004359329266375079,0.004339487996533809,0.01414215121719431,0.01412230994735304,0.007073699537624966,0.007053858267783697,0.0,0.0,0.002924901058979901,0.002905059789138631,0.0,0.0,-0.005939297600694326,-0.005959138870535596,-0.002579948967607326,-0.002599790237448596,-0.007769660270121936
2024-10-16,0.007078196662642888,0.007058355392801618,0.0032494613248494897,0.00222962005500822,0.01110960391009178,0.01108976264025051,0.010998615838233583,0.01064544123505898,-0.004719196554666338,-0.004739037824507608,0.013222142753711363,0.011202301483870093,0.0010519238513934217,0.0010320825815521518,0.017816306183441766,0.017796464913600495,-0.005695218011892856,-0.005715059281734125,0.0,0.0,-0.007166016248842855,-0.007185857518684125,0.0,0.0,-0.000599349023452211,-0.0006191902932934808,-0.0037335351110261796,-0.004420043047534116,0.004346329024053963
2024-10-17,0.0036789808838073703,0.0036591396139661002,-0.03478661805678973,-0.035806459326631,-0.005689944458216456,-0.005709785728057725,-0.011551525320218673,-0.01223803325672661,0.00615141593773535,0.00613157466789408,-0.01878311257080062,-0.01930295384064189,0.0016183238665014254,0.0015984825966601556,-0.020117451947505194,-0.020637293217346465,0.005037201898608246,0.005017360628766976,-0.03371596175200953,-0.034735803021850795,0.002035638955331376,0.002015797685490106,0.0,0.0,0.00413257588506587,0.0041127346152246,-0.012546043327641606,-0.01289921793081621,8.589626262245353e-05
2024-10-18,-0.003751255706349366,-0.003771096976190636,-0.005582026875785018,-0.005601868145626287,0.004272897306806633,0.004253056036965364,-0.0002608630369569376,-0.0002807043067982074,0.00036945084229775835,0.00034960957245648854,-0.005239564371521066,-0.005259405641362336,0.002376244530215799,0.0023564032603745288,-0.007539204913569297,-0.007559046183410567,0.0008821587565116308,0.0008623174866703609,-0.0054763942061498705,-0.00549623547599114,-0.000512364575374158,-0.0005322058452154278,0.0,0.0,0.0030334773297780115,0.0030136360599367414,0.0015096582227004753,0.0014898169528592055,0.0038464495454269
2024-10-21,0.014834528447317896,0.014814687177476625,-0.002718501161954639,-0.0034050090984625754,-0.0015307561565189084,-0.0015505974263601782,-0.010533526293015212,-0.010953367562856482,0.015415858986404163,0.015396017716562892,-0.0036332000735921632,-0.004153041343433433,0.012058937415888281,0.01203909614604701,-0.013447918491594138,-0.013801093094768742,0.009132115987297984,0.009112274717456714,-0.012309885412705002,-0.012829726682546271,0.014492677296204858,0.014472836026363588,0.0,0.0,0.01792118938806314,0.01790134811822187,-0.017012370953980394,-0.017532212223821664,-0.001642085586487707
2024-10-22,-0.000523154814364557,-0.0005429960842058268,-0.0018326944489044004,-0.0018525357187456702,0.0055934089641736405,0.005573567694332371,0.0014046794600061307,0.0013848381901648609,-0.005561038585667988,-0.005580879855509258,-0.0020850405499787394,-0.0021048818198200095,0.0038106915132292913,0.0037908502433880212,0.00021671831266238212,0.00019687704282111228,0.0014403018056988516,0.0014204605358575817,0.00042771066796881696,0.00040786939812754715,-0.0033190682654232417,-0.0033389095352645117,0.0,0.0,-0.012119871064777354,-0.012139712334618625,0.007923016011317036,0.007903174741475765,-0.0005311077877049319
2024-10-23,-0.003524813193899723,-0.003544654463740993,-0.004932371170548936,-0.005452212440390206,-0.0009199924135169568,-0.0009398336833582266,-0.005323235910187074,-0.005593077180028344,-0.007692897247562458,-0.007712738517403728,-0.0005912979393325284,-0.0014444725425071313,-0.010099572561502623,-0.010119413831343894,0.0023048645310826217,0.0022850232612413516,0.0005250970966671703,0.0005052558268259005,0.007301663893552579,0.0072818226237113095,-0.0007962414431084584,-0.0008160827129497282,0.0,0.0,-0.012653631511395392,-0.012673472781236662,-0.0027331484512441643,-0.0032863230544187675,-0.009137467513379516
2024-10-24,-0.018543715697019392,-0.018563556966860663,0.009719511165967107,0.009366336562792503,-0.003572993409492675,-0.003592834679333945,0.0027506160587771116,0.002530774788935842,-0.01471702137491928,-0.01473686264476055,0.004631991032705378,0.004278816429530774,-0.011917159859334992,-0.011937001129176263,0.007360325442687091,0.006340484172845821,0.00032882559490871044,0.0003089843250674406,0.012129192416902523,0.011109351147061254,-0.016315906061207405,-0.016335747331048676,0.009942782938551498,0.008922941668710228,-0.012638626372566852,-0.012658467642408123,0.00489187562058879,0.00462203435074752,0.002162663215278915
2024-10-25,0.008362076709540645,0.008342235439699374,-0.0015829757202834114,-0.0021028169901246814,-0.004482233836038251,-0.004502075105879521,-0.004245734071765388,-0.004432242008273324,0.006054721049682632,0.006034879779841362,-0.0033304475565112037,-0.003683622159685807,0.004250313158939423,0.004230471889098153,-0.000981083954157802,-0.0015009252239990719,0.004349510668894019,0.00432966939905275,-0.0028371897286469192,-0.0031903643318215223,0.00805417475608229,0.008034333486241019,0.0016542815213392847,0.001634440251498015,0.00649049547846664,0.006470654208625371,-0.006142313116856826,-0.006328821053364762,-0.0003455079333148925
2024-10-28,-0.008034017656030268,-0.008053858925871538,-0.000820962496707415,-0.0008408037665486848,0.004017866644718338,0.003998025374877068,-0.0006857327263536752,-0.000705573996194945,-0.005639017219518217,-0.005658858489359486,0.0028860603342855855,0.0028662190644443155,-0.0023161546905864474,-0.0023359959604277174,0.00017619355440782547,0.00015635228456655563,-0.0015154229994113087,-0.0015352642692525785,0.004477168475372569,0.004457327205531299,-0.004486506508232336,-0.0045063477780736055,0.0013112996408108923,0.0012914583709696225,-0.004540786162079302,-0.004560627431920572,0.004291098346401299,0.00427125707656003,0.003091558464456856
2024-10-29,0.007063385554635049,0.007043544284793779,0.007045086757900554,0.007025245488059284,0.0014734150385014577,0.001453573768660188,0.0021836057795331524,0.0021637645096918823,0.010902024251972408,0.010882182982131137,0.0071182000313139895,0.00709835876147272,0.010615343854059954,0.010595502584218684,0.012973039061459135,0.012953197791617865,0.008522859181453624,0.008503017911612353,0.014182146870292548,0.014162305600451277,0.009381194153160988,0.009361352883319718,0.013156709098599728,0.013136867828758458,0.009704710858424549,0.009684869588583278,0.0032521441911423973,0.0032323029213011272,0.001618528131696051
2024-10-30,-0.012870145837617974,-0.012889987107459245,-0.0007237547585366433,-0.001136453171235056,-0.0005954210207058553,-0.0006152622905471251,-0.003070170354586084,-0.0032566782910940207,-0.014633275783423083,-0.014653117053264353,-0.0021656593460638975,-0.0025355006159051676,0.003305298734310913,0.003285457464469643,-0.012021796837937766,-0.012041638107779036,0.000239603014074985,0.00021976174423371517,-0.006115443328497265,-0.0061352845983385345,0.004007410026586212,0.003987568756744942,-0.0006840099185898931,-0.0010371845217644962,-0.005467939842443792,-0.005487781112285061,0.013584450230714343,0.013564608960873073,-0.003025422262522559
2024-10-31,-0.008998361663892673,-0.009018202933733944,-0.006804180939496793,-0.0069490222093380625,-0.014439292605416343,-0.014459133875257614,-0.008164012579779275,-0.008660044325811021,-0.011300358532344911,-0.011320199802186182,-0.0072509838604142935,-0.00743749179692223,-0.00912254598136334,-0.009142387251204611,0.00380510345154957,0.003451928848374967,0.0014221253980852278,0.001402284128243958,-0.0012168442101970212,-0.001486685480038291,-0.020237062768976577,-0.020256904038817847,-0.018494702577192584,-0.018514543847033854,-0.009292961122029188,-0.009312802391870458,-0.0049208032968881986,-0.005283501709586611,-0.019603104000644245
2024-11-01,-0.007022114969627547,-0.0070419562394688166,0.0018269499052640432,0.00147377530208944,0.0011972242974524262,0.0011773830276111564,0.0020925791132368624,0.0017727378433955924,-0.009074342604278451,-0.009094183874119722,-8.877031574057383e-05,-0.0005848020617723198,-0.01219393780789675,-0.01221377907773802,0.0004554883473813498,-6.435292245992002e-05,-0.00630007581370522,-0.00631991708354649,0.006565506493075135,0.006545665223233865,-0.007003920472698222,-0.007023761742539492,-0.0032720702632592913,-0.003541911533100561,0.0003012838016279943,0.0002814425317867245,0.004726895289256762,0.004415387352748826,0.004220527329819701
2024-11-04,0.00882218597695834,0.00880234470711707,0.0010446935473747334,0.0010248522775334636,0.00030239666554258125,0.00028255539570131143,0.0051125677936853485,0.005092726523844079,0.0025895832257169958,0.0025697419558757257,0.0010477166434932211,0.0009612087069852846,0.0013061256217742345,0.0012862843519329647,0.009400973747450359,0.009047799144275755,-0.008629168866200743,-0.008649010136042013,-0.006697828433955166,-0.006717669703796436,0.004901803227139679,0.00488196195729841,0.012443598267357036,0.012223756997515767,0.008979141774732169,0.008959300504890898,-0.010326397174382005,-0.010796238444223274,-0.0021538830639530326
2024-11-05,-0.00316600302344997,-0.00318584429329124,0.007320546249222052,0.007300704979380782,0.005166697068700099,0.0051468557988588294,0.002533345059108705,0.002513503789267435,-0.002732349986627725,-0.002752191256468995,0.009289205687271433,0.009269364417430162,0.00090641756011519,0.0008865762902739202,-0.005279645087402012,-0.005299486357243282,-0.00026668037986440213,-0.00028652164970567194,0.005082380594172375,0.005062539324331106,-0.0007710007242636048,-0.0007908419941048746,0.0008882520712126148,0.000868410801371345,0.0005766072901656535,0.0005567660203243837,0.010119567218480018,0.010099725948638748,0.012091813620813241
2024-11-06,0.004654512435851486,0.004634671166010217,0.041934369866993115,0.04191452859715185,0.031164534286438353,0.031144693016597082,0.04501258027084138,0.044881627889888996,-0.008846658595476686,-0.008866499865317956,0.04000439407937654,0.03998455280953527,-0.00042713463964013515,-0.00044697590948140496,0.013054958088649907,0.013035116818808637,-0.0017823620948411618,-0.0018022033646824317,0.05497335757681976,0.05495351630697849,-0.01499393916838574,-0.015013780438227011,0.02153215681272245,0.021512315542881178,0.0012228125557812025,0.0012029712859399327,0.01908306706497764,0.0189917972237078,0.024865513828021824
2024-11-07,0.009120173510791542,0.009100332240950271,0.0009310061725383706,0.0009111649026971008,-0.007502116392277813,-0.007521957662119083,-0.0029271079399288105,-0.0029469492097700806,0.007759866875503353,0.007740025605662083,0.006315225844489148,0.006295384574647878,0.008853678865106462,0.008833837595265192,-0.010294733330359962,-0.010314574600201232,0.010308644397714783,0.010288803127873513,0.006932775030727617,0.006912933760886347,0.011848591269370368,0.011828749999529098,-0.002178829308022512,-0.0021986705778637822,0.005941819877230026,0.005921978607388756,0.008943430183022894,0.008923588913181624,0.007732245217411782
2024-11-08,-0.0027903126658862408,-0.002810153935727511,-0.015916619263328033,-0.015936460533169303,-0.007254797370155796,-0.007274638639997066,-0.006808319104140802,-0.006828160373982072,0.008285485166942075,0.008265643897100805,-0.01570567420543037,-0.01572551547527164,-0.001390637602396405,-0.0014104788722376748,-0.007436735005759365,-0.007456576275600635,0.007442097457345165,0.0074222561875038956,-0.005431058063237265,-0.005450899333078535,-0.0024088201434222523,-0.0024286614132635223,-0.005132812658929597,-0.005152653928770867,-0.009391229700381443,-0.009411070970222713,-0.012327235085303746,-0.012413743021811682,0.004331564509813202
2024-11-11,0.016931293887919197,0.016911452618077926,0.0015111028462787973,0.0014912615764375275,0.0008650956313027702,0.0008452543614615004,0.0066623966867587064,0.006517555416917437,0.012921256355598222,0.012901415085756951,-0.0028050565361918854,-0.0028248978060331554,0.005985799142467252,0.005965957872625983,0.013319371168830363,0.013299529898989092,0.0029525440339444597,0.0029327027641031897,0.011576908765247668,0.011557067495406397,-0.008563897255156916,-0.008583738524998186,-0.001545785469692018,-0.0015656267395332878,0.005033390149529793,0.005013548879688523,-0.013374712807116374,-0.013537411219814787,0.0009531642579374555
2024-11-12,0.018021205859171864,0.018001364589330594,0.015797545778422357,0.015777704508581087,0.00357810724221983,0.00355826597237856,0.008274672615519013,0.008254831345677742,0.022307543839855934,0.022287702570014663,0.012690547139386613,0.012670705869545343,0.018153511143908584,0.018133669874067313,0.022273233339833408,0.022253392069992137,0.01644370220533531,0.01642386093549404,0.002550749138391567,0.002530907868550297,0.019187064496584437,0.019167223226743167,0.012435641623118809,0.012415800353277539,0.021381913088507752,0.02136207181866648,-0.005150925128727663,-0.0051707663985689324,-0.003106748893136002
2024-11-13,-0.011928780957685093,-0.011948622227526363,0.00744662587943318,0.00722678460959191,-0.004957140691352956,-0.004976981961194226,-0.004657840724500595,-0.004927681994341865,-0.006154755216361029,-0.006174596486202299,0.004658165001736448,0.004366895160466607,-0.01714737961007088,-0.01716722087991215,-0.0024598131853877207,-0.0024796544552289908,-0.0032444566249125615,-0.0032642978947538316,0.012779138104725751,0.01275929683488448,-0.008576863258819001,-0.008596704528660272,-0.008350663815889382,-0.008370505085730652,-0.005748493142295497,-0.0057683344121367665,0.00847461137626005,0.008300923952572627,0.00048582426719412375
2024-11-14,-0.010937411755587078,-0.010957253025428349,-0.0006460104363109464,-0.0008087088490093591,-0.0027845314076499154,-0.0028043726774911854,-0.0023211247644483457,-0.0028409660342896157,-0.0061745599701560575,-0.006194401239997327,0.00045053097852473974,0.00035376663176039296,-0.006210643205244703,-0.006230484475085973,-0.006874521534107251,-0.007094362803948521,-0.00558096002435291,-0.005600801294194179,-0.002978034793615433,-0.003331209396790036,-0.005247691908903029,-0.0052675331787442985,-0.004413335653242511,-0.004433176923083781,-0.003086558181136856,-0.003106399450978126,0.0008701785739112186,0.000683670637403282,-0.00642986322385497
2024-11-15,-0.014367320398626069,-0.01438716166846734,-0.005818280511815169,-0.005963121781656438,-0.001050934522479896,-0.0010707757923211659,-0.003336249901595409,-0.003356091171436679,-0.017926629551383366,-0.017946470821224636,-0.012212319687880242,-0.012303589529150083,-0.005826010061557007,-0.005845851331398277,0.008534499832443698,0.008347991895935762,-0.00043345486899877203,-0.00045329613884004184,0.001774326775581203,0.0017544855057399333,-0.019331241239182662,-0.019351082509023933,-1.7955652149344997e-06,-2.163683505620434e-05,-0.021991406970741822,-0.022011248240583092,-0.004308888754798245,-0.004328730024639515,-0.012808767856329117
2024-11-18,-0.010991057495089806,-0.011010898764931077,-0.0044064650184809755,-0.004759639621655579,-0.0035813429104882724,-0.0036011841803295424,-0.002008461539814807,-0.0030283028096560766,-0.011855891980031941,-0.011875733249873212,-0.0064154641956212805,-0.006601972132129217,-0.006834929977925596,-0.006854771247766866,-0.008370445007463348,-0.008590286277304618,0.0020636069418507492,0.0020437656720094792,0.003739576694234026,0.003219735424392756,-0.0022690829488059673,-0.0022889242186472374,-0.0073173457889990304,-0.0073371870588403,-0.012981592188567214,-0.013001433458408485,0.013585261672555932,0.013282087069381329,0.004097457137459903
2024-11-19,0.014583679897013356,0.014563838627172086,0.004786419639272281,0.0047665783694310114,0.01469268597948864,0.01467284470964737,0.01105306707335589,0.01103322580351462,0.010322207530776728,0.010302366260935458,0.008266878060519078,0.008247036790677807,0.018767282208819236,0.018747440938977965,0.009250956669818433,0.009231115399977162,0.008824272951840706,0.008804431681999436,-0.006146508548256491,-0.00616634981809776,0.017146870741461862,0.017127029471620592,0.014869463243931725,0.014849621974090454,0.010236621254973578,0.010216779985132308,0.0036743392020553434,0.0036544979322140733,0.0036552085554049096
2024-11-20,0.008387801299944953,0.008367960030103682,-0.0054832459411116585,-0.005753087210952928,-0.002331502163846799,-0.002351343433688069,-0.006866162515817723,-0.007028860928516136,0.006840052415973297,0.006820211146132027,-0.0012663911253269933,-0.001736232395168263,0.0027560956155462057,0.0027362543457049356,-0.0026681465130689104,-0.0026879877829101805,0.0015727519335216212,0.0015529106636803514,-0.011819384886409379,-0.01183922615625065,0.002955570011023689,0.002935728741182419,0.0008733115626331056,0.0008534702927918358,0.0007233473267913015,0.0007035060569500317,-0.013917800981276868,-0.014387642251118138,0.0003389286891499754
2024-11-21,-0.003163036970441003,-0.003182878240282273,-0.02149058564272723,-0.02184376024590183,0.008310632205543268,0.008290790935701998,-0.008666258470892455,-0.009186099740733724,-0.013998362949590403,-0.014018204219431674,-0.02167523242932699,-0.022119316123410684,-0.007993329310229958,-0.008013170580071229,-0.024321475331999843,-0.024841316601841114,-0.01076442700554946,-0.01078426827539073,-0.017403943563678914,-0.017423784833520185,-0.014859815495138772,-0.014879656764980043,-0.0039117781360522574,-0.004598286072560194,-0.0010954646766837437,-0.0011153059465250136,-0.019240725967405503,-0.019510567237246774,0.005368359607974105
2024-11-22,-0.013275511396442818,-0.013295352666284089,-0.001400418869349533,-0.0024202601391908026,-0.006431543749342716,-0.006451385019183986,-0.01889722378285415,-0.019583731719362087,-0.013115537423633451,-0.013135378693474722,-0.007671517327216876,-0.00813580304150259,-0.009559369101785465,-0.009579210371626736,-0.013381096481637822,-0.014900937751479092,0.0004430511967275508,0.00042320992688628096,-0.020220565689838765,-0.021240406959680037,-0.013118461100993484,-0.013138302370834755,-0.007938932467435933,-0.007958773737277203,-0.007741619562659885,-0.007761460832501154,-0.009497952177289926,-0.00985112678046453,0.003099412387509881
2024-11-25,-0.014837444839657632,-0.014857286109498902,0.0038919022483724745,0.0038720609785312045,-0.005562835918675235,-0.005582677188516505,-0.010399510495639735,-0.010419351765481005,-0.011886122420841328,-0.011905963690682598,-0.0058865087978151225,-0.005906350067656392,-0.01042507524612064,-0.01044491651596191,0.006061426320692842,0.0060415850508515724,-0.008641280228128411,-0.008661121497969682,0.014148599724211453,0.014128758454370182,-0.007231850576775911,-0.00725169184661718,-0.006282146857993812,-0.006301988127835082,-0.009702793169580393,-0.009722634439421663,0.009409597288977592,0.009389756019136322,0.003392035003947358
2024-11-26,0.012454531490841424,0.012434690221000154,0.004209678690853906,0.004189837421012636,-0.007967289710066505,-0.007987130979907775,0.0007704515724645256,0.0007506103026232557,0.016330518463437728,0.016310677193596457,0.018108978917571596,0.018089137647730326,0.012061790027384878,0.012041948757543608,0.03380035248046526,0.03378051121062399,0.012798444466944425,0.012778603197103154,0.0035468661958053538,0.0035270249259640838,0.014081199414491518,0.014061358144650248,0.01985108582766315,0.01983124455782188,0.011154839686315443,0.011134998416474173,-0.013267810309142735,-0.013287651578984006,0.0052213885900682655
2024-11-27,-0.006856225379443193,-0.006876066649284462,-0.013694407344601423,-0.014714248614442692,0.0017610770556042877,0.0017412357857630179,-0.0016801228675042302,-0.0018999641373455,-0.010174466006058747,-0.010194307275900018,-0.016572611677644525,-0.017217452947485796,-0.006259024855806539,-0.006278866125647808,0.0020020611736765725,0.0019822199038353025,-0.0069069400584666815,-0.006926781328307951,0.003680373821246863,0.003660532551405593,-0.008967346197003767,-0.008987187466845037,0.001164095338193838,0.0006442540683525681,-0.008106162227811431,-0.008126003497652702,-0.008077371870251033,-0.008097213140092303,-0.003029919952727167
2024-11-29,0.007434353463076859,0.00741451219323559,0.0011474792816446588,0.000127638011803389,0.0017475103726085515,0.0017276691027672817,0.008160468305414392,0.007390627035573123,0.0068086339936667024,0.006788792723825433,0.010406232962713294,0.01005305835953869,0.006021662555024353,0.006001821285183084,-0.01448537549200768,-0.015505216761848949,0.004965792849213124,0.004945951579371855,0.0,0.0,0.0062546135745185855,0.006234772304677316,-0.006924048974519037,-0.006943890244360307,0.009981306413779823,0.009961465143938553,0.012517880346625024,0.011664705743450422,0.006211938555072516
2024-12-02,0.0025427242331718452,0.002522882963330575,0.0019231696257451247,0.001903328355903855,-0.00056712337106245,-0.0005869646409037198,0.007187983794085917,0.004168142524244647,0.006308460648433678,0.006288619378592409,0.0035932334745112926,0.0030733922046700226,0.006090215445170433,0.006070374175329163,0.008705156139583226,0.007685314869741956,0.0071449479473855385,0.007125106677544269,0.0,0.0,0.006650074343406032,0.006630233073564762,0.006781986513838101,0.005762145243996831,0.0055388381977984685,0.005518996927957199,-0.0035753553105050684,-0.0050951965803463384,0.0017924257782249153
2024-12-03,0.0012890102627949656,-0.0011308310070463046,0.00037747146446487356,0.00035763019462360375,0.0005337564630543245,-0.0004860848067869453,0.004976714361393575,0.004956873091552305,0.004122035619841679,0.0013021943500004089,0.006866294176032757,0.006513119572858154,0.0028579414207950283,0.0002381001509537575,0.00037747146446487356,0.00035763019462360375,0.0027761517651736403,-0.00024368950466763023,0.0,0.0,0.008183397652574986,0.005563556382733715,0.0,0.0,-0.0025215169166638023,-0.006341358186505074,0.013834331323011928,0.010814490053170658,0.0004639596457520767
2024-12-04,0.010027270243540831,0.01000742897369956,-0.0038557686481544007,-0.0038756099179956707,0.008494273835480858,0.008474432565639588,0.025753137651808533,0.025733296381967263,0.00805063199789241,0.00803079072805114,0.009523376440809583,0.009503535170968313,0.006403281868193877,0.006383440598352608,-0.0038557686481544007,-0.0038756099179956707,0.0014499048457715879,0.001430063575930318,0.0,0.0,0.0019674034194398725,0.0019475621495986027,0.0,0.0,-0.003571594758149543,-0.003591436027990813,0.0093772995544531,0.00935745828461183,0.006209419772410518
2024-12-05,0.005190327862062849,0.005170486592221579,0.008354704840867533,0.008334863571026262,0.0033870765579660286,0.0033672352881247585,0.007483469940928966,0.007463628671087697,0.002430915840834891,0.002411074570993621,0.0067209719447612155,0.006701130674919946,0.008378650019767465,0.008358808749926195,0.008354704840867533,0.008334863571026262,0.0004107653524229038,0.000390924082581634,0.0,0.0,0.007506942954374129,0.0074871016845328596,0.0,0.0,-0.011236604088625325,-0.011256445358466595,-0.008089846111119736,-0.008109687380961007,-0.0016455104221654304
2024-12-06,0.004431529981888427,0.004411688712047158,-0.004061500497652304,-0.0040813417674935735,0.005749519895629962,0.005729678625788693,-0.018255784407616327,-0.018275625677457597,0.00964651653667583,0.009626675266834559,-0.007238963087002078,-0.007258804356843347,0.003130618690116383,0.003110777420275113,-0.004061500497652304,-0.0040813417674935735,0.006415058550766928,0.0063952172809256585,0.0,0.0,0.002409123913869604,0.002389282644028334,0.0,0.0,0.0039815553311120635,0.003961714061270794,0.018648617537357137,0.018628776267515867,0.001895564054851917
2024-12-09,-0.004150829819433888,-0.0041706710892751575,-0.010546049903485177,-0.010565891173326448,-0.005923561594122562,-0.0059434028639638314,-0.01743553985815882,-0.017455381128000092,-0.007837871010630238,-0.007857712280471508,-0.015090571685564231,-0.015110412955405501,-0.0007562983067390228,-0.0007761395765802926,-0.010546049903485177,-0.010565891173326448,-0.0029372386665611925,-0.0029570799364024626,0.0,0.0,-0.009241897726656867,-0.009261738996498138,0.0,0.0,0.0006525731832433435,0.0006327319134020737,0.0,0.0,-0.005149516166978119
2024-12-10,0.01652918218700844,0.01650934091716717,-0.0007923051865290631,-0.0008121464563703329,0.007942946127801997,0.007923104857960727,0.005720054642667338,0.005700213372826069,0.01577541736721083,0.01575557609736956,-0.004614553834528283,-0.004634395104369552,0.011106851308994602,0.011087010039153331,-0.0007923051865290631,-0.0008121464563703329,-0.003543522418866085,-0.003563363688707355,0.0,0.0,0.0006645917951426548,0.000644750525301385,0.0,0.0,0.006267083329285195,0.0062472420594439255,0.0,0.0,-0.0031091723475737965
2024-12-11,0.018851666538530452,0.018831825268689182,-0.006474488645348608,-0.006994329915189878,0.02080962404226496,0.02078978277242369,0.020726966243099776,0.020707124973258505,0.02314147777372353,0.02312163650388226,0.0018293005364456438,0.001559459266604374,0.014792757884830398,0.014772916614989128,-0.006474488645348608,-0.006994329915189878,0.01564781331422125,0.01562797204437998,-0.0030045915214245156,-0.004024432791265785,0.01788505252774807,0.0178652112579068,0.0,0.0,0.014918127535869019,0.014898286266027749,-0.0030045915214245156,-0.004024432791265785,0.007730565645738041
2024-12-12,-0.0036627241588635282,-0.0036825654287047983,-0.0017563673981862427,-0.0017762086680275125,0.0013162673233016002,0.0012964260534603304,-0.006498900451617884,-0.0065187417214591535,0.004332730559644104,0.004312889289802835,-0.004127633924902063,-0.004147475194743333,-0.0012506731347588394,-0.0012705144046001092,-0.0017563673981862427,-0.0017762086680275125,0.014205295780510519,0.014185454510669248,-0.013102613901977644,-0.013122455171818915,0.009063844745316997,0.009044003475475727,0.0,0.0,0.010985665744132988,0.010965824474291718,-0.013102613901977644,-0.013122455171818915,-0.005152483135239305
2024-12-13,-0.001292172793972601,-0.0013120140638138709,0.011377436910842087,0.010357595641000817,-0.007664669183368134,-0.0076845104532094035,-0.009090842543817534,-0.009110683813658805,-0.006710072223008523,-0.006729913492849793,0.010461812964608713,0.009441971694767444,-0.0014798438010246054,-0.0014996850708658752,-0.007259594651350787,-0.0072794359211920566,-0.002772783615568253,-0.002792624885409523,-0.010809712537795502,-0.010829553807636772,-0.0022919733514114695,-0.0023118146212527395,0.0,0.0,-0.0035942714380329584,-0.0036141127078742285,0.007827319024397372,0.006807477754556103,-0.00019869805758443437
2024-12-16,0.01595206910842557,0.0159322278385843,-0.0035245123828326896,-0.004544353652673959,0.022608900345803352,0.022589059075962082,-0.009360797116430897,-0.009380638386272167,0.021276288451370973,0.021256447181529702,0.0013866339085271866,0.0010334593053525835,0.016736518013004152,0.01671667674316288,-0.01672751655347071,-0.017747357823311983,0.00659694432963609,0.00657710305979482,-0.01672751655347071,-0.016747357823311982,0.009472098342790891,0.00945225707294962,0.0,0.0,0.0057937109506597025,0.005773869680818433,-0.0035245123828326896,-0.0035443536526739597,0.004270015185904974
2024-12-17,0.002693441890204973,0.002673600620363703,0.004773309643146817,0.004753468373305547,0.0005636220822491265,0.0005437808124078567,0.0009201885060139414,0.0009003472361726716,0.0019750301117294365,0.0019551888418881665,0.008558090566789689,0.008538249296948418,0.002325052795901328,0.002305211526060058,-0.004756982879450367,-0.004776824149291636,0.0014000127765627533,0.0013801715067214835,-0.004756982879450367,-0.004776824149291636,0.00403587258302469,0.004016031313183421,0.0,0.0,-0.008174393424129012,-0.008194234693970282,0.004773309643146817,0.004753468373305547,-0.004119931319041759
2024-12-18,-0.008488884186403436,-0.008508725456244707,0.005240711057776015,0.005220869787934746,-0.008778559408473718,-0.008798400678314989,0.014329378206287269,0.014309536936445998,-0.010398962048019034,-0.010418803317860305,0.011816155093575292,0.011796313823734021,-0.00941758712505424,-0.00943742839489551,0.004466212152588356,0.004446370882747086,-0.010436478458496868,-0.010456319728338138,0.004466212152588356,0.004446370882747086,-0.004451578585382667,-0.004471419855223937,0.0,0.0,-0.016073267934590674,-0.016093109204431945,0.005240711057776015,0.005220869787934746,-0.029803479461340654
2024-12-19,0.011353892002817311,0.011334050732976041,0.029316696675548037,0.029296855405706767,0.0129923023197002,0.012972461049858929,0.006370830489201951,0.006350989219360681,0.012471470905821113,0.012451629635979842,0.01973633906843234,0.01971649779859107,0.008540018710818498,0.008520177440977227,0.02074136689987549,0.02072152563003422,0.007503874403340083,0.007484033133498814,0.02074136689987549,0.02072152563003422,0.008965666882315993,0.008945825612474723,0.0,0.0,0.0003885578973722541,0.00036871662753098426,0.029316696675548037,0.029296855405706767,-0.00030727640103389575
2024-12-20,0.0073173691655817885,0.007297527895740519,-0.01720561368553364,-0.01722545495537491,0.0014440443792858686,0.0014242031094445988,0.01875107696203493,0.017731235692193658,0.004976939304035999,0.00495709803419473,-0.004401662802967721,-0.004921504072808991,0.005097653536500523,0.005077812266659254,-0.006856824803096906,-0.0068766660729381755,-0.0010864908719315433,-0.0011063321417728131,-0.006856824803096906,-0.0068766660729381755,0.003651193180523338,0.003631351910682068,0.0,0.0,0.0029110419775548735,0.0028912007077136035,-0.01720561368553364,-0.01722545495537491,0.012011115211756573
2024-12-23,0.0034160710072247084,0.0033962297373834383,-0.0021032308013479994,-0.0021230720711892695,0.001203033538694321,0.0011831922688530512,-0.008327811284895903,-0.010347652554737173,0.008138130895137019,0.008118289625295748,-0.0021032308013479994,-0.003123072071189269,0.0014020804578078307,0.0013822391879665609,-0.0007254141060437647,-0.0017452553758850345,0.0035990212857570755,0.0035791800159158055,-0.009053225390939668,-0.009073066660780938,0.005092511890091622,0.005072670620250352,0.008327811284895903,0.007307970015054633,0.00984163012730751,0.00982178885746624,-0.0021032308013479994,-0.0021230720711892695,0.005988339781696439
2024-12-24,0.0020727203823805666,0.0020528791125392965,0.01073473716305573,0.01071489589321446,0.005239294575213438,0.005219453305372168,-0.010724244119885373,-0.010744085389726644,0.0037223044099652944,0.0037024631401240244,0.01073473716305573,0.01071489589321446,0.0024294918969210546,0.0024096506270797845,0.013030064460793911,0.01301022319095264,0.007317883863997321,0.007298042594156051,0.0023058203409085376,0.0022859790710672676,-0.00014229151754511192,-0.00016213278738638176,0.010724244119885373,0.010704402850044103,0.006001305928400457,0.005981464658559188,0.01073473716305573,0.01071489589321446,0.011115070363945989
2024-12-26,-0.0011084028600997884,-0.0011282441299410582,-0.00338104161653896,-0.00340088288638023,0.0002509150506031176,0.00023107378076184777,0.0018869211453715895,0.0018670798755303197,-0.005301053800433863,-0.005320895070275133,-0.00338104161653896,-0.00340088288638023,-0.0006565435882139536,-0.0006763848580552234,-0.0003783858156516384,-0.00039822708549290824,0.0018242040592463598,0.00180436278940509,0.001508535329719951,0.0014886940598786813,-0.004238404758665826,-0.004258246028507095,-0.0018869211453715895,-0.0019067624152128593,0.004471677031524912,0.004451835761683643,-0.00338104161653896,-0.00340088288638023,6.644664753374663e-05
2024-12-27,-0.0069118425028703015,-0.006931683772711571,-0.007668559866372604,-0.007688401136213874,-0.006588538448128201,-0.0066083797179694705,0.0037678245862926563,0.0037479833164513862,-0.006174341142441774,-0.006194182412283044,-0.007668559866372604,-0.007688401136213874,-0.004111126219069449,-0.0041309674889107185,-0.009084802560450855,-0.009104643830292126,-0.0026921571921310165,-0.0027119984619722866,-0.005316977974158199,-0.005336819243999469,-0.005234210367866477,-0.005254051637707747,-0.0037678245862926563,-0.0037876658561339263,-0.0032677000835130143,-0.0032875413533542844,-0.007668559866372604,-0.007688401136213874,-0.010526436712376186
2024-12-30,0.0042772406792380025,0.004257399409396733,-0.010609804060601857,-0.010629645330443128,-0.00029337525884989314,-0.00031321652869116296,-0.011749660266902162,-0.011769501536743433,0.0017629457993549764,0.0017431045295137066,-0.010609804060601857,-0.010629645330443128,0.0024367926018490464,0.0024169513320077764,0.011028566001223261,0.01100872473138199,-0.0019478705861888605,-0.0019677118560301305,-0.000721094265678901,-0.0007409355355201708,0.0026682373645687367,0.0026483960947274667,0.011749660266902162,0.011729818997060892,-0.002674692791148226,-0.002694534060989496,-0.010609804060601857,-0.010629645330443128,-0.011411786252158107
2024-12-31,-0.008360394237630464,-0.008380235507471735,0.0008945091112982917,0.0008746678414570219,-0.00570203496677254,-0.00572187623661381,0.017301544378533484,0.017281703108692214,-0.008970174896928529,-0.0089900161667698,0.0008945091112982917,0.0008746678414570219,-0.002424035940470592,-0.0024438772103118622,-0.015281501899967465,-0.015301343169808735,-0.0001668161132664769,-0.00018665738310774674,0.00202004247856602,0.00200020120872475,-0.003318251550710971,-0.003338092820552241,-0.017301544378533484,-0.017321385648374755,-0.0015997592508144145,-0.0016196005206556843,0.0008945091112982917,0.0008746678414570219,-0.0036378598541576546
2025-01-02,0.0015127430990159564,0.0014929018291746866,0.004614927496873755,0.004595086227032486,-0.0020024716289764656,-0.0020223128988177356,-0.023973193480931188,-0.023993034750772458,0.007933346648611261,0.00791350537876999,0.004614927496873755,0.004595086227032486,-0.00480873342157595,-0.00482857469141722,0.02276969621385927,0.022749854944018,0.0003283451224780909,0.0003085038526368211,-0.001203497267071918,-0.0012233385369131878,0.003496407372482968,0.003476566102641698,0.023973193480931188,0.023953352211089917,0.010688169728790843,0.010668328458949572,0.004614927496873755,0.004595086227032486,-0.0024571728262170467
2025-01-03,0.00431623849320053,0.00429639722335926,0.02539768485831584,0.02537784358847457,0.003652275480793942,0.003632434210952672,-0.01739021567419541,-0.01741005694403668,0.004100440636120439,0.004080599366279169,0.02539768485831584,0.02537784358847457,-0.0016156351015565113,-0.001635476371397781,0.006633753054567926,0.006613911784726656,0.001749763621609524,0.0017299223517682541,-0.010756462619627483,-0.010776303889468753,0.00803802978924507,0.0080181885194038,0.01739021567419541,0.017370374404354138,0.009499376840444818,0.009479535570603548,0.02539768485831584,0.02537784358847457,0.012503370435355432
2025-01-06,0.014618526548982025,0.014598685279140754,-0.005204803864427232,-0.005224645134268502,0.01407119239882948,0.014051351128988209,-0.02363012461406988,-0.02364996588391115,0.016435797891987625,0.016415956622146354,-0.005204803864427232,-0.005224645134268502,0.010759405631049723,0.010739564361208452,0.014081180806638005,0.014061339536796735,0.010329509597272434,0.010309668327431163,-0.009548943807431876,-0.009568785077273146,0.01412508261046157,0.0141052413406203,0.02363012461406988,0.02361028334422861,0.013520764134690832,0.013500922864849562,-0.005204803864427232,-0.005224645134268502,0.005760832562523799
2025-01-07,-0.004930855566925996,-0.004950696836767266,-0.002260020284598374,-0.002279861554439644,-0.005859380132109626,-0.005879221401950896,0.012554203485895421,0.01253436221605415,-0.008887859149914367,-0.008907700419755638,-0.002260020284598374,-0.002279861554439644,0.0028405162758766474,0.0028206750060353774,-0.02333940201966822,-0.02335924328950949,0.0016137633441648761,0.0015939220743236063,-0.0107851985337728,-0.01080503980361407,-0.005334858810642906,-0.005354700080484175,-0.012554203485895421,-0.012574044755736691,0.0019470477319605494,0.0019272064621192796,-0.002260020284598374,-0.002279861554439644,-0.011304099403320444
2025-01-08,-0.0015667525584190823,-0.001586593828260352,0.013327472175121147,0.012807630905279878,-0.0104890895473146,-0.01050893081715587,-0.012558292932835724,-0.012578134202676994,-0.0022971160482978758,-0.002316957318139146,0.013327472175121147,0.012807630905279878,-0.003936408692170578,-0.003956249962011848,0.01794779065888774,0.01792794938904647,-0.0048956885380949,-0.0049155298079361694,0.005389497726052017,0.0053696564562107476,-0.0033191541769226895,-0.0033389954467639596,0.012558292932835724,0.012538451662994454,0.00023317192167762182,0.00021333065183635198,0.013327472175121147,0.012807630905279878,0.0014610446421614576
2025-01-10,-0.01016522606232767,-0.01018506733216894,-0.025026930621786903,-0.025046771891628173,-0.012286049900178597,-0.012305891170019867,0.014004988912802219,0.013985147642960948,-0.008108798469714372,-0.008128639739555642,-0.025026930621786903,-0.025046771891628173,-0.007319403392100375,-0.007339244661941645,-0.0493702763557633,-0.049390117625604565,-0.008569516843375303,-0.008589358113216573,-0.03536528744296108,-0.03538512871280235,-0.007039642294334826,-0.007059483564176096,-0.014004988912802219,-0.01402483018264349,0.0015069048558991605,0.0014870635860578906,-0.025026930621786903,-0.025046771891628173,-0.015267543063221312
2025-01-13,-0.011832891357734732,-0.011852732627576003,-0.0061089265992154695,-0.006128767869056739,-0.008274439463347516,-0.008294280733188787,0.010809160855386857,0.010789319585545586,-0.01851914297981806,-0.01853898424965933,-0.0061089265992154695,-0.006128767869056739,-0.007439742062694054,-0.007459583332535324,-0.010809160855386857,-0.010829002125228127,-0.00908764250808105,-0.00910748377792232,0.0,0.0,-0.011990578225459701,-0.012010419495300972,-0.010809160855386857,-0.010829002125228127,-0.006654878441958678,-0.006674719711799948,-0.0061089265992154695,-0.006128767869056739,0.001550468378249903
2025-01-14,0.0005278822102094626,0.0005080409403681928,-0.0004103498671436667,-0.00043019113698493654,0.0009223533348751587,0.0009025120650338889,-0.014000873077592346,-0.014020714347433617,-0.00852163124418811,-0.008541472514029381,-0.0004103498671436667,-0.00043019113698493654,-0.0020424209762402333,-0.0020622622460815033,0.014000873077592346,0.013981031807751076,-0.004186370563230968,-0.0042062118330722376,0.0,0.0,-0.000290676605565021,-0.0003105178754062908,0.014000873077592346,0.013981031807751076,-0.0020160713529862482,-0.0020359126228275183,-0.0004103498671436667,-0.00043019113698493654,0.0013760486818299444
2025-01-15,0.008215994725349507,0.008196153455508236,0.03290999699602348,0.031890155726182215,0.008608274887678558,0.008588433617837288,-0.019594993756684942,-0.019614835026526212,0.017405941956513696,0.017386100686672425,0.03290999699602348,0.031890155726182215,0.004360660137465843,0.0043408188676245735,0.019594993756684942,0.01957515248684367,0.003519477572489372,0.003499636302648102,0.0,0.0,0.008162277590127553,0.008142436320286283,0.019594993756684942,0.01957515248684367,0.014413899099587823,0.014394057829746553,0.03290999699602348,0.031890155726182215,0.01818976546959039
2025-01-16,9.526095915268762e-05,7.541968931141778e-05,-0.015637730578150544,-0.015657571847991814,-0.00024414073277339004,-0.00026398200261465985,-0.013980290340954715,-0.015000131610795985,-0.007468807853123671,-0.00748864912296494,-0.015637730578150544,-0.015657571847991814,0.01281719501985844,0.012797353750017169,-0.0024859077896040027,-0.0025057490594452727,0.009795349063344505,0.009775507793503235,0.0,0.0,0.003172921099506498,0.003153079829665228,-0.0024859077896040027,-0.0025057490594452727,-0.005529449965229271,-0.005549291235070541,-0.01605196435435463,-0.016571805624195902,-0.0019230480516343462
2025-01-17,-0.0035356107887482106,-0.0035554520585894807,0.022359960914094867,0.022340119644253597,0.011871260227996016,0.011851418958154745,0.038283410710985954,0.03826356944114469,0.007063939304050314,0.007044098034209045,0.033445960118099305,0.03242611884825804,-0.011630271696331962,-0.011650112966173232,0.013836814885921811,0.01381697361608054,-0.0023899526912435475,-0.0024097939610848176,0.0,0.0,-0.009479157609038679,-0.00949899887887995,0.013836814885921811,0.01381697361608054,0.011404842837872731,0.011385001568031461,0.0442551103222279,0.04323526905238663,0.010039902527342326
2025-01-21,0.009028397784650855,0.009008556514809585,0.003033276893182002,0.003013435623340732,0.010446179115264432,0.010426337845423161,0.00997567843533731,0.009955837165496039,-0.0011365657592800928,-0.0011564070291213626,0.007938511740780863,0.007918670470939592,0.002961925406094801,0.002942084136253531,-0.023737399358999767,-0.023757240628841037,0.010909208323781493,0.010889367053940223,0.0,0.0,-0.002988532290176562,-0.003008373560017832,-0.023737399358999767,-0.023757240628841037,0.012807732318379318,0.012787891048538048,-0.008622252955429843,-0.009142094225271112,0.009153507061779642
2025-01-22,0.021568259821091496,0.021548418551250226,0.025377226260729357,0.025357384990888087,0.010013606986534552,0.009993765716693281,-0.03386567165603134,-0.03455217959253928,0.021946641253845888,0.021926799984004618,0.016588965136424383,0.016569123866583112,0.005586495115645784,0.0055666538458045145,-0.006268601325870149,-0.0062884425957114186,0.013213269397107841,0.01319342812726657,0.0,0.0,0.00527066562093591,0.005250824351094641,-0.006268601325870149,-0.0062884425957114186,0.006130250430341955,0.0061104091605006855,-0.0007586399120541503,-0.0011118145152287534,0.005621668925867462
2025-01-23,0.01227373648870872,0.01225389521886745,0.02329954383452204,0.021779702564680772,0.00841448903294768,0.00839464776310641,0.0020026280689731113,0.0017327867991318415,0.0023773582532688794,0.0023575169834276094,0.012470021440343815,0.011450180170502545,0.011387191122864295,0.011367349853023024,0.028982346631017286,0.027962505361176015,0.008688175546947154,0.008668334277105883,0.026900948161364235,0.025881106891522964,0.0027658711655219152,0.002746029895680645,0.0020813984696530508,0.0020615571998117807,0.0013301305132948022,0.0013102892434535324,-0.009160067373697373,-0.009179908643538643,0.005457859778855267
2025-01-24,-0.0026525254559150776,-0.0026723667257563476,-0.006911614193444715,-0.006931455463285985,-0.0026551327787218914,-0.0026749740485631614,-0.02351544938654998,-0.02403529065639125,-0.0036483227954647863,-0.0036681640653060564,-0.005410586879996164,-0.005763761483170767,-0.0002689051095438933,-0.00028874637938516314,-0.0011870100088468005,-0.0032068512786880706,-0.00044001996545469654,-0.0004598612352959664,-0.004462465606362431,-0.004482306876203701,0.00013841382359025545,0.0001185725537489856,0.0,0.0,-0.003033204801418809,-0.0030530460712600792,-0.0039043502473977477,-0.0045241915172390176,-0.002919267584524987
2025-01-27,-0.0376205866065539,-0.03764042787639517,-0.045879708431403654,-0.04589954970124492,-0.028136822590136345,-0.028156663859977615,-0.01817576582107322,-0.01819560709091449,-0.03791715788036707,-0.03793699915020834,-0.03263512679971662,-0.03265496806955789,-0.005523150751186312,-0.005542992021027582,-0.039586732753085885,-0.03960657402292715,-0.024902284351161198,-0.024922125621002468,0.008314709876449444,0.008294868606608174,-0.04053054267637529,-0.04055038394621656,0.0,0.0,-0.02776125584875365,-0.02778109711859492,-0.006081877210871433,-0.006101718480712702,-0.014145371801854822
2025-01-28,0.026003942006681623,0.025984100736840352,0.014054018422881454,0.014034177153040183,0.010683598556636597,0.010663757286795326,-0.010563174290210448,-0.010583015560051718,0.029139010459686088,0.029119169189844817,0.009295118229799504,0.009025276959958233,0.011386828916059988,0.011366987646218718,0.020390992095218552,0.02037115082537728,0.014749702424089838,0.014729861154248567,-0.008654250391778473,-0.008674091661619743,0.02274043008821719,0.02272058881837592,0.0,0.0,0.013756139607028095,0.013736298337186825,0.009376429751534002,0.009189921815026066,0.00859247042376432
2025-01-29,-0.01110857197669125,-0.01112841324653252,0.0061899675080254,0.005836792904850796,-0.00479509795137989,-0.004814939221221159,-0.0013146836871147372,-0.001334524956956007,-0.01056924334735998,-0.01058908461720125,0.0004654882735060188,0.0001123136703314156,-0.003660300170504882,-0.003680141440346152,0.006262602111114957,0.006242760841273687,0.012677177540831197,0.012657336270989927,0.0109863174361724,0.010966476166331129,-0.010800914568169218,-0.010820755838010489,0.0,0.0,0.0060174187573097,0.005997577487468431,0.0005835894957360884,0.0005637482258948186,-0.004483083404376087
2025-01-30,-0.014036103281970268,-0.014055944551811538,-0.01343562396912897,-0.013455465238970241,0.010327251196082155,0.010307409926240884,-0.011132869130298595,-0.011652710400139864,-0.005924541510971604,-0.005944382780812873,-0.009660056538357933,-0.009679897808199204,0.0027950307111511254,0.0027751894413098554,-0.010503109990096182,-0.011022951259937451,0.021198943749551825,0.021179102479710554,-0.010386904223668392,-0.010406745493509662,0.011041614045138613,0.011021772775297343,0.0,0.0,-0.0069393958830315855,-0.006959237152872855,-0.005079769651914386,-0.005266277588422322,0.0053671737979417156
2025-01-31,0.000886009729762216,0.0008661684599209462,-0.0051382127757772615,-0.005558054045618531,0.0036010259010762925,0.0035811846312350224,0.00026268187581846014,-9.049272735614305e-05,0.00018771531902616115,0.0001678740491848913,-0.012530180784512079,-0.012950022054353348,0.004342439641656115,0.004322598371814846,0.013913002942709862,0.013893161672868592,0.0018326646352276538,0.001812823365386384,0.008938694446318007,0.008918853176476737,0.0071308396194797894,0.00711099834963852,0.0,0.0,0.0006376210521286006,0.0006177797822873308,-0.004399599405700832,-0.0047527740088754355,-0.005321857757179305
2025-02-03,-0.011137983356042635,-0.011157824625883906,0.011188864684551695,0.011002356748043758,-0.007664777212330032,-0.007684618482171302,-0.006012803934211108,-0.006282645204052378,-0.006900442358017844,-0.006920283627859114,0.01429677073626893,0.014110262799760994,-0.005056004277620307,-0.005075845547461577,-0.003958874325318866,-0.004312048928493469,-0.0022005839571113467,-0.0022204252269526167,0.008961635444925009,0.008941794175083739,-0.0007022376133905993,-0.0007220788832318691,-0.004156422184982467,-0.005176263454823736,0.002709640936944391,0.002689799667103121,0.0026653944030606714,0.0026455531332194014,-0.006729821239220279
2025-02-04,0.014705221573604576,0.014685380303763306,0.010489900959707126,0.010470059689865856,0.006319706094164224,0.006299864824322954,0.0004530523800507589,9.98777768761557e-05,0.013564793247137108,0.013544951977295838,-0.002995400219582574,-0.003015241489423844,0.005252521187693959,0.005232679917852689,0.011545347027387892,0.011525505757546621,0.007139787391340524,0.0071199461214992545,0.009564147744832274,0.009544306474991004,0.0063591365432499655,0.006339295273408696,0.011352452046530903,0.011332610776689633,0.020649458317248248,0.020629617047406977,0.000408133301300722,0.0002454348886023093,0.006708579542064941
2025-02-05,0.00176919092415514,0.00174934965431387,0.014511628663582077,0.014491787393740806,-0.006631556485213619,-0.006651397755054888,-0.005971445727928586,-0.006134144140626999,0.004506847845858519,0.0044870065760172495,0.005302884741006875,0.0050830434711656046,-0.006689168045639871,-0.0067090093154811405,0.0033853598034859402,0.00336551853364467,0.0004881515809444959,0.0004683103111032261,0.012269183638488723,0.012249342368647453,0.002766191008639718,0.002746349738798448,-0.014607888564251326,-0.014627729834092596,-0.0009562316700140404,-0.0009760729398553103,-0.0010251190936163609,-0.0012699603634576308,0.00405456275337146
2025-02-06,-0.001114024146570569,-0.0011338654164118388,0.0013345087864498248,0.001314667516608555,-3.114068612828378e-05,-5.098195596955362e-05,-0.008569468045161167,-0.008789309315002436,-0.0007606360270357992,-0.0007804772968770691,-0.0028276381733774074,-0.003014146109885344,-0.004774612032598946,-0.004794453302440216,0.010989608200773993,0.010969766930932722,-0.0043773891556965535,-0.004397230425537823,0.0010442878186809335,0.0010244465488396636,-0.001185005842560294,-0.0012048471124015637,0.017215986186783883,0.017196144916942612,0.003831165141885273,0.003811323872044003,0.0012987394508471948,0.001278898181005925,0.003475504608908553
2025-02-07,-0.0029037481206303775,-0.0029235893904716475,0.009826508257708663,0.00947333365453406,-0.00599919490285663,-0.0060190361726978996,-0.004214525054557055,-0.004359366324398325,-0.0006516168558290516,-0.0006714581256703214,0.0026235941429256972,0.002270419539751094,-0.006085844847072175,-0.006105686116913445,0.0033969815933565144,0.0033771403235152444,-0.0021120781729933036,-0.0021319194428345736,0.007430443007102938,0.0074106017372616685,-0.0025321565013794126,-0.0025519977712206827,0.00529436539781758,0.00527452412797631,0.0022430160039074833,0.0022231747340662133,-0.004949956657925392,-0.005080909038877773,-0.009153456656979642
2025-02-10,-0.0034413841546758524,-0.0034612254245171225,-0.007525075372530304,-0.008294916642371574,0.012653634674908975,0.012633793405067704,0.01289587785279206,0.012876036582950789,0.004994035877219371,0.004974194607378101,-0.0103681437177545,-0.010780842130452913,0.0018864039888549112,0.0018665627190136414,-0.004921703452427123,-0.00585821138893506,0.00178838481923116,0.0017685435493898902,0.00669113750046435,0.006671296230623081,-0.0058561526336089464,-0.005875993903450216,-0.028287438133075327,-0.028307279402916597,-0.0014771312272620404,-0.0014969724971033102,-0.01736932258896561,-0.01775027496991799,0.006791099192188899
2025-02-11,-0.017531264763319267,-0.017551106033160537,-0.01830017727251837,-0.01832001854235964,-0.004422735171457659,-0.004442576441298929,-0.0011345046378184592,-0.0013210125743263958,-0.011962944756449889,-0.011982786026291159,-0.00774203839230073,-0.007761879662141999,-0.011753766205299897,-0.011773607475141168,-0.023080599823410576,-0.023100441093251847,-0.010139662599404875,-0.010159503869246146,-0.019756329348814328,-0.019776170618655598,-0.01483407638949834,-0.01485391765933961,-0.05993739031272893,-0.0599572315825702,-0.006412632949342201,-0.0064324742191834705,0.005618564865070869,0.005598723595229599,0.0007605777098049771
2025-02-12,-0.005012717131717514,-0.005032558401558784,0.02146229621563013,0.02144245494578886,0.00789000033825229,0.00787015906841102,0.002793469553701971,0.0027736282838607008,0.007920739522309728,0.007900898252468458,0.009260568726894559,0.009240727457053288,-0.003192936010735825,-0.003212777280577095,-0.012564756679744724,-0.012584597949585994,0.00496591329746141,0.004946072027620141,0.022297270661853275,0.022277429392012004,-0.015371560669855743,-0.015391401939697014,-0.07522900546193767,-0.07524884673177894,0.011997097810157863,0.011977256540316592,0.003557049458901812,0.003537208189060542,-0.0032213622418345578
2025-02-13,0.0028390838233940726,0.0028192425535528026,0.004425826652106182,0.004405985382264913,0.009640004097774402,0.009620162827933132,0.01009677701975289,0.01007693574991162,0.008976210556654152,0.008956369286812881,0.002069178186292699,0.0020493369164514288,-0.0044020973496700306,-0.0044219386195113,-0.014000125753642022,-0.014019967023483293,0.0029338304292301663,0.0029139891593888963,0.0053871447519096005,0.005367303482068331,-0.0006341245221199061,-0.000653965791961176,-0.06284114724831213,-0.0628609885181534,0.019075785266106836,0.019055943996265565,-0.010821010251425697,-0.010840851521266967,0.0105574137894755
2025-02-14,0.015374160045981501,0.01535431877614023,0.005936087034008164,0.00547180131972245,0.007807312159224122,0.007787470889382852,-0.003300399428114599,-0.003570240697955869,0.020199946363431517,0.020180105093590247,-0.0007154620687524248,-0.0009714144497048058,0.014506541826332365,0.014486700556491094,0.01800375473179902,0.01773391346195775,0.013191054027219373,0.013171212757378103,0.014335021997200936,0.014315180727359666,0.014790898474483262,0.014771057204641991,0.02191511287659076,0.02189527160674949,0.0077495009656280535,0.007729659695786784,-0.0024274151939806146,-0.0025381655547309753,-4.9197016905200286e-05
2025-02-18,-0.009189512336817751,-0.009209353606659022,-0.0117566303132501,-0.01177647158309137,0.007565614364744377,0.0075457730949031075,-0.011490852543535565,-0.011510693813376835,0.0008024112308979925,0.0007825699610567227,-0.00744278545921467,-0.007605483871913083,-0.006712420029393085,-0.006732261299234355,-0.049428171898750595,-0.04944801316859186,0.0080228267089263,0.00800298543908503,-0.02442650094175358,-0.024446342211594852,-0.006374936444377265,-0.006394777714218535,-0.1576573370909884,-0.15767717836082967,0.013303290536142053,0.013283449266300783,0.005457817776002448,0.005152262220446893,0.002935838625845344
2025-02-19,0.0025423369628717607,0.0025224956930304907,-0.0007654143506504365,-0.0007852556204917063,-0.010372311312992311,-0.010392152582833582,-0.0113862942163657,-0.01140613548620697,-0.004121253663629631,-0.004141094933470901,0.0037852401742441873,0.0037653989044029172,0.0016607321839559154,0.0016408909141146456,0.015134301977567516,0.015114460707726245,-0.0036187120670027606,-0.0036385533368440306,0.004866269778153187,0.004846428508311918,0.009539610463764859,0.009519769193923588,0.06332602514203456,0.06330618387219329,-0.017447810258293006,-0.017467651528134277,0.012228898619213406,0.011809057349372137,0.0023548636412025203
2025-02-20,-0.009438406836241997,-0.009458248106083268,-0.013546792276425919,-0.01356663354626719,-0.01996208653371031,-0.01998192780355158,-0.010938584083810557,-0.011458425353651826,-0.00734082904569564,-0.00736067031553691,-0.005776589100215537,-0.005796430370056806,-0.005911934876576841,-0.005931776146418111,-0.010706699586549157,-0.010726540856390427,-0.002688883243949924,-0.002708724513791194,-0.013849401957108931,-0.013869243226950202,-0.00021012672056810457,-0.00022996799040937442,-0.01854594423658007,-0.01856578550642134,-0.01038365070805718,-0.01040349197789845,0.0136641055927193,0.01354426432287803,-0.004160219154492495
2025-02-21,-0.002986405216461697,-0.003006246486302967,-0.00043044087628237027,-0.00107528214612364,-0.0016652802920996568,-0.0016851215619409267,-0.00018468446221322522,-0.0005378590653878284,-0.0068775035618180436,-0.006897344831659313,0.006016107493670898,0.005704599557162962,0.007438319090806399,0.00741847782096513,0.003827130892756177,0.003473956289581574,-0.0015043153275042468,-0.0015241565973455166,0.0,0.0,0.0019202724551238282,0.0019004311852825583,0.029657020327467642,0.029637179057626372,-0.025529680003787913,-0.025549521273629184,0.02060235630113496,0.02058251503129369,-0.017104164272735534
2025-02-24,-0.0070902324731829895,-0.007110073743024259,-0.0010253510385641734,-0.0010451923084054432,-0.006054220906080687,-0.0060740621759219566,-0.003746533086888479,-0.004433041023396415,-0.009077559294268567,-0.009097400564109837,0.0030311914120697233,0.0026780168088951202,0.002451574630349418,0.002431733360508148,0.00641500942022281,0.006061834817048206,0.006076342853022964,0.0060565015831816945,0.0,0.0,-0.0014002609384901944,-0.0014201022083314642,0.019574860047836262,0.019555018777994992,-0.008178191988826767,-0.008198033258668037,0.018708233099915927,0.018188391830074657,-0.004550606828835568
2025-02-25,-0.01176310651751884,-0.01178294778736011,0.014246613329254379,0.014226772059413108,-0.01027777469555725,-0.010297615965398521,0.008064320235064398,0.008044478965223128,-0.021893393573661622,-0.021913234843502893,0.006486848348578189,0.006467007078736919,0.001244674545097569,0.0012248332752562991,0.029795893836490207,0.029776052566648937,-0.0033306118290767125,-0.0033504530989179825,0.0,0.0,-0.00924124280741111,-0.00926108407725238,0.04776700724996297,0.0477471659801217,-0.017117248263772998,-0.01713708953361427,0.007931993531743814,0.007912152261902543,-0.004973028287862946
2025-02-26,0.012386094435256812,0.012366253165415541,0.015784269788415704,0.015653317407463323,0.008013067278572384,0.007993226008731114,-0.009091402542470626,-0.009111243812311896,0.015290830255485721,0.01527098898564445,0.0016748422357765937,0.0013438898548242127,0.002437869700437789,0.002418028430596519,-0.0023437363728738463,-0.0023635776427151163,0.005539637020565591,0.005519795750724321,0.0,0.0,0.011520168062782398,0.011500326792941128,-0.022548632548074155,-0.022568473817915425,0.016629165309596662,0.01660932403975539,-0.006561445192457489,-0.006724143605155902,0.0005048990709795032
2025-02-27,-0.021470080681584312,-0.021489921951425583,-0.005743649684950794,-0.005888490954792064,-0.01676948312428066,-0.01678932439412193,-0.004366986953089766,-0.004497939334042147,-0.025279756059445012,-0.025299597329286282,0.0011177737647695188,0.0008062658282615824,-0.007121383141200843,-0.0071412244110421125,-0.005694014043085264,-0.005713855312926534,-0.010984911241626438,-0.011004752511467708,0.0,0.0,-0.01903336189711012,-0.01905320316695139,0.002320451152675762,0.002300609882834492,-0.005282039407345007,-0.005301880677186277,0.01855163527174222,0.01833179400190095,-0.015961874391830944
2025-02-28,0.0038590193224648846,0.0038391780526236146,0.006285247164914687,0.005932072561740083,0.0030130669217533265,0.0029932256519120564,0.003611436546150648,0.003216595276309378,0.004396742829103139,0.004376901559261869,0.002557056513201428,0.0023943581005030153,-0.00011005133216445036,-0.0001298926020057202,0.0010474213332778426,0.00027758006343657276,0.0012624708643065637,0.001242629594465294,0.0,0.0,0.008194917656687072,0.008175076386845802,-0.012112186210516462,-0.012132027480357733,0.00057648899160977,0.0005566477217685002,0.0027948044381775183,0.0025249631683362484,0.015605413850941607
2025-03-03,-0.013941760038773399,-0.013961601308614669,-0.011753549827070924,-0.012106724430245528,-0.012342881125088613,-0.012362722394929884,-0.017067282260896734,-0.017229980673595147,-0.01735783118605222,-0.01737767245589349,0.004741491579496866,0.004388316976322262,0.000835980893226773,0.0008161396233855032,-0.0013885989920587871,-0.001408440261900057,-0.0052139121408072975,-0.005233753410648567,0.0,0.0,-0.008910760692360953,-0.008930601962202224,0.024199420915635095,0.024179579645793824,-0.018360803570113184,-0.018380644839954455,0.026532368953784885,0.025762527683943614,-0.017519912848197983
2025-03-04,-0.0028311891929831863,-0.005651030462824457,0.014192930510261657,0.013973089240420388,0.008973625576432854,0.007953784306591584,0.018854784440808618,0.018668276504300682,-0.0030157734377844973,-0.005635614707625768,0.01236037616916929,0.012140534899328021,0.005009263084719138,0.002189421814877867,0.016819871186147667,0.015800029916306395,0.00011991674240618977,-0.0028999245274350803,0.0,0.0,-0.001820345855850003,-0.004640187125691274,0.0,0.0,-0.01530024770922939,-0.01892008897907066,-0.0024920101061702282,-0.0025118513760114983,-0.011836837733235739
2025-03-05,0.005611604574818386,0.005591763304977116,0.013195189691148723,0.013175348421307452,0.0035964098553751267,0.0035765685855338567,0.008415432128683342,0.007895590858842073,0.005679306662106288,0.005659465392265018,0.01036470106950645,0.01034485979966518,0.010887086646546383,0.010867245376705113,0.006660961849690283,0.006641120579849014,0.008185752196486252,0.008165910926644981,0.0,0.0,0.011562048552003056,0.011542207282161786,0.0,0.0,-0.01434119306256625,-0.01436103433240752,-0.0015018173539648374,-0.0018549919571394405,0.01074766516462744
2025-03-06,-0.0241426087113534,-0.02416244998119467,-0.025045203045585017,-0.025065044315426287,-0.013267828009892369,-0.01328766927973364,-0.023503867945050032,-0.023857042548224634,-0.023270600784732677,-0.023290442054573948,-0.015387206779224045,-0.015573714715731981,-0.025241039242602493,-0.025260880512443764,-0.029993368759056255,-0.030013210028897525,-0.024208260561252037,-0.024228101831093307,0.0,0.0,-0.02193532527424169,-0.02195516654408296,0.0,0.0,-0.013534918749402679,-0.01355476001924395,-0.0022034296987153233,-0.0030566043018899263,-0.017750943077222914
2025-03-07,-0.007943827071045394,-0.007963668340886665,-0.01610628665829427,-0.01612612792813554,-0.006874201915540511,-0.006894043185381781,-0.020021187360544812,-0.020374361963719414,-0.009795494579799668,-0.009815335849640939,-0.014459830583975042,-0.014679671853816311,-0.012104540218986172,-0.012124381488827442,-0.018975557000750903,-0.018995398270592174,-0.0050061500859231115,-0.005025991355764381,0.0,0.0,-0.014425668925923585,-0.014445510195764856,0.0,0.0,-0.0021843071634151667,-0.0022041484332564368,-0.015304211120472144,-0.015324052390313415,0.005604785572778992
2025-03-10,-0.01946314524706818,-0.01948298651690945,-0.03990314504508965,-0.040172986314930915,-0.01647217850278082,-0.01649201977262209,-0.026243916400375378,-0.02676375767021665,-0.019654383976130306,-0.019674225245971576,-0.030890464168744622,-0.031160305438585893,-0.006921800237357445,-0.006941641507198715,-0.031781357927832016,-0.03180119919767328,-0.005356379162497336,-0.005376220432338606,0.0,0.0,-0.014591242096783193,-0.014611083366624464,0.0,0.0,-0.00846526933745487,-0.008485110607296141,-0.007320305715434794,-0.0073401469852760635,-0.02663552073460429
2025-03-11,0.001887866010327411,0.0018680247404861412,0.009157490072738028,0.007637648802896758,-0.0002498991510678124,-0.0002697404209090822,0.014387390124639448,0.014367548854798178,0.0016505069278988198,0.00163066565805755,0.005655297156855921,0.004385455887014651,0.017442507283260588,0.017422666013419318,0.0054333962071522746,0.004413554937311005,0.011096759214142125,0.011076917944300855,0.0,0.0,0.0198241548692893,0.01980431359944803,0.0,0.0,0.00024291282390883663,0.0002230715540675668,-0.0071279365132278505,-0.00814777778306912,-0.0083129949162839
2025-03-12,0.011249351246440786,0.011229509976599515,0.04494579780402521,0.044592623200850605,0.008895516739207831,0.00887567546936656,0.031036655321931284,0.030516814052090013,0.009978533875648487,0.009958692605807217,0.02256247365809131,0.02234263238825004,0.016071028480165686,0.016051187210324416,0.0304780625262386,0.030124887923064,0.015603388869837032,0.015583547599995761,0.041232581021340975,0.04021273975149971,0.015367303195487226,0.015347461925645955,0.0,0.0,-0.00270986445708673,-0.0027297057269280002,-0.02003621459703664,-0.02005605586687791,0.005306567865676515
2025-03-13,0.013711494104384414,0.013691652834543143,0.0022601540758984684,0.0022403128060571984,-0.0068670562725793634,-0.006886897542420633,-0.0028717662268786803,-0.0028916074967199504,0.013319633018903265,0.013299791749061995,0.006442744203283534,0.006422902933442265,-0.017971546124992577,-0.017991387394833847,0.0013787144249669536,0.0013588731551256838,-0.006484465594391087,-0.006504306864232356,-0.008075910202549608,-0.008095751472390878,-0.012431536791109732,-0.012451378060951002,0.0,0.0,-0.0010066097953470143,-0.001026451065188284,0.018555747746185847,0.018535906476344576,-0.01333046625507539
2025-03-14,0.0008591698001986434,0.0008393285303573735,0.011909768377733426,0.011889927107892155,0.0022714365111750397,0.0022515952413337697,0.01262689982839238,0.012607058558551109,-0.0010294828088095453,-0.0010493240786508152,0.006629569627669363,0.006609728357828093,0.00947016466852688,0.009450323398685609,0.005178769281401079,0.00515892801155981,0.0025978611259917066,0.0025780198561504365,-0.009752429000474905,-0.009772270270316175,0.012387126039655716,0.012367284769814446,0.0,0.0,-0.0008374534256637839,-0.0008572946955050537,0.009312668872777374,0.008792827602936105,0.020655846459250116
2025-03-17,0.00823280600537275,0.00821296473553148,-0.0009441624000544602,-0.0024640036698957302,0.0019199963963444037,0.0019001551265031339,-0.004777362196079382,-0.005797203465920652,0.008464062252650152,0.008444220982808882,0.0037808271680694894,0.0025109858982282195,-0.00543275034141648,-0.00545259161125775,-0.0006284395253023378,-0.0011482807951436076,0.005283381502009032,0.005263540232167762,0.024043007352187562,0.02402316608234629,-0.0051733319662365055,-0.005193173236077775,0.0,0.0,0.009044554220200729,0.009024712950359459,0.0022872694769533464,0.0022674282071120763,0.0077113559743353655
2025-03-18,-0.0070060090564290295,-0.007025850326270299,-0.019077912192544788,-0.01909775346238606,-0.007913454130077402,-0.007933295399918673,-0.038090717604359725,-0.03811055887420099,-0.009238541108480915,-0.009258382378322185,-0.005883539238468849,-0.0059033805083101186,-0.006694208355450938,-0.0067140496252922075,-0.021146178930731285,-0.021166020200572556,-0.008461855773039807,-0.008481697042881077,-0.018799873798051592,-0.018819715067892862,-0.0008805289550857468,-0.0009003702249270166,0.0,0.0,0.0023896208151525152,0.002369779545311245,0.005954269058715822,0.005934427788874552,-0.010808443576004967
2025-03-19,0.010133120384527683,0.010113279114686412,0.008076218700064919,0.008056377430223648,0.005540012936031736,0.0055201716661904664,0.01854188195058748,0.01852204068074621,0.011162499343170618,0.011142658073329348,-0.000598701726921752,-0.0006185429967630219,0.017343561996390755,0.017323720726549485,0.00819901227272024,0.00817917100287897,0.005333832302175422,0.005313991032334152,0.009182793330884564,0.009162952061043294,0.017221076176723905,0.017201234906882634,0.0,0.0,0.006128322243370288,0.006108480973529018,-0.017919672255741592,-0.017939513525582863,0.010890822875730954
2025-03-20,-0.0009015974087744794,-0.0009214386786157492,-0.0007592033833095924,-0.0007790446531508622,-0.004951239337748981,-0.004971080607590251,-0.0011004138442269329,-0.0011202551140682027,-0.0017452889892873302,-0.0017651302591286,-0.004259869327829929,-0.004279710597671199,0.00227032093394669,0.00225047966410542,0.008074364476177598,0.008054523206336327,-0.0023661033880620574,-0.0023859446579033274,0.004662745079591635,0.004642903809750365,0.0038655017412624892,0.003845660471421219,0.0,0.0,0.00210076770679144,0.00208092643695017,0.00630177175879576,0.00628193048895449,-0.002891746812818119
2025-03-21,0.006911924943562853,0.006892083673721583,0.00718634072299934,0.007166499453158071,-0.002864592706839997,-0.002884433976681267,-0.010282147568322575,-0.010301988838163845,0.005483924260017515,0.005464082990176245,0.013209067742315811,0.01318922647247454,-0.001732828881623471,-0.0017526701514647407,-0.005435261180912698,-0.005455102450753968,-0.011547359947391457,-0.011567201217232728,-0.0035383143793009664,-0.0035581556491422364,0.004041383519985809,0.004021542250144539,0.0,0.0,-0.004075041759875231,-0.004094883029716501,0.0012280249822082534,0.0012081837123669836,0.00032983072981296324
2025-03-24,0.004793764774374066,0.004773923504532796,0.010509784504533937,0.009989943234692667,0.008740274543874703,0.008720433274033433,0.0473836794787581,0.04636383820891683,0.005756124397304052,0.0057362831274627825,-0.002921663971764724,-0.003774838574939327,0.016121539442878207,0.016101698173036937,0.0325270090112294,0.031507167741388134,0.01006862076763677,0.0100487794977955,-0.0005662886272708167,-0.0005861298971120866,0.021167116732245937,0.021147275462404667,0.0260039635886381,0.02498412231879683,-0.0050980517550903715,-0.005117893024931641,-0.016530926444136673,-0.016550767713977944,0.017908513098004786
2025-03-25,-0.00602479607268247,-0.00604463734252374,0.004127466621906051,0.004107625352064781,0.004250404215431957,0.0042305629455906876,0.009577060966829087,0.009557219696987817,-0.006164353402605861,-0.006184194672447131,0.0009583567258609014,0.0009385154560196316,0.0066677855462604855,0.006647944276419216,0.006612879658661586,0.006593038388820316,0.005762954251661068,0.005743112981819798,-0.008473771065991675,-0.008493612335832946,0.016510242215615423,0.016490400945774152,0.01501691944595962,0.01499707817611835,-0.007049864506588355,-0.0070697057764296245,0.001465545608760832,0.0014457043389195622,0.0024039544954175263
2025-03-26,-0.01413987639416947,-0.014159717664010741,-0.03659859896105905,-0.037618440230900316,-0.015458327693103301,-0.015478168962944572,-0.05990186322689939,-0.059921704496740655,-0.012097639605795818,-0.012117480875637089,-0.019564074706325672,-0.020583915976166944,-0.013466319617916833,-0.013486160887758104,-0.03659859896105905,-0.036618440230900315,-0.01196633379950769,-0.01198617506934896,-0.02788492842834156,-0.02790476969818283,-0.01754151411070122,-0.01756135538054249,8.461992998176626e-05,6.477866014049642e-05,0.0022421723540468116,0.0022223310842055415,0.005957538932185924,0.005937697662344654,-0.011938329377862766
2025-03-27,-0.004832691658804733,-0.004852532928646003,-0.017987113332965876,-0.018006954602807147,-0.007712771387615036,-0.007732612657456305,-0.017826008398081794,-0.017845849667923065,-0.005468122972049216,-0.005487964241890486,-0.017987113332965876,-0.018506954602807147,-0.010946096649958426,-0.010965937919799697,-0.017987113332965876,-0.018006954602807147,-0.00437447497611757,-0.00439431624595884,-0.011011359792166941,-0.011031201062008212,-0.011130351075413224,-0.011150192345254495,-0.0035684292378415083,-0.0035882705076827784,0.00216148437884095,0.00214164310899968,-0.001517181456855754,-0.0025370227266970236,-0.002655674108104966
2025-03-28,0.00034396463141163,0.0003241233615703602,0.004464990683787473,0.0034451494139462035,-0.010621068189959481,-0.010640909459800752,0.0,0.0,-0.000769243703706313,-0.0007890849735475828,0.004464990683787473,0.0034451494139462035,-0.0019011801468410763,-0.0019210214166823461,0.004464990683787473,0.0034451494139462035,-0.010931808178719917,-0.010951649448561187,-0.013542505277823969,-0.013562346547665239,-0.005004297367047616,-0.005024138636888885,0.01800749596161144,0.01798765469177017,0.010217291679680572,0.010197450409839302,-0.00621522529504126,-0.00623506656488253,-0.02013843519279468
2025-03-31,-0.005070264161625582,-0.005090105431466852,-0.010526602085181525,-0.010546443355022795,-0.003922177042664544,-0.003942018312505814,0.0,0.0,-0.004594264178044616,-0.004614105447885886,-0.010526602085181525,-0.010546443355022795,-0.005334476478568128,-0.005354317748409398,-0.010526602085181525,-0.010546443355022795,-0.006187870663459827,-0.0062077119333010964,-0.014237465603866184,-0.014257306873707454,-0.005003434869694812,-0.005023276139536082,0.0037108635186846595,0.0036910222488433894,0.005566798747478152,0.005546957477636882,-0.01236484001013316,-0.01238468127997443,0.006712944222945216
2025-04-01,0.005350199693133096,0.005330358423291826,-0.004929092882115738,-0.004948934151957007,-0.005014529231360343,-0.005034370501201613,0.0,0.0,0.004586760057021733,0.004566918787180464,-0.004929092882115738,-0.004948934151957007,-0.007590882924977816,-0.0076107241948190855,-0.004929092882115738,-0.004948934151957007,-0.002808406968997146,-0.002828248238838416,0.012410496590278708,0.012390655320437437,-0.006776505995000449,-0.006796347264841718,-0.017339589472394445,-0.017359430742235716,-0.008980253344074585,-0.009000094613915856,-0.003684750543475057,-0.003704591813316327,0.0028243574234689817
2025-04-02,-0.0004944029107046607,-0.0005142441805459305,0.024529053252292154,0.024509211982450884,0.006782373691764687,0.006762532421923417,0.0,0.0,-0.00041409979269102504,-0.00043394106253229485,0.024529053252292154,0.024509211982450884,0.011754450226658752,0.011734608956817482,0.024529053252292154,0.024509211982450884,0.00895758538008976,0.00893774411024849,0.021288976472383148,0.021269135202541877,0.008185217232134844,0.008165375962293574,0.003240076779909007,0.003220235510067737,0.002399762267481986,0.002379920997640716,0.0004044345942806338,0.00038459332443936396,0.0063283067681381144
2025-04-03,0.0063177632454922,0.00629792197565093,0.08523037871229722,0.08521053744245595,-0.017134614176109883,-0.017154455445951153,0.0,0.0,0.003300413343673994,0.003280572073832724,0.08523037871229722,0.08521053744245595,-0.008695648323723694,-0.008715489593564964,0.08523037871229722,0.08521053744245595,-0.018943326013646455,-0.018963167283487726,-0.00988548100843012,-0.00990532227827139,-0.010818227714026858,-0.010838068983868129,0.09511585972072734,0.09509601845088607,0.0131060754220413,0.013086234152200029,0.0012481862805980848,0.001228345010756815,-0.04928074068448207
2025-04-04,-0.010311928858090118,-0.010331770127931388,-0.09533868109547494,-0.09535852236531621,0.0047035966219567404,0.004683755352115471,0.0,0.0,-0.011809207350467935,-0.011829048620309205,-0.09533868109547494,-0.09535852236531621,-0.0037145779653278282,-0.0037344192351690983,-0.09533868109547494,-0.09535852236531621,0.007304812245921263,0.007284970976079994,-0.006748914467026745,-0.006768755736868015,-0.022538884580776297,-0.022558725850617568,-0.0885897666284482,-0.08860960789828946,-0.006262860662022404,-0.006282701931863674,0.009039891777923748,0.009020050508082477,-0.05854293514288289
2025-04-07,0.015674381206780618,0.015654539936939348,0.01999281391384722,0.019972972644005948,0.009979584828109423,0.009959743558268152,0.0004119195708509604,-0.0006079216989903094,0.016604207862401774,0.016584366592560504,0.01999281391384722,0.019972972644005948,0.02109453816518256,0.02107469689534129,0.01999281391384722,0.019972972644005948,0.00819805738555822,0.00817821611571695,-0.0068723975733491205,-0.00689223884319039,0.024100687522464203,0.024080846252622932,0.02686521148719634,0.02684537021735507,-0.0013187818351052096,-0.0013386231049464794,-0.02219679338179148,-0.02221663465163275,-0.0017811908092518758
2025-04-08,-3.3148617516812195e-06,-2.315613159295106e-05,0.021160127711512655,0.021140286441671385,0.005334563534567693,0.005314722264726423,0.042659411108782797,0.04263956983894153,0.0029394441567496595,0.0029196028869083895,0.021160127711512655,0.021140286441671385,0.02314355888674846,0.02312371761690719,0.021160127711512655,0.021140286441671385,0.002716922649539223,0.002697081379697953,-0.005255796811403868,-0.005275638081245137,0.009466824007971341,0.00944698273813007,0.026415924522916523,0.026396083253075252,0.011948424594522156,0.011928583324680886,0.013608084279546295,0.013588243009705025,-0.0156627135192009
2025-04-09,0.008881267729265188,0.008861426459423918,-0.008553121415065812,-0.008572962684907082,0.023958049130367726,0.023938207860526455,0.08128158881816061,0.08126174754831934,0.00998459522701596,0.00996475395717469,-0.008553121415065812,-0.008572962684907082,0.0002249429914057549,0.00020510172156448507,-0.008553121415065812,-0.008572962684907082,0.02171718397312601,0.02169734270328474,0.0,0.0,-0.0003597825000018623,-0.0003796237698431321,-0.008553121415065812,-0.008572962684907082,-0.034079477901491934,-0.0340993191713332,-0.03254864450737727,-0.032568485777218534,0.1050192758263111
2025-04-10,-0.0002513719577103002,-0.00027121322755157,0.03912089958972631,0.03910105831988504,-0.004976173753790537,-0.004996015023631807,-0.01245776026672929,-0.01247760153657056,0.00010767089974797125,8.782962990670141e-05,0.03912089958972631,0.03910105831988504,-0.0010356938500196977,-0.0010555351198609675,0.03912089958972631,0.03910105831988504,-0.009719440996374538,-0.009739282266215808,0.0,0.0,-0.011555712790123074,-0.011575554059964344,0.03912089958972631,0.03910105831988504,0.008928484103735743,0.008908642833894472,0.003806939121370978,0.003787097851529708,-0.0438190778591766
2025-04-11,-0.004354777295286825,-0.004374618565128095,0.018026627976847842,0.01800678670700657,-0.0007783879596838482,-0.000798229229525118,0.012963214763539455,0.012943373493698184,-0.0055008652294507125,-0.005520706499291982,0.018026627976847842,0.01800678670700657,-0.003409864476053081,-0.003429705745894351,0.018026627976847842,0.01800678670700657,-0.003115613478552104,-0.003135454748393374,0.0,0.0,0.015057035097579764,0.015037193827738493,0.018026627976847842,0.01800678670700657,-0.004188588159226981,-0.00420842942906825,0.0,0.0,0.017842729535110458
2025-04-14,0.005197821322447893,0.0051779800526066235,-0.009051922747097985,-0.009071764016939255,0.003481090004143471,0.003461248734302201,-0.013434711883819395,-0.013454553153660665,0.004384577549244295,0.004364736279403025,-0.009597007521728429,-0.010616848791569699,-0.006839970214962675,-0.006859811484803945,-0.009051922747097985,-0.009071764016939255,-0.0021117956546146226,-0.0021316369244558926,0.0,0.0,-0.0037949250142231723,-0.0038147662840644424,-0.009051922747097985,-0.009071764016939255,0.0063905782449887975,0.006370736975147528,-0.0005450847746304444,-0.0015649260444717142,0.009701544310149135
2025-04-15,0.012448314680657801,0.01242847341081653,0.007666416380600727,0.007646575110759457,0.010078255821638838,0.010058414551797568,0.0009182768771671679,0.0008984356073258981,0.011957069352550864,0.011937228082709594,0.022656837355779613,0.022636996085938343,0.01558468891359005,0.01556484764374878,0.007666416380600727,0.007646575110759457,0.006586348604518267,0.006566507334676997,0.0,0.0,0.02035195457644564,0.02033211330660437,0.007666416380600727,0.007646575110759457,0.007784490316409642,0.007764649046568373,0.014990420975178886,0.014970579705337616,-0.0028009570003554307
2025-04-16,-0.011712292155191406,-0.011732133425032676,-0.011499279460155054,-0.012019120729996323,-0.0005689644617991926,-0.0005888057316404624,0.006731384667461482,0.006711543397620212,-0.012942367099345797,-0.012962208369187067,-0.012632474490562373,-0.013152315760403642,0.003160345601776072,0.003140504331934802,0.0011170641018546368,0.001097222832013367,-0.0006912149130904773,-0.0007110561829317471,0.0,0.0,0.007889928422356484,0.007870087152515214,0.0011170641018546368,0.001097222832013367,0.0017884632447385251,0.0017686219748972553,-0.001133195030407319,-0.0011530363002485889,-0.022227880060647576
2025-04-17,0.008950637946348183,0.008930796676506913,-0.014152362246013461,-0.015172203515854731,0.0005470788766145374,0.0005272376067732675,0.010417061740506384,0.009397220470665114,0.009361261663784792,0.009341420393943521,-0.01705715858221235,-0.01757699985205362,-0.0001462142750569221,-0.00016605554489819194,-0.02322210119296675,-0.02424194246280802,0.013328000071459423,0.013308158801618153,0.016620896506058136,0.015601055236216866,0.030811703685516157,0.030791862415674887,-0.039842997699024885,-0.03986283896886615,0.021565386199623924,0.021545544929782653,0.013716100169859247,0.013196258900017977,0.0014268369522441038
2025-04-21,-0.005754835336281027,-0.005774676606122297,-0.023301955726916034,-0.023655130330090635,0.005045351374045227,0.0050255101042039575,-0.01762695190678598,-0.017646793176627252,-0.005911951924761096,-0.005931793194602366,-0.019498000892800592,-0.019851175495975194,-0.0055919631921337865,-0.005611804461975056,-0.04044251199601856,-0.04046235326585983,0.0029573552082120085,0.0029375139383707384,-0.010183583800841167,-0.010203425070682438,0.002484379144362517,0.002464537874521247,-0.030258928195177393,-0.030278769465018663,-0.0012741181967354971,-0.001293959466576767,-0.0063796289667257255,-0.006399470236566995,-0.023802701422705907
2025-04-22,0.0048626223639010695,0.0048427810940598,-0.00969343610811757,-0.01021327737795884,-0.0010695195754363285,-0.0010893608452775983,0.011953585036477254,0.011433743766635985,0.004780651174671458,0.004760809904830189,0.002805771763028986,0.0022859304931877157,0.0043568171571579,0.004336975887316631,-0.01263441979676494,-0.01265426106660621,0.005124966703951527,0.005105125434110258,-0.01263441979676494,-0.01265426106660621,0.0053676010495645535,0.005347759779723284,0.0,0.0,5.0378328045375814e-05,3.053705820410597e-05,-0.027189101894375733,-0.028208943164217005,0.026017707609816698
2025-04-23,0.0024240615908503347,0.0024042203210090647,0.009060574853438436,0.008707400250263833,0.007779031930615021,0.007759190660773752,-0.006717443176846527,-0.006737284446687797,0.004931238137427318,0.004911396867586048,0.0009020446423910755,0.00021553670588313905,0.004585580665850941,0.004565739396009671,-0.00018766751513932256,-0.0002075087849805924,0.00441404594371273,0.00439420467387146,-0.00018766751513932256,-0.0002075087849805924,-0.0060129504811443635,-0.006032791750985633,0.0,0.0,-0.008734984678035327,-0.008754825947876597,0.007505169722934801,0.007485328453093532,0.01549547679367791
2025-04-24,0.00830295681788209,0.00828311554804082,0.014010565511410777,0.013740724241569507,0.008604112340791526,0.008584271070950255,0.013034226887768008,0.013014385617926737,0.005356851090152935,0.005337009820311665,0.012283414219301902,0.012013572949460632,0.01251035923906051,0.01249051796921924,-0.0025231704982671133,-0.0025430117681083833,0.012427449205788145,0.012407607935946875,-0.0025231704982671133,-0.0025430117681083833,0.011746103014329812,0.011726261744488542,0.0,0.0,-0.00702043201091317,-0.007040273280754439,-0.02113631568131391,-0.02115615695115518,0.021048917134121048
2025-04-25,0.007263733935821637,0.007243892665980367,-0.012744219973884613,-0.012764061243725883,0.001172967795677171,0.0011531265258359013,-0.014179154792813436,-0.015032329395988038,0.008240389414897353,0.008220548145056083,-0.01134574729467161,-0.01136558856451288,0.017462016801233625,0.017442175531392354,-0.018061297016866318,-0.01808113828670759,0.006754012018788824,0.006734170748947554,-0.018061297016866318,-0.01808113828670759,0.013498507400551784,0.013478666130710514,0.02148865030959457,0.0204688090397533,0.007487725943076761,0.007467884673235492,-0.022408628042851892,-0.023428469312693163,0.007225320685248393
2025-04-28,-0.0007428351814677935,-0.0007626764513090634,6.485981113116268e-05,-0.00045498145871010714,-0.008774081573857118,-0.008793922843698388,-0.024469887274447395,-0.025223061877621997,-0.0004550595235149556,-0.00047490079335622544,0.0019832294220098745,0.0017133881521686047,-0.0084369103211415,-0.00845675159098277,-0.021828686834037603,-0.02334852810387887,-0.005366444454265739,-0.005386285724107009,0.0007326888241923069,0.00021284755435103703,-0.009094832533338681,-0.009114673803179952,-0.01251451316592489,-0.013034354435766159,0.0018462314322569618,0.001826390162415692,-0.0042679717072731105,-0.00428781297711438,0.00038131807369912174
2025-04-29,0.00561062405691628,0.00559078278707501,-0.009108376771683135,-0.009128218041524406,-0.008626045810951877,-0.008645887080793148,-0.001789416731036364,-0.001809258000877634,0.0011171355062557847,0.0010972942364145149,-0.003752742072571452,-0.0037725833424127222,-0.00816128512417318,-0.00818112639401445,0.005823034946128625,0.005803193676287355,-0.010324213727949637,-0.010344054997790907,-0.008764983275188765,-0.008784824545030035,0.0026755718058979693,0.0026557305360566993,0.00838778968625753,0.00836794841641626,0.0014219950313845483,0.0014021537615432785,-0.008106218083479408,-0.008126059353320678,0.006299374906016286
2025-04-30,0.010272983122273482,0.010253141852432212,-0.010729172096689584,-0.011282346699864186,0.0026801673979897525,0.0026603261281484825,-0.01627439950169477,-0.01654424077153604,0.008620641794239724,0.008600800524398454,0.001767176355288824,0.0012140017521142209,0.006093966920766369,0.006074125650925099,0.0031890413632219006,0.0031692000933806305,-0.0035809959512689057,-0.0036008372211101757,-0.009007277333158592,-0.009027118602999862,0.003471607033337121,0.003451765763495851,0.0015687461518490986,0.0015489048820078288,0.001957065672951941,0.0019372244031106713,-0.007172843440944432,-0.007942684710785701,0.0003969200081936908
2025-05-01,-0.014928070066832689,-0.014947911336673959,0.01298501895927465,0.01296517768943338,-0.007404181803838539,-0.007424023073679809,0.007960165443920886,0.007740324174079616,-0.015909016989262816,-0.015928858259104086,0.0045187911480039575,0.004498949878162688,-0.003176957020394455,-0.003196798290235725,0.002919574183567253,0.002399732913725983,0.013452622551540139,0.013432781281698869,0.00509017068230766,0.00507032941246639,-0.010339664719623675,-0.010359505989464945,0.01755818686501215,0.017538345595170878,-0.018744014669245034,-0.018763855939086305,0.008656850439369701,0.00863700916952843,0.007086675492562922
2025-05-02,0.01175194134654245,0.011732100076701179,0.007130912865106883,0.006944404928598947,0.005383434673973109,0.00536359340413184,-0.003991039441067917,-0.00434421404424252,0.01228143285144644,0.012261591581605169,0.006374779972870724,0.006188272036362788,0.004655623584263056,0.004635782314421786,-0.0014752401563245324,-0.002161748092832469,0.004536375321375484,0.004516534051534214,0.004920022108980349,0.004900180839139079,0.00492466027350499,0.004904819003663721,0.005453185638368349,0.005100011035193745,-0.0001639872133864309,-0.00018382848322770075,0.013898826469506246,0.013736128056807833,0.01484433606735136
2025-05-05,0.00521058900922633,0.00519074773938506,0.0031393064782667865,0.0031194652084255165,0.00490958667391096,0.00488974540406969,0.004596651956900196,0.004576810687058926,0.004036999006521713,0.004017157736680444,-0.006289433160481564,-0.006559274430322834,0.005893020270246319,0.005873179000405049,0.011876677515755052,0.011856836245913781,-0.0029408223607903074,-0.0029606636306315774,0.005903513110947944,0.005883671841106675,0.0030262178374094294,0.0030063765675681594,0.0002924106114159013,0.0002725693415746315,-0.0013486320264486703,-0.00136847329628994,-0.001992680498358518,-0.00223474399042201,-0.005734332018031862
2025-05-06,-0.008565639372857403,-0.008585480642698673,-0.007960543557088492,-0.007980384826929763,0.003255909089748864,0.003236067819907594,0.008957419280775918,0.008737578010934648,-0.008274394944632524,-0.008294236214473795,-0.006772941951058714,-0.006792783220899983,-0.003943346292304328,-0.003963187562145597,-0.008898201534734343,-0.008918042804575614,0.0031196462832964855,0.0030998050134552154,0.001434457134326883,0.0014146158644856132,0.0020101079379541646,0.0019902666681128945,-0.0009046292456103,-0.0009244705154515698,0.00029788311540601686,0.00027804184556474705,-0.004921182214852585,-0.004941023484693855,-0.008358381317041252
2025-05-07,-0.00011030190071473819,-0.00013014317055600803,-0.015514835587175932,-0.0157846768570172,0.0035886010072397,0.00356875973739843,-0.009951997655328237,-0.009971838925169507,0.0018450279038399022,0.0018251866339986324,-0.008273027720888535,-0.008403980101840916,0.015505847421233211,0.01548600615139194,-0.02340256488409286,-0.02367240615393413,0.019596411320135218,0.019576570050293948,-0.03792033950550916,-0.03794018077535043,0.0032946050682886915,0.0032747637984474214,-0.006398135224000345,-0.006417976493841615,-0.004486192185811911,-0.0045060334556531806,0.0052527292216992035,0.005132887951857934,0.0042055333826633845
2025-05-08,-0.009234590585713043,-0.009254431855554314,-0.0064038653934033185,-0.006423706663244588,-0.0007393247289448346,-0.0007591659987861044,0.007614634356738837,0.007594793086897567,-0.00890287241805814,-0.00892271368789941,-0.0012203393643893667,-0.0012401806342306366,-0.0018966616538509285,-0.0019165029236921983,-0.0018237468559499925,-0.0018435881257912623,0.006458674024864609,0.006438832755023339,0.004753004963743757,0.004733163693902487,-0.002848116703289439,-0.0028679579731307092,0.0017429904944942232,0.0017231492246529533,-0.013627271112150775,-0.013647112381992045,0.019049901188708113,0.019030059918866842,0.006967594724690329
2025-05-09,-0.0015072866112600504,-0.0015271278811013202,-0.004332586516094266,-0.004495284928792679,-2.620104671955401e-05,-4.604231656082385e-05,0.007788655483166429,0.007602147546658493,-0.0030905400196964417,-0.0031103812895377117,-0.00452298802928871,-0.004685686441987123,-0.0007005331861719031,-0.0007203744560131729,0.002055630395737131,0.002035789125895861,-0.001424818110603543,-0.0014446593804448129,0.0030460269995239986,0.0030261857296827285,-0.0015348776258213626,-0.0015547188956626325,-0.0056317760880473244,-0.005651617357888594,-0.004535576085448778,-0.004555417355290047,0.004684462821770713,0.004664621551929443,-0.00127398172876092
2025-05-12,-0.00795097526190872,-0.00797081653174999,0.008109754137276267,0.008089912867434997,0.012328550189172028,0.012308708919330757,-0.007407119253341126,-0.007426960523182396,-0.0004178886436704485,-0.0004377299135117183,0.02289392493321125,0.02287408366336998,-0.0032380077856946077,-0.0032578490555358777,-0.023241237706800283,-0.023261078976641553,0.010066312241328946,0.010046470971487675,0.0016378594635787502,0.0016180181937374804,-0.009339236633698511,-0.009359077903539782,0.019921953785578816,0.019902112515737546,-0.01518006738734828,-0.01519990865718955,0.03803185662602798,0.038012015356186715,0.033047474409526156
2025-05-13,0.012280722105938524,0.012260880836097254,-0.004466514436620863,-0.004486355706462133,0.00256373972784073,0.00254389845799946,0.0003611219919964308,0.000341280722155161,0.012836628309591636,0.012816787039750366,-0.0002627825810910889,-0.0004076238509323587,0.007572336477649632,0.007552495207808363,-0.014768595672944335,-0.014788436942785605,0.02162152374636711,0.02160168247652584,-0.006082788237109893,-0.0061026295069511625,0.019353119451212687,0.019333278181371417,0.007812888386499997,0.007793047116658728,0.0008102996019784369,0.0007904583321371671,0.007479532084753247,0.007348579703800866,0.0066039759021399025
2025-05-14,0.0042415576907989475,0.004221716420957678,0.008857837523020677,0.008837996253179407,0.014659135741029694,0.014639294471188424,0.01971022077403687,0.0196903795041956,0.0035294987784952993,0.0035096575086540293,0.0014052403287077315,0.0013853990588664617,0.006212420691818098,0.006192579421976829,0.018366009130730266,0.018346167860888996,0.0037509629972538147,0.0037311217274125447,0.007454166596698009,0.007434325326856739,0.012294115618952306,0.012274274349111035,0.022687301736701637,0.022667460466860367,0.0016600438807793608,0.001640202610938091,-0.001570840475048487,-0.001590681744889757,0.0012779785798229248
2025-05-15,0.0002862068789709401,0.0002663656091296703,-0.00272090693112741,-0.0029074148676353465,-0.012360106893809385,-0.012379948163650656,-0.0059010112630246865,-0.005920852532865956,-0.0004466518933803794,-0.0004664931632216492,-0.007268358856432126,-0.007454866792940062,-0.0029736225753001604,-0.0029934638451414304,0.0032121363503632063,0.0031922950805219363,0.007748937401184097,0.007729096131342828,-0.001572877292832564,-0.0015927185626738339,0.006757725471708797,0.0067378842018675274,-0.011061769280060307,-0.011081610549901578,0.006933187772990912,0.0069133465031496425,-0.014536206186603593,-0.014556047456444864,0.004884164632874111
2025-05-16,0.0028904407242013146,0.0028705994543600445,0.008038513685690474,0.00768533908251587,0.005041132108264923,0.005021290838423654,0.004837678419379221,0.004341646673347475,0.0026230077208888487,0.0026031664510475787,0.004997153503174093,0.00483445509047568,0.0020277092830371605,0.0020078680131958905,0.009174497532639807,0.008821322929465204,-0.0038439855869515597,-0.0038638268567928297,0.0072665783714378485,0.006246737101596579,-0.004273195258920403,-0.0042930365287616725,-0.006478003797936116,-0.006747845067777386,0.0046311645636259,0.004611323293784631,-0.0059035548093671515,-0.006248396079208421,0.006334221113474925
2025-05-19,-7.59625523437113e-05,-9.580382218498114e-05,0.005931902702146023,0.005712061432304753,-0.00036015037615480007,-0.0003799916459960699,-0.0009050879740003805,-0.0009249292438416503,1.6452889443929666e-05,-3.3883803973401756e-06,0.0033963095320322582,0.0031764682621909885,0.0032770885432358956,0.0032572472733946255,0.009966610531515596,0.009946769261674326,-0.006241377281336535,-0.006261218551177805,0.0010122129126186596,0.0009923716427773898,-0.001739371238586207,-0.0017592125084274768,0.0034056593341265096,0.0033858180642852395,-0.00471754903820083,-0.0047373903080421,-0.005618749675595838,-0.005638590945437108,0.0010937163728421684
2025-05-20,0.00043831428039438044,0.0004184730105531106,-0.0050435661515716365,-0.005063407421412906,-0.002600023787900086,-0.002619865057741356,-0.0062728331121903284,-0.0064926743820315986,0.0008408198108276199,0.0008209785409863501,-0.0025606390479156584,-0.0025804803177569284,-0.001227972258777188,-0.0012478135286184578,-0.005221577986622224,-0.0052414192564634934,-0.0008407674148388832,-0.000860608684680153,-0.012009500272351037,-0.012029341542192307,-0.006303900619199498,-0.006323741889040768,0.0006695447477947369,0.0006497034779534671,0.0038602393349336465,0.0038403980650923764,-0.005131083030341821,-0.005400924300183091,-0.0033621581398221023
2025-05-21,0.0006273394651844962,0.0006074981953432263,0.0238297635071148,0.023559922237273528,0.0018400168971010166,0.0018201756272597468,0.011641133950205523,0.011496292680364253,0.001275859115309341,0.001256017845468071,0.013119223350156842,0.012682715413648906,0.0004016845237672425,0.0003818432539259727,0.02644124665497875,0.02642140538513748,0.004282952777053806,0.004263111507212537,0.04478107805961418,0.04476123678977291,0.011872580606267467,0.011852739336426197,0.0012658518280484754,0.0012460105582072056,-0.005568641857011437,-0.005588483126852706,-0.007012562260738788,-0.007143514641691169,-0.016850756334745642
2025-05-22,-0.0010740507785777286,-0.0010938920484189984,0.012332693241646394,0.01197951863847179,0.003960059008498873,0.003940217738657603,-0.00046222552178192553,-0.00048206679162319534,0.000303007965674751,0.00028316669583348117,0.011010584334231837,0.010657409731057233,-0.0009116356654361835,-0.0009314769352774533,0.005161163978437504,0.005141322708596234,0.009992212787482857,0.009972371517641587,0.013309668509304817,0.013289827239463547,0.003254181056361816,0.003234339786520546,0.003345856233910899,0.0033260149640696288,-0.0034268624015608706,-0.0034467036714021407,0.004266950665588289,0.004247109395747019,0.0003947301607376552
2025-05-23,0.007878924440348656,0.007859083170507385,0.00013359626484972954,0.0001137549950084597,-0.0053281709748942314,-0.005348012244735501,0.0018882754942215552,0.0014755770815231425,0.007625705066380984,0.007605863796539714,-0.0024064796034672193,-0.0024263208733084894,0.0028280319913852386,0.0028081907215439686,0.004026533920209241,0.004006692650367971,-0.0022318075099584944,-0.0022516487797997644,-0.007219999447675929,-0.007239840717517198,0.009418081924065924,0.009398240654224654,0.004622234377418785,0.004269059774244181,0.0014808207633186356,0.0014609794934773658,-0.012634562674115585,-0.013779403943956854,-0.006825881910519027
2025-05-27,0.0016240300689409314,0.0016041887990996615,-0.0025817693724291737,-0.0031016106422704437,0.007050294853696536,0.007030453583855266,-0.009322780146958105,-0.010509288083466042,0.0019010752888121048,0.001881234018970835,0.004267884472695585,0.004048043202854315,0.00025325533636133546,0.00023341406652006562,-0.006677720447014146,-0.007697561716855416,0.007505973303415405,0.007486132033574135,0.0,0.0,-0.0015384472100090536,-0.0015582884798503234,0.02060816000545168,0.02008831873561041,-0.0016174667762986795,-0.0016373080461399494,0.007415654251251583,0.007395812981410313,0.020790670330528727
2025-05-28,0.002074940027576056,0.002055098757734786,-0.004253362113825468,-0.004273203383666738,0.004261848888631913,0.004242007618790644,0.00365545565402986,0.00363561438418859,0.002416756049617186,0.002396914779775916,-0.0015222844388103202,-0.00154212570865159,0.0026791704663284947,0.0026593291964872247,-0.004950604224783439,-0.004970445494624709,0.00042188594128955703,0.0004020446714482872,0.0,0.0,-0.0011794792053664068,-0.0011993204752076766,-0.0008264720872501186,-0.0008463133570913884,0.002661475836040572,0.0026416345661993018,-0.004665760445981382,-0.004685601715822651,-0.005785333975273588
2025-05-29,-0.004363487189389148,-0.004383328459230417,0.001264660175691601,-0.0002551810941496689,-0.0010093207453213517,-0.0010291620151626215,0.0009219731126867805,0.0007021318428455106,-0.004234813865778597,-0.0042546551356198664,-0.0037463700539800415,-0.004932877990487978,0.003986082290637294,0.003966241020796024,0.018969512224486285,0.018949670954645014,-0.0035796750216882554,-0.0035995162915295254,0.0,0.0,0.0021179824282092645,0.0020981411583679945,0.009982176014201871,0.0099623347443606,-0.0038488637390698853,-0.0038687050089111553,0.004479624076277356,0.002859782806436086,0.003947320636030538
2025-05-30,0.0006720287997940225,0.0006521875299527527,0.029137777601332036,0.028784602998157435,-0.003037005517958502,-0.0030568467877997722,-0.0036153583938671,-0.004218532997041703,0.0010212185607635597,0.0010013772909222899,0.016411842892663397,0.016058668289488796,0.006700346452770123,0.006680505182928853,0.0072207202992798925,0.006200879029438623,-0.0028539539216124064,-0.0028737951914536764,0.0,0.0,0.0007837187201473195,0.0007638774503060497,-0.007099799734152756,-0.007119641003994026,0.005480106464460533,0.005460265194619263,0.011912499627915917,0.011392658358074648,-0.0011184442562377495
2025-06-02,0.007474959600803488,0.007455118330962219,-0.02040521214235898,-0.021091720078866918,0.0011867534980773862,0.0011669122282361164,0.005067788036021009,0.00404794676617974,0.006484551026137375,0.0064647097562961055,-0.013553001339669227,-0.014239509276177164,0.0035663623399644685,0.0035465210701231984,-0.009795505734402687,-0.010815347004243957,0.0035121576147511325,0.0034923163449098625,0.0,0.0,0.003713022963555402,0.003693181693714132,0.002512100190632749,0.001492258920791479,-0.005356911094045691,-0.005376752363886961,-0.011850110785697143,-0.012119952055538414,0.005633012815451588
2025-06-03,-0.007023652198393837,-0.009843493468235109,-0.017758958497518594,-0.017778799767359865,-0.0024084114542355815,-0.003428252724076851,0.005803056233485648,0.005783214963644379,-0.007023652198393837,-0.009843493468235107,-0.017758958497518594,-0.019778799767359863,-0.006024870099397738,-0.008444711369239008,-0.009967509490376725,-0.009987350760217995,-0.0004529994864815867,-0.003672840756322857,0.0,0.0,-0.009425551749359695,-0.012245393019200966,-0.004753669768206903,-0.0047735110380481725,0.0009283918035087654,-0.0028914494663325055,-0.010203516166017501,-0.01122335743585877,0.005702480290520562
2025-06-04,0.001729603251639089,0.0017097619817978192,0.000586077945600838,0.0005662366757595682,0.0015992490050705356,0.0015794077352292658,0.008897159678176975,0.008877318408335704,0.001729603251639089,0.0017097619817978192,0.000586077945600838,0.0005662366757595682,-0.0015800319487001891,-0.001599873218541459,-0.0061568046250778385,-0.006176645894919108,-0.00012686645572683735,-0.00014670772556810719,0.0,0.0,0.004871185627661501,0.004851344357820231,0.010196466911685409,0.010176625641844139,-0.0011423360443372334,-0.0011621773141785032,-0.0034515904124934327,-0.0034714316823347027,-0.00026834647256068767
2025-06-05,0.003610013843210347,0.003590172573369077,0.014983930706589321,0.01496408943674805,0.006109542263746981,0.006089700993905711,-0.0032404325260890765,-0.0032602737959303465,0.003610013843210347,0.003590172573369077,0.014983930706589321,0.01496408943674805,0.0026098285233687847,0.0025899872535275147,0.0,0.0,0.006517408237259548,0.006497566967418278,0.0,0.0,0.006601632108246524,0.006581790838405255,-0.010681781993557293,-0.010701623263398564,0.0035059427497098443,0.0034861014798685743,0.011579301476504988,0.010559460206663719,-0.004832886576524031
2025-06-06,0.006056957857632005,0.006037116587790736,-0.0025155450088186395,-0.0025353862786599095,-0.0034419991949025015,-0.0034618404647437716,-0.006023610509355237,-0.006043451779196507,0.006056957857632005,0.006037116587790736,-0.0025155450088186395,-0.0025353862786599095,0.00785917677211142,0.00783933550227015,0.0,0.0,0.01267766389136139,0.01265782262152012,0.0,0.0,0.009249805890508889,0.009229964620667618,-0.00782221002348038,-0.007842051293321651,0.003415474200561308,0.003395632930720038,-0.008958354970038163,-0.008978196239879433,0.010269002220969492
2025-06-09,0.006489957533551204,0.006470116263709935,0.0020061778783858064,0.0014863366085445366,0.002321259096629236,0.002301417826787966,0.006834579628177925,0.0064814050250033214,0.006489957533551204,0.006470116263709935,0.0020061778783858064,0.0014863366085445366,0.009224814813593453,0.009204973543752182,0.0,0.0,0.010159801904986021,0.010139960635144751,0.0,0.0,0.005461816265567032,0.005441974995725763,-0.00234866920784893,-0.0023685104776902,0.006529222193685735,0.006509380923844466,-0.008906567899142293,-0.008926409168983563,0.0009011883528189379
2025-06-10,-0.003018898037542705,-0.003038739307383975,0.0004655909174348105,0.0004457496475935407,-0.0006447118539447015,-0.0006645531237859713,0.004905102393686671,0.004885261123845401,-0.003018898037542705,-0.003038739307383975,0.0004655909174348105,0.0004457496475935407,0.0005523111821444712,0.0005324699123032013,0.0,0.0,0.01310138990109827,0.013081548631257,0.0,0.0,0.0010967297881664725,0.0010768885183252027,0.016902524974545696,0.016882683704704426,0.00438692708559436,0.004367085815753091,0.0034249960028300275,0.0034051547329887574,0.005669725968590722
2025-06-11,-0.0012161706021404208,-0.0012360118719816906,0.006245443781739857,0.006225602511898587,-0.006976699936654628,-0.006996541206495898,-0.004722328664405177,-0.004742169934246447,-0.0012161706021404208,-0.0012360118719816906,0.006245443781739857,0.006225602511898587,0.007432022384235159,0.00741218111439389,0.0,0.0,0.0096990041866991,0.009679162916857829,0.0,0.0,0.011717048383635497,0.011697207113794227,-0.01258396919765492,-0.012603810467496191,-0.0034339447991888145,-0.0034537860690300845,-0.008549833220498293,-0.008569674490339563,-0.0028519580667510924
2025-06-12,0.0032905872097449117,0.0032707459399036417,-0.0065967726350300016,-0.006616613904871271,-0.005872490261225105,-0.005892331531066375,0.0006010761979916013,0.0005812349281503315,0.0032905872097449117,0.0032707459399036417,-0.0065967726350300016,-0.006616613904871271,0.010532072242445133,0.010512230972603863,0.0,0.0,0.01087264721705976,0.01085280594721849,0.0,0.0,-0.0022380948199605902,-0.0022579360898018603,0.011615678413159247,0.011595837143317977,0.0009402310753180211,0.0009203898054767512,0.004956531327864833,0.004936690058023563,0.003974239154726611
2025-06-13,0.0037140338393196306,0.0036941925694783605,0.005501385576563433,0.005481544306722164,0.007294549186313937,0.007274707916472668,0.00414136516062108,0.00412152389077981,0.0037140338393196306,0.0036941925694783605,0.09353518961712504,0.09251534834728377,0.020701230653530467,0.020681389383689196,0.0,0.0,0.016675533295661127,0.016655692025819856,0.0,0.0,0.011095008529349892,0.011075167259508622,0.0028857696911827047,0.0028659284213414346,0.000981729993023239,0.0009618887231819691,-0.010901122517109785,-0.010920963786951055,-0.011179971791603127
2025-06-16,0.0014968468911681354,0.0014770056213268656,0.019033322470951464,0.018013481201110192,0.001114469187271894,0.0010946279174306242,0.026913531389906653,0.025393690120065385,0.0014968468911681354,0.0014770056213268656,-0.003367636108205896,-0.003887477378047166,-0.006678930811492923,-0.006698772081334192,0.0,0.0,0.001227338761748531,0.001207497491907261,0.0,0.0,-0.0012717953066150095,-0.0012916365764562793,0.0,0.0,-0.0033454459074597096,-0.0033652871773009797,-0.00788020891895519,-0.00940005018879646,0.009514064635483432
2025-06-17,-0.0038146967653872937,-0.0038345380352285637,-0.0420774527064634,-0.04209729397630467,0.0035718822659023715,0.0035520409960611015,-0.01554707404049016,-0.015566915310331431,-0.0038146967653872937,-0.0038345380352285637,-0.02528365181096165,-0.02530349308080292,0.0026597064621816987,0.0026398651923404287,0.0,0.0,-0.002046079430115866,-0.002065920699957136,0.0,0.0,-0.0022191288132829452,-0.0022389700831242153,0.0,0.0,-0.005082273617111487,-0.0051021148869527565,-0.026530378665973242,-0.026550219935814513,-0.008545080602244903
2025-06-18,0.003806011467932302,0.003786170198091032,-0.015401293265269123,-0.015421134535110393,0.0012137899367385629,0.001193948666897293,0.0026065327864973065,0.0025866915166560364,0.003806011467932302,0.003786170198091032,-0.002878036283615326,-0.002897877553456596,-0.002758199509594128,-0.002778040779435398,0.0,0.0,-0.0013484722657160608,-0.0013683135355573306,0.0,0.0,-0.0023871276293504938,-0.002406968899191764,0.0,0.0,-0.009564342897756118,-0.009584184167597388,-0.01800782605176643,-0.0180276673216077,-0.00015056814553315867
2025-06-20,-0.005442874816035115,-0.005462716085876384,-0.00012477982775005447,-0.00014462109759132431,-0.008424730431002236,-0.008444571700843506,-0.01261213988117793,-0.0136319811510192,-0.005442874816035115,-0.005462716085876384,-0.012158883963279576,-0.012178725233120847,-0.009413422567146423,-0.009433263836987693,0.0,0.0,-0.011899561961956217,-0.011919403231797488,0.0,0.0,-0.009244505321404806,-0.009264346591246076,0.0,0.0,-0.0025619367768024755,-0.0025817780466437456,0.008241720150451881,0.0072218788806106115,-0.002348489797368125
2025-06-23,0.0009982023941036864,0.0009783611242624166,-0.004960686125430991,-0.0049805273952722605,-0.0014071558064912447,-0.0014269970763325145,-0.019319162591317274,-0.019339003861158544,0.0009982023941036864,0.0009783611242624166,-0.004648447792872545,-0.004668289062713815,-0.002998318069238592,-0.003018159339079862,0.0,0.0,-0.00935813041674506,-0.00937797168658633,0.0,0.0,-0.0003910288925609972,-0.000410870162402267,0.0,0.0,-0.0059147578418075174,-0.005934599111648787,0.006265193560303528,0.006245352290462258,0.009877340797457723
2025-06-24,0.005895636093251088,0.005875794823409819,-0.005821494616394862,-0.005841335886236132,0.00963915833044323,0.00961931706060196,0.018404760024016142,0.018384918754174872,0.005895636093251088,0.005875794823409819,0.011133785766296256,0.011113944496454985,-0.0005766627206530098,-0.0005965039904942797,0.0,0.0,0.007017689200664234,0.0069978479308229645,0.0,0.0,0.0011671301541098973,0.0011472888842686275,0.0,0.0,-0.004753118328843486,-0.004772959598684756,-0.020031832837870578,-0.02005167410771185,0.011047302183246677
2025-06-25,-0.0032177848690530084,-0.0032376261388942784,-0.0003682069076432204,-0.0003880481774844902,0.004996790032631338,0.004976948762790068,0.04383382924733081,0.043813987977489546,-0.0032177848690530084,-0.0032376261388942784,-0.017749616599802676,-0.017769457869643946,0.0025121859485093935,0.0024923446786681235,0.0,0.0,0.0011249859690228847,0.001105144699181615,0.0,0.0,0.008760204297235497,0.008740363027394227,0.0,0.0,-0.0014058009300690233,-0.0014256421999102931,-0.02971349537507817,-0.02973333664491944,0.0005603485498484329
2025-06-26,0.001704407222785231,0.0016845659529439612,-0.007169554278137813,-0.007189395547979083,0.008457047615607883,0.008437206345766612,0.0026258955440789933,0.0026060542742377233,0.001704407222785231,0.0016845659529439612,0.0011677675801565757,0.0011479263103153059,0.00895051208203309,0.008930670812191819,0.0,0.0,0.0161366469313888,0.01611680566154753,0.0,0.0,0.013679654621833858,0.013659813351992588,0.0,0.0,0.0038307163616787764,0.0038108750918375064,-0.011310002733569746,-0.011329844003411017,0.007823673022863797
2025-06-27,-0.009967664658226672,-0.009987505928067943,-0.007653786220103376,-0.007673627489944645,0.008901801615215865,0.008881960345374595,0.007679367153600514,0.007659525883759244,-0.009967664658226672,-0.009987505928067943,-0.014858219609629353,-0.014878060879470623,-0.02545588921364411,-0.025475730483485382,0.0,0.0,-0.010471775005947249,-0.01049161627578852,0.0,0.0,-0.021682727098216403,-0.021702568368057673,0.0,0.0,-0.014923573835296577,-0.014943415105137848,-0.01532462639587151,-0.01534446766571278,0.0049684261271674135
2025-06-30,0.007528694654071199,0.007508853384229929,-0.0021509602271096995,-0.003170801496950969,-0.003463610033837583,-0.003483451303678853,-0.0021509602271096995,-0.003170801496950969,0.007528694654071199,0.007508853384229929,0.016441663560280095,0.015421822290438826,0.0037181691865894816,0.0036983279167482116,0.01866222187732569,0.01764238060748442,-0.0034044284540502455,-0.0034242697238915155,0.0,0.0,0.0010134230474504679,0.000993581777609198,0.01866222187732569,0.01764238060748442,-0.000328356942096375,-0.0003481982119376448,-0.010360974382854382,-0.010880815652695651,0.004781180241128613
2025-07-01,-0.0012310897323981936,-0.0012509310022394634,0.01381617566709159,0.01379633439725032,-0.008855279247216529,-0.0088751205170578,0.01381617566709159,0.01379633439725032,-0.0012310897323981936,-0.0012509310022394634,0.00782460229570725,0.007804761025865981,-0.006257392136095609,-0.006277233405936879,-0.033685166769968244,-0.03370500803980951,0.0024710231981056926,0.0024511819282644226,0.0,0.0,-0.0034908540409693614,-0.0035106953108106314,-0.033685166769968244,-0.03370500803980951,0.0130104082395606,0.01299056696971933,0.023750671218529917,0.023730829948688647,-0.00032361685086557124
2025-07-02,0.0031398687135694263,0.0031200274437281563,-0.039294856848795634,-0.0393146981186369,0.008277547510110705,0.008257706240269435,-0.039294856848795634,-0.0393146981186369,0.0031398687135694263,0.0031200274437281563,0.003250335568384277,0.003230494298543007,0.021139991095835496,0.021120149825994226,-0.03606039055189192,-0.036080231821733186,0.023985658216076077,0.023965816946234807,0.0,0.0,0.010794906861439923,0.010775065591598652,-0.03606039055189192,-0.036080231821733186,-0.007203536888289131,-0.0072233781581304,-0.0016172331484518576,-0.0016370744182931274,0.004533304513562708
2025-07-03,0.0026815963257348363,0.0026617550558935663,-0.005661975112059459,-0.005681816381900728,0.0007701218036967883,0.0007502805338555185,-0.005661975112059459,-0.005681816381900728,0.0026815963257348363,0.0026617550558935663,0.00918621168915379,0.009166370419312519,0.0007776970354182234,0.0007578557655769536,0.007881428001803137,0.007861586731961866,0.0037397970009097393,0.0037199557310684693,0.0,0.0,0.0021119602880117602,0.00209211901817049,0.007881428001803137,0.007861586731961866,-0.002406004924524874,-0.002425846194366144,-0.006771701556931298,-0.006791542826772567,0.007881428001803137
2025-07-07,-0.008163241732259408,-0.008183083002100678,0.0011776101103545544,0.0011577688405132846,0.0016211055636798696,0.0016012642938385997,0.0011776101103545544,0.0011577688405132846,-0.008163241732259408,-0.008183083002100678,-0.0063458537699474515,-0.006365695039788721,-0.006196453739208985,-0.006216295009050255,-0.009284925393560628,-0.009304766663401898,-0.007829014664879185,-0.007848855934720456,0.0,0.0,0.0008284061186849987,0.0008085648488437289,-0.009284925393560628,-0.009304766663401898,-0.005445912422173306,-0.005465753692014575,0.005231267751957591,0.005211426482116322,-0.007452174182304261
2025-07-08,0.00306660078817419,0.00304675951833292,0.0026820892141878883,0.0016622479443466184,-0.0027490026426108647,-0.0027688439124521347,0.01463499089705489,0.014615149627213619,0.00306660078817419,0.00304675951833292,0.0004605748230165352,-0.0005592664468247347,0.000784642081402975,0.0007648008115617051,0.033556758086581207,0.03353691681673994,0.005786280842129277,0.005766439572288008,0.0,0.0,-0.006794609414402663,-0.006814450684243933,0.033556758086581207,0.03353691681673994,0.012267779221889596,0.012247937952048326,-0.009460883594763159,-0.009480724864604429,-0.0005475007482909078
2025-07-09,-0.0008816077972202963,-0.0009014490670615661,-0.027658156400527045,-0.027677997670368316,-0.0018193797318417637,-0.0018392210016830335,-0.029175704067953112,-0.029195545337794383,-0.0008816077972202963,-0.0009014490670615661,-0.01327544379717821,-0.01329528506701948,0.001241103008373956,0.0012212617385326861,0.010866545149223361,0.01084670387938209,0.0002673538532345643,0.0002475125833932945,0.0,0.0,0.004788070903558461,0.004768229633717191,0.010866545149223361,0.01084670387938209,-0.004453534047960439,-0.0044733753178017085,-0.020021124608588237,-0.020040965878429507,0.0059965873404492775
2025-07-10,-0.001066836399642757,-0.001086677669484027,-0.028200284768831962,-0.028220126038673233,0.0015196177164372715,0.0014997764465960017,-0.008042817138879221,-0.008062658408720492,-0.001066836399642757,-0.001086677669484027,-0.0262476863027975,-0.026267527572638772,0.001988884663611857,0.001969043393770587,-0.011589653702291702,-0.011609494972132973,0.007901161109797149,0.007881319839955879,0.0,0.0,-0.0004978893429315456,-0.0005177306127728154,-0.011589653702291702,-0.011609494972132973,0.002396009569096369,0.002376168299255099,0.0017734182817062405,0.0017535770118649707,0.002820223048327186
2025-07-11,0.002150782122679429,0.002130940852838159,-0.008676753672057225,-0.008696594941898495,0.007390455378851091,0.007370614109009821,-0.018238386778621885,-0.018258228048463155,0.002150782122679429,0.002130940852838159,-0.007246707978361355,-0.007266549248202625,0.005403269544001654,0.0053834282741603845,0.023153202234080017,0.023133360964238747,0.0017500418208096667,0.0017302005509683969,0.0,0.0,0.004453126449015698,0.004433285179174428,0.023153202234080017,0.023133360964238747,0.0005347215701069549,0.000514880300265685,-0.02069579450635095,-0.02071563577619222,-0.003515339984414667
2025-07-14,-0.0015139549185616663,-0.001533796188402936,0.01485023850640943,0.01483039723656816,0.0036724134744513083,0.0036525722046100383,0.008109684566905306,0.008089843297064036,-0.0015139549185616663,-0.001533796188402936,0.007065524238342447,0.007045682968501177,-0.0048229134247385844,-0.004842754694579854,0.007140022341354912,0.007120181071513643,-0.008779029823723894,-0.008798871093565164,0.0,0.0,-0.0004909798841688071,-0.0005108211540100769,0.007140022341354912,0.007120181071513643,-0.005484121228432603,-0.005503962498273873,0.00048483111277519697,0.00046498984293392716,0.0019081606779420834
2025-07-15,0.0009292034988244826,0.0009093622289832127,0.010723103943348078,0.010703262673506807,0.006673309560517626,0.006653468290676356,-0.003383550108809197,-0.003403391378650467,0.0009292034988244826,0.0009093622289832127,0.010723103943348078,0.009703262673506808,-0.0008612775194130288,-0.0008811187892542986,-0.0006746444524410311,-0.0006944857222823009,0.003221898852353154,0.003202057582511884,0.0,0.0,-0.0004974960454220204,-0.0005173373152632902,-0.0006746444524410311,-0.0006944857222823009,5.479478146417499e-05,3.495351162290515e-05,-0.0013544528281840829,-0.0013742940980253527,-0.004273327826197049
2025-07-16,-0.002971581100707732,-0.002991422370549002,-0.019136388153040418,-0.01915622942288169,-0.003474360227092921,-0.003494201496934191,0.0,0.0,-0.002971581100707732,-0.002991422370549002,-0.019136388153040418,-0.01915622942288169,0.005563195582575853,0.005543354312734583,0.001815392400499105,0.0017955511306578353,0.003671725524468472,0.003651884254627202,0.0,0.0,0.005552844430270787,0.005533003160429518,0.001815392400499105,0.0017955511306578353,-0.004100107204317227,-0.004119948474158496,0.004077966941969047,0.003058125672127777,0.0033433222651619854
2025-07-17,-0.004436813713232013,-0.0044566549830732825,-0.030636806411915962,-0.03215664768175723,-0.010921925266564981,-0.010941766536406251,-0.019123044469470885,-0.020142885739312156,-0.004436813713232013,-0.0044566549830732825,-0.006759836914771833,-0.008279678184613103,-0.011252713541723068,-0.011272554811564339,-0.04615280389617138,-0.04717264516601265,-0.00816316359242424,-0.00818300486226551,-0.04006692503062159,-0.04108676630046286,-0.009515919535876572,-0.009535760805717842,-0.0060858788655497875,-0.006105720135391057,-0.004274228296802007,-0.004294069566643277,-0.00428669269174331,-0.004639867294917914,0.006119571230611909
2025-07-18,0.004804570096376559,0.004784728826535289,0.0066699680472885325,0.006650126777447263,-0.0058240031949347675,-0.005843844464776037,0.016522323072495515,0.015502481802654245,0.004804570096376559,0.004784728826535289,0.005454921776897085,0.005435080507055815,0.004277964263466871,0.0042581229936256015,0.010276882484367311,0.01025704121452604,0.003350843730584796,0.003331002460743526,0.004020779861661827,0.004000938591820558,0.005664919156765258,0.005645077886923988,0.006256102622705484,0.006236261352864214,0.008911421937068143,0.008891580667226872,0.0034347183960013647,0.0034148771261600947,-0.0007322815495487411
2025-07-21,0.008938515365399935,0.008918674095558665,0.02462783014973169,0.024107988879890418,0.01135105556259236,0.01133121429275109,0.014323331132541051,0.01370348986269978,0.008938515365399935,0.008918674095558665,0.01569449533951231,0.01542465406967104,0.002054322019566723,0.002034480749725453,-0.006395034665163557,-0.006914875935004827,-0.00011173503611864319,-0.00013157630595991303,0.013096911235382258,0.012577069965540989,0.0009045372563489026,0.0008846959865076328,-0.019491945900545815,-0.019511787170387086,0.0032060368366810146,0.0031861955668397446,0.001590479991761917,0.0011706387219206473,0.0018962187902900052
2025-07-22,0.009468298281489684,0.009448457011648414,-0.028318310320343487,-0.028338151590184758,-0.010555616980266025,-0.010575458250107295,-0.03017575011825213,-0.030195591388093402,0.009468298281489684,0.009448457011648414,-0.02149494236932654,-0.02171478363916781,0.004981696665912317,0.004961855396071048,-0.029853684048643414,-0.029873525318484685,0.0077283140529375025,0.007708472783096233,-0.011488035104681993,-0.011507876374523263,0.005118628429325545,0.005098787159484275,-0.01836564894396142,-0.01838549021380269,0.006514426490282665,0.006494585220441396,0.0009749987782643021,0.0009551575084230323,0.00014305905318323653
2025-07-23,0.0006627233366141684,0.0006428820667728986,-0.011413385319137381,-0.012033226588978652,-0.004366551664643614,-0.004386392934484884,0.0049898251243824295,0.00421998385454116,0.0006627233366141684,0.0006428820667728986,-0.0028599150546267053,-0.003479756324467975,-0.00029394892664218446,-0.0003137901964834543,-0.019918164223671098,-0.019938005493512368,-0.001084649046750574,-0.0011044903165918437,-0.010386081038255113,-0.010405922308096383,-0.006948284577962994,-0.006968125847804264,-0.0047321237508759495,-0.0052519650207172195,-0.002467280469000955,-0.002487121738842225,0.003928097318694545,0.003908256048853275,0.008507352960706926
2025-07-24,-0.0030871572055384154,-0.0031069984753796854,0.0007927994767765289,0.0007729582069352591,0.0023328662972891376,0.0023130250274478676,0.004368064669326199,0.0043482233994849295,-0.0030871572055384154,-0.0031069984753796854,0.00022764217380752592,4.113423729958942e-05,0.012849580077708934,0.012829738807867664,0.017747290848252217,0.017727449578410947,0.0023197308806738315,0.0022998896108325615,8.7022759233224e-05,6.718148939195416e-05,0.0027005364709832167,0.0026806952011419467,0.012976120538835123,0.012956279268993853,-0.012268010308167265,-0.012287851578008536,-0.004098491546063546,-0.004284999482571482,0.0003312664298054102
2025-07-25,0.0008265364376449868,0.000806695167803717,0.004113019210890967,0.004093177941049697,0.0052943305125936705,0.005274489242752401,0.00848763616646733,0.008182080610911774,0.0008265364376449868,0.000806695167803717,0.006499581996087306,0.006146407392912703,0.008685037400373241,0.00866519613053197,-0.008786981133181937,-0.008806822403023207,0.001213151681837632,0.001193310411996362,-0.0017410025771408821,-0.001760843846982152,0.0075865078126878035,0.007566666542846534,-0.001249220311498711,-0.0012690615813399809,-0.0006724745098476651,-0.0006923157796889349,0.0041190888951910965,0.0039563904824926836,0.004224198566099124
2025-07-28,-0.00986157723833898,-0.00988141850818025,-0.008637584803238377,-0.008824092739746313,0.0036564187519090405,0.0036365774820677705,0.00885936663764435,0.008839525367803079,-0.00986157723833898,-0.00988141850818025,0.002968553742981224,0.0027820458064732874,-0.007811741778505709,-0.007831583048346979,-0.035853075994932204,-0.03637291726477347,0.00012309838604034323,0.00010325711619907338,-0.016614805311993774,-0.016634646581835045,-0.004997292023583888,-0.0050171332934251574,-0.01392893084153557,-0.01394877211137684,-0.003248288496387153,-0.003268129766228423,0.003386571245929274,0.003366729976088004,-0.0002511098453120697
2025-07-29,0.008541708952299231,0.00852186768245796,0.004454755604064238,0.004434914334222969,-0.003327382954969138,-0.003347224224810408,-0.008497956730368988,-0.008517798000210259,0.008541708952299231,0.00852186768245796,-0.0015986032887459851,-0.001618444558587255,0.004855043868871178,0.004835202599029908,0.022697564179163465,0.021677722909322194,-0.000663467907500581,-0.0006833091773418508,0.012278959280558999,0.012259118010717728,-0.002700955733324872,-0.002720797003166142,-0.005047182301860076,-0.0060670235717013455,-0.004701607234421767,-0.004721448504263036,-0.000849964078113219,-0.0010364720146211555,-0.0026375098876267877
2025-07-30,0.006398089263347673,0.006378247993506403,0.003267106810769263,0.00266393220759466,-0.002413050465762446,-0.002432891735603716,0.0035903369036635402,0.00357049563382227,0.006398089263347673,0.006378247993506403,0.010712658585524457,0.010260999133865006,-0.005510075305159101,-0.00552991657500037,0.014632197980462391,0.014112356710621122,-0.008409054372094304,-0.008428895641935575,0.0022681372132098976,0.0022482959433686276,-0.0027903309887573387,-0.0028101722585986088,0.013549076473157173,0.013529235203315903,-0.0009788143316289966,-0.0009986556014702664,-0.0021131377560328624,-0.002382979025874132,-0.001259380470896465
2025-07-31,-0.0015860560222354379,-0.0016058972920767077,-0.0050448127707825065,-0.005064654040623776,-0.0061272283051806205,-0.00614706957502189,0.0010894823248312376,0.0008696410549899676,-0.0015860560222354379,-0.0016058972920767077,-0.002750746895192231,-0.0027705881650335012,0.009557764605236729,0.009537923335395458,0.008688740538967583,0.00833556593579298,-9.3001358791589e-05,-0.00011284262863285884,-0.014600753045977077,-0.014620594315818348,0.013761077586030533,0.013741236316189263,0.017310314158714202,0.01679047288887293,0.005682738855450998,0.005662897585609728,-0.014965140469414051,-0.014984981739255322,-0.003751313061954642
2025-08-01,-0.015283141537449283,-0.015302982807290554,-0.014389918277747677,-0.014520870658700058,-0.00870723675271694,-0.00872707802255821,-0.01838663637278134,-0.018573144309289275,-0.015283141537449283,-0.015302982807290554,-0.023574770444653427,-0.023789056158939142,-0.0038952155384214485,-0.003915056808262718,0.007347904584814841,0.007328063314973572,-0.010798995192279282,-0.010818836462120552,0.007289079308624935,0.007269238038783665,2.689559503971095e-05,7.05432519844111e-06,-0.022426602588221767,-0.022446443858063037,-0.01302956842642037,-0.01304940969626164,0.003993954222839869,0.0037741129529985993,-0.016390403691366795
2025-08-04,-0.0012328575186198905,-0.0012526987884611603,-0.007381598415025621,-0.007651439684866891,-0.0013869241259497067,-0.0014067653957909765,-0.004522831215633618,-0.004667672485474888,-0.0012328575186198905,-0.0012526987884611603,-0.0041538863125784,-0.00437372758241967,0.004739864367786773,0.0047200230979455035,-0.008613605508020372,-0.008966780111194976,0.007208786853995952,0.0071889455841546825,-0.009084447857927058,-0.009437622461101662,0.011264093627870241,0.01124425235802897,-0.008073364744606182,-0.008093206014447452,-0.004230434914777471,-0.00425027618461874,-0.0074191866802207,-0.00752993704097106,0.015199896036428573
2025-08-05,0.01154623484931353,0.01152639357947226,-0.0064182650954528325,-0.006563106365294102,-0.0021472453105037762,-0.0021670865803450463,-0.0002617292026864393,-0.0002815704725277091,0.01154623484931353,0.01152639357947226,-0.003411493523800414,-0.0035563347936416836,0.004969492528099672,0.004949651258258403,-0.014289635592704242,-0.014309476862545512,0.008147153649519834,0.008127312379678564,0.0035817473525208516,0.0035619060826795816,-0.0005458524250055996,-0.0005656936948468694,-0.01350356441973577,-0.01352340568957704,0.015705180273958085,0.015685339004116814,0.00650300246073001,0.00648316119088874,-0.005069969618996528
2025-08-06,0.0018003500065503996,0.0017805087367091298,0.018082218038580414,0.018062376768739143,0.006064223157741021,0.006044381887899752,0.005483671751617995,0.0054638304817767255,0.0018003500065503996,0.0017805087367091298,0.0019437961698455155,0.0018063078411807163,-0.014726764046532038,-0.014746605316373309,0.022252534715450984,0.021982693445609713,-0.019797367426430346,-0.019817208696271616,0.01411873941664384,0.014098898146802569,-0.015697671203889263,-0.015717512473730533,0.016298256798601363,0.016278415528760092,-0.0008625257664463103,-0.0008823670362875801,-0.007904135472270334,-0.007923976742111604,0.007659667282124971
2025-08-07,0.0017176388363448368,0.001697797566503567,0.01326144612246552,0.01324160485262425,-0.0032624305572766747,-0.0032822718271179447,-0.0071571349610169725,-0.007288087341969353,0.0017176388363448368,0.001697797566503567,0.005992441093339827,0.005972599823498557,-0.011004920713023069,-0.01102476198286434,0.02019958634098671,0.02017974507114544,-0.010916035267892053,-0.010935876537733324,0.013735579126704348,0.013715737856863077,-0.004830986141004457,-0.004850827410845727,-0.011102940013685891,-0.011122781283527162,-0.0007397398994973713,-0.0007595811693386411,0.0009128952501831413,0.0008930539803418715,-0.0008376633299287395
2025-08-08,0.0073929095307452624,0.007373068260903993,0.006660433125020529,0.006440591855179259,0.0014944574377859232,0.0014746161679446534,0.002443942328052332,0.0022812439153539195,0.0073929095307452624,0.007373068260903993,0.005712501981396009,0.005637105155999183,0.005864989984881764,0.005845148715040494,0.004873828464405872,0.004603987194564602,0.005855603648576535,0.005835762378735266,0.013239354213573879,0.013219512943732609,0.0069348154143876635,0.006914974144546394,-0.001431459408878788,-0.0014513006787200578,0.0010404763937352903,0.0010206351238940205,-0.002252397162447935,-0.002426084586135359,0.007797543710129862
2025-08-11,-0.0009435548821980167,-0.0009633961520392865,-0.003292019734960122,-0.003311861004801392,-0.0032295424444173768,-0.003249383714258647,-0.00573250622871544,-0.0057523474985567095,-0.0009435548821980167,-0.0009633961520392865,-0.005277324354129411,-0.00529716562397068,-0.0008918225137553026,-0.0009116637835965725,-0.006014064597064911,-0.0060339058669061805,0.0019390516414382274,0.0019192103715969576,-0.0040133915301610035,-0.004033232800002273,0.0009653001296357711,0.0009454588597945013,-0.003350781481408771,-0.003370622751250041,-0.005615452556439238,-0.005635293826280508,0.0023096471554975295,0.0022898058856562595,-0.001977460235009665
2025-08-12,-0.0003862937439994109,-0.00040613501384068073,-0.006280349703643828,-0.006300190973485098,-0.0026753769009519087,-0.0026952181707931787,-0.00270544638514009,-0.0027252876549813602,-0.0003862937439994109,-0.00040613501384068073,-0.0046589835595246725,-0.004678824829365942,-0.006874695174577606,-0.0068945364444188756,-0.013656016121422254,-0.013675857391263525,0.0032430728468295315,0.0032232315769882614,-0.00277690926669257,-0.00279675053653384,-0.0016273229833030922,-0.001647164253144362,-0.0031874472390002184,-0.0032072885088414885,-0.0008385454899893395,-0.0008583867598306093,0.0006978338810294405,0.0006779926111881707,0.010645956381075239
2025-08-13,-0.0002517599450626573,-0.0002716012149039271,-0.0024908700064627063,-0.0025107112763039763,-0.006175519502605574,-0.006195360772446844,-0.003075920316759762,-0.003095761586601032,-0.0002517599450626573,-0.0002716012149039271,-0.002152476443033135,-0.002172317712874405,-0.01193563331119307,-0.011955474581034341,0.0032956971741139873,0.0032758559042727173,-0.0032899639432863673,-0.0033098052131276374,0.0006378341246577879,0.0006179928548165181,-0.008899453852522287,-0.008919295122363557,-0.0159105303569258,-0.01593037162676707,0.018337657351606893,0.018317816081765623,0.00678398680175211,0.006680812198577506,0.0034231622233515946
2025-08-14,0.003277646309937776,0.003257805040096506,0.00548679713681289,0.0050740987241144776,0.01260882881201083,0.01258898754216956,0.01464578724849638,0.014340231692940825,0.003277646309937776,0.003257805040096506,-0.0027141205654026145,-0.003076818978101027,0.00034145254425908,0.00032161127441781017,0.003436270810909442,0.003083096207734839,0.005811374825202687,0.005791533555361417,0.00957147913108286,0.009051637861241591,0.005426959662948938,0.005407118393107669,0.010458525549310094,0.010438684279468823,-0.003471225795215205,-0.003491067065056475,0.004968921139492998,0.004858170778742637,9.314861703568766e-05
2025-08-15,-0.0043885413307400475,-0.004408382600581317,-0.0016837520420676221,-0.001703593311908892,0.0005976466533670014,0.0005778053835257316,-0.0005368179115391289,-0.0008423734670946844,-0.0043885413307400475,-0.004408382600581317,0.003856001675313237,0.003836160405471967,0.0002788303686993231,0.0002589890988580533,0.01197508271290961,0.011955241443068339,0.008370098643338885,0.008350257373497615,0.0031942559036735596,0.0031744146338322896,-0.001594357952996184,-0.0016141992228374538,-0.002257206935289746,-0.0026103815384643492,0.0011075471968191699,0.0010877059269779,0.01994327332494036,0.01992343205509909,-0.0023413520331988513
2025-08-18,-0.002877956591418429,-0.002897797861259699,0.013741521112811624,0.01338834650963702,-1.6044770789769292e-05,-3.588604063103913e-05,-0.0002529417822217701,-0.0010227830520630398,-0.002877956591418429,-0.002897797861259699,0.013611786470436791,0.01352051662916695,-5.188461564405991e-05,-7.172588548532975e-05,-0.005146614753658629,-0.005666456023499899,0.00026950053271380665,0.00024965926287253684,-0.002805009198668218,-0.0038248504685094876,0.0015313322718941147,0.0015114910020528449,-0.003867200352680992,-0.003887041622522262,-0.00669345702914247,-0.006713298298983739,0.0013077134689404918,0.0010656499768769998,-0.00021748402328902738
2025-08-19,0.002741532367016841,0.002721691097175571,-0.008790192009119267,-0.008810033278960537,-0.0033387794059644093,-0.0033586206758056793,-0.0005952766196981754,-0.0006151178895394452,0.002741532367016841,0.002721691097175571,-0.013814023548014042,-0.01391078789477839,-0.010945308083002914,-0.010965149352844185,-0.016496322316696066,-0.016516163586537336,-0.011505862891045172,-0.011525704160886443,0.003995971387789621,0.003976130117948351,-0.015442433873789796,-0.015462275143631066,-0.006913236445414935,-0.006933077715256204,0.010960856910616422,0.010941015640775152,0.008316001097227509,0.008296159827386239,-0.00542520451503492
2025-08-20,-0.008305137139689311,-0.008324978409530582,0.012895654112744495,0.012125812842903226,0.00036144632374828233,0.00034160505390701246,0.00011023976236890784,-0.000709601507472362,-0.008305137139689311,-0.008324978409530582,0.013175910829974444,0.012406069560133175,0.012111541803615587,0.012091700533774317,0.008649873323871154,0.008630032054029884,-0.00149393282204896,-0.0015137740918902299,-0.017077594999723722,-0.017097436269564992,0.006835025855020804,0.006815184585179534,0.0018004283462100812,0.0012805870763688114,-0.01097807075570626,-0.01099791202554753,0.005849772541555732,0.0058299312717144626,-0.0026570069796351126
2025-08-21,0.0005457065537654905,0.0005258652839242206,-0.0023582575340573104,-0.0023780988038985804,0.0034314697689610263,0.0034116284991197563,0.005194973365938732,0.005175132096097462,0.0005457065537654905,0.0005258652839242206,0.0004082146142414904,0.00030504001106688723,0.0030321061390882866,0.0030122648692470166,0.00655435614275518,0.00653451487291391,0.0067133930562982445,0.006693551786456975,-0.00089945677664649,-0.0009192980464877599,0.005014580583973105,0.004994739314131836,0.007342851759018665,0.007323010489177395,0.0047623447592957556,0.004742503489454486,0.006139163930828279,0.005994322660987009,-0.004011882563847102
2025-08-22,0.006114964692721679,0.0060951234228804095,-0.020459923716178125,-0.020479764986019396,0.009479602823985224,0.009459761554143954,0.0004975705054002244,-0.0005222707644410454,0.006114964692721679,0.0060951234228804095,-0.01748318486289462,-0.01790302613273589,-0.0010565382117597513,-0.0010763794816010211,-0.01619543750757388,-0.01621527877741515,0.010098491894100815,0.010078650624259545,-0.00264005424001712,-0.00265989550985839,-0.0007102763719804214,-0.0007301176418216912,0.006892030390838633,0.006872189120997363,0.00838429656888955,0.008364455299048279,-0.008460136014875205,-0.008729977284716476,0.015356808979611891
2025-08-25,-0.004303699316728082,-0.004323540586569352,-0.004117006585719934,-0.004470181188894537,0.011207088184685389,0.011187246914844119,0.006271268627389748,0.006251427357548478,-0.004303699316728082,-0.004323540586569352,-0.0004676387477950041,-0.0008208133509696073,0.0005975249937555044,0.0005776837239142346,0.004761450304223425,0.004408275701048821,-0.0018602757339509887,-0.0018801170037922586,0.0017667939287716594,0.0017469526589303896,-0.0043902385759840064,-0.004410079845825276,0.018293847359647675,0.018274006089806404,-0.006742551718586077,-0.006762392988427347,-0.0026952993364668665,-0.0027151406063081365,-0.004401019577044973
2025-08-26,0.0009759977833031841,0.0009561565134619143,0.02897266889275548,0.02895282762291421,0.0016251350811287814,0.0016052938112875116,0.0028851581211481237,0.0028653168513068537,0.0009759977833031841,0.0009561565134619143,0.010838237969261748,0.010818396699420477,0.009703252097053992,0.009683410827212722,0.03199980858332555,0.031979967313484285,0.00717215422772588,0.00715231295788461,0.005277768498119562,0.005257927228278292,0.012226216924776424,0.012206375654935153,-0.0004476765894818602,-0.00046751785932313,-0.0028963924523856877,-0.0029162337222269578,-0.0006375072640797397,-0.0006573485339210095,0.004186869919697411
2025-08-27,0.004968019764799758,0.004948178494958488,0.010220668858564208,0.007700827588722938,-0.004892986360748108,-0.004912827630589377,-0.010043172994539763,-0.010063014264381033,0.004968019764799758,0.004948178494958488,0.01324271902471702,0.010972877754875751,0.0018660710977368878,0.001846229827895618,-0.006270276482367887,-0.006790117752209157,0.0011263449390068736,0.0011065036691656038,0.0028673031076114075,0.0028474618377701375,-0.004699829018978152,-0.004719670288819422,-0.009119697850732411,-0.009139539120573682,0.0022494458359947123,0.0022296045661534423,0.00201582482259723,0.001662650219422627,0.0022786450217604504
2025-08-28,0.004062080837193328,0.004042239567352058,-0.002005435246575038,-0.002025276516416308,0.004676758231222411,0.004656916961381141,0.005160366091951446,0.004890524822110176,0.004062080837193328,0.004042239567352058,-0.005139274149983469,-0.005159115419824739,0.0023928149442421606,0.0023729736744008906,-0.0021918296087968248,-0.0032116708786380944,0.004304668904240527,0.004284827634399258,0.00543956346306973,0.00541972219322846,0.0013497341553097674,0.0013298928854684976,0.006867168952782277,0.005847327682941007,0.00027204340397608546,0.00025220213413481565,-0.0013259257179319048,-0.0013457669877731746,0.0035412203347215954
2025-08-29,-0.003298753621417361,-0.003318594891258631,0.03276706763082443,0.030747226360983163,0.001221267969325579,0.0012014266994843092,-0.005937242655179882,-0.006623750591687819,-0.003298753621417361,-0.003318594891258631,0.0350528361661777,0.032890137753479286,-0.003211979055063019,-0.003231820324904289,0.03438896600829233,0.033869124738451065,-0.006915021251366005,-0.006934862521207274,0.004157578923485783,0.004137737653644513,0.0027816630992321344,0.0027618218293908644,0.020082309911023444,0.020062468641182173,0.0007908951802472086,0.0007710539104059387,0.011832010865956977,0.011312169596115708,-0.005963576555748085
2025-09-02,-0.001936066566348038,-0.001955907836189308,0.023082739682990017,0.022062898413148745,-0.004471973552690389,-0.0044918148225316585,-0.001756111745588577,-0.002275953015429847,-0.001936066566348038,-0.001955907836189308,0.02365010726416225,0.02288026599432098,0.0030016798497585766,0.0029818385799173066,0.016890446650257074,0.015870605380415802,0.0010852549624193243,0.0010654136925780544,0.0,0.0,0.006531997346449192,0.006512156076607922,-0.0035242705387703577,-0.0035441118086116277,-0.005953660388993031,-0.0059735016588343005,0.011655584678283353,0.01130241007510875,-0.007410335051375783
2025-09-03,0.010461450254615822,0.008241608984774551,0.004527719920108808,0.0045078786502675385,0.017531184521326106,0.016711343251484836,0.019070669703282157,0.019050828433440886,0.010461450254615822,0.008241608984774551,0.003195499237671401,0.003175657967830131,0.015743430927773507,0.013123589657932236,0.00517696320732719,0.00515712193748592,0.013069604781778488,0.010049763511937218,0.0,0.0,0.010781732971781421,0.008161891701940151,0.020646675163695782,0.020626833893854512,0.0019053806789376736,-0.001314460590903598,-0.013420312858424191,-0.013440154128265462,0.005419476820332614
2025-09-04,0.0035599886510269347,0.0035401473811856646,0.0007896105271898435,0.0007697692573485737,0.00845465523119161,0.008434813961350339,-0.008931559542578701,-0.008951400812419972,0.0035599886510269347,0.0035401473811856646,0.004839095374094993,0.003819254104253723,-0.004455069671614997,-0.004474910941456267,0.0007896105271898435,-0.00023023074265142635,0.0007554980871341318,0.000735656817292862,0.0,0.0,0.00044089217691392103,0.0004210509070726512,-0.0031010137052860376,-0.0031208549751273076,-0.0018262598596171745,-0.0018461011294584443,0.002876384430369564,0.002856543160528294,0.008357605492113285
2025-09-05,-0.006746634287672382,-0.006766475557513652,0.00589710722122283,0.005877265951381561,-0.004444406205286943,-0.004464247475128213,-0.021942110246500317,-0.02296195151634159,-0.006746634287672382,-0.006766475557513652,0.014382971400848377,0.014363130131007106,0.010504079472738247,0.010484238202896977,0.00589710722122283,0.005877265951381561,0.007227646555663969,0.007207805285822699,0.0,0.0,-0.0027974979700895906,-0.0028173392399308606,0.000557068797286453,0.0005372275274451832,-0.007700483604854947,-0.007720324874696216,-0.015350277588208765,-0.015370118858050036,-0.002896333007960439
2025-09-08,0.008290548464171366,0.008270707194330096,-0.005267096103684699,-0.005286937373525968,0.0071161267855784135,0.007096285515737144,-0.0021739480036693237,-0.0026937892735105938,0.008290548464171366,0.008270707194330096,0.009886402735566513,0.008866561465725243,0.005783037054749762,0.005763195784908492,-0.005267096103684699,-0.005286937373525968,-0.0006223269559684106,-0.0006421682258096805,0.0,0.0,0.0039740941867433596,0.00395425291690209,-0.01497569034048385,-0.01499553161032512,0.00567719578650785,0.00565735451666658,0.015153498839251212,0.013133657569409941,0.002456656294075321
2025-09-09,0.00015133417674216825,0.0001314929069008984,-0.012244625828434996,-0.012264467098276267,0.009285961546028943,0.009266120276187673,0.026170373614825992,0.026150532344984722,0.00015133417674216825,0.0001314929069008984,-0.01445857210605661,-0.014478413375897881,-0.01124408093417414,-0.01126392220401541,-0.012244625828434996,-0.012264467098276267,-0.011727972926857642,-0.011747814196698913,0.0,0.0,0.0011942026778446356,0.0011743614080033658,0.014585650366406577,0.014565809096565307,0.010945764318681906,0.010925923048840635,-0.0022139462776216146,-0.0022337875474628846,0.00231180914368867
2025-09-10,-0.012188625628616036,-0.012208466898457306,-0.03558418441094835,-0.03560402568078962,-0.0013251275107589056,-0.0013449687806001754,0.04548315047713347,0.045463309207292205,-0.012188625628616036,-0.012208466898457306,-0.056854152912418465,-0.05687399418225973,-0.016691275486907898,-0.01671111675674917,-0.03558418441094835,-0.03560402568078962,-0.04937043681536974,-0.04939027808521101,0.0,0.0,-0.004374716048335615,-0.0043945573181768845,0.011827015288693121,0.01180717401885185,0.0023496466675434367,0.0023298053977021667,-0.021269968501470116,-0.021289809771311386,0.002890849205147372
2025-09-11,-0.002741265433189999,-0.002761106703031269,0.039906164850668446,0.03938632358082718,-0.006453977838195846,-0.006473819108037115,-0.018596289099384378,-0.018616130369225648,-0.002741265433189999,-0.002761106703031269,0.053904379602866204,0.053384538333024936,0.002835704224703096,0.002815862954861826,0.00915627099643257,0.009136429726591299,-0.0008424349329168241,-0.0008622762027580939,-0.07065605870490432,-0.07167589997474559,-0.005519818300245505,-0.005539659570086774,-0.002530934873504531,-0.002550776143345801,-0.008298608383162154,-0.008318449653003424,0.08465427345710208,0.08363443218726081,0.00831024825646609
2025-09-12,0.005516310019975167,0.005496468750133898,0.023297044457983473,0.023277203188142203,0.0010255729486086437,0.0010057316787673738,0.010774912965357764,0.010755071695516493,0.005516310019975167,0.005496468750133898,0.03181478932952836,0.03179494805968709,0.0003529573447175749,0.0003331160748763051,-0.004003529719021626,-0.004023370988862895,0.0033021713580827505,0.0032823300882414805,-0.05059761863498857,-0.05061745990482984,0.00035067091092092547,0.00033082964107965566,0.012153242644483253,0.012133401374641983,0.008841344776964698,0.008821503507123428,0.05911536350653346,0.05909552223669219,-0.00033461472176832263
2025-09-15,0.002718690100650667,0.0026988488308093968,-0.011523518601180227,-0.011543359871021498,0.004971469371549343,0.004951628101708073,-0.00044106179938829815,-0.001460903069229568,0.002718690100650667,0.0026988488308093968,-0.01911568926659185,-0.019635530536433122,-0.003787308867157801,-0.003807150136999071,0.005717703515310313,0.005697862245469043,0.0011209135563933553,0.0011010722865520855,0.028764740717670767,0.028744899447829497,0.004722157405211258,0.0047023161353699884,0.0,0.0,-0.0018665901776110938,-0.0018864314474523636,-0.011877329446865703,-0.012397170716706972,0.005324008789658441
2025-09-16,0.003770771946909613,0.0037509306770683428,-0.0007671492271715818,-0.0007869904970128517,0.0018644769333761133,0.0018446356635348435,-0.013165574413010916,-0.013185415682852187,0.003770771946909613,0.0037509306770683428,0.007417887374677634,0.0073980461048363646,-0.00134940284358418,-0.0013692441134254497,0.014769358114641529,0.014749516844800258,0.003354787271040349,0.003334946001199079,0.016303656568984692,0.016283815299143422,0.0008265792150250362,0.0008067379451837664,0.0,0.0,0.0004794630042249559,0.00045962173438368603,-0.018177341063665198,-0.018197182333506468,-0.001376934061145807
2025-09-17,0.00814766899312952,0.00812782772328825,0.020424885667006065,0.020405044397164795,0.002172355927220015,0.002152514657378745,-0.015687843547713243,-0.015707684817554513,0.00814766899312952,0.00812782772328825,0.039016280457232266,0.038996439187391,0.005516938321882637,0.005497097052041367,0.02500427701076413,0.02498443574092286,0.002232300362657592,0.002212459092816322,-0.015845494323248,-0.01586533559308927,0.005530515357609789,0.005510674087768519,0.0,0.0,0.008623283243566848,0.008603441973725577,0.003523255427269889,0.003503414157428619,-0.0012423553760646522
2025-09-18,-0.023195916505933643,-0.023215757775774913,-0.004851866923360149,-0.004871708193201418,0.007706340002944822,0.007686498733103553,0.03026818837116818,0.03024834710132691,-0.023195916505933643,-0.023215757775774913,-0.005293759495159478,-0.0053136007650007476,-0.02925803460915486,-0.02927787587899613,-0.03026818837116818,-0.03028802964100945,0.026359297357938904,0.026339456088097634,-0.020564454524447884,-0.020584295794289154,-0.005397935114612751,-0.005417776384454021,0.0,0.0,-0.024654430776353497,-0.024674272046194767,-0.0059228721505723,-0.00594271342041357,0.004672370490589994
2025-09-19,0.003989437083959968,0.003969595814118698,-0.016562291195895584,-0.016582132465736855,0.001806592185803313,0.0017867509159620431,-0.002513173512777689,-0.002533014782618959,0.003989437083959968,0.003969595814118698,-0.02976721926442394,-0.02978706053426521,0.006106871429165262,0.006087030159323993,0.002513173512777689,0.002493332242936419,-0.004207958101955578,-0.004227799371796848,0.03563775590456886,0.03561791463472759,0.005436294628123983,0.005416453358282713,0.0,0.0,0.0038817393536527134,0.0038618980838114434,-0.03043130839724817,-0.03045114966708944,0.004952930300824665
2025-09-22,0.0036025715182494422,0.003582730248408172,-0.046482057161440604,-0.04650189843128187,0.003846380282321715,0.003826539012480445,0.034551211851345576,0.03453137058150431,0.0036025715182494422,0.003582730248408172,-0.05618719904733738,-0.057207040317178645,0.004260220834766648,0.004240379564925378,-0.034551211851345576,-0.03457105312118684,-0.002077055339507017,-0.002096896609348287,0.05841290247153563,0.058393061201694366,-0.003272486527081853,-0.003292327796923123,0.0,0.0,0.011089442931381277,0.011069601661540007,-0.02435388029281943,-0.0243737215626607,0.004731085163901749
2025-09-23,-0.007773295815225789,-0.007793137085067059,0.030481752687587516,0.030461911417746245,-0.007883216084199375,-0.007903057354040646,-0.022768389619208462,-0.022788230889049733,-0.007773295815225789,-0.007793137085067059,0.02960806575302416,0.02958822448318289,-0.004819047183088699,-0.004838888452929968,0.022768389619208462,0.022748548349367192,0.0004686065880974533,0.0004487653182561835,-0.03819511575596657,-0.038214957025807836,-0.0048794613786096955,-0.004899302648450965,0.0,0.0,-0.0012438511609484835,-0.0012636924307897533,0.019534401345264962,0.019514560075423692,-0.005443572672652719
2025-09-24,-0.011062595744085146,-0.011082437013926416,0.009465166533802583,0.009445325263961312,-0.007225829898122982,-0.007245671167964251,-0.005000833347468703,-0.005020674617309972,-0.011062595744085146,-0.011082437013926416,-0.010875785183600217,-0.010895626453441488,-0.02624757961587807,-0.02626742088571934,0.005000833347468703,0.004980992077627433,0.00503106753576631,0.00501122626592504,-0.013929499720136462,-0.013949340989977733,-0.016895238701931704,-0.016915079971772974,0.0,0.0,-0.00518081742848333,-0.0052006586983246,0.01713522571876963,0.01711538444892836,-0.0031816581403536492
2025-09-25,-0.00838364068848545,-0.008403481958326721,0.021119370574161578,0.021099529304320307,0.005175867035074322,0.005156025765233052,0.008681833067552325,0.008661991797711054,-0.00838364068848545,-0.008403481958326721,0.02825217719422013,0.02823233592437886,-0.01477834298522026,-0.01479818425506153,-0.008681833067552325,-0.008701674337393595,0.012805221566509796,0.012785380296668526,-0.05092057421587548,-0.05094041548571675,-0.0010995933653713428,-0.0011194346352126126,0.0,0.0,-0.0035238180660991823,-0.0035436593359404523,0.021893883797908464,0.021874042528067194,-0.0046134455757694814
2025-09-26,0.001817316967038807,0.001797475697197537,0.01782908004029965,0.01780923877045838,0.009604613374521453,0.009584772104680183,-0.002915014744408584,-0.002934856014249854,0.001817316967038807,0.001797475697197537,0.029634399517901866,0.029614558248060596,-0.0013104608175789284,-0.0013303020874201983,0.002915014744408584,0.002895173474567314,0.006492922886967645,0.0064730816171263755,-0.032743145336190715,-0.03276298660603198,0.008598013264134298,0.008578171994293027,0.0,0.0,0.004079935589264794,0.004060094319423524,0.01046891292929425,0.010449071659452979,0.005729103921045642
2025-09-29,-0.0002768533480134619,-0.0002966946178547317,0.00527979769554876,0.004259956425707491,-0.0011152192867093901,-0.00113506055655066,0.0,0.0,-0.0002768533480134619,-0.0002966946178547317,-0.0001667651811119164,-0.0011866064509531862,0.0018100977246826467,0.0017902564548413769,0.0,0.0,0.0026587084915006163,0.0026388672216593463,-0.00527979769554876,-0.00529963896539003,0.00014643589522261857,0.00012659462538134873,0.0,0.0,0.0020349539327540133,0.0020151126629127433,0.0035571781919150336,0.002537336922073764,0.002810434169152165
2025-09-30,-0.001895593801009187,-0.0019154350708504568,0.009142391828416474,0.009122550558575204,-0.0046022099747078824,-0.004622051244549152,0.0,0.0,-0.001895593801009187,-0.0019154350708504568,-0.013182027890083492,-0.013201869159924762,0.01765101776424509,0.01763117649440382,0.0,0.0,0.004639941995263219,0.004620100725421949,-0.009142391828416474,-0.009162233098257744,0.0159139787896307,0.01589413751978943,0.0,0.0,-0.004990347333671841,-0.005010188603513111,0.021520923121344737,0.021501081851503467,0.0037667067961630885
2025-10-01,-0.00014800697290760952,-0.00016784824274887936,-0.02422004726235616,-0.02423988853219743,-0.0006347793245823907,-0.0006546205944236605,0.0,0.0,-0.00014800697290760952,-0.00016784824274887936,-0.05322660932697609,-0.05324645059681736,0.000454999852157089,0.0004351585823158192,0.0,0.0,0.014022079045767511,0.01400223777592624,0.02422004726235616,0.02420020599251489,0.0034940657728142256,0.0034742245029729555,0.0,0.0,0.0001988298352432194,0.00017898856540194956,-0.009970472132426356,-0.009990313402267626,0.0034076994727081367
2025-10-02,-0.00416935367300666,-0.004189194942847929,0.0019474905717198343,0.0019276493018785645,-0.0015992968326169366,-0.0016191381024582064,0.0038350274750702518,0.002815186205228982,-0.00416935367300666,-0.004189194942847929,0.023372395505654397,0.023352554235813127,-0.0071662372248222465,-0.007186078494663516,-0.0038350274750702518,-0.004854868744911521,0.013540268519337484,0.013520427249496213,-0.0019474905717198343,-0.0019673318415611043,-0.00860640154631247,-0.008626242816153741,-0.0038350274750702518,-0.004854868744911521,-0.00303051504904972,-0.00305035631889099,-0.011511727646051684,-0.011531568915892954,0.0011516391661055003
2025-10-03,0.003181381229591118,0.003161539959749848,0.00912708841937293,0.00910724714953166,-0.003497348467055783,-0.003517189736897053,-0.03538833414400011,-0.03540817541384138,0.003181381229591118,0.003161539959749848,-0.00434405155794626,-0.00436389282778753,0.004261454787164965,0.004241613517323695,0.03538833414400011,0.035368492874158844,-0.0019256928114292807,-0.0019455340812705505,-0.00912708841937293,-0.009146929689214201,0.0041944744561482564,0.004174633186306987,0.03538833414400011,0.035368492874158844,0.009010233963083857,0.008990392693242586,0.009797648435599604,0.009777807165758334,-1.4749984535544769e-05
2025-10-06,0.007118118077121105,0.007098276807279836,-0.015460283987171586,-0.015480125257012856,0.011853446201315142,0.011833604931473871,-0.014152038870000938,-0.014171880139842209,0.007118118077121105,0.007098276807279836,-0.009240922521667194,-0.009260763791508465,0.008297063336940325,0.008277222067099054,0.014152038870000938,0.014132197600159668,-0.004212433018303652,-0.004232274288144921,0.015460283987171586,0.015440442717330315,0.010944346968786746,0.010924505698945475,0.014152038870000938,0.014132197600159668,0.01233999074138209,0.01232014947154082,-0.019276528468972987,-0.019296369738814257,0.0035863272632872256
2025-10-07,-0.00014619103199668975,-0.0001660323018379596,0.0031614364438146136,0.0026415951739733436,-0.005367426711681455,-0.0053872679815227245,-0.02804727668570184,-0.02806711795554311,-0.00014619103199668975,-0.0001660323018379596,0.0016425331145365485,0.0011226918446952787,0.0042549952587644605,0.004235153988923191,0.02804727668570184,0.028027435415860568,0.0006447917788525492,0.0006249505090112794,-0.021499140052365084,-0.021518981322206355,0.007353324363248625,0.007333483093407356,0.02804727668570184,0.028027435415860568,0.0019968875740485007,0.0019770463042072307,0.010558906174752858,0.010205731571578254,-0.003707626096903671
2025-10-08,-0.000724932457023153,-0.0007447737268644228,0.0016551231771413377,0.001635281907300068,0.009105019494477829,0.009085178224636559,-0.003351109541820163,-0.003370950811661433,-0.000724932457023153,-0.0007447737268644228,-0.0029873495818919515,-0.0030071908517332216,0.004961830207136397,0.004941988937295127,0.003351109541820163,0.003331268271978893,0.009799423691141318,0.009779582421300047,0.009481756523650908,0.009461915253809638,0.009289117691176362,0.009269276421335092,0.003351109541820163,0.003331268271978893,0.006465200889518241,0.0064453596196769715,-0.003312204492783799,-0.003332045762625069,0.005963110863889121
2025-10-09,-0.01077053788265162,-0.01079037915249289,-0.0005183944838509369,-0.0015382357536922067,-0.001267729621567959,-0.0012875708914092288,-0.012011175141656283,-0.012031016411497553,-0.01077053788265162,-0.01079037915249289,-0.0013488166369154397,-0.0023686579067567094,-0.0032674261055967158,-0.003287267375437986,0.012011175141656283,0.011991333871815012,-0.0022677352394428027,-0.0022875765092840727,0.0,0.0,0.005955483577958098,0.005935642308116829,0.012011175141656283,0.011991333871815012,-0.004348297991211158,-0.004368139261052428,0.03375911164536388,0.033239270375522614,-0.002896927773588187
2025-10-10,-0.007398615547213484,-0.007418456817054753,-0.026204201574477892,-0.026224042844319163,-0.01861305137230026,-0.01863289264214153,-0.07883650058094782,-0.07985634185078909,-0.007398615547213484,-0.007418456817054753,-0.02784064781522011,-0.02786048908506138,-0.0005498134231474473,-0.0005696546929887171,0.014699883546331227,0.014680042276489957,-0.0073372768088173605,-0.00735711807865863,0.0,0.0,-0.0036440322608719197,-0.0036638735307131898,0.014699883546331227,0.014680042276489957,-0.005965356411317067,-0.005985197681158337,0.0010837900174101578,0.001063948747568888,-0.02702787419005037
2025-10-13,-0.0023317264226526027,-0.0023515676924938727,0.01621167604374585,0.016191834773904578,0.012372632321748012,0.012352791051906741,0.04104765595371018,0.041027814683868916,-0.0023317264226526027,-0.0023515676924938727,0.01621167604374585,0.016191834773904578,-0.010211720684903159,-0.01023156195474443,-0.017774484117911493,-0.017794325387752764,-0.006706760842563943,-0.006726602112405213,0.0,0.0,0.001984855152791209,0.001965013882949939,-0.017774484117911493,-0.017794325387752764,-0.005073464298923613,-0.005093305568764883,0.00683531918678093,0.005815477916939661,0.01534405245669701
2025-10-14,0.009417564835947266,0.009397723566105996,0.0038587240368289644,0.0038388827669876943,-0.011376070542399775,-0.011395911812241045,-0.013939616529623944,-0.013959457799465214,0.009417564835947266,0.009397723566105996,0.0038587240368289644,0.0038388827669876943,0.007728413253123723,0.007708571983282454,-0.0050803277211691755,-0.005100168991010445,0.002670316182902854,0.002650474913061584,0.0,0.0,-0.009946224407072778,-0.009966065676914049,-0.0050803277211691755,-0.005100168991010445,0.003995978222217589,0.003976136952376319,0.016784611168046526,0.016764769898205256,-0.0012216093756775015
2025-10-15,0.0006091583466085069,0.0005893170767672371,0.006392540304169525,0.005872699034328255,0.009911505104576534,0.009891663834735264,0.015212586175344933,0.014692744905503664,0.0006091583466085069,0.0005893170767672371,0.024422229130311723,0.022902387860470455,-0.0011960700353498832,-0.001215911305191153,-0.007683400756380188,-0.007703242026221457,0.008890718713589651,0.008870877443748381,0.0,0.0,0.0043874806541498446,0.004367639384308575,-0.007683400756380188,-0.007703242026221457,-0.00323300841829135,-0.00325284968813262,0.01908693516136356,0.017900427224855624,0.004439561180749063
2025-10-16,-0.003975026255716019,-0.003994867525557289,-0.01687348728769822,-0.01789332855753949,-0.0031142050569633595,-0.0031340463268046295,-0.016183010712562857,-0.016869518649070794,-0.003975026255716019,-0.003994867525557289,-0.023112795985734198,-0.023799303922242134,-0.005322526464763121,-0.005342367734604391,0.010711340338218078,0.009691499068376809,4.6182929166505536e-05,2.6341659325235695e-05,-0.006141860715244585,-0.007161701985085854,-0.0011326806275354755,-0.0011525218973767453,0.016853201053462663,0.016833359783621393,-0.0001201958957215421,-0.00014003716556281194,-0.024477779793161014,-0.024747621063002285,-0.00681025770778676
2025-10-17,0.0021386805078183026,0.0021188392379770326,0.015202554328883622,0.015182713059042351,4.9778094192987066e-05,2.9936824351717224e-05,0.009258255602268875,0.009238414332427605,0.0021386805078183026,0.0021188392379770326,-0.006477293413246913,-0.006497134683088182,0.004359226491709223,0.004339385221867953,0.016086363998537356,0.016066522728696086,0.010430979342343006,0.010411138072501736,0.01833959982218203,0.01831975855234076,-0.007208754842598497,-0.007228596112439767,-0.0022532358236446726,-0.0022730770934859426,-0.000980155666369986,-0.0009999969362112558,0.002969911721649454,0.002950070451808184,0.005676293099704743
2025-10-20,0.006176204314827993,0.006156363044986723,0.018266790247080444,0.018246948977239174,0.013707994347579801,0.01368815307773853,0.008321858179855847,0.007902016910014577,0.006176204314827993,0.006156363044986723,0.015016451105022144,0.014746609835180873,0.009115708310486846,0.009095867040645576,0.02127298066570882,0.021253139395867548,0.0135573150866498,0.01353747381680853,0.014583404128653443,0.014563562858812173,0.01041885409926675,0.010399012829425479,0.006689576537055375,0.006669735267214105,0.0012181302174338327,0.0011982889475925628,0.0005925614249127735,0.00037272015507150365,0.010400419493367341
2025-10-21,0.002109323715899591,0.002089482446058321,-0.0031641355932016113,-0.0031839768630428813,-0.0028970379957632742,-0.0029168792656045443,0.005097017598783604,0.005077176328942334,0.002109323715899591,0.002089482446058321,6.842331586304207e-05,4.8582046021772226e-05,0.0025841300106692164,0.0025642887408279464,-0.020300181807973217,-0.020320023077814487,0.007901410542791941,0.00788156927295067,-0.009341938662716154,-0.009361779932557424,-0.0014985263062995413,-0.0015183675761408111,-0.010958243145257063,-0.010978084415098333,-0.006521110790579775,-0.006540952060421045,-0.0005456768414423326,-0.0005655181112836024,-1.4888084340025642e-05
2025-10-22,-0.006311880864048746,-0.006331722133890016,0.0036639551450516157,0.0033107805418770126,-0.00874710703928001,-0.00876694830912128,0.01703269484404991,0.01701285357420864,-0.006311880864048746,-0.006331722133890016,-0.002702447641428453,-0.003055622244603056,-0.0053430497517892635,-0.005362891021630533,-0.010850174316099803,-0.010870015585941074,-0.013087907012766374,-0.013107748282607645,0.00262965417183475,0.00210981290199348,-0.00938806730913283,-0.0094079085789741,-0.015731604077592,-0.01575144534743327,-0.00240206469394697,-0.00242190596378824,0.009530434926314595,0.00934392698980666,-0.005198959693403782
2025-10-23,0.0007564071685507211,0.0007365658987094513,0.004105132177518474,0.004085290907677204,0.0026925784114413378,0.0026727371416000677,0.009553286245770435,0.009366778309262499,0.0007564071685507211,0.0007365658987094513,0.01086809659633724,0.01084825532649597,-0.006455656836029977,-0.006475498105871246,-0.004526775771717173,-0.005046617041558443,-0.0003692830566157882,-0.000389124326457058,-0.006613903261670624,-0.006967077864845228,-0.0009694189068463422,-0.000989260176687612,-0.0027554951521659987,-0.0027753364220072687,-0.005816667284853983,-0.005836508554695252,0.003473655804370368,0.003120481201195765,0.005930091802329507
2025-10-24,0.0012073014778128386,0.0011874602079715688,0.010308540945713023,0.010288699675871753,0.006441946902275975,0.006422105632434705,-0.02033121497574168,-0.02035105624558295,0.0012073014778128386,0.0011874602079715688,0.00975918959150407,0.009406014988329466,-0.009106870907527632,-0.009126712177368903,0.02047463303950503,0.02012145843633043,-0.007661969876400044,-0.0076818111462413135,-0.013883678930248888,-0.013903520200090159,-0.0009669469235272453,-0.0009867881933685152,0.01635279084495067,0.0163329495751094,-0.001636891809954777,-0.0016567330797960468,-0.00028385129974493363,-0.00030369256958620344,0.008172460057694897
2025-10-27,-0.003773577346059609,-0.003793418615900879,-0.004255375376220449,-0.004525216646061719,0.007474216937462086,0.007454375667620816,-0.002229605309605605,-0.002249446579446875,-0.003773577346059609,-0.003793418615900879,-0.004486383088176203,-0.004899081500874616,-0.004800875075802591,-0.004820716345643861,0.009519166919074451,0.00924932564923318,0.007633841197099722,0.007613999927258452,-0.009093438100533499,-0.00911327937037477,-0.0016236859242370837,-0.0016435271940783535,0.019321877681290123,0.019302036411448852,-0.0020740472906531143,-0.0020938885604943843,0.007754226915633645,0.007284385645792375,0.011797628449856656
2025-10-28,-0.008329024708664244,-0.008348865978505515,-0.01867654874571678,-0.01869639001555805,0.0038306568768006087,0.0038108156069593386,0.0010092776850866847,0.0009894364152454149,-0.008329024708664244,-0.008348865978505515,-0.011839576407126566,-0.011859417676967837,-0.005758204521147425,-0.0057780457909886946,-0.006910612168331942,-0.006930453438173212,0.006540768689283794,0.006520927419442524,-0.004585843863768886,-0.004605685133610156,-0.008143834395718096,-0.008163675665559367,0.019568173228953767,0.019548331959112496,-0.010163483551697283,-0.010183324821538553,-0.0021764900172513034,-0.0021963312870925734,0.002656129300611987
2025-10-29,-0.00502362917272462,-0.00504347044256589,-0.0053754246939691445,-0.005595265963810415,0.008094510061699133,0.008074668791857862,0.014374187504376024,0.01402101290120142,-0.00502362917272462,-0.00504347044256589,-0.0021288636259712713,-0.002570927118034763,-0.016082876146401914,-0.016102717416243185,-0.003644841817551453,-0.003664683087392723,0.009155385007925575,0.009135543738084305,-0.007379703516078122,-0.007399544785919391,0.003055709590331813,0.003035868320490543,0.03132707099596865,0.031307229726127386,-0.0035358480608680062,-0.0035556893307092763,0.004428814235074175,0.004042306298566238,0.00048021656797447854
2025-10-30,0.010314121136252175,0.010294279866410905,0.004263191502706798,0.004243350232865528,-0.0010916703337015888,-0.0011115116035428586,-0.00018560105426446713,-0.0006554423241057369,0.010314121136252175,0.010294279866410905,-0.004381487941085527,-0.004501329210926797,0.005412836841275726,0.005392995571434456,0.009058768410419277,0.008538927140578008,-0.0007270861962117127,-0.0007469274660529825,0.012608692753727002,0.012588851483885732,-0.0026053907195029424,-0.0026252319893442125,0.0,0.0,0.007082177926186506,0.007062336656345237,0.00167145086668926,0.0015087524539908472,-0.010998035359931269
2025-10-31,0.01917312668288018,0.01915328541303891,0.01997342452931263,0.019120249926138026,0.017298628329849554,0.017278787060008283,0.004613521015136379,0.004227013078628442,0.01917312668288018,0.01915328541303891,0.01606207838597639,0.015589856163754167,0.007181223355397771,0.007161382085556501,-0.0013342230847025681,-0.002054064354543838,0.00036383696005773966,0.00034399569021646985,0.004137988330450426,0.0038681470606091563,0.015976426127622345,0.015956584857781075,0.030584364137469178,0.029564522867627906,0.007245964472474397,0.007226123202633127,0.0046804292974481545,0.004535588027606885,0.0032802000099823037
2025-11-03,0.011317954903889482,0.011298113634048212,0.03256892554184099,0.03229908427199972,0.00817747652616343,0.00815763525632216,0.010094943448873853,0.00993224503617544,0.011317954903889482,0.011298113634048212,0.012159035578806281,0.011889194308965012,0.006120384343823093,0.006100543073981823,0.017128287664311646,0.017108446394470376,0.004761221758684142,0.004741380488842872,-0.005561893661973599,-0.005581734931814869,0.0041357191818586,0.00411587791201733,0.009525719165448698,0.009505877895607428,0.006468553508867126,0.006448712239025856,-0.0031143376759587005,-0.0035091789457999704,0.001876696652084675
2025-11-04,0.0030878642854210605,0.0030680230155797905,-0.0008349930130133799,-0.0009976914257117926,-0.009930399454780959,-0.00995024072462223,-0.004461856591492097,-0.004481697861333366,0.0030878642854210605,0.0030680230155797905,0.0012684129086777643,0.0011057144959793516,0.013096608163760105,0.013076766893918835,0.0034180099258203974,0.0033981686559791274,-0.012963699849582034,-0.012983541119423304,0.00282838341058822,0.00280854214074695,-0.0064671837792809155,-0.006487025049122185,0.004692023180279448,0.004672181910438178,0.003663888723836506,0.003644047453995236,-0.002839134332713172,-0.0030018327454115843,-0.011853550232820531
2025-11-05,0.0034904799406086707,0.0034706386707674007,0.008502180370348646,0.008482339100507375,0.00808774823001095,0.00806790696016968,0.001370661794066124,0.0013508205242248543,0.0034904799406086707,0.0034706386707674007,-0.00441250889044841,-0.004499016826956347,-0.005272658368271876,-0.005292499638113146,-0.004380637430034983,-0.004400478699876253,0.010427186691010814,0.010407345421169544,-0.0025754176685994223,-0.0025952589384406924,0.003242873172485361,0.003223031902644091,-0.024016129128468844,-0.024035970398310114,-0.004202968390980277,-0.004222809660821547,-0.000500994842294467,-0.0005208361121357368,0.0034654021681033154
2025-11-06,0.005083408369464515,0.005063567099623245,0.01112684563962386,0.01110700436978259,-0.0035996781649225706,-0.0036195194347638407,-0.006501357002907271,-0.006646198272748541,0.005083408369464515,0.005063567099623245,0.004480830846007747,0.004460989576166478,-0.0017018730286616707,-0.0017217142985029405,0.0038247762870047275,0.0038049350171634575,-0.004979005961148929,-0.004998847230990199,0.008922285162827143,0.008902443892985872,-0.007033196893888094,-0.007053038163729364,0.006625906500132894,0.006606065230291625,0.002248066798882631,0.002228225529041361,0.006007997840397037,0.005988156570555767,-0.010729420496934372
2025-11-07,-0.003003293714645028,-0.003023134984486298,-0.014327860744399377,-0.014472702014240647,-0.004576644508028649,-0.004596485777869919,-0.010178496425399253,-0.010598337695240522,-0.003003293714645028,-0.003023134984486298,-0.004669429419617935,-0.004814270689459205,-0.002617110434623926,-0.002636951704465196,-0.01024301188221446,-0.01026285315205573,-0.00026919031156499287,-0.0002890315814062627,-0.007078576023332617,-0.007098417293173886,0.000553349665609393,0.0005335083957681232,-0.018641376226016842,-0.018994550829191444,0.0006370517339084562,0.0006172104640671864,-0.008405810530556126,-0.008550651800397397,0.0009847090759453891
2025-11-10,-0.000610765178302752,-0.0006306064481440218,0.019038056297909948,0.019018215028068677,0.014372119558356121,0.01435227828851485,0.0034636173661461876,0.0034437760963049176,-0.000610765178302752,-0.0006306064481440218,0.0004350733482231771,0.00041523207838190727,0.0028430608700248834,0.0028232196001836134,0.013916401092411889,0.013896559822570619,0.0022339018127021885,0.0022140605428609184,-0.006584572291378793,-0.0066044135612200626,0.013297215509932315,0.013277374240091044,0.008619952645860424,0.008600111376019154,0.005449919258582047,0.005430077988740778,-0.004561063395610148,-0.004692015776562529,0.01560422430016195
2025-11-11,0.00824716193871442,0.00822732066887315,-0.003553275950049945,-0.003573117219891215,-0.004781352032994357,-0.004801193302835627,-0.008822885500797177,-0.008842726770638448,0.00824716193871442,0.00822732066887315,0.00035168169234066696,0.00033184042249939714,0.010990245620933191,0.01097040435109192,-0.007278364883370147,-0.0072982061532114164,0.005638104667998733,0.005618263398157464,0.007877754198384601,0.00785791292854333,0.00242692396454618,0.00240708269470491,-0.01170636515300801,-0.011726206422849281,0.005242874707416335,0.005223033437575066,-0.00641093831390397,-0.00643077958374524,0.0022892485351109215
2025-11-12,0.006451356765487614,0.006431515495646345,0.004573059869875213,0.0044103614571768,-0.002617394339048229,-0.002637235608889499,-0.005092537153733728,-0.005362378423574998,0.006451356765487614,0.006431515495646345,0.010048226025938285,0.0098140990418113,0.0005266936439425659,0.0005068523741012961,-0.021425560938493283,-0.021445402208334553,0.0026065059590115397,0.0025866646891702697,-0.0026993039742100045,-0.0027191452440512745,-0.0008247039537141003,-0.0008445452235553701,0.01287610380637405,0.01285626253653278,0.008906795491222298,0.008886954221381027,0.009832070936765542,0.009353896333590938,0.0005564170786802602
2025-11-13,0.0020525958144443687,0.0020327545446030986,-0.0015413696032114555,-0.0020612108730527256,-0.008325681042088117,-0.008345522311929388,-0.0031546424143805707,-0.0035078170175551738,0.0020525958144443687,0.0020327545446030986,0.00231175363206494,0.0021252456955570035,0.010198020090451444,0.010178178820610173,-0.017376932776685682,-0.018396774046526954,-0.0004289389338853599,-0.0004487802037266297,0.005320744526129221,0.004967569922954617,-0.006141300156206086,-0.006161141426047356,-0.015253132339460204,-0.015272973609301474,0.002165391228710789,0.002145549958869519,-0.0059053355389197225,-0.006125176808760993,-0.016594035637111593
2025-11-14,-0.010731302967899183,-0.010751144237740453,-0.001982352326795566,-0.002335526929970169,-0.0066534113625796865,-0.006673252632420956,-0.0068515734726735025,-0.006871414742514772,-0.010731302967899183,-0.010751144237740453,-0.009126992912204368,-0.009223757258968715,-0.002074719290137794,-0.002094560559979064,0.009697167681236773,0.009177326411395504,-0.007377435473468042,-0.007397276743309311,-0.003441301993822865,-0.003711143263664135,-0.0007822025966665036,-0.0008020438665077734,-0.003158134129064183,-0.003177975398905453,0.001884700714907683,0.0018648594450664132,0.0009376936171264644,0.0007511856806185278,-0.00016358859396425895
2025-11-17,0.0013430098709977462,0.0013231686011564764,0.02111821497551916,0.02109837370567789,-0.0029673000741795123,-0.0029871413440207824,0.0037456696262803957,0.0032258283564391256,0.0013430098709977462,0.0013231686011564764,0.009648623910753282,0.009545449307578679,0.003544149756742854,0.003524308486901584,0.024597405079381483,0.024577563809540213,0.0019435865060332558,0.001923745236191986,0.01700395794244991,0.01698411667260864,0.007526753735281034,0.007506912465439764,0.005708311662931767,0.005688470393090498,0.00394990547152061,0.00393006420167934,0.0022421400947515075,0.002022298824910238,-0.009316434859877543
2025-11-18,-0.0008747224291530298,-0.0008945636989942996,-0.0007112988720949839,-0.0007311401419362537,0.005821748997907372,0.0058019077280661024,-0.006728946693805721,-0.00674878796364699,-0.0008747224291530298,-0.0008945636989942996,-0.0015801684309008225,-0.0016000097007420923,0.009318680012883985,0.009298838743042714,-0.004973550391125936,-0.004993391660967205,0.004463555879394265,0.004443714609552995,0.01713656361688634,0.01711672234704507,0.010897257894709444,0.010877416624868174,-0.008178540072681892,-0.008198381342523162,0.008108500366881786,0.008088659097040516,0.005060518078995063,0.0050406768091537935,-0.00839755294033906
2025-11-19,-0.011954861128774742,-0.011974702398616012,0.02310072290059817,0.022914214964090233,0.003990906245722881,0.0039710649758816115,-0.012562714526371116,-0.012582555796212386,-0.011954861128774742,-0.011974702398616012,0.002878266856101902,0.0026917589195939655,-0.012975544735442079,-0.01299538600528335,0.026565207877723252,0.02654536660788198,-0.007699058709777218,-0.0077188999796184874,-0.0014163963149525318,-0.001769570918127135,-0.008138850758120852,-0.008158692027962123,0.012105976100924426,0.011836134831083155,-0.008652269727304018,-0.008672110997145288,0.01730400306962422,0.01703416179978295,0.0038631427043962496
2025-11-20,0.003262739613653554,0.003242898343812284,-0.0048198672461889375,-0.004839708516030207,-0.01064519438653394,-0.010665035656375211,0.0011630485087143856,0.0008098739055397824,0.003262739613653554,0.003242898343812284,0.004924756991387752,0.004904915721546482,0.007112457453002896,0.007092616183161626,-0.017085182546848238,-0.01735502381668951,0.00793687834933573,0.00791703707949446,-0.009311456619743197,-0.009831297889584466,-0.0007512160827137342,-0.000771057352555004,-0.008546390279987465,-0.008566231549828735,0.0077973413430541426,0.007777500073212873,-0.009675624699450396,-0.009838323112148809,-0.015242276237766972
2025-11-21,0.0009601362709102945,0.0009402950010690247,0.005651893801013294,0.005632052531172024,0.0034666264997421647,0.0034467852299008947,-0.009673970483139477,-0.009943811752980748,0.0009601362709102945,0.0009402950010690247,0.0018282947715133006,0.001535726228944758,0.00014868076999026252,0.00012883950014899267,0.0022317795177976274,0.0018786049146230243,0.008898903405823866,0.008879062135982595,0.012050018431407739,0.012030177161566468,-0.012124513485871048,-0.012144354755712319,-0.008406214280217789,-0.008426055550059059,-0.009014065055860209,-0.00903390632570148,0.005209213900203016,0.004989372630361746,0.00996129221104658
2025-11-24,-0.0051046500167009744,-0.005124491286542244,0.02064308888174747,0.0204232476119062,0.019739763143165147,0.019719921873323876,0.021058407692648568,0.0208385664228073,-0.0051046500167009744,-0.005124491286542244,0.004489147090887035,0.004087487639227583,0.0030713865159399003,0.0030515452460986303,0.03593408207643067,0.035414240806589406,0.009868054065442299,0.009848212795601028,0.017770395132533978,0.017750553862692708,0.016266690837398477,0.016246849567557207,0.017061174604085044,0.017041333334243774,-0.007344403020609669,-0.007364244290450938,0.007504703097579695,0.007318195161071759,0.014718458129947765
2025-11-25,0.00044810377428713445,0.00042826250444586464,0.00944542902991501,0.00942558776007374,-0.0071894277736328956,-0.007209269043474165,0.003836665650756372,0.003816824380915102,0.00044810377428713445,0.00042826250444586464,0.00800281908653484,0.00798297781669357,0.0031747291905889763,0.0031548879207477063,-0.013529990923672242,-0.013549832193513512,0.002416553104849773,0.002396711835008503,-0.0012536665908325917,-0.0012735078606738615,-0.009050817369127174,-0.009070658638968445,-0.01583091870587619,-0.01585075997571746,-0.008725659358428782,-0.008745500628270052,0.01055022656975656,0.01053038529991529,0.009405944613086525
2025-11-26,-0.0018435197730959467,-0.0018633610429372165,-0.0027597449006544483,-0.003029586170495718,0.0012130666761732021,0.0011932254063319323,-0.0005941523245630645,-0.0009473269277376677,-0.0018435197730959467,-0.0018633610429372165,0.006842314099114658,0.006350250607051165,-0.003531111403862487,-0.003550952673703757,-0.01791362538136604,-0.01793346665120731,0.0007733724553669382,0.0007535311855256684,-0.013936320454971118,-0.013956161724812389,0.007555059461445102,0.007535218191603832,0.0011403398738667747,0.001120498604025505,-7.621380383620018e-05,-9.605507367747002e-05,-0.0006585479248013056,-0.0011283891946425755,0.006903451122352244
2025-11-28,-0.007577254498548048,-0.007597095768389317,-0.016128077912736034,-0.016147919182577304,0.0002290416893274026,0.00020920041948613275,0.002782727658490754,0.0020962197219828176,-0.007577254498548048,-0.007597095768389317,-0.011798408053380907,-0.011943249323222178,-0.009168934550180252,-0.009188775820021523,0.0013488847363938294,0.0003290434665525596,0.010656043875056299,0.010636202605215028,0.0006193849783608929,0.0005995437085196231,0.005697247706459175,0.005677406436617905,-0.006994567847325495,-0.007014409117166764,-0.012851424890108943,-0.012871266159950214,-0.012563740737236614,-0.012916915340411218,0.005458464350335035
2025-12-01,0.012573652569764815,0.012553811299923544,-0.018886983179278578,-0.02124015778245318,0.006401352789898628,0.006381511520057359,-0.0107623906139995,-0.01153223188384077,0.012573652569764815,0.012553811299923544,-0.008247024648873853,-0.009600199252048455,0.006025941964657632,0.006006100694816363,-0.007131945746710389,-0.008151787016551658,0.004413385838359107,0.004393544568517837,-0.007131945746710389,-0.008151787016551658,0.0050001816580969695,0.0049803403882557,-0.01399086354095569,-0.015010704810796959,0.008392361538684369,0.008372520268843098,-0.0008321158143795304,-0.0013519570842208002,-0.004565522877085559
2025-12-02,-0.00476622891177122,-0.007186070181612491,0.02166194742714489,0.01964210615730362,0.004798762801814649,0.003178921531973379,0.006616263647880335,0.006263089044705732,-0.004442529948613172,-0.006862371218454443,0.016400738503153073,0.014380897233311802,-0.0006514232931629448,-0.0036712645630042153,0.00906302451737595,0.00904318324753468,0.002576757796619267,-0.0008430834732220029,0.00906302451737595,0.00904318324753468,0.01448191899771233,0.01146207772787106,0.01184318949976132,0.01182334822992005,0.005560013193634095,0.0017401719237928235,0.019499909464191723,0.017980068194350454,0.0018522513914331906
2025-12-03,0.005260566018390034,0.005240724748548764,-0.016774590012219592,-0.016794431282060863,-0.008711595507544667,-0.008731436777385937,-0.01737078944349505,-0.01739063071333632,0.0033043210062982595,0.0032844797364569894,-0.019313906216409715,-0.019333747486250986,0.007892302675843222,0.007872461406001952,0.007985081817877049,0.007965240548035778,0.00016748313274776976,0.00014764186290649992,0.007985081817877049,0.007965240548035778,-0.010726017749670948,-0.010745859019512218,-0.016128242453255948,-0.016148083723097218,0.006413428811101684,0.006393587541260414,-0.009070077889523465,-0.009089919159364735,0.0034628390228845785
2025-12-04,0.0012591732439590551,0.0012393319741177853,-0.014140040228818096,-0.014159881498659366,0.00588031347050073,0.005860472200659461,0.0008153778746474351,0.0007955366048061653,-0.0006046875421907962,-0.000624528812032066,-0.005919602332077334,-0.006272776935251937,0.002879527967254991,0.002859686697413721,-0.0006024233912496069,-0.0006222646610908767,0.008155233233530202,0.008135391963688931,-0.0006024233912496069,-0.0006222646610908767,-0.003288395263960353,-0.003308236533801623,-0.00016041169406377787,-0.0001802529639050477,0.0023992891213352684,0.0023794478514939984,0.0062500262788786065,0.006230185009037337,0.000731151162097321
2025-12-05,0.0018572935331897748,0.001837452263348505,-0.0034205398217426186,-0.0034403810915838886,-0.0009732929816166803,-0.00099313425145795,0.0036685425660371584,0.0031487012961958884,-0.00012758114413929933,-0.00014742241398056917,-0.0062003488297940335,-0.006220190099635303,0.002040859729815625,0.002021018459974355,0.0008012032078470455,0.0007813619380057756,0.0003000191929347306,0.00028017792309346077,0.0008012032078470455,0.0007813619380057756,-0.004373004910736056,-0.004392846180577325,-0.006059132069657469,-0.006078973339498739,-0.0056836776782731805,-0.00570351894811445,0.0017906163067129,0.0017707750368716301,0.0018993336917458858
2025-12-08,-0.004149316984304175,-0.004169158254145444,0.014418789578249491,0.01439894830840822,-0.007032520463487201,-0.007052361733328471,0.020311962748097045,0.019292121478255774,-0.009458154716290312,-0.009477995986131582,0.008058478974659056,0.008038637704817785,0.011158994173872904,0.011139152904031634,0.014418789578249491,0.01439894830840822,-0.002289252237713635,-0.002309093507554905,0.014418789578249491,0.01439894830840822,0.0006165917064854592,0.0005967504366441894,0.010249971695669546,0.009230130425828277,0.009172617339894452,0.009152776070053182,0.02547116476704747,0.0244513234972062,-0.0030041115903878257
2025-12-09,0.000817676025477576,0.0007978347556363062,0.009105621016031074,0.009085779746189803,0.008005210602365443,0.007985369332524172,0.012525388404767579,0.012505547134926309,0.0011811147469838134,0.0011612734771425436,0.006971741957141453,0.006951900687300183,0.001695839923909581,0.0016759986540683112,0.009105621016031074,0.009085779746189803,0.0018290492700140937,0.0018092080001728239,0.009105621016031074,0.009085779746189803,0.001982766035918959,0.001962924766077689,0.01239739306120391,0.01237755179136264,-0.013501104294183709,-0.013520945564024979,0.0034215293601858043,0.0034016880903445343,-0.0008631857374462593
2025-12-10,-0.000880408376451515,-0.0009002496462927848,0.0026747143667329443,0.0026548730968916742,-0.007875524706973523,-0.007895365976814794,-0.024435751201999645,-0.024455592471840915,0.0007600990558440778,0.000740257786002808,-0.0111208990202315,-0.011140740290072771,0.0044590650836396906,0.004439223813798421,0.0026747143667329443,0.0026548730968916742,-0.0005927812832320573,-0.0006126225530733271,0.0026747143667329443,0.0026548730968916742,-0.013627382347082696,-0.013647223616923967,-0.01034003259759797,-0.01035987386743924,0.007669037423567537,0.007649196153726267,-0.005195564104931494,-0.005215405374772763,0.00663226596624833
2025-12-11,0.019434531311365244,0.019414690041523974,-0.014538755019578797,-0.014558596289420068,-0.001098234257477182,-0.0011180755273184518,-0.012430278668067396,-0.012450119937908666,0.023331244001731522,0.02331140273189025,-0.00467508818373367,-0.004694929453574939,0.008684523959686986,0.008664682689845715,-0.014538755019578797,-0.014558596289420068,-0.0038193604048493038,-0.003839201674690574,-0.014538755019578797,-0.014558596289420068,-0.008432979681534758,-0.008452820951376028,-0.015700628316731136,-0.015720469586572406,0.016311700408117923,0.016291859138276653,-0.016186678193568282,-0.016206519463409553,0.002326892036534245
2025-12-12,0.014390196720575822,0.014370355450734552,-0.007792146778494824,-0.0078119880483360936,-0.0068660041305321886,-0.006885845400373458,-0.019705285443235836,-0.020058460046410438,0.011776892530037619,0.011757051260196348,-0.002541932867203278,-0.002961774137044548,0.005517793293062323,0.005497952023221053,-0.007792146778494824,-0.0078119880483360936,-0.005175160959077896,-0.0051950022289191655,-0.007792146778494824,-0.0078119880483360936,-0.0008772150318184678,-0.0008970563016597376,-0.016878566039018494,-0.016898407308859765,-0.0010893175330208942,-0.001109158802862164,-0.021203139252390403,-0.021556313855565005,-0.01075200956203659
2025-12-15,0.004095361722148893,0.004075520452307624,0.0,0.0,-0.0017704234071185489,-0.0017902646769598187,-0.00888340569200563,-0.0089032469618469,0.006894980609709756,0.006875139339868486,-0.006831568903360702,-0.007101410173201972,0.0020197590989110116,0.0019999178290697416,0.0,0.0,0.001176182258622649,0.001156340988781379,0.0,0.0,-0.0014448023550750146,-0.0014646436249162844,0.005885429463096892,0.005865588193255622,0.008922161309336762,0.008902320039495492,-0.01394263041413187,-0.014629138350639807,-0.0015107595125137818
2025-12-16,-0.0029383343091486944,-0.0029581755789899644,0.0,0.0,0.003333997325823278,0.003314156055982008,0.0009654515779520994,0.0009456103081108295,0.0013626721318484754,0.0013428308620072056,0.004549445767176419,0.004529604497335149,-0.008009781644646963,-0.008029622914488234,0.0,0.0,0.001515568586795146,0.0014957273169538762,0.0,0.0,0.0022733229894432716,0.0022534817196020016,0.009340713497787645,0.009320872227946374,0.00027973033094099656,0.00025988906109972675,0.012094056537874173,0.012074215268032902,-0.002732363256316539
2025-12-17,0.002526338048453403,0.002506496778612133,0.0,0.0,-0.012409670961851338,-0.012429512231692608,0.003609568897236959,0.003589727627395689,0.0009511106676664883,0.0009312693978252185,-0.006652813385255557,-0.006672654655096827,0.004939272014135076,0.004919430744293806,0.0,0.0,-0.0052833840607903965,-0.005303225330631666,0.0,0.0,-0.010229342266485354,-0.010249183536326624,-0.022543784825428403,-0.022563626095269674,-0.01249944064904155,-0.01251928191888282,-0.018842554239255738,-0.018862395509097008,-0.01100356428531768
2025-12-18,0.0036665482745676494,0.0036467070047263793,0.0,0.0,0.0030702260973458407,0.0030503848275045707,0.017298849166375845,0.017279007896534575,0.0021193439668895867,0.0020995026970483167,-0.0016552729707445257,-0.0016751142405857955,-0.010166495856679236,-0.010186337126520506,0.0,0.0,-0.009506731641854694,-0.009526572911695964,0.0,0.0,-0.006462873588909245,-0.006482714858750515,0.0,0.0,0.000519258671598266,0.0004994174017569962,-0.00033395339983288697,-0.0003537946696741568,0.0075511768241409705
2025-12-19,0.008384707236628463,0.008364865966787193,0.0,0.0,-0.00391862404935559,-0.003938465319196859,0.02122514005729681,0.02120529878745554,-0.0007578617384649267,-0.0007777030083061965,0.01636294653298878,0.01634310526314751,0.009583953271135405,0.009564112001294135,0.0,0.0,0.004600110437226568,0.004580269167385298,0.0,0.0,0.017348049161403246,0.017328207891561975,0.0,0.0,0.004267790359811396,0.004247949089970127,0.025390241593950237,0.025370400324108967,0.009063578290348762
2025-12-22,0.002350737002651393,0.002330895732810123,0.0,0.0,-0.003336271927678014,-0.003356113197519284,-0.008200211140820554,-0.00888671907732849,-0.0035599527054745233,-0.0035797939753157934,0.0013345919750179513,0.0009814173718433483,0.011528940752699678,0.011509099482858408,0.031608820374906865,0.030588979105065594,0.0011026390004285958,0.001082797730587326,0.0,0.0,0.002086119748145321,0.002066278478304051,0.031608820374906865,0.030588979105065594,0.005700421469600836,0.005680580199759567,0.007181240679611789,0.006661399409770519,0.006229909040435855
2025-12-23,0.00037834556759063225,0.00035850429774936243,0.0,0.0,0.006711735205268788,0.006691893935427518,-0.0006364838168186338,-0.0011563250866599036,0.002453050565096515,0.002433209295255245,-0.019378802503725756,-0.019898643773567027,0.00951059218396727,0.009490750914126,0.002473306560904609,0.002453465291063339,-0.0013978744017340782,-0.001417715671575348,0.0,0.0,0.0034542657090739556,0.0034344244392326855,0.002473306560904609,0.002453465291063339,0.0047181494692670745,0.004698308199425805,-0.009414940770463676,-0.009434782040304946,0.004570434077165064
2025-12-24,-0.0020851813303317986,-0.0021050226001730686,0.0,0.0,0.004693626682184426,0.004673785412343157,0.01901305858267377,0.0184932173128325,0.0019347232286425213,0.0019148819588012515,0.002780148843576802,0.0027603075737355318,-0.006747556876450312,-0.006767398146291581,-0.04287236331324151,-0.04289220458308278,0.0009833486320142137,0.0009635073621729439,0.0,0.0,-0.00500725691165127,-0.0050270981814925396,-0.04287236331324151,-0.04289220458308278,0.0031315093640708726,0.0031116680942296026,0.008173640850188124,0.0071537995803468545,0.0035176469336466454
2025-12-26,-0.0010008946718394695,-0.0010207359416807393,0.0,0.0,-0.000693377793921246,-0.0007132190637625158,0.006200511591828994,0.006180670321987725,0.0028169629341575964,0.0027971216643163264,0.0025287888434750716,0.0025089475736338016,-0.002890398960545337,-0.002910240230386607,-0.015601333432746056,-0.015621174702587327,0.0016086259967378557,0.0015887847268965859,0.0,0.0,-0.0028781935792321356,-0.0028980348490734056,-0.015601333432746056,-0.015621174702587327,-0.0001377920541048461,-0.00015763332394611593,-0.00011400283768125963,-0.00013384410752252947,-0.00010139418790333643
2025-12-29,-0.005903143554461509,-0.005922984824302779,0.0,0.0,-0.0019676653577820336,-0.0019875066276233036,0.002811983996593048,0.0017921427267517784,-0.005299129822552528,-0.005318971092393798,-0.003932048599874782,-0.003951889869716052,0.00316729803367114,0.00314745676382987,-0.008159113760447423,-0.008178955030288693,0.00158558989620059,0.0015657486263593201,0.0,0.0,0.004287878676996449,0.004268037407155179,-0.008159113760447423,-0.008178955030288693,-0.0045851572868849,-0.004604998556726169,-0.008327019869954433,-0.008346861139795703,-0.0035636809822511273
2025-12-30,-0.004537006470227444,-0.004556847740068714,0.0,0.0,-0.0007629226687031697,-0.0007827639385444396,0.002620299525838532,0.002600458255997262,-0.004923446168036105,-0.004943287437877374,0.004984167537206985,0.004964326267365715,0.0015242402950921274,0.0015043990252508576,-0.0008943934170336787,-0.0009142346868749485,0.0005870559777213403,0.0005672147078800704,0.0,0.0,0.00022642893252539098,0.00020658766268412114,-0.0008943934170336787,-0.0009142346868749485,-0.004436821807535541,-0.00445666307737681,0.007125432880424498,0.007105591610583229,-0.0012212056239845337
2025-12-31,-0.005009318268052376,-0.0050291595378936455,0.0,0.0,0.0040934029495061745,0.004073561679664905,0.023484909321084657,0.023465068051243387,0.0005206794756663297,0.0005008382058250599,-0.0019968541399859596,-0.0020166954098272297,-0.004253937137257757,-0.004273778407099027,-0.048592121241465724,-0.04861196251130699,-0.001266867426053764,-0.0012867086958950338,0.0,0.0,-0.0037564773179251773,-0.0037763185877664474,-0.048592121241465724,-0.04861196251130699,-0.001509349304922969,-0.0015291905747642387,-0.0012755319230900453,-0.001295373192931315,-0.0074088956888227475
2026-01-02,-0.005417120792951979,-0.005436962062793249,0.0,0.0,-0.0046159048609909934,-0.004635746130832263,-0.03126768030513766,-0.031287521574978924,-0.007316166346353792,-0.007336007616195061,-0.02362430548713751,-0.02364414675697878,0.010389102546305084,0.010369261276463813,0.008582332574537332,0.008562491304696062,0.0014235633722713193,0.0014037221024300495,0.0,0.0,0.0026838338791327233,0.0026639926092914532,0.008582332574537332,0.008562491304696062,0.012511884407272633,0.012492043137431363,-0.006542983159062488,-0.006562824428903757,0.0018330346379591411
2026-01-05,0.0038106611915676657,0.0037908199217263957,0.0,0.0,0.0020490517252493186,0.0020292104554080486,-0.019331408973358277,-0.019351250243199548,0.00804364710804334,0.008023805838202069,-0.0172414839771034,-0.01726132524694467,0.0017004013033289685,0.0016805600334876987,-0.013093307321155434,-0.013113148590996705,0.009126940641092407,0.009107099371251136,0.0,0.0,-0.0016854717380965552,-0.001705313007937825,-0.013093307321155434,-0.013113148590996705,0.0070110532740639605,0.006991212004222691,-0.02214068069769609,-0.02216052196753736,0.006660178462529753
2026-01-06,0.0030801615558292304,0.0030603202859879604,0.0,0.0,-0.0034972081108921686,-0.0035170493807334387,-0.006111465309767028,-0.0061313065796082976,0.005975495826820366,0.005955654556979096,0.0037449113633047926,0.0037250700934635225,-0.011295838379530508,-0.011315679649371779,-0.006759993241931772,-0.006779834511773042,-0.007038043113539427,-0.0070578843833806965,0.0,0.0,-0.011599636765041122,-0.011619478034882393,-0.006759993241931772,-0.006779834511773042,0.010848215712721565,0.010828374442880295,-0.008506159881845665,-0.008526001151686936,0.005947257666825578
2026-01-07,-0.002288185893111583,-0.002308027162952853,0.0,0.0,0.004016017403521366,0.003996176133680096,0.013338657973579027,0.013318816703737756,-0.005641107677735336,-0.005660948947576606,0.004015074959356768,0.0039952336895154985,0.002863169617615468,0.002843328347774198,0.029370227459670994,0.029350386189829724,-0.012736306965312583,-0.012756148235153853,0.0,0.0,0.0049162694090623465,0.004896428139221077,0.029370227459670994,0.029350386189829724,-0.0063664072580300254,-0.006386248527871295,0.020480479255971795,0.020460637986130525,-0.0032235029947706995
2026-01-08,0.006476009155754047,0.006456167885912778,0.0,0.0,-0.006500314557533183,-0.0065201558273744525,-0.011196046466330212,-0.011215887736171482,0.009984981975966922,0.009965140706125652,-0.006779485059836554,-0.006799326329677824,0.00256120117274794,0.00254135990290667,-0.03236989137231994,-0.032389732642161204,0.008519523498851211,0.008499682229009941,0.0,0.0,0.0010772454902077452,0.0010574042203664754,-0.03236989137231994,-0.032389732642161204,0.005005793521891533,0.0049859522520502636,-0.018449287245391244,-0.018469128515232514,-0.00010151182144413351
2026-01-09,-0.01998194755812722,-0.020001788827968492,0.024683327995461246,0.023663486725619975,-0.0034487813309111437,-0.0034686226007524137,-0.012876652477861683,-0.012896493747702954,-0.017355884049708326,-0.017375725319549597,0.03533212721786477,0.034312285948023505,-0.002817533452074028,-0.002837374721915298,-0.003499743393171162,-0.003519584663012432,0.007440432298693101,0.007420591028851831,0.0,0.0,0.004373527322882298,0.004353686053041028,-0.003499743393171162,-0.003519584663012432,0.005058023077381046,0.0050381818075397765,0.01956978940431009,0.01954994813446882,0.0066134796584182975
2026-01-12,-0.005352260898863215,-0.0053721021687044845,0.001752175135037004,0.0017323338651957342,-0.010832320701650622,-0.010852161971491893,-0.017439326600871607,-0.017459167870712878,-0.00408374867409399,-0.004103589943935259,0.006264024871711349,0.006244183601870079,-0.009878188567196767,-0.009898029837038037,0.005817794538643062,0.005797953268801792,0.005041379305503102,0.005021538035661833,0.0,0.0,-0.007648179826896662,-0.007668021096737932,0.005817794538643062,0.005797953268801792,-0.002212271426728163,-0.002232112696569433,0.01947084312351466,0.019451001853673388,0.0015703444104990805
2026-01-13,-0.01912388252391147,-0.019143723793752742,-0.005226356775892782,-0.005246198045734052,-0.0005395262226470243,-0.0005593674924882941,0.002001212701653765,0.0009813714318124952,-0.018453572954479757,-0.018473414224321028,-0.005226356775892782,-0.005246198045734052,0.0005680831001358185,0.0005482418302945487,-0.01205431249653599,-0.012074153766377261,0.009350716706574525,0.009330875436733254,0.0,0.0,0.009504205571665847,0.009484364301824576,-0.01205431249653599,-0.012074153766377261,0.0010292957797981674,0.0010094545099568976,-0.009273069377619514,-0.010292910647460784,-0.001999516689819014
2026-01-14,-0.008993399299315464,-0.009013240569156734,-0.010079423381321506,-0.010099264651162777,-0.0181447383099419,-0.01816457957978317,-0.02413600417725248,-0.02415584544709375,-0.007486262870193616,-0.007506104140034886,-0.010079423381321506,-0.010099264651162777,0.010470285305497085,0.010450444035655815,0.00609533051466693,0.0060754892448256605,0.010208309831439388,0.010188468561598118,0.0,0.0,0.0011810282860340807,0.001161187016192811,0.00609533051466693,0.0060754892448256605,0.0006642862619533618,0.000644444992112092,-0.01804067366258555,-0.01806051493242682,-0.004915311552799784
2026-01-15,0.004057521373256202,0.004037680103414932,0.025887876025167955,0.025868034755326685,0.0017015197340102262,0.0016816784641689563,-0.02423984004891455,-0.024259681318755822,0.0002659651551052524,0.00024612388526398256,0.025887876025167955,0.025868034755326685,0.002031579421584406,0.002011738151743136,0.017669104429579585,0.017649263159738315,0.0012079303524835882,0.0011880890826423184,0.0,0.0,-0.004763938086472563,-0.004783779356313833,0.017669104429579585,0.017649263159738315,0.0062440532532138885,0.006224211983372619,-0.0041811983125801255,-0.004701039582421396,0.0027232884465351326
2026-01-16,-0.0011365614096741422,-0.001156402679515412,0.002278220080050408,0.002258378810209138,0.006316257195101349,0.006296415925260079,-0.02357505319524933,-0.0235948944650906,0.000983099095100093,0.0009632578252588232,0.002278220080050408,0.002258378810209138,-0.0019921493290170457,-0.0020119905988583158,0.0024135552177745323,0.0023937139479332623,0.006200037457010976,0.006180196187169707,0.0,0.0,0.006554946121799832,0.006535104851958563,0.0024135552177745323,0.0023937139479332623,0.004177247681633312,0.004157406411792042,-0.008898931449907202,-0.009252106053081806,-0.0008377644449499844
2026-01-20,-0.0004203854541952601,-0.0004402267240365299,-0.018910572098949308,-0.018930413368790578,-0.016607983636031463,-0.016627824905872734,0.007878977903744033,0.007359136633902763,0.0048480840834875145,0.004828242813646245,-0.018910572098949308,-0.018930413368790578,-0.004058567490189223,-0.004078408760030493,-0.008707344331974731,-0.008727185601816002,-0.007033474424200013,-0.007053315694041283,0.0,0.0,-0.004546020989828104,-0.004565862259669373,-0.008707344331974731,-0.008727185601816002,-0.0018121282161516657,-0.0018319694859929355,0.007448563486605803,0.006178722216764533,-0.020356834003122604
2026-01-21,-0.00048327919105943876,-0.0005031204609007086,0.0016832684256335995,0.0016634271557923296,0.001513045472446628,0.0014932042026053582,0.013333172882719513,0.013313331612878242,-0.001085638281685064,-0.0011054795515263339,0.0016832684256335995,0.0016634271557923296,0.007288514513896272,0.007268673244055003,-0.01643311016031279,-0.016452951430154062,-0.0030987796085947482,-0.0031186208784360183,0.0,0.0,0.0034591830206869047,0.0034393417508456346,-0.01643311016031279,-0.016452951430154062,0.013460724487732756,0.013440883217891485,0.005913687478850321,0.005893846209009052,0.011541171372927428
2026-01-22,0.00019665121072041068,0.00017680994087914084,-0.03333832932621683,-0.0348581705960581,0.010855822263000924,0.010835980993159654,-0.042634213146426125,-0.044654054416267394,0.006894487852091503,0.006874646582250233,-0.03333832932621683,-0.0348581705960581,-0.002224037173881333,-0.002243878443722603,-0.03292659539563447,-0.03394643666547574,-0.0021592444682434373,-0.0021790857380847074,-0.03292659539563447,-0.03394643666547574,0.004894455488883832,0.004874614219042562,0.0,0.0,0.0007762612042551136,0.0007564199344138438,-0.020165758018831803,-0.020685599288673074,0.005223034841890906
2026-01-23,0.006605590169807085,0.006585748899965815,0.010924204663478987,0.010904363393637716,5.9843929597413765e-05,4.0002659756143924e-05,0.024950475761827517,0.024930634491986247,0.005648728830568949,0.0056288875607276795,0.010924204663478987,0.010904363393637716,-0.004866982153006616,-0.004886823422847885,0.016973549385553066,0.016953708115711796,-0.005221102965862823,-0.0052409442357040925,0.016973549385553066,0.016953708115711796,-0.02204608621990719,-0.02206592748974846,0.0,0.0,-0.01080268824338997,-0.01082252951323124,0.011384558097828401,0.01136471682798713,0.00036283245729173963
2026-01-26,0.0029755443598938336,0.0029557030900525636,-0.011779479740091248,-0.011799321009932518,-0.001281322686582864,-0.0013011639564241338,0.015896640068485124,0.014876798798643854,0.001153499629332944,0.0011336583594916741,-0.011779479740091248,-0.011799321009932518,0.000850626412533661,0.0008307851426923912,-0.0008741981491092177,-0.0018940394189504875,0.0006786008919641316,0.0006587596221228618,-0.0103479316398018,-0.01036777290964307,-0.004658596510526058,-0.004678437780367328,0.0,0.0,-0.0057170342745389005,-0.00573687554438017,-0.024843417785935268,-0.02569659238910987,0.005078168996109245
2026-01-27,-0.02362443472132704,-0.02364427599116831,-0.005538927949976791,-0.00555876921981806,-0.004312055405754944,-0.0043318966755962135,0.0028383325042687924,0.0023184912344275223,-0.030321759396841508,-0.030341600666682778,-0.005538927949976791,-0.00555876921981806,0.01066736900797054,0.01064752773812927,0.002465697584529747,0.001945856314688477,-0.011902192606541885,-0.011922033876383156,0.007972473287827167,0.007619298684652564,0.0064581747831546805,0.006438333513313411,0.0,0.0,0.0015640271792701438,0.001544185909428874,0.011960748126047721,0.01169090685620645,0.0039842915730679
2026-01-28,-0.006211959102558518,-0.006231800372399787,0.002250062390205568,0.001896887787030965,-0.013922333449955037,-0.013942174719796308,-0.0827807209309836,-0.08280056220082486,-0.006441731028777531,-0.0064615722986188,0.002250062390205568,0.001896887787030965,0.0034064531232661063,0.0033866118534248363,0.00944606986213914,0.009426228592297869,-0.0005569824988752581,-0.0005768237687165279,-0.019404848540102198,-0.01942468980994347,0.015196699710341832,0.015176858440500561,0.0,0.0,0.0005070976257423143,0.00048725635590104446,0.02927597373810034,0.02892279913492574,-0.00010064921396324422
2026-01-29,-0.007578280591770992,-0.007598121861612262,-0.0014324887013554277,-0.0017023299711966975,0.015086116606496825,0.015066275336655555,0.008066499810877648,0.008046658541036377,-0.006393731447522866,-0.006413572717364135,-0.0014324887013554277,-0.0017023299711966975,0.019361299614481044,0.019341458344639774,-0.00023301983167656193,-0.00025286110151783174,0.013822118584443821,0.01380227731460255,0.001891278184185589,0.0018714369143443192,-0.002677000922542217,-0.002696842192383487,0.0,0.0,0.015989366835447716,0.015969525565606445,-0.021696697188012974,-0.021859395600711387,-0.001984439728138443
2026-01-30,0.018022693633512908,0.018002852363671638,0.009395202621043496,0.009175361351202227,-0.013776954863794866,-0.013796796133636137,0.019347537060263625,0.018827695790422354,0.017527316302194416,0.017507475032353146,0.0011248547704956315,0.0004050135006543617,0.018187979133369236,0.018168137863527965,0.007902517895790218,0.0073826766259489475,-0.002989022199231128,-0.003008863469072398,0.0042070935869811255,0.004187252317139856,0.01711052743500723,0.017090686165165958,0.0,0.0,-0.001028080247873142,-0.0010479215177144118,-0.014631306565445331,-0.0148511478352866,-0.0029825340247910948
2026-02-02,0.0031351070124933096,0.0031152657426520396,-0.0009483361452249234,-0.0013015107483995265,0.0024694550154961024,0.0024496137456548324,-0.015439734613811784,-0.015659575883653055,0.004185025525780105,0.004165184255938836,-0.008253583669371848,-0.008606758272546451,0.0015945239960410305,0.0015746827261997607,-0.0043204273963117126,-0.004673601999486316,-0.009013496581505465,-0.009033337851346735,-0.0004021371459292933,-0.0006719784157705631,0.004096408629635951,0.004076567359794682,0.0,0.0,0.019237355634588657,0.019217514364747387,-0.0030810281733662237,-0.0036008694432074937,0.004971211279279464
2026-02-03,-0.001704972053835374,-0.0017248133236766438,-0.004652659299232457,-0.0048391672357403935,-0.027568763635258387,-0.027588604905099658,0.01409819929610522,0.013745024692930617,-0.005508665277030001,-0.00552850654687127,0.004335337622716899,0.004005972543351819,0.011867249300349391,0.01184740803050812,-0.026746350009788755,-0.026766191279630026,-0.002541387200228473,-0.002561228470069743,0.0125841993961808,0.01256435812633953,-0.004087086261026286,-0.0041069275308675554,0.0,0.0,0.011360505020021595,0.011340663750180325,0.0018822894907354277,0.0017513371097830467,-0.00845533075035465
2026-02-04,0.015189193150210679,0.015169351880369409,0.023509093875609215,0.023489252605767945,-0.010666733665969829,-0.0106865749358111,0.013883388597307865,0.013696880660799928,0.016522816373919592,0.016502975104078322,0.028216787488355728,0.027974723996292236,-0.00506941276881846,-0.00508925403865973,-3.596586345085487e-05,-5.580713329212471e-05,-0.008027668783812347,-0.008047510053653617,0.025634611043874656,0.025614769774033385,-0.00570268470523333,-0.005722525975074599,0.0,0.0,-0.0062445319020551174,-0.006264373171896387,0.0024349501203587438,0.0022039977394063626,-0.00484383887388995
2026-02-05,-0.0007459939428606892,-0.000765835212701959,0.005612127321955132,0.005592286052113863,0.005006122210236675,0.004986280940395406,0.007088799486589489,0.007068958216748219,-0.004216877697658961,-0.0042367189675002305,-0.005364436910006993,-0.005384278179848262,0.012147910780492767,0.012128069510651497,0.018854380215337658,0.018834538945496387,0.005181254598065644,0.005161413328224374,0.007631387182183563,0.007611545912342294,0.011080806086322713,0.011060964816481443,0.0,0.0,0.016464016661599967,0.016444175391758697,-0.0012903139633026386,-0.0013101552331439084,-0.012489370624430896
2026-02-06,-0.006899904818128357,-0.006919746087969626,0.005738276722691596,0.0054684354528503265,-0.004455535527504793,-0.004475376797346063,-0.014278595601844394,-0.014548436871685663,-0.004861843843910762,-0.004881685113752031,0.002050396075415236,0.0018487366237557843,-0.0193717940605733,-0.01939163533041457,-0.016591879152569433,-0.016861720422410704,0.00044989529188290724,0.0004300540220416374,-0.005574604399407546,-0.005594445669248815,-0.001971770970917176,-0.001991612240758446,0.0,0.0,0.022368768467128354,0.022348927197287084,0.008489838875268774,0.008288179423609323,0.019184951600759614
2026-02-09,-0.004382696619332959,-0.004402537889174229,-0.014258130039687216,-0.01461130464286182,-0.009661606003014578,-0.009681447272855848,-0.0031813371078089347,-0.0032011783776502048,-0.007733566004828174,-0.007753407274669444,-0.007868221926772584,-0.00830472986328052,0.00219232734729804,0.00217248607745677,-0.00834475937201934,-0.00836460064186061,0.013063921562965642,0.013044080293124372,-0.010143646959770547,-0.010163488229611817,0.0029622370723259026,0.0029423958024846326,0.0,0.0,-0.004384101972676779,-0.004403943242518049,0.0004386522900260035,0.00033547768685140034,0.004821764563112119
2026-02-10,0.0027330743780825673,0.0027132331082412972,0.0015708385753346508,0.001550997305493381,-0.0027545705789460587,-0.0027744118487873287,0.01819675624961376,0.01817691497977249,0.0011251802599300921,0.0011053389900888223,0.0002631534077418286,0.00024331213790055876,-0.005233684752451761,-0.005253526022293031,0.004420834766854814,0.004400993497013545,0.011397658316084035,0.011377817046242765,0.00879139392226233,0.00877155265242106,-0.006940456750410939,-0.006960298020252209,0.0,0.0,-0.011484963939887061,-0.011504805209728332,-0.004864462187518691,-0.00488430345735996,-0.0026371350560441265
2026-02-11,-0.014507886641154688,-0.014527727910995958,-0.017806863239391152,-0.018076704509232423,-0.020493830868649157,-0.020513672138490428,-0.008076135479616792,-0.008207087860569173,-0.014583503515304408,-0.014603344785145678,-0.010940267446550864,-0.011210108716392133,0.0010292224859139278,0.001009381216072658,-0.03367495533999222,-0.033894796609833494,-0.007400112370197398,-0.007419953640038668,0.0006209487642573064,0.0006011074944160366,-0.01383146601592028,-0.01385130728576155,0.0,0.0,0.00025762058443712377,0.00023777931459585393,0.00966458955589927,0.009644748286058,-0.00023116280847257364
2026-02-12,-0.00963444918526144,-0.00965429045510271,-0.0227457594243565,-0.02276560069419777,-0.006259725549434492,-0.006279566819275761,-0.013468877723115422,-0.013488718992956693,-0.011912008302861167,-0.011931849572702437,-0.012913991375333611,-0.012933832645174882,-0.007379153004501992,-0.0073989942743432615,-0.014765765341663378,-0.014785606611504649,-0.011855020729311638,-0.011874861999152908,-0.0195688219045555,-0.01958866317439677,-0.014088121693618992,-0.014107962963460263,0.0,0.0,-0.0034194452318199488,-0.003439286501661219,-0.010814897650707405,-0.010834738920548675,-0.015448908452140975
2026-02-13,-0.0008283464286351844,-0.0008481876984764542,0.0020552193765535163,0.0018353781067122464,0.004153667954630536,0.004133826684789266,-0.003736501627783501,-0.004006342897624771,0.002305610696078919,0.002285769426237649,-0.006152442252446955,-0.0062492065992113014,-0.00032161324389701207,-0.0003414545137382819,0.011419489145077798,0.01119964787523653,0.011736716282900716,0.011716875013059446,0.005155667960797916,0.004935826690956646,-2.5728657218093785e-05,-4.5569927059363626e-05,0.0,0.0,0.0009935366990886148,0.000973695429247345,-0.007359616805622659,-0.00749056918657504,0.0007046233276368774
2026-02-17,0.000502722300191416,0.0004828810303501462,0.0112007362004076,0.011180894930566329,0.011937125630738555,0.011917284360897284,0.009850232978363963,0.009830391708522693,0.0005407216124379444,0.0005208803425966746,0.0033522506645529042,0.003332409394711634,0.004574092407532171,0.004554251137690902,0.009564445467706474,0.009544604197865203,-0.004104001537954971,-0.0041238428077962404,0.006905046327905473,0.006885205058064204,0.0003722803654254258,0.000352439095584156,0.0,0.0,0.008509019232153192,0.008489177962311922,0.00048477484996149267,0.00033993358012022286,0.0016134293041962788
2026-02-18,0.0011139400774242691,0.0010940988075829993,-0.0013701329223473335,-0.0013899741921886033,0.002671863626835646,0.002652022356994376,0.005267924144893091,0.005123082875051821,0.0005217770596935956,0.0005019357898523258,0.00026256964410925187,0.00024272837426798203,0.0016568657600938173,0.0016370244902525475,-0.0005256972524050774,-0.0005455385222463472,-0.004376289869790851,-0.00439613113963212,0.00535479757591526,0.00533495630607399,-0.0032271090690423115,-0.0032469503388835815,0.0,0.0,-0.008386798300092979,-0.00840663956993425,0.010202620879076888,0.009949013375469384,0.005037695790158558
2026-02-19,0.002140547968839967,0.002120706698998697,-0.006315447644227945,-0.006335288914069215,-0.015495426608049666,-0.015515267877890936,-2.6088336855509264e-05,-4.5929606696779106e-05,0.004588877689715043,0.004569036419873773,-0.004017735754103387,-0.004037577023944657,0.00042123034945985567,0.00040138907961858586,-0.00761747145610705,-0.00763731272594832,0.005870780923328089,0.00585093965348682,-0.0028205097035582938,-0.002840350973399564,0.0037739041035352193,0.0037540628336939492,0.0,0.0,0.0021026854557712584,0.0020828441859299883,-0.0010284022366168631,-0.001048243506458133,-0.002637440014283343
2026-02-20,0.013452843665079105,0.013433002395237835,-0.006031457444656246,-0.006860822524021325,0.0018100984311427704,0.0017902571613015005,-0.0014923626860972778,-0.001956648400382992,0.012247121670206473,0.012227280400365203,-0.0001322671455675408,-0.0005449655582659534,0.007396249432602053,0.007376408162760783,-0.0024308323409388305,-0.003117340277446767,-0.001765178865536076,-0.0017850201353773458,-0.003862028403512944,-0.00454853634002088,-0.0019355054915436319,-0.001955346761384902,0.0,0.0,0.005859320336918805,0.005839479067077535,-0.006710908715166462,-0.006912568166825914,0.007231834702975171
2026-02-23,-0.010945237462749637,-0.010965078732590908,0.02932309366207759,0.029303252392236318,-0.014855157700288056,-0.014874998970129326,-0.0003415303595786139,-0.0006113716294198837,-0.012315333801433903,-0.012335175071275174,0.015900982786082072,0.015804218439317726,0.0025725454450712722,0.002552704175230002,0.00968546323198467,0.009665621962143399,-0.01188390329373733,-0.011903744563578601,0.008638816249755895,0.008618974979914625,-0.004458876014511358,-0.0044787172843526275,0.0,0.0,-0.001183834745182688,-0.0012036760150239579,0.00876369251968157,0.0087438512498403,-0.010211295817177612
2026-02-24,-0.014971255953762608,-0.014991097223603879,0.005001421716873545,0.004981580447032275,1.6008532889620966e-05,-3.832736951648875e-06,-0.0018640252909383065,-0.002008866560779576,-0.01342884131247013,-0.0134486825823114,0.006852303450067136,0.006832462180225866,-0.01350352283790983,-0.013523364107751101,-0.007911026134199566,-0.008180867404040837,0.0010672303294552935,0.0010473890596140237,0.005878444072212385,0.005858602802371116,-0.003143404463372102,-0.003163245733213372,0.0,0.0,-0.012616648881984681,-0.012636490151825951,0.009299924916145785,0.009013416979637848,0.007268586321031556
2026-02-25,0.00890430022337405,0.00888445895353278,-0.008435406962012778,-0.008455248231854048,0.01314203567842237,0.0131221944085811,0.005568419219794479,0.005215244616619876,0.007213607421129109,0.00719376615128784,-0.010487071705476579,-0.01050691297531785,-0.00879971368404916,-0.00881955495389043,-0.0006891232939831107,-0.0010422978971577138,-0.0031792919085089077,-0.0031991331783501778,0.001672604655984955,0.0011527633861436852,0.008630405479176095,0.008610564209334825,0.0,0.0,-0.008232143077638898,-0.008251984347480168,-0.0029447231598983855,-0.0030756755408507665,0.008438139639442843
2026-02-26,0.001364237802277535,0.001344396532436265,-0.011791777280369306,-0.011978285216877242,0.0022564118697918634,0.0022365705999505933,0.008927841861611736,0.008908000591770465,-0.0008816608831701543,-0.0009015021530114242,-0.010580161984461307,-0.010766669920969243,-0.0019578826248350723,-0.0019777238946763424,-0.0027461363562124586,-0.0027659776260537286,0.012500053502582764,0.012480212232741494,-0.0032253195337544893,-0.0032451608035957594,-0.00801407587351265,-0.00803391714335392,0.0,0.0,-0.009692652233694964,-0.009712493503536234,-0.007350658251058795,-0.007970499520900065,-0.005554395000458845
2026-02-27,-0.0035324391787243227,-0.0035522804485655928,0.019698438779025863,0.01934526417585126,-0.004862524074119778,-0.004882365343961048,-0.029852743043792387,-0.030122584313633658,-0.004799780706703361,-0.00481962197654463,0.025278323953324452,0.02492514935014985,-0.009403014283621457,-0.009422855553462728,0.00515525414222114,0.00513541287237987,0.02045228102737958,0.02043243975753831,-0.002556560211462,-0.00257640148130327,0.01724298398631773,0.01722314271647646,0.0,0.0,-0.020961752296068215,-0.020981593565909486,0.03363549216586009,0.033115650896018825,-0.004801907270092998
2026-03-02,-0.008440564859766098,-0.008460406129607368,-0.013687559800511373,-0.013907401070352642,-0.0020313885121144514,-0.0020512297819557214,-0.006748546842189239,-0.007101721445363842,-0.009077642056575207,-0.009097483326416477,-0.010110434916709526,-0.010512094368368977,0.0024164531782675637,0.0023966119084262937,0.006163464106243577,0.004143622836402306,0.004684633727208043,0.004664792457366773,0.0002016784498224955,0.00018183717998122566,0.006853039465549604,0.0068331981957083345,0.0,0.0,-0.004697018273128872,-0.004716859542970141,0.008541536976229721,0.00841058459527734,0.0005685897092166936
2026-03-03,0.011300593920716006,0.009080752650874737,-1.0340736853731852e-05,-0.0005301820066950017,0.0013908927727749772,-0.00022894849706629294,0.006579969631590637,0.006360128361749367,0.008408640956524261,0.00558879968668299,0.0015568372690585594,0.0013147737769950674,0.013276145491132207,0.011256304221290937,0.003044254866662932,0.002524413596821662,0.0014514408821518767,-0.0013684003876893941,0.003022363997348121,0.0020025227275068513,0.009740415890556953,0.006720574620715683,0.0,0.0,0.0029043174567095487,-0.0011155238131317219,0.0033380430134019408,0.0024848684102273377,-0.008814360718000014
2026-03-04,0.002048545899958276,0.002028704630117006,0.01017123701810338,0.009901395748262109,-0.004648420223510464,-0.0046682614933517335,0.013693294399437072,0.013340119796262468,0.002944922844323872,0.002925081574482602,0.005601960702644654,0.005207119432803384,-0.0010735873789006756,-0.0010934286487419454,0.02565975509138635,0.02563991382154508,-0.009716404022614533,-0.009736245292455804,0.017134205994010943,0.017114364724169672,-0.003213921697536248,-0.003233762967377518,0.0,0.0,0.004114112610214127,0.0040942713403728575,-0.008009518158518358,-0.008529359428359628,0.007055426061514547
2026-03-05,0.010034352658931156,0.010014511389089886,-0.007336526004161015,-0.007356367274002284,0.002196146734057247,0.0021763054642159768,-0.0010333127117869243,-0.0013031539816281941,0.015261985271901191,0.01524214400205992,-0.008859215765646172,-0.009212390368820775,-0.0031119422200935436,-0.0031317834899348136,-0.00173576061172509,-0.00175560188156636,0.0022452161961419408,0.0022253749263006707,-0.005058735470782616,-0.005078576740623886,0.003513243169906765,0.003493401900065495,0.0,0.0,0.01779210993090581,0.01777226866106454,-0.011829405519586379,-0.013049246789427649,-0.0055756895160732345
2026-03-06,0.007101080419940476,0.007081239150099206,0.0035516604699905308,0.0035318192001492607,-0.0014536937267171195,-0.0014735349965583893,-0.005858349779221561,-0.005878191049062831,0.009120644671072042,0.009100803401230772,0.0015960645587401638,0.001576223288898894,0.0020852119167019,0.00206537064686063,-0.005096045946377026,-0.005115887216218295,0.0028616671777750725,0.0028418259079338024,-0.004015953554895146,-0.004035794824736416,-0.00018350374245016364,-0.00020334501229143348,0.0,0.0,0.0012769374653195942,0.0012570961954783244,0.02407456848355489,0.02405472721371362,-0.013106994348447198
2026-03-09,-0.0015019645619442025,-0.0015218058317854723,-0.036900221422194734,-0.037920062692036,-0.003177832521063807,-0.003197673790905077,0.00012751153833023832,-0.0008923297315110315,-0.005807944642974372,-0.005827785912815642,-0.008190307547869119,-0.008710148817710388,-0.010081934228339662,-0.010101775498180933,-0.040765351450141485,-0.04178519271998275,-0.010692819592310542,-0.010712660862151812,-0.03966006377065645,-0.03967990504049772,0.00044482769731181166,0.00042498642747054185,0.0,0.0,0.0019407273049807713,0.0019208860351395015,-0.02468311923753101,-0.025369627174038945,0.008759848345474275
2026-03-10,-0.002574042234698071,-0.002593883504539341,0.018874209127613912,0.01852103452443931,-0.0015316601167177034,-0.0015515013865589733,0.00820222695795586,0.00818238568811459,-0.0006006292246509059,-0.0006204704944921757,0.004172362715182028,0.0034858547786740914,-0.004084482637255238,-0.004104323907096507,0.018523012010854156,0.018503170741012886,0.001847987072868107,0.0018281458030268373,0.02115829907739264,0.02113845780755137,-0.003768048841088545,-0.003787890110929815,0.0,0.0,0.001241435904194366,0.0012215946343530962,-0.018638201353274486,-0.019158042623115757,-0.0016071064194473905
2026-03-11,-0.006730898039222721,-0.006750739309063991,0.00305300997452973,0.00303316870468846,-0.004887861573017516,-0.004907702842858785,-0.0043345692971032785,-0.004354410566944548,-0.004915836730241596,-0.004935678000082866,-0.00397922062394529,-0.0039990618937865595,-0.0060519287560845125,-0.006071770025925782,0.008358179731955517,0.008338338462114247,-0.006839168484356728,-0.006859009754197998,0.0064031505114892084,0.006383309241647939,0.004647847001772032,0.004628005731930763,0.0,0.0,0.014291967365635351,0.01427212609579408,-0.014544882268779202,-0.014564723538620473,-0.0012550721328115078
2026-03-12,-0.0003748880310966221,-0.0003947293009378919,0.010925560458988182,0.008905719189146911,-0.00017275381092616247,-0.00019259508076743232,0.012276333414814858,0.011256492144973589,-0.002004305511241422,-0.002024146781082692,0.008583486169413151,0.006313644899571882,0.008744416451423364,0.008724575181582093,0.010575369389131173,0.010555528119289902,0.0005904537837823527,0.0005706125139410829,0.010575369389131173,0.010555528119289902,0.0036582540376117753,0.0036384127677705053,0.0,0.0,0.003449544562624321,0.003429703292783051,0.000448774025285259,0.0004289327554439892,-0.015184929448649576
2026-03-13,-0.004793929436810162,-0.004813770706651432,0.023369574700901508,0.023349733431060237,-0.004534960592613746,-0.004554801862455015,0.014748310711277543,0.014728469441436272,-0.00897378646325082,-0.008993627733092091,0.010134877567070988,0.010115036297229717,0.00624362045858301,0.006223779188741741,0.013249542585860974,0.013229701316019703,0.009092154257243823,0.009072312987402553,0.013249542585860974,0.013229701316019703,-0.006600472053474038,-0.006620313323315308,0.0,0.0,-0.0035690968850186303,-0.0035889381548599004,0.021319224349742594,0.021299383079901323,-0.005660153274538393
2026-03-16,-0.005564442659617464,-0.005584283929458734,-0.006300246255168007,-0.006320087525009277,0.007211334008371272,0.007191492738530003,0.014836661926817818,0.014316820656976549,-0.007506584051767384,-0.0075264253216086536,-0.015764394025085005,-0.016284235294926275,-0.0008458114912410115,-0.0008656527610822814,0.0,0.0,-0.005168338874129563,-0.005188180143970832,0.0,0.0,-0.004850287516830443,-0.004870128786671713,0.0,0.0,-0.006787130469965218,-0.006806971739806488,-0.020009894441896214,-0.020029735711737485,0.01017678036768932
2026-03-17,-0.003673360853716112,-0.0036932021235573822,0.00967130424005791,0.00965146297021664,0.008666850383936987,0.008647009114095716,-0.01024109583802979,-0.01026093710787106,0.005926273201293408,0.005906431931452139,0.006283346579059518,0.006263505309218248,-0.00850422362679507,-0.008524064896636341,0.0,0.0,0.008141223777298912,0.008121382507457642,0.0,0.0,0.002292776137308117,0.002272934867466847,0.0,0.0,0.0027153017054877045,0.0026954604356464345,0.009569877587061404,0.009550036317220133,0.002630641382033616
2026-03-18,-0.001515484931979106,-0.0015353262018203758,-0.005543753505180327,-0.005563594775021596,-0.005476412121014228,-0.005496253390855498,-0.010954914860551612,-0.010974756130392883,-0.005487105704112861,-0.00550694697395413,-0.010154080073536936,-0.010173921343378207,0.014181179892610963,0.014161338622769692,0.0,0.0,0.007064923381199606,0.007045082111358336,0.0,0.0,0.012232781061794217,0.012212939791952947,0.0,0.0,0.004177207756495216,0.004157366486653946,-0.006244533768073435,-0.006264375037914704,-0.013953630828001051
2026-03-19,0.0004019355487864251,0.0003820942789451553,0.007735258777171183,0.007715417507329914,-0.0026795802988223813,-0.0026994215686636513,-0.002723663453238323,-0.002743504723079593,0.0026460118532211194,0.0026261705833798494,0.011143181321669998,0.011123340051828728,-0.00970809105136121,-0.009727932321202481,0.0,0.0,0.008215748477210561,0.00819590720736929,0.0,0.0,0.00011111102767371629,9.126975783244645e-05,0.0,0.0,0.01027974577761549,0.010259904507774219,0.012915488199334968,0.012895646929493697,-0.0024643625774001254
2026-03-20,0.006262601780315203,0.006242760510473933,0.018482138697958228,0.018462297428116958,0.0039837369927572235,0.003963895722915954,-0.009611904925871606,-0.009631746195712877,0.005908021355682202,0.005888180085840932,0.018201909996747978,0.017848735393573376,0.019243927719254993,0.019224086449413723,0.0,0.0,0.01515433317474506,0.015134491904903789,0.0,0.0,0.017582475368632635,0.017562634098791365,0.0,0.0,-0.011180583221658791,-0.011200424491500062,0.00015223710337608498,-0.0008676041664651849,-0.014335866992629342
2026-03-23,0.005533420835311409,0.00551357956547014,-0.006523646622507595,-0.006543487892348865,0.0036112673310964467,0.0035914260612551767,0.006523646622507595,0.0055038053526663255,0.00378712915642836,0.00376728788658709,-0.0024847393324828326,-0.0030045806023241027,-0.0059525508651006795,-0.005972392134941949,0.0,0.0,0.004630481892303393,0.0046106406224621236,0.0,0.0,0.0006953883462401111,0.0006755470763988413,0.0,0.0,0.0041067330508200665,0.004086891780978797,-0.018664143830763646,-0.018683985100604917,0.010500055284356824
2026-03-24,-0.005060523189946519,-0.005080364459787789,-0.0008517024101881709,-0.0008715436800294408,-0.0011315132886484446,-0.0011513545584897144,0.0008517024101881709,0.0008318611403469011,-0.005586853761996336,-0.0056066950318376056,-0.03868916349187812,-0.03870900476171939,0.007844440749919213,0.007824599480077942,0.0,0.0,0.008982876348279812,0.008963035078438542,0.0,0.0,0.0006177249448429566,0.0005978836750016868,0.0,0.0,-0.009107310438883076,-0.009127151708724347,-0.032282331557468846,-0.03230217282731011,-0.0033568197458091475
2026-03-25,-0.0037870966442028254,-0.0038069379140440954,-0.014290184676970075,-0.014310025946811345,-0.0039892273511911705,-0.00400906862103244,0.014290184676970075,0.014270343407128804,-0.0037481523893709515,-0.0037679936592122216,-0.026891121780879212,-0.026910963050720483,0.0006137298639200426,0.0005938885940787728,0.0,0.0,0.0012535438812050544,0.0012337026113637846,0.0,0.0,0.0016173641946011673,0.0015975229247598974,0.0,0.0,0.0021255522796073,0.00210571100976603,-0.038001084425277165,-0.03802092569511843,0.005572814791767078
2026-03-26,0.015285427141645002,0.015265585871803732,0.023779897916141213,0.023760056646299942,-0.0011276229208148861,-0.001147464190656156,-0.023779897916141213,-0.023799739185982483,0.015617262154024725,0.015597420884183455,0.03829705993184812,0.038277218662006854,0.012078046321614534,0.012058205051773263,0.0,0.0,0.018955220829391193,0.018935379559549922,0.0,0.0,0.008091993865728054,0.008072152595886783,0.0,0.0,0.003498887582942178,0.003479046313100908,0.023779897916141213,0.023760056646299942,-0.017858712243157604
2026-03-27,0.0006852861218664685,0.0006654448520251987,0.0,0.0,0.0025347697903793202,0.00251492852053805,0.0,0.0,-0.004940301970494776,-0.0049601432403360455,-0.006514064532078756,-0.006533905801920026,-0.0007648029991040757,-0.0007846442689453455,0.0,0.0,0.008943374958814441,0.008923533688973171,0.0,0.0,-0.004420465293356779,-0.004440306563198049,0.0,0.0,-0.001741638353320949,-0.001761479623162219,0.0,0.0,-0.01705191879256185
2026-03-30,-0.00828372375408335,-0.00830356502392462,0.0,0.0,0.002640509353758691,0.002620668083917421,0.0,0.0,-0.007514137525309828,-0.007533978795151098,0.013656683263398584,0.013636841993557313,0.003213436407910009,0.0031935951380687388,0.0,0.0,-0.005919487623475317,-0.005939328893316586,0.0,0.0,-0.0030930018632603917,-0.0031128431331016618,0.0,0.0,-0.00773577468006108,-0.00775561594990235,0.0,0.0,-0.003343469515220132
2026-03-31,-0.005344756001297413,-0.005364597271138682,0.0,0.0,-0.0019521044217831636,-0.0019719456916244336,0.0,0.0,-0.005115039020614619,-0.005134880290455889,0.004910678034538041,0.004890836764696771,-0.008083172584284738,-0.008103013854126009,0.0,0.0,-0.024194129465118775,-0.024213970734960046,0.0,0.0,0.0005290409254965281,0.0005091996556552583,0.0,0.0,0.0047210239748262,0.004701182704984931,0.0,0.0,0.02906792539862124
2026-04-01,0.017122936036935068,0.017103094767093797,0.0,0.0,-0.0245231147904129,-0.02454295606025417,0.0,0.0,-0.00038696999848103486,-0.0004068112683223047,-0.01744156984179629,-0.01746141111163756,0.012369938478993592,0.012350097209152321,0.0,0.0,-0.019527183435867634,-0.019547024705708904,0.0,0.0,0.010719307330569215,0.010699466060727945,0.0,0.0,-0.00012771454440906223,-0.00014755581425033207,0.0,0.0,0.00753442967227369
2026-04-02,0.004162433988168445,0.004142592718327175,0.0,0.0,-0.00720867519401358,-0.007228516463854849,-0.010759431200017655,-0.011779272469858925,0.0036357063503238522,0.003615865080482582,0.0062695543876019055,0.006249713117760636,0.010027879133676955,0.010008037863835684,0.010759431200017655,0.009739589930176385,0.004651772190548775,0.004631930920707505,0.0,0.0,0.008429720229612449,0.008409878959771178,0.0,0.0,0.015504760574227328,0.015484919304386058,0.0,0.0,0.0009005422726844348
2026-04-06,0.0005111106876965032,0.0004912694178552334,0.0,0.0,-0.0012224719057795982,-0.001242313175620868,-0.008347458304325706,-0.008367299574166976,0.00572181892114666,0.00570197765130539,-0.004632084998027974,-0.004651926267869244,-0.007156696019030373,-0.007176537288871643,0.008347458304325706,0.008327617034484435,-0.001461020237507227,-0.0014808615073484967,0.0,0.0,-0.0017803068349418695,-0.0018001481047831393,0.0,0.0,0.004756148191363862,0.004736306921522593,0.0,0.0,0.004726703240241825
2026-04-07,-0.010208054425400914,-0.010227895695242184,0.001988283626825682,0.0009684423569844122,-0.0049295817320378025,-0.004949423001879072,-0.03087385502773854,-0.03089369629757981,-0.017526582083593256,-0.017546423353434527,-0.015228621809360188,-0.01624846307920146,0.0014681262517555636,0.0014482849819142938,0.03087385502773854,0.03085401375789727,-0.01049314717601303,-0.0105129884458543,0.0,0.0,-0.007286639015073737,-0.007306480284915006,0.0,0.0,-0.009542850582537853,-0.009562691852379124,0.0,0.0,0.0004400691374961685
2026-04-08,-0.0014208025621093787,-0.0014406438319506485,0.00017525090028303048,0.00015540963044176063,-0.007120394010231547,-0.0071402352800728165,-0.015162597543555423,-0.015182438813396693,-0.0029885076263976296,-0.0030083488962388996,-0.025311260013866077,-0.025331101283707348,-0.008293627797620384,-0.008313469067461655,0.015162597543555423,0.015142756273714152,-0.007035056995680487,-0.007054898265521757,0.0,0.0,-0.006669146427800201,-0.00668898769764147,0.0,0.0,-0.0023706583104750045,-0.0023904995803162746,0.0,0.0,0.0254696046172882
2026-04-09,-0.008685020622497642,-0.008704861892338912,0.0019409603010607235,0.0019211190312194537,-0.004179365929334867,-0.0041992071991761365,0.01440239115045805,0.014382549880616779,-0.00884763564632024,-0.00886747691616151,-0.041916021861418684,-0.04193586313125995,-0.0069632646407020386,-0.006983105910543308,-0.01440239115045805,-0.01442223242029932,-0.003882881359376056,-0.003902722629217326,0.0,0.0,-0.003922240521415743,-0.003942081791257012,0.0,0.0,0.0047070274139695,0.0046871861441282305,0.0,0.0,0.005769096571727417
2026-04-10,-0.00411718743417625,-0.00413702870401752,0.020336261529469657,0.020316420259628386,-0.003230508630484642,-0.003250349900325912,-0.030701859083731353,-0.030721700353572624,-0.006015383507075112,-0.0060352247769163815,0.0010363431999503847,1.6501930109114873e-05,-0.0007198900809795459,-0.0007397313508208157,0.030701859083731353,0.030682017813890083,-0.004514696471675228,-0.0045345377415164975,0.0,0.0,0.003112365307379761,0.003092524037538491,0.0,0.0,0.00566483119099035,0.00564498992114908,0.0,0.0,-0.0006617946789001516
2026-04-13,-0.0002467893155370547,-0.0002666305853783245,0.016841684715059313,0.016821843445218043,0.006862145741036595,0.006842304471195325,-0.002967987669315386,-0.002987828939156656,0.00588189439296426,0.00586205312312299,0.07256743538429944,0.07254759411445817,-0.011662017360957589,-0.01168185863079886,0.002967987669315386,0.002948146399474116,-0.013516033026739094,-0.013535874296580364,0.0,0.0,0.0028899788879268697,0.0028701376180855997,0.0,0.0,0.009756138221904631,0.00973629695206336,0.0,0.0,0.009772337225445238
2026-04-14,-0.009051176771980363,-0.009071018041821633,-0.0061712038719914375,-0.006191045141832707,0.00863611322035882,0.00861627195051755,0.017877958607662947,0.017858117337821677,-0.004921779696932127,-0.0049416209667733964,-0.0061712038719914375,-0.006191045141832707,-0.011998554082629299,-0.01201839535247057,-0.017877958607662947,-0.017897799877504218,-0.006125911629919723,-0.006145752899760992,0.0,0.0,-0.0034449703472402174,-0.0034648116170814874,0.0,0.0,0.006936253097876787,0.006916411828035518,0.0,0.0,0.012184915010662545
2026-04-15,0.003487884146716813,0.003468042876875543,0.011132741922837086,0.010612900652995817,0.012812960538138064,0.012793119268296793,0.020163262307987484,0.020143421038146214,0.007407712290830826,0.007387871020989556,-0.013728182714065729,-0.015248023983906999,-0.0010888415395324475,-0.0011086828093737173,-0.020163262307987484,-0.020183103577828754,0.0031799430651738734,0.0031601017953326034,0.0,0.0,0.0005352931248612691,0.0005154518550199992,0.0,0.0,0.00780337701726942,0.00778353574742815,-0.024860924636902815,-0.025880765906744086,0.00789104262604634
2026-04-16,0.013097276372835786,0.013077435102994516,0.009742004198342535,0.009722162928501265,-0.011118724246983968,-0.011138565516825238,-0.010816520113972883,-0.011336361383814152,0.011551300071021352,0.011531458801180082,0.008170205685280615,0.007817031082106012,0.0017806700245334038,0.001760828754692134,-0.0032645258218073625,-0.0032843670916486325,-0.0013880909600996081,-0.001407932229940878,0.0,0.0,0.008417233920115397,0.008397392650274126,0.0,0.0,0.01716261978401007,0.0171427785141688,-0.0015717985130619208,-0.0019249731162365238,0.0024573146961406334
2026-04-17,-0.009794957844025988,-0.009814799113867258,0.022835913024881194,0.021816071755039922,0.006949975758869687,0.006930134489028418,0.016428891103091904,0.015075716499917301,-0.010929400796241218,-0.010949242066082488,0.007666842468896129,0.007247001199054859,-0.01166812854589896,-0.01168796981574023,0.013388119968486212,0.012368278698644942,-0.013108281376023666,-0.013128122645864937,0.008523389526702951,0.007503548256861682,-0.02548009655816881,-0.02549993782801008,0.0,0.0,-0.02713098430277304,-0.02715082557261431,-0.008394378956551188,-0.008414220226392459,0.012085709684531931
2026-04-20,0.002416960683814451,0.002397119413973181,0.018174527273366825,0.018154686003525555,0.008426066675626188,0.008406225405784918,0.002753984465378806,0.002484143195537536,0.0029842019107266804,0.0029643606408854104,0.025383563241506268,0.025363721971664997,0.005606745479687347,0.005586904209846077,-0.01025875801554299,-0.01027859928538426,0.0037105216357219972,0.003690680365880727,0.001517307294042869,0.001497466024201599,0.003053429769380789,0.003033588499539519,0.0,0.0,-0.0006281724935652934,-0.0006480137634065632,0.03829487548064122,0.03727503421079995,-0.0019997769579219726
2026-04-21,-0.00786674462904694,-0.00788658589888821,-0.015086185462331925,-0.015106026732173195,-0.0021236624989455777,-0.0021435037687868477,-0.0004133193402384161,-0.0004331606100796859,-0.004473848808887293,-0.004493690078728563,-0.00556828803613002,-0.00558812930597129,-0.005568460771598184,-0.005588302041439453,-0.01950740809051399,-0.01952724936035526,-0.005802222792013544,-0.005822064061854814,-0.014896908276850307,-0.014916749546691577,-0.00028900257909228975,-0.00030884384893355957,0.0,0.0,0.002273830531154786,0.002253989261313516,0.015393329991554147,0.015373488721712876,-0.006546877598048839
2026-04-22,0.0058306622274704074,0.005810820957629138,0.007871204174015045,0.007851362904173775,0.008849385981473801,0.00882954471163253,0.006667113657794432,0.006647272387953163,0.0031617153025422897,0.0031418740327010196,0.008703032395054355,0.008683191125213085,-0.005209368576220586,-0.005229209846061855,0.011781852956411543,0.011762011686570272,-0.007961882760369843,-0.007981724030211114,-0.013649829503155186,-0.013669670772996457,0.005195701587316815,0.005175860317475545,0.0,0.0,0.0038596841763885222,0.003839842906547252,-0.0023626192737409846,-0.0026324605435822544,0.010126679110719516
2026-04-23,-0.007819230452754821,-0.007839071722596092,-0.004678641638736214,-0.004698482908577484,-0.010576592581208123,-0.010596433851049393,-0.019985490055579563,-0.020005331325420834,-0.017433775011978403,-0.017453616281819673,-0.01093500128356606,-0.01095484255340733,-0.003966314737569998,-0.003986156007411268,0.026207642534664455,0.026187801264823184,0.016584902662734057,0.016565061392892787,0.01038614190014775,0.010366300630306479,-0.006796393510103249,-0.006816234779944519,0.0,0.0,-0.005607292029740008,-0.005627133299581278,0.0008199990765858367,0.0008001578067445669,-0.0038807172806204493
2026-04-24,-0.010214752753269985,-0.010234594023111256,0.00857183305395584,0.007551991784114571,-0.00871952649836023,-0.0087393677682015,-0.0014151198631478842,-0.002134961132989154,-0.005204696113225382,-0.005224537383066652,0.008940719256082669,0.008254211319574732,-0.014329863493520879,-0.014349704763362149,0.0003238190727768986,0.00030397780293562877,-0.0025762447649084978,-0.002596086034749768,-0.015608440084289743,-0.016128281354131014,-0.010327342317084487,-0.010347183586925757,0.0,0.0,0.01870809653709323,0.01868825526725196,-0.003337878172252895,-0.004057719442094165,0.0077492429694283604
2026-04-27,-0.012952450009406112,-0.012972291279247383,0.007757008174450375,0.007537166904609105,-0.0027328333103870065,-0.0027526745802282765,-0.003222988769496442,-0.003576163372671045,-0.009802775785364613,-0.009822617055205884,0.009536673051868089,0.009373974639169676,0.0002812809892849158,0.00026143971944364596,-0.013027290695750704,-0.01371379863225864,-0.004163760731696009,-0.004183602001537279,0.016643679253836363,0.015623837983995094,0.0031849192874683907,0.0031650780176271207,0.01810768060145973,0.01708783933161846,-0.00487656964739911,-0.0048964109172403795,0.01715323632155804,0.016966728385050103,0.0017229416659827468
2026-04-28,0.0049878461405720165,0.004968004870730747,-0.00562788380858316,-0.005981058411757763,-0.004799715168050268,-0.004819556437891537,-0.0022925699294421716,-0.0023124111992834416,-0.0005460602044664586,-0.0005659014743077285,-0.0025268858457734994,-0.002671727115614769,0.0033610723133095655,0.0033412310434682954,0.007331850593951509,0.007312009324110239,0.007067584554011974,0.007047743284170705,-0.006823101633852358,-0.006842942903693627,0.00041767688062091003,0.0003978356107796402,-0.012470622556905897,-0.012490463826747168,-0.0011078294281733458,-0.0011276706980146156,-0.0005663276357050929,-0.0007290260484035056,-0.004865980739709008
2026-04-29,-0.0037314886195479293,-0.0037513298893891993,-0.011102610097408983,-0.011289118033916919,-0.028102359392205366,-0.028122200662046636,-0.031223748611383238,-0.031493589881224505,0.009413199950942086,0.009393358681100816,-0.010084844011974927,-0.010304685281816196,-0.008759418507929962,-0.008779259777771232,-0.008653934160821311,-0.008673775430662582,0.004028068755594105,0.004008227485752835,-0.010867967402764966,-0.010887808672606237,0.0034429658782753727,0.0034231246084341026,-0.0010530008310793981,-0.001072842100920668,0.028993280936474474,0.028973439666633204,0.005508801721566068,0.005266738229502576,-0.0001546344034137892
2026-04-30,0.030116554585291652,0.03009671331545038,-0.006061245246286085,-0.006331086516127355,0.008123227867428641,0.00810338659758737,0.007818510589792882,0.007598669319951612,0.015521928696747012,0.015502087426905741,-0.009397127983996029,-0.00952808036494841,-0.0015966199690387803,-0.00161646123888005,0.0024498291952444826,0.0019299879254032128,-0.006275927231887402,-0.006295768501728672,0.0020625633033806157,0.0020427220335393456,0.0006193617275487735,0.0005995204577075037,-0.011235293439318061,-0.011255134709159332,-0.00418667098389105,-0.00420651225373232,-0.0017649788590158866,-0.0018848201288571564,0.009949685183250345
2026-05-01,0.009850638651885225,0.009830797382043954,0.0061523480224818915,0.005989649609783479,-0.0004472347437834423,-0.0004670760136247121,-0.010374863087806985,-0.011080418643362542,0.007401804911368836,0.007381963641527566,0.013150272870536066,0.012606622076885272,-0.0029796256177979097,-0.0029994668876391797,0.0002137127661873499,-0.0006394618369872531,-0.0035082279687167262,-0.0035280692385579963,-0.004841110576070433,-0.005194285179245036,0.005805792752108074,0.005785951482266805,0.002065905555888925,0.002046064286047655,0.010742776898738505,0.010722935628897234,0.0038722574580046147,0.0032883136240607807,0.00276905737155686
2026-05-04,0.01380065410236473,0.01378081283252346,-0.003914044070777588,-0.003933885340618858,-0.002785688204480375,-0.002805529474321645,-0.0026745713439628588,-0.002986079280470795,0.01273986197524012,0.012720020705398849,-0.0055684950323713085,-0.005655002968879245,-0.0026390599466954105,-0.0026589012165366805,0.013087045982956439,0.013067204713115168,-0.013639941140582468,-0.013659782410423739,0.0138177538725065,0.01379791260266523,0.001055582339213379,0.0010357410693721091,0.01899990452524447,0.0189800632554032,0.00436787473969974,0.00434803346985847,-0.009159259635325172,-0.009500529476595014,-0.0036633809509297732
2026-05-05,0.004309811062955215,0.004289969793113945,-0.0013124386562124075,-0.001498946592720344,-0.008010706994087081,-0.008030548263928352,-0.014906675110868864,-0.014926516380710134,0.0007241702537791216,0.0007043289839378518,0.00860688388209186,0.008387042612250591,-0.0031642721981572034,-0.0031841134679984734,-0.000447712670995859,-0.0004675539408371288,-0.0036473331445138315,-0.0036671744143551015,-0.001922514349748476,-0.0019423556195897458,0.0016401252004631939,0.001620283930621924,0.0013712482260128667,0.0013514069561715969,0.01398395919144525,0.013964117921603979,0.007432919650506634,0.007413078380665365,0.008022242913074518
2026-05-06,-0.010388982896200794,-0.010408824166042064,0.010447043351898258,0.010427202082056988,-0.0028157351392250497,-0.0028355764090663197,0.0065166057927522805,0.006496764522911011,-0.0075193422661654855,-0.007539183536006755,0.004556221831140043,0.0044738805612987735,-0.012794694647298965,-0.012814535917140235,0.016409365646752567,0.016389524376911296,-0.01749524616426933,-0.0175150874341106,0.03577405039558794,0.03575420912574667,-0.005838296794382603,-0.0058581380642238725,0.02889936882692068,0.02887952755707941,-0.004330445930753202,-0.004350287200594472,0.0033013680883827827,0.0032148601518748464,0.013899418730159985
2026-05-07,0.001228800513049033,0.0012089592432077633,0.0021652701562480114,0.0021454288864067414,0.010687459887504858,0.010667618617663587,0.00395057093110511,0.0039307296612638406,0.004021846646789374,0.004002005376948104,-0.0031385781866988937,-0.0031584194565401637,0.005890227951020311,0.005870386681179041,0.017508015041137727,0.017488173771296456,-0.008003148166345541,-0.008022989436186812,0.034369968578358424,0.03435012730851716,-0.009916393857009476,-0.009936235126850747,0.03609270932882147,0.036072868058980204,-0.004812168012239749,-0.004832009282081018,-0.006228619924265414,-0.006248461194106683,-0.0030660889376450395
2026-05-08,-0.0012980304153258572,-0.001317871685167127,0.010959795007747202,0.010797096595048789,-0.010662926161545572,-0.010682767431386842,-0.01212025509764224,-0.012282953510340653,-0.0009939032111678792,-0.001013744481009149,0.0055120690765018635,0.005325561139993927,0.004150767766961893,0.004130926497120623,0.004932759131860939,0.004912917862019669,0.009061351839759424,0.009041510569918153,-0.0013063227437142277,-0.0013261640135554976,-0.0014762738233522364,-0.0014961150931935062,0.003161735001850463,0.003141893732009193,0.018378341332478666,0.018358500062637395,0.008946697603793623,0.008726856333952353,0.008256054754597786
2026-05-11,-0.0012241186378373903,-0.00124395990767866,-0.005629040502094641,-0.005648881771935911,-0.015835531010980654,-0.015855372280821924,-0.015531237489089508,-0.015551078758930779,-0.007720467292014754,-0.007740308561856024,-0.004431682179047133,-0.004451523448888403,0.007777867712049701,0.007758026442208432,-0.012717834586015258,-0.012737675855856528,0.004484740441084867,0.004464899171243597,-0.045234464982416754,-0.04525430625225802,0.0023828621581569176,0.0023630208883156476,-0.028884451751219453,-0.028904293021060724,0.005475575865935334,0.005455734596094064,-0.0025223544450417267,-0.0025421957148829967,0.0022775635209937306
2026-05-12,-0.0005596209090599656,-0.0005794621789012354,0.00027297425272154296,0.00025313298288027314,0.0012812971551202758,0.001261455885279006,0.008799659730876479,0.008779818461035208,-0.0015144296914300194,-0.0015342709612712893,0.0004038408647654675,0.0003839995949241977,0.011442394674129153,0.011422553404287883,-0.007556632226134415,-0.007576473495975684,-0.00017466222466542333,-0.00019450349450669317,-0.012625269566789776,-0.012645110836631047,0.0013750346435629345,0.0013551933737216647,-0.014440386393276494,-0.014460227663117765,-0.014848471419616894,-0.014868312689458164,0.0029864657628779472,0.002966624493036677,-0.0015148976832113359
2026-05-13,-0.010204366617388737,-0.010224207887230007,-0.013850761838490377,-0.014037269774998314,0.007773347469097979,0.0077535061992567095,0.013022457322533841,0.01300261605269257,-0.012136270584707098,-0.012156111854548369,-0.004143328149410409,-0.004506026562108822,0.0032933136980184963,0.0032734724281772262,0.015227932388869325,0.015208091119028055,-0.00954010248544287,-0.00955994375528414,0.008747996698537097,0.008728155428695827,-0.0002514755466264339,-0.00027131681646770374,0.01026768322754068,0.01024784195769941,-0.0001336057358748311,-0.00015344700571610093,-0.007662499899185939,-0.007836187322873363,0.005594852718878274
2026-05-14,0.006921650279741721,0.006901809009900451,0.0055718695529705835,0.005552028283129314,0.005599348373167068,0.0055795071033257985,-0.0002326168443062271,-0.0004191247808141636,0.005332741691928466,0.0053129004220871965,0.00441058764863456,0.004313823301870213,0.008159246580623081,0.00813940531078181,-0.003310842524796964,-0.003330683794638234,0.010001601002929383,0.009981759733088113,-0.003012844402313123,-0.003032685672154393,-0.004248450792753123,-0.004268292062594392,0.0012131606849346,0.0011933194150933301,-0.008516773083077179,-0.00853661435291845,0.004732886581774259,0.004629711978599656,0.007894249484761584
2026-05-15,0.015974366549441198,0.015954525279599927,0.012510642649996285,0.011990801380155016,-8.145262414568314e-05,-0.00010129389398695298,-0.0007518189764643532,-0.001114517389162766,0.018916085571601404,0.018896244301760134,0.0049498185644232615,0.004679977294581992,0.008105729540698003,0.008085888270856732,0.014756729004896569,0.014070221068388632,0.01385921432681193,0.01383937305697066,0.011560412160897465,0.010873904224389528,0.013682777926959065,0.013662936657117795,-0.005392539963229637,-0.005412381233070906,0.004037813154590775,0.004017971884749506,-0.013699628489848995,-0.013719469759690265,-0.012029288059682064
2026-05-18,0.006414937994011438,0.0063950967241701686,-0.00980074653193271,-0.009820587801773981,0.008794219777080826,0.008774378507239555,-0.0026958455744827536,-0.0029656868443240234,0.012891932576549758,0.012872091306708487,-0.009547349060433695,-0.009567190330274965,0.01131780525924363,0.01129796398940236,-0.01753935319460198,-0.01755919446444325,0.02289625289830194,0.022876411628460668,-0.03125580875575773,-0.031275650025599,0.002103055229456685,0.002083213959615415,-0.03266449363998725,-0.032684334909828514,-0.001109616776259248,-0.0011294580461005178,-0.015299929206815463,-0.015569770476656732,-0.0007035134425675826
2026-05-19,0.0014482420039639288,0.001428400734122659,-0.005749490277892659,-0.0057693315477339285,-0.00815401438702198,-0.00817385565686325,-0.014107564368397203,-0.014127405638238473,-0.0024167664317367166,-0.0024366077015779866,-0.0024004970395354783,-0.0024203383093767484,0.007300055434409558,0.007280214164568289,-0.011142569039832035,-0.011162410309673305,0.0006758867649652497,0.0006560454951239799,-0.01408549683051789,-0.01410533810035916,-0.00995731945366125,-0.00997716072350252,-1.1691269272806615e-05,-3.1532539114076456e-05,-0.0022660783880088077,-0.0022859196578500778,0.007824008435176694,0.007804167165335424,-0.006660884222331576
2026-05-20,-0.005127923873494722,-0.005147765143335992,0.0008234978906908053,0.0008036566208495354,-0.0053672451056118176,-0.005387086375453087,-0.00776703695249816,-0.0077868782223394295,0.0003277243477423197,0.0003078830779010499,0.008402314555117679,0.008382473285276408,-0.003710323443557051,-0.003730164713398321,-0.010050611748547081,-0.010070453018388352,0.0013657078821272643,0.0013458666122859945,-0.010334773356892738,-0.010354614626734008,0.0010555667862261137,0.0010357255163848439,0.0012654534918239424,0.0012456122219826726,0.01013496604070552,0.010115124770864249,0.011199744660133907,0.011088994299383545,0.010249029332388027
2026-05-21,-0.0016214169286562384,-0.0016412581984975082,0.0008797203744629984,0.0008598791046217286,-0.004045302462391165,-0.004065143732232435,0.007946056357695566,0.007926215087854295,-0.006583757629433995,-0.006603598899275265,0.002587205970049933,0.002567364700208663,0.0111087542244941,0.01108891295465283,-0.00037439200546664697,-0.0003942332753079168,0.005878897663580496,0.005859056393739227,0.010545997253180764,0.010526155983339494,-0.001024999264103399,-0.0010448405339446689,0.002506810652443847,0.002486969382602577,-0.009888143776110003,-0.009907985045951273,-0.003075721534775558,-0.003095562804616828,0.0019831294549137457
2026-05-22,-0.0006580090259524661,-0.0006778502957937359,0.007998321143909934,0.00714514654073533,-0.005910635944624442,-0.005930477214465712,-0.008047450884455663,-0.008953006440011218,-0.0030481493023320925,-0.0030679905721733625,0.014919311893997533,0.014066137290822931,0.007209381171851281,0.007189539902010012,-0.004953671600962754,-0.004973512870804024,0.007532893516534855,0.007513052246693586,0.002775575104075778,0.002255733834234508,0.00567261903462315,0.0056527777647818805,0.003407610179511078,0.003387768909669808,-0.007591502912567861,-0.00761134418240913,0.01712962798807805,0.016427968536418598,0.003931565762728351
2026-05-26,-0.0023665695838788643,-0.0023864108537201344,-0.013840172116005264,-0.014193346719179867,0.005455767739296146,0.005435926469454877,0.010496893438706922,0.010310385502198986,-0.003266236344377959,-0.003286077614219229,-0.00794785473431133,-0.008058605095061691,-0.007638242670958884,-0.0076580839408001535,-0.012716151989854058,-0.012735993259695329,-0.004819888627696345,-0.004839729897537615,-0.007559782447297159,-0.007579623717138428,-0.0012084780203293292,-0.001228319290170599,0.0,0.0,-0.004047175419794113,-0.004067016689635382,0.0059712402863073555,0.005851399016466086,0.006638589859918387
2026-05-27,-0.008588068247284687,-0.008607909517125957,0.007021868425346689,0.006502027155505419,-0.004058500732462178,-0.004078342002303448,0.0012235353844462764,0.0012036941146050066,-0.005632382240443722,-0.005652223510284992,0.005953762283543329,0.005833921013702059,-0.00659475811295035,-0.006614599382791619,0.0061400519243481515,0.006120210654506882,-0.005335962102494352,-0.005355803372335622,0.005771045646174089,0.005751204376332819,-0.011207251014070285,-0.011227092283911555,0.0,0.0,-0.005989591251469362,-0.006009432521310631,0.009568091213177032,0.009437138832224651,-0.000173263723814987
2026-05-28,0.004934330942089693,0.004914489672248424,-0.007335838699969066,-0.007855679969810335,-0.0026219374419536373,-0.0026417787117949073,-0.009965255822917162,-0.010185097092758432,0.0033730464868615196,0.0033532052170202496,0.007542066072337405,0.007022224802496135,0.001377058504897377,0.0013572172350561071,-0.011678579704336167,-0.011698420974177438,-0.018685834290143734,-0.018705675559985004,-0.008148373230483563,-0.008168214500324834,0.0025100818953604164,0.0024902406255191464,0.0,0.0,0.007020843882766514,0.0070010026129252445,-0.005281701493137249,-0.005587257048692804,0.005516626676954184
2026-05-29,0.019307918385032284,0.019288077115191014,0.02533806306029862,0.02431822179045735,-0.002804107492486141,-0.002823948762327411,-0.026158149640826654,-0.026427990910667925,0.019175908147627707,0.019156066877786437,0.009044700946405094,0.008913748565452713,0.002597112383952438,0.002577271114111168,-0.007536855213300608,-0.008056696483141878,0.0007529886489320071,0.0007331473790907373,-0.007536855213300608,-0.007556696483141878,0.017223357189267874,0.017203515919426603,0.0,0.0,0.006786951616138226,0.006767110346296956,-0.0032177457420595468,-0.0034042536785674833,0.002491413132097442
2026-06-01,0.0006488502186569378,0.000629008948815668,0.018624188564170363,0.01760434729432909,0.011341773497261131,0.01132193222741986,0.0007963927903348045,-0.00047344847950646536,0.005130815593674309,0.005110974323833039,0.0006141223509573412,-0.0016557189188839286,0.003786793645290676,0.003766952375449406,0.004833815038271405,0.0038139737684301355,-0.00436076326500805,-0.00438060453484932,0.004833815038271405,0.0038139737684301355,0.007402233091649691,0.007382391821808421,0.0,0.0,0.003136972884759803,0.003117131614918533,0.00705094046561087,0.005697765862436267,0.0027230637662387647
2026-06-02,0.02047962858708874,0.01785978731724747,0.04728036186127427,0.047260520591433,-0.014994614502017223,-0.016014455771858494,-0.07208242816047712,-0.07343560276365173,0.014395839028068892,0.011775997758227621,0.005111215714591019,0.004758041111416415,0.015096781703232887,0.012476940433391617,0.053616019068169596,0.05359617779832833,0.01477264865116792,0.01175280738132665,0.053616019068169596,0.05359617779832833,0.01731105309319607,0.014491211823354798,0.0,0.0,0.005754447703148824,0.0017346064333075544,-0.03621407635156365,-0.03723391762140492,0.0013579961566574372
2026-06-03,-0.00348661096977525,-0.00350645223961652,-0.000610147238363945,-0.0006299885082052148,-0.007802510796700812,-0.007822352066542082,-0.02008985607729345,-0.02010969734713472,-0.0026952858423180733,-0.0027151271121593433,0.015754590306918725,0.015734749037077455,0.006926263632610574,0.006906422362769305,-0.0047015983065943345,-0.004721439576435604,0.0015849487079036334,0.0015651074380623636,-0.0047015983065943345,-0.004721439576435604,-0.008911824679751868,-0.008931665949593139,0.0,0.0,0.00648002444077822,0.006460183170936951,-0.020564116113961917,-0.020583957383803187,-0.00701716271996522
2026-06-04,-0.002055878043547621,-0.002075719313388891,0.029753734240279384,0.029733892970438113,0.018017508281194583,0.017997667011353313,0.002311832599536304,0.002291991329695034,-0.005457454055552714,-0.0054772953253939835,0.019555612008653744,0.019035770738812473,-0.0006897129274428745,-0.0007095541972841444,0.023889396506352245,0.023869555236510975,0.006252132089374342,0.006232290819533072,0.023889396506352245,0.023869555236510975,0.0010460523668681908,0.001026211097026921,0.0,0.0,0.006030446597247031,0.006010605327405762,0.017496034523213244,0.016476193253371973,0.003778634283035931
2026-06-05,-0.01162449973009777,-0.01164434099993904,-0.09041503882009161,-0.09043488008993288,0.0073628408295153495,0.00734299955967408,0.005301630704753165,0.005281789434911896,-0.008023155009481975,-0.008042996279323245,-0.05342000172019262,-0.05343984299003389,-0.0021937334593634342,-0.0022135747292047043,-0.038498367602084915,-0.03851820887192618,0.0006299893611265601,0.0006101480912852903,-0.038498367602084915,-0.03851820887192618,0.003927213796942363,0.003907372527101094,0.0,0.0,-0.0032465617639789272,-0.0032664030338201973,-0.06804618614219687,-0.06806602741203814,-0.025809369612244448
2026-06-08,0.0053443341195730356,0.005324492849731766,0.018370512105709835,0.018350670835868565,-0.004609385747306738,-0.0046292270171480075,0.029388259044918152,0.02886841777507688,0.002618497872436087,0.002598656602594817,0.012048802495417399,0.012028961225576128,0.0038409629210391033,0.0038211216511978333,0.018370512105709835,0.018350670835868565,0.002849059336365656,0.002829218066524386,0.018370512105709835,0.018350670835868565,-0.009819658814676368,-0.009839500084517639,0.0,0.0,0.0038110897680428413,0.0037912484982015712,0.03402253298684832,0.03300269171700705,0.002264222440912178
2026-06-09,-0.009370237963743745,-0.009390079233585015,-0.027592197664619178,-0.02761203893446045,0.00558863157579944,0.005568790305958171,-0.011439895751326257,-0.011459737021167527,-0.007754402356734413,-0.007774243626575683,-0.016292360546922457,-0.016312201816763728,-0.0008910369136851839,-0.0009108781835264537,-0.027592197664619178,-0.02761203893446045,0.0020952032069400882,0.002075361937098818,-0.027592197664619178,-0.02761203893446045,-0.00865949534384769,-0.00867933661368896,0.0,0.0,0.002658306727407633,0.002638465457566363,-0.008554319399283528,-0.008574160669124798,-0.002935437064612745
2026-06-10,-0.00026129182565926,-0.00028113309550052983,0.002804512772299872,0.002784671502458602,-0.006021046560745847,-0.0060408878305871164,0.018462235646592773,0.018442394376751502,-0.0008628275748299389,-0.0008826688446712087,0.016477185181454357,0.016457343911613086,-0.0018767240596489938,-0.0018965653294902636,0.002804512772299872,0.002784671502458602,-0.006217790989990646,-0.006237632259831915,0.002804512772299872,0.002784671502458602,0.0029159675889938626,0.0028961263191525925,0.0,0.0,-0.005944123361448483,-0.005963964631289753,-0.0073907511002490045,-0.007410592370090274,-0.015765592933211114
2026-06-11,0.005896603689814973,0.005876762419973703,0.008508191296361822,0.008488350026520552,-0.002917658085996566,-0.002937499355837836,-0.004609445760283548,-0.004629287030124818,0.0024391842736828165,0.0024193430038415465,-0.004617488603921527,-0.004637329873762796,0.010409903866355118,0.010390062596513847,0.008508191296361822,0.008488350026520552,0.010109873116113688,0.010090031846272418,0.008508191296361822,0.008488350026520552,-0.013986234541204734,-0.014006075811046004,0.0,0.0,0.0008543648758263748,0.000834523605985105,0.006865387502192011,0.006845546232350741,0.016996857394830034
2026-06-12,0.006842548708283369,0.006822707438442099,-0.011400174152048859,-0.011420015421890129,-0.010239705577429847,-0.010259546847271117,-0.013477071457590029,-0.013830246060764632,0.005786204547092633,0.005766363277251363,-0.0058574392826843775,-0.006210613885858981,0.006734980168760184,0.006715138898918915,-0.011400174152048859,-0.011420015421890129,0.008276822211911249,0.008256980942069978,-0.011400174152048859,-0.011420015421890129,0.0014715359916108615,0.0014516947217695917,0.0,0.0,0.0022691182712437858,0.0022492770014025157,-0.013983805242314684,-0.014003646512155955,0.005408207317551872
2026-06-15,0.008136214760356541,0.00811637349051527,0.0,0.0,0.011906355926509104,0.011886514656667834,0.030074551283050588,0.030054710013209317,0.007972632121525713,0.007952790851684443,0.000989065201978872,0.00030255726547093545,0.00042506353627010953,0.0004052222664288397,0.0,0.0,0.009097535737986695,0.009077694468145424,0.0,0.0,0.0020368797965198194,0.0020170385266785494,0.0,0.0,0.009067743365419689,0.009047902095578418,0.038862490749700385,0.03884264947985912,0.017634009390668393
2026-06-16,0.0054120006928548795,0.00539215942301361,0.0,0.0,0.004389015881428737,0.004369174611587467,-0.03185047697140353,-0.0318703182412448,0.0031480795127038722,0.003128238242862602,0.0006338583903096424,0.0006140171204683726,0.005545606435254813,0.005525765165413543,0.0,0.0,0.008565159490503294,0.008545318220662023,0.0,0.0,0.013764487942940662,0.013744646673099391,0.0,0.0,0.004878687527730841,0.004858846257889572,-0.04078753472121799,-0.040807375991059255,-0.005961575485861181
2026-06-17,0.016078788767536156,0.016058947497694886,0.0,0.0,-0.004114112324789521,-0.004133953594630791,-0.026351738779087103,-0.026371580048928374,0.00919846014039858,0.00917861887055731,-0.021745176577852653,-0.021765017847693923,0.016764533218482713,0.016744691948641442,0.0,0.0,0.018674136912767036,0.018654295642925766,0.0,0.0,0.018990844219452272,0.018971002949611,0.0,0.0,0.0016725481048657127,0.001652706835024443,-0.018740375461870018,-0.01876021673171129,-0.01248789492983049
2026-06-18,0.011491318601957323,0.011471477332116052,0.0,0.0,-0.008521479793741639,-0.008541321063582909,0.007229149671603263,0.007209308401761994,0.008137115988257925,0.008117274718416655,-0.013599360057949114,-0.013619201327790384,0.007187671438822263,0.007167830168980993,0.0,0.0,0.007715099545078386,0.007695258275237116,0.0,0.0,-0.006660647749127302,-0.006680489018968572,0.0,0.0,0.0067391407705822744,0.006719299500741005,0.028205413296498394,0.028185572026657123,0.010396979807429707
2026-06-22,0.023977362326887894,0.023957521057046623,0.0,0.0,-0.016703211179528964,-0.016723052449370234,-0.03577203672221345,-0.035791877992054716,0.016203054371523286,0.016183213101682015,-0.013973754197231236,-0.013993595467072507,0.017304484557674547,0.017284643287833277,0.0,0.0,0.015202910734831699,0.015183069464990429,0.0,0.0,0.007421876019441109,0.00740203474959984,0.0,0.0,0.019809410659935345,0.019789569390094075,-0.02555048001066773,-0.025570321280509,-0.0031469282666526377
2026-06-23,0.0007525355307822167,0.0007326942609409469,0.0,0.0,-0.0019843547435258843,-0.0020041960133671544,-0.04208398915110456,-0.04410383042094583,0.004241800672272345,0.004221959402431075,-0.007290483438605555,-0.007810324708446825,0.0050987052533798425,0.005078863983538573,0.0,0.0,0.0057420528170914805,0.005722211547250211,0.0,0.0,0.004385267615830423,0.0043654263459891535,0.0,0.0,0.0009676371153573337,0.0009477958455160639,0.0,0.0,-0.014522012225013592
2026-06-24,0.001309890960512805,0.001290049690671535,0.0,0.0,-0.00943875185937596,-0.00945859312921723,-0.04573411885641898,-0.04575396012626025,-0.00031368247476121214,-0.00033352374460248195,-0.024813259361992135,-0.024833100631833405,0.006680519030259912,0.006660677760418642,0.0,0.0,0.00899774217835314,0.00897790090851187,0.0,0.0,0.0013131633399217635,0.0012933220700804937,0.0,0.0,0.006569225377933396,0.0065493841080921265,0.0,0.0,-0.0004635003677893046
2026-06-25,0.0020450372423320927,0.0020251959724908227,0.0,0.0,-0.013900819262253415,-0.013920660532094686,-0.028537259284905914,-0.029057100554747185,-0.0017982254166892364,-0.0018180666865305062,-0.025575639915552673,-0.025595481185393943,0.012308863854842289,0.012289022585001018,0.0,0.0,0.009847939437680774,0.009828098167839503,0.0,0.0,-0.003372440966083267,-0.0033922822359245372,0.0,0.0,0.004065324449221397,0.004045483179380128,0.0,0.0,0.0014456368287247834
2026-06-26,-0.016352337438553667,-0.016372178708394938,0.0,0.0,-0.00744882642416037,-0.00746866769400164,-0.0074910637495418375,-0.007510905019383107,-0.005510554763404707,-0.005530396033245976,0.018436556712557783,0.018416715442716513,-0.01223920050646301,-0.012259041776304281,0.0,0.0,-0.013213024160738674,-0.013232865430579945,0.0,0.0,-0.012111233373997034,-0.012131074643838304,0.0,0.0,-0.004185128104345792,-0.004204969374187062,0.0,0.0,-0.007231332133985857
2026-06-29,-0.0020138833135381895,-0.0020337245833794595,0.0,0.0,0.01176220017270201,0.011742358902860739,-0.010109858596035637,-0.010129699865876907,-0.0069882841846145675,-0.007008125454455837,-0.009941463091535874,-0.009961304361377144,0.012184580195003313,0.012164738925162042,0.0,0.0,0.0139851952595768,0.01396535398973553,0.0,0.0,0.005282822980035684,0.0052629817101944145,0.0,0.0,0.012374106728682478,0.012354265458841208,0.0,0.0,0.01647481275894025
2026-06-30,-0.0024066502770329293,-0.0024264915468741994,0.024907177162927008,0.023887335893085736,-0.0035326970576149753,-0.0035525383274562453,-0.017064493857810337,-0.017084335127651607,0.0004026608254777851,0.00038281955563651527,0.009610744121017034,0.008590902851175765,0.007648973727304832,0.007629132457463562,0.0,0.0,0.00906380414830793,0.00904396287846666,0.0,0.0,-0.0020413492128903313,-0.0020611904827316013,0.0,0.0,0.0057287690228770335,0.005708927753035764,0.024907177162927008,0.023887335893085736,0.007786815227913024
2026-07-01,-0.009372940498632177,-0.009392781768473447,0.00824993764737858,0.00823009637753731,0.016854249305770154,0.016834408035928883,0.012017030511484117,0.011997189241642846,-0.01128414995556538,-0.011303991225406651,0.010319758101464738,0.010299916831623467,-0.006354919997470921,-0.00637476126731219,0.0,0.0,-0.004065750366538346,-0.004085591636379615,0.0,0.0,-0.009254107975424454,-0.009273949245265724,0.0,0.0,-0.004069408908948103,-0.004089250178789372,0.00824993764737858,0.00823009637753731,-0.0013525036475483532
2026-07-02,-0.011040871882470882,-0.011060713152312152,-0.031560460500883236,-0.032080301770724504,0.009255840459063313,0.009235999189222042,0.012044431469403186,0.011691256866228582,-0.006477769069132645,-0.006497610338973915,-0.01735806126043582,-0.01787790253027709,-0.003739340506604072,-0.003759181776445342,0.0,0.0,-0.0025945211274837074,-0.0026143623973249775,0.0,0.0,0.0006924861999676683,0.0006726449301263984,0.0,0.0,-0.008694378036939631,-0.008714219306780902,-0.031560460500883236,-0.032080301770724504,-0.0013140507435593918
2026-07-06,0.010751288828474415,0.010731447558633145,0.014361421829198029,0.014341580559356758,0.0043646759870833544,0.004344834717242085,-0.01177431306611069,-0.01179415433595196,0.007681947910836062,0.007662106640994792,0.01431952007475018,0.01429967880490891,0.0071887139770773325,0.007168872707236063,0.0,0.0,0.009679785085638626,0.009659943815797356,0.0,0.0,0.009990805964102668,0.009970964694261397,0.0,0.0,-0.0009239286450785757,-0.0009437699149198455,0.014361421829198029,0.014341580559356758,0.008727392224116226
2026-07-07,-0.01023527275514038,-0.01025511402498165,0.01000591778005161,0.00998607651021034,0.009401445610666626,0.009381604340825356,-0.0022561491330819567,-0.0022759904029232268,-0.005640015348506788,-0.005659856618348057,0.015201415218393022,0.015181573948551751,-0.002792951197353977,-0.002812792467195247,0.0,0.0,-0.007285432703455329,-0.007305273973296599,0.0,0.0,0.013200108404345455,0.013180267134504185,0.0,0.0,0.006495737246467469,0.0064758959766262,0.01000591778005161,0.00998607651021034,-0.004751890339538711
2026-07-08,-0.000628722023058359,-0.0006485632928996288,0.008825929484701104,0.0084727548815265,-0.0010252636648146471,-0.001045104934655917,-0.004460712973464213,-0.004480554243305483,-0.0018843620384572657,-0.0019042033082985355,0.00664175153646788,0.006288576933293277,0.0007704496807826259,0.0007506084109413561,0.0,0.0,-0.0072277564792839425,-0.007247597749125212,0.0,0.0,0.0020449037183097535,0.0020250624484684835,0.0,0.0,-0.00021652604392890032,-0.00023636731377017016,0.008825929484701104,0.0084727548815265,-0.0030894091522385425
2026-07-09,0.015523691022840645,0.015503849752999375,0.008423792355316354,0.008403951085475083,0.002656594868395612,0.002636753598554342,-0.001325099681023012,-0.0013449409508642818,0.00842014277549229,0.00840030150565102,0.017103266868995142,0.01708342559915387,-0.0008146884456772027,-0.0008345297155184725,0.0,0.0,-0.00014258766729878872,-0.00016242893714005856,0.0,0.0,-0.003001587130320526,-0.003021428400161796,0.0,0.0,0.006236961443657963,0.006217120173816693,0.008423792355316354,0.008403951085475083,0.008465256756416295
2026-07-10,-0.004501197592703787,-0.004521038862545057,-0.010113838409496164,-0.010133679679337435,0.005687693747462008,0.005667852477620738,0.02111623665471285,0.02009639538487158,-0.0080777175207969,-0.00809755879063817,-0.022916009881381393,-0.022935851151222663,-0.005954380167846629,-0.005974221437687899,0.0,0.0,-0.00568599973840288,-0.00570584100824415,0.0,0.0,-0.001750800101765703,-0.0017706413716069727,0.0,0.0,0.00847894280641085,0.008459101536569579,-0.005637394810259877,-0.005907236080101147,0.004310118179872147
2026-07-13,0.002892711208644616,0.002872869938803346,0.003173071252727625,0.003153229982886355,-0.0063134448026918475,-0.006333286072533117,-0.038813247617591265,-0.03883308888743253,0.0018011533334305718,0.001781312063589302,-0.005939831918155633,-0.005959673187996902,0.002059867227134893,0.002040025957293623,0.0,0.0,-0.0004800061416430524,-0.0004998474114843222,0.0,0.0,0.007740133770798251,0.007720292500956982,0.0,0.0,-0.005922761504927765,-0.0059426027747690345,-0.001554174976621192,-0.001574016246462462,-0.007656140611366324
2026-07-14,0.001629524811339622,0.0016096835414983522,0.014089213020419841,0.01406937175057857,0.004688793820186532,0.004668952550345262,0.0013844585249388475,0.0008646172550975776,0.0007913070435534128,0.000771465773712143,-0.032087511384440805,-0.03310735265428207,0.012022939025690094,0.012003097755848824,0.0,0.0,0.01198873796991302,0.01196889670007175,0.0,0.0,0.007404992429311785,0.007385151159470515,0.0,0.0,-0.007940432388103958,-0.007960273657945228,0.016942341326613958,0.016922500056772687,0.0035506379166867497
2026-07-15,0.0053104430532525775,0.005290601783411308,0.0005717647143727855,0.0003019234445315157,0.0029043741092964924,0.0028845328394552223,-0.0026012424176689772,-0.0034544170208435803,0.013139360436749637,0.013119519166908367,0.022636993431445623,0.020367152161604354,-0.011511014431660782,-0.011530855701502052,0.0,0.0,-0.008124057705749366,-0.008143898975590636,0.0,0.0,0.005197221727996948,0.005177380458155678,0.0,0.0,0.0005239466428083152,0.0005041053729670454,0.0118476135430504,0.010494438939875797,0.003963630921285599
2026-07-16,-0.0064680590603847015,-0.006487900330225971,-0.0007380619125183507,-0.0017579031823596206,-0.0033514594069670722,-0.0033713006768083423,0.016884702394415863,0.016614861124574592,-0.003973514419543855,-0.003993355689385125,-0.02141378054429577,-0.022100288480803705,-0.010674236614758593,-0.010694077884599864,0.0,0.0,-0.011816726429308155,-0.011836567699149425,0.0,0.0,-0.011131212151053227,-0.011151053420894497,0.01736094587090664,0.01634110460106537,0.0017919528089082705,0.0017721115390670007,-0.0064484031717295665,-0.0069682444415708365,-0.005418616825605738
2026-07-17,2.4769924707845892e-05,4.9286548665760505e-06,0.01419558095644069,0.01347573968659942,-0.012783742445909109,-0.01280358371575038,0.01360905398147875,0.013255879378304147,-0.005258085406820568,-0.005277926676661837,0.006699716278219636,0.006229875008378367,-0.003952855269366495,-0.003972696539207765,0.00809785185171985,0.007078010581878581,-0.005933369381302323,-0.005953210651143593,0.00809785185171985,0.007078010581878581,-0.0016135473962443862,-0.001633388666085656,0.02217866722965023,0.022158825959808958,0.0031009309911452683,0.0030810897213039983,0.016637631193536652,0.01661778992369538,-0.009897199757215702
2026-07-20,-0.003093635138487172,-0.0031134764083284422,-0.010838459227371455,-0.010858300497212725,-0.007456526883113146,-0.007476368152954415,-0.0015364918747325217,-0.0016991902874309345,-0.0019597976358190165,-0.0019796389056602865,-0.012053549260643436,-0.012273390530484705,0.012477159325698695,0.012457318055857425,-0.013807269714426251,-0.013827110984267522,0.010349137898593454,0.010329296628752184,-0.013807269714426251,-0.013827110984267522,0.0033647389507792235,0.0033448976809379535,-0.015062814017214876,-0.015082655287056147,-0.001922743731151911,-0.0019425850009931807,-0.011035949259608747,-0.011389123862783351,-0.0016143534967409945
2026-07-21,0.016046349292825824,0.016026508022984554,-0.003926648513481568,-0.003946489783322837,-0.008670054193491539,-0.00868989546333281,-8.439137551538925e-05,-0.00010423264535665909,0.012928344637027134,0.012908503367185863,0.0005200728219675772,0.0005002315521263074,0.006379321485424583,0.006359480215583313,0.008339042659239349,0.008319201389398078,0.004991322551692544,0.004971481281851275,0.008339042659239349,0.008319201389398078,0.004187895723024094,0.004168054453182825,-0.0011473542186808405,-0.0011671954885221103,0.004990164647883244,0.004970323378041974,0.0021571737635481814,0.0021373324937069113,0.008341327043244195
2026-07-22,-0.006299819950457853,-0.0063196612202991225,-0.004521891997207661,-0.004541733267048931,-0.009150182798537698,-0.009170024068378968,-0.017531659657456764,-0.017551500927298035,-0.0055911870150545774,-0.005611028284895847,-0.0015228026578349768,-0.0015426439276762466,-0.002119814244133866,-0.002139655513975136,-0.03378458103948212,-0.03380442230932339,-0.0025583959923092814,-0.0025782372621505514,-0.03378458103948212,-0.03380442230932339,0.008995590095151084,0.008975748825309814,0.021193882713093637,0.021174041443252366,-0.008487307054020487,-0.008507148323861758,0.006456067634268351,0.006436226364427081,-0.001162766737217713
2026-07-23,-0.005474286224749314,-0.0054941274945905835,0.007963366031398356,0.007943524761557085,-0.015895259370638362,-0.015915100640479633,0.0021332570240255675,0.0021134157541842975,-0.009081931843299829,-0.0091017731131411,0.0003002970583034781,0.00028045578846220827,0.0033562267480961253,0.0033363854782548553,0.015251778155532802,0.015231936885691532,-0.00036314092342674097,-0.0003829821932680108,0.015251778155532802,0.015231936885691532,0.0014869033045959213,0.0014670620347546515,0.026588506021684832,0.026568664751843562,-0.012805637589019292,-0.012825478858860562,0.001208379806100686,0.0011885385362594163,-0.012349253784127878
2026-07-24,-0.012483509568698425,-0.012503350838539696,0.003579323142179214,0.002959481872337944,0.0055988712898888075,0.005579030020047538,0.012830226444534909,0.01231038517469364,0.0024716714154860552,0.002451830145644785,0.00729801701494015,0.00677817574509888,-0.007982525386578032,-0.008002366656419303,-0.0017893363723660571,-0.002559177642207327,-0.01146753520810886,-0.01148737647795013,0.0021759089081992236,0.001489400971691287,-0.012690696186366302,-0.012710537456207573,0.014913414480142606,0.014893573210301336,-0.011434660496434566,-0.011454501766275837,0.003568575687972632,0.0029237344181313623,0.0010159657563921787
2026-07-27,0.006401937009596358,0.006382095739755089,0.01528378086539628,0.014811558643174056,0.004366741760065262,0.004346900490223992,-0.0075997133152393955,-0.007762411727937808,0.006752373735726691,0.006732532465885422,0.008727445829841946,0.008374271226667342,-0.0048384187837945064,-0.004858260053635776,0.007641761317352336,0.007621920047511066,0.0008876004107963631,0.0008677591409550933,0.006696867192860593,0.006677025923019324,-0.0030851056157997214,-0.0031049468856409915,0.009464556417756675,0.009444715147915405,-0.004095754104679794,-0.004115595374521064,0.00021370984323438365,-0.00014898856946402906,0.00021661654234961247
2026-07-28,0.0015248628870889402,0.0015050216172476703,0.0039812912642809995,0.00396144999443973,0.003219247993696616,0.003199406723855346,0.000616364388199263,0.0005965231183579932,-0.0002002227145633139,-0.00022006398440458375,0.0016097632706530605,0.0015899220008117906,0.0025459490290118294,0.0025261077591705594,-0.0001410851907089894,-0.00016092646055025924,0.00488818518979659,0.00486834391995532,-0.0011531690458120487,-0.0011730103156533185,-0.00480838709754412,-0.00482822836738539,0.0005380456876735717,0.0005182044178323019,-0.010252598396995516,-0.010272439666836787,0.003863893185096748,0.003844051915255478,0.0023947666975516757
2026-07-29,-0.02051971320825716,-0.02053955447809843,-0.0008063616677566887,-0.001284536270931292,0.0026471600745054053,0.0026273188046641353,0.0003219252333506971,5.208396350942727e-05,-0.02321781931538407,-0.02323766058522534,-0.0019198785346581735,-0.0024730531378327767,-0.007986318331745368,-0.008006159601586639,0.0029496950046799635,0.0027298537348386938,-0.01466794789246334,-0.01468778916230461,0.0057228751765375785,0.005703033906696309,-0.006942974336506334,-0.006962815606347604,0.010888469802252998,0.010868628532411728,-0.015965839899618375,-0.015985681169459646,0.010952211191805292,0.010534934024528125,-0.015387445003102407
2026-07-30,0.019907602556729034,0.019887761286887764,-0.007987982604329815,-0.008150681017028228,-0.02500433798001214,-0.02502417924985341,-0.00033931172798943535,-0.00035915299783070517,0.03083677872146595,0.03081693745162468,-0.0064505403172985115,-0.0066132387299969245,0.008348191679249262,0.008328350409407992,0.02734100720590158,0.02632116593606031,0.006822867642174913,0.006803026372333643,0.001034509472939149,0.0010146682030978793,0.0058976778774617045,0.005877836607620435,-0.02192079077379039,-0.02294063204363166,-0.0014597347670774806,-0.0014795760369187504,-0.010835602266062403,-0.010998300678760816,0.01676574369337569
2026-07-31,-0.011141409573921924,-0.011161250843763194,0.010536965626532613,0.010231410070977057,-0.0010539463232050017,-0.0010737875930462715,0.0004485329854997345,6.202504899179798e-05,-0.01047759993118904,-0.01049744120103031,0.00928229192021121,0.008914236364655655,0.005264551713300802,0.005244710443459533,0.004019724654354984,0.003999883384513714,0.003472897802318597,0.003453056532477327,0.007389545260461428,0.007369703990620158,0.006876262793876254,0.006856421524034984,-0.0016098372652182391,-0.001629678535059509,0.002478655880608327,0.002458814610767057,0.0033044661449967323,0.0029096248751554624,0.007199869193782904
2026-08-03,-0.005671580881216165,-0.005691422151057435,0.005943736691725382,0.005590562088550778,0.004631047008131595,0.004611205738290326,0.010109175458028941,0.009946477045330528,-0.0015223478144935076,-0.0015421890843347775,0.0055745054768068375,0.005132441984743346,-0.014817373876721829,-0.0148372151465631,0.01066741060215696,0.010480902665649024,-0.008325597435068732,-0.008345438704910002,0.00633963346614504,0.00631979219630377,-0.011808015861436304,-0.011827857131277575,-0.010889785587460121,-0.010909626857301392,-0.0030076038931790006,-0.0030274451630202706,0.005020929509227206,0.004667754906052602,0.014242990614400597
2026-08-04,0.005182495248955098,0.005162653979113829,-0.010612766503150312,-0.010632607772991583,-0.012289218566890803,-0.012309059836732073,-0.008670836680292877,-0.008690677950134148,0.007166301139286658,0.007146459869445388,-0.00949202728430689,-0.009511868554148161,0.00027094268350755756,0.00025110141366628774,-0.012974772232392387,-0.012994613502233658,0.0028364395886084637,0.0028165983187671936,-0.006957205438268091,-0.006977046708109361,-0.0036424028048179236,-0.0036622440746591936,-0.018925892895621965,-0.018945734165463236,0.004883420815063556,0.004863579545222286,-0.007686533397380664,-0.007706374667221933,0.01802895214665101
2026-08-05,0.012569132778630032,0.012549291508788762,0.000345943817287538,2.6102547446268183e-05,0.014136618272050561,0.01411677700220929,0.0007923268471241888,0.000647485577282919,0.010529823346019063,0.010509982076177793,0.0033180361696684983,0.0029505758522081807,0.0028410011660864763,0.0028211598962452063,0.002588244360436087,0.002568403090594817,0.00379545771491191,0.00377561644507064,0.0030134880745092225,0.0029936468046679525,0.006856598849361184,0.006836757579519914,0.018609290081106677,0.018589448811265407,0.01646888201413075,0.01644904074428948,-0.0005458137554994487,-0.0009008822980679913,-0.0019965624761277834
2026-08-06,-0.005707802106335447,-0.005727643376176717,-0.00849175197830564,-0.00851159324814691,-0.005352126044974958,-0.005371967314816228,0.004238085069104969,0.004051577132597033,0.001046165637464813,0.0010263243676235433,-0.0014354451854966207,-0.001500741000792436,-0.0056946999383505,-0.0057145412081917694,-0.01753432770802747,-0.01755416897786874,-0.008130232066624297,-0.008150073336465568,-0.012355320962328423,-0.012375162232169694,0.0009831990832059661,0.0009633578133646963,-0.003526025112752129,-0.003545866382593399,-0.002457066717250311,-0.002476907987091581,-0.004319559350063281,-0.004339400619904551,-0.0015978064697251826
2026-08-07,0.0027154878867713507,0.0026956466169300807,0.004142844653289308,0.004123003383448038,-0.005265466564281496,-0.005285307834122766,-0.003970239544659031,-0.0043234141478336345,0.0014282324137959157,0.0014083911439546459,0.004674032572902464,0.004654191303061194,-0.0009805940465442142,-0.001000435316385484,0.014698295487372282,0.014678454217531011,-0.0012651850246180652,-0.001285026294459335,0.00015388294093502796,0.00013404167109375812,-0.004396145257157724,-0.004415986526998993,0.016823273870080646,0.016803432600239376,-0.001405369748703689,-0.0014252110185449588,0.004237569127994815,0.0041177278581535455,0.0061153280785064545
2026-08-10,-0.010149549320712735,-0.010169390590554005,0.004431999003326674,0.004412157733485404,0.0014265418652332107,0.001406700595391941,0.0016764819053957745,0.0016566406355545047,-0.008018926569442485,-0.008038767839283756,0.005639009366090822,0.0056191680962495525,-0.004781271573072255,-0.004801112842913524,0.00311221534893034,0.00309237407908907,-0.0085316837468696,-0.008551525016710871,0.004258599522636815,0.004238758252795545,0.0031290322638346524,0.0031091909939933824,0.005455126906410257,0.005435285636568987,-0.009529799762721636,-0.009549641032562907,0.004355577134580034,0.004335735864738764,-0.0002974431285415191
2026-08-11,0.006409973824584392,0.006390132554743123,-0.009704083688735406,-0.009723924958576676,-0.009677673154278666,-0.009697514424119936,0.00027048279995505863,0.0002506415301137888,0.006300307162568885,0.006280465892727616,-0.007050396892602388,-0.007070238162443658,0.007866912192094067,0.007847070922252796,-0.008737951574648257,-0.008757792844489527,0.004783902725109224,0.004764061455267954,-0.015572019873346925,-0.015591861143188196,0.005872093170263726,0.005852251900422456,0.0007219264009202808,0.000702085131079011,0.012581361144145509,0.012561519874304239,-0.009502545784162783,-0.009522387054004053,-0.003195199981383512
2026-08-12,0.011562258032668304,0.011542416762827034,0.0024627971954486547,0.002331844814496274,-0.0015141996092977285,-0.0015340408791389983,-0.013149415940500942,-0.013512114353199356,0.0027382904380738758,0.0027184491682326057,-0.0022927627386855956,-0.002471334167257024,0.006128094078904555,0.006108252809063286,0.012872251442756204,0.012852410172914934,0.004624164718785661,0.004604323448944392,0.0018764038038957915,0.0018565625340545217,0.01427687018589897,0.0142570289160577,0.01186185565078468,0.01184201438094341,-0.00031083272584628806,-0.00033067399568755787,6.690803927780027e-05,-0.00026959989723013625,0.0025046088948632583
2026-08-13,-0.007620378244571558,-0.007640219514412828,-0.0066368133791309195,-0.006781654648972189,0.004195046691553794,0.004175205421712525,0.0073827993169850005,0.007196291380477064,0.00033155957654861217,0.00031171830670734236,-0.002959408174687911,-0.003084512602423918,-0.018759190442366555,-0.018779031712207826,-0.002476372982053314,-0.002496214251894584,-0.019374047199117818,-0.01939388846895909,-0.014613557271981954,-0.014633398541823224,-0.0068680967345624904,-0.00688793800440376,0.005728259983229567,0.005708418713388297,0.0023754601234493135,0.0023556188536080435,-0.005567067890759074,-0.005658337732028915,0.006977515074108265
2026-08-14,-0.0035241107422497087,-0.0035439520120909788,-0.0025709297184604157,-0.0029657709883016857,-0.0015226042201389014,-0.0015424454899801712,0.006218218703495754,0.005698377433654484,0.0004183153778377746,0.00039847410799650476,-0.0034891173898004076,-0.0037392218175364145,0.0016783973464385873,0.0016585560765973175,-0.004933515449385398,-0.005286690052560002,0.0005979547292749409,0.0005781134594336711,-0.005417193538687526,-0.006103701475195462,0.002125646632896139,0.002105805363054869,-0.0039900692434029494,-0.004009910513244219,-0.004806845555114359,-0.004826686824955628,0.00016215796965550477,0.00014231669981423493,-0.0019797506799419384
2026-08-17,0.010438154326528027,0.010418313056686756,0.002476851963138779,0.002457010693297509,-0.00740867848503558,-0.00742851975487685,-0.008049766784498522,-0.008402941387673125,0.0059666729098793,0.00594683164003803,-0.0006268988268308172,-0.0007022956522276426,0.012210446861625446,0.012190605591784176,0.01321167923528808,0.013191837965446809,0.007826825221917267,0.007806983952075997,0.016012851124263094,0.015993009854421824,0.011281841346093413,0.011262000076252143,0.0051654630325871365,0.005145621762745867,0.005837688290703414,0.005817847020862145,-0.004627641119287998,-0.004724405466052344,-0.004727362317670902
2026-08-18,-0.01214093358553514,-0.012160774855376411,0.013402142234532663,0.013382300964691392,0.012173649202717705,0.012153807932876435,-0.014319795557714395,-0.014339636827555666,-0.01389493823082627,-0.01391477950066754,0.02134457162753508,0.02132473035769381,-0.0023711647189824767,-0.0023910059888237467,-0.008045475561840893,-0.008065316831682164,-0.0011834470344296187,-0.0012032883042708885,-0.006901031470876173,-0.006920872740717443,-3.577371001106666e-05,-5.56149798523365e-05,-0.009061515239688567,-0.009081356509529837,-0.01108497785070054,-0.011104819120541811,0.02174201118970232,0.021722169919861048,-0.00675574496080833
2026-08-19,0.0056224905848805025,0.005602649315039233,-0.004195442095834057,-0.004215283365675326,0.007567514680247144,0.007547673410405875,0.004427680643006293,0.004407839373165023,0.0071257711470162355,0.007105929877174966,0.002697794075807801,0.002677952805966531,-0.012257235068425354,-0.012277076338266624,-0.0022384606651708423,-0.0022583019350121123,-0.011112176383258187,-0.011132017653099457,0.009162398194588825,0.009142556924747554,-0.00018076964349288387,-0.00020061091333415371,-0.004385365868389224,-0.004405207138230493,0.016099534506201173,0.016079693236359903,-0.0005815931475135388,-0.0006014344173548086,0.0020977847370853286
2026-08-20,-0.0062056592125039,-0.00622550048234517,-0.001653209956712809,-0.0016730512265540787,-0.021630466182222374,-0.021650307452063644,-0.0014482844481123356,-0.0014681257179536055,-0.004209884745530801,-0.00422972601537207,-0.007054024247884937,-0.007073865517726207,0.010523322615499863,0.010503481345658592,0.00848996994725106,0.00847012867740979,0.007910621149630304,0.007890779879789034,0.011865426504011048,0.011845585234169778,0.00045469798548584094,0.0004348567156445711,0.0013660926607401702,0.0013462513908989004,-0.010818766641840328,-0.010838607911681598,-0.0014706930432486637,-0.0014905343130899335,-0.008399827926766523
2026-08-21,0.010885186584416073,0.010865345314574802,-0.0004069966110444214,-0.0010268378808856913,0.004940138192144795,0.0049202969223035254,-0.009236124950829261,-0.00975596622067053,0.010568453349278828,0.010548612079437558,0.0012390923822841286,0.000752584445776192,0.004592653456231388,0.0045728121863901185,-0.010212254781789628,-0.011232096051630898,0.004524843843765691,0.004505002573924421,0.00914001260312336,0.007120171333282089,0.006310055578396322,0.006290214308555053,-0.00786926130336374,-0.00788910257320501,0.004931284827114058,0.004911443557272788,-0.002445345033348918,-0.0031318529698568546,0.004091229991858514
2026-08-24,-0.005256052432521718,-0.0052758937023629875,-0.005142355161434924,-0.005971720240800003,0.006777069640580969,0.006757228370739699,0.016462494658976035,0.016109320055801433,-0.0014497581711524822,-0.001469599440993752,0.0016541377809161492,0.0013375932143715828,-0.004679822224524422,-0.004699663494365691,-0.01692234316417751,-0.016942184434018782,-0.0022777847694254393,-0.0022976260392667093,-0.004356209619392981,-0.004376050889234251,-0.0057237515460142,-0.00574359281585547,-0.016209195895340534,-0.016229037165181804,-0.0032314432562901116,-0.0032512845261313816,0.0018566255505450943,0.001408212852132396,-0.0029384361156037375
2026-08-25,0.008718479700766092,0.008698638430924822,0.0017253162547999378,0.001705474984958668,0.0050657239227191115,0.005045882652877842,0.00027670616516807,0.0002568648953268002,0.008674431744613752,0.008654590474772482,-0.0032339634461923364,-0.0032538047160336064,-0.0019822202954312474,-0.0020020615652725175,0.013447577693566488,0.013427736423725217,-2.4767106657541714e-05,-4.4608376498811556e-05,0.004787302352060818,0.004767461082219549,0.004893317843850509,0.004873476574009239,0.011381561574936305,0.011361720305095035,0.009057258521848677,0.009037417252007407,-0.004590829542829379,-0.0046106708126706485,0.003195939766817757
2026-08-26,0.00597735269012486,0.0059575114202835905,0.007957547540954901,0.007271039604446965,-0.014676788210870251,-0.014696629480711522,0.000721433241472595,0.0003682586382979918,0.005887060897939167,0.005867219628097897,-0.0013793362399848628,-0.0018658441764927993,0.0006152259756094124,0.0005953847057681426,0.009176494438027372,0.008656653168186102,-0.0023417495945984076,-0.0023615908644396776,0.011028084516193859,0.011008243246352589,-0.0031814009684024815,-0.0032012422382437515,0.002972997454528059,0.002953156184686789,-0.000725514563864649,-0.0007453558337059188,-0.004245459350626797,-0.005015300620468066,0.00022200767959623668
2026-08-27,-0.0018349200578076322,-0.001854761327648902,0.009810271731635812,0.009590430461794542,0.0016814675539464031,0.0016616262841051333,-0.008899106049695129,-0.008918947319536399,0.0022622867903465908,0.0022424455205053207,0.004577346175707587,0.004357504905866317,-0.006597654632861171,-0.006617495902702441,-0.008586165047750727,-0.008606006317591997,-0.007118896816018983,-0.0071387380858602524,-0.008421780922259647,-0.008441622192100918,-0.0023686621537323703,-0.0023885034235736403,,,0.009008850818448322,0.008989009548607051,-0.004421928195858321,-0.004608436132366257,0.006552844629756693
2026-08-28,-0.012401791049016743,-0.012421632318858013,-0.0001258670945438467,-0.0003957083643851165,0.00399898489135736,0.00397914362151609,0.0017828660016584175,0.0010130247318171476,-0.004839637089241311,-0.004859478359082581,0.004933475086408262,0.004463633816566993,-0.010118567747102758,-0.010138409016944029,-0.002396993948589443,-0.002416835218430713,-0.011555001540234455,-0.011574842810075725,-0.017525487588592625,-0.017545328858433896,-0.007866503415944281,-0.007886344685785552,,,-0.01164529698063511,-0.011665138250476381,0.0016772869301173443,0.0009574456602760745,-0.0022694869107554583
2026-08-31,-0.0024303683463421043,-0.0024502096161833744,0.00881971033601514,0.00679986906617387,-0.005289618863776402,-0.005309460133617672,0.008270490146505235,0.007917315543330632,0.0003978172434372599,0.0003779759735959901,0.016869522268690353,0.015183014332182417,-0.006966944217380677,-0.0069867854872219465,0.008083708167726855,0.007063866897885586,-0.007581070898728159,-0.007600912168569429,0.008083708167726855,0.008063866897885585,0.003694970903658745,0.003675129633817475,,,-0.0016138487966451786,-0.0016336900664864484,0.0198366069267909,0.018150098990282963,-0.002989548034258882
2026-09-01,0.010269163815319969,0.010249322545478699,-0.0024140347827921738,-0.002433876052633444,-0.009821078695148555,-0.009840919964989826,-0.017808170415282893,-0.017828011685124164,0.004983916458938309,0.004964075189097039,0.008775663195506194,0.008755821925664924,0.01143742751748268,0.01141758624764141,8.249535672888442e-05,6.265408688761458e-05,0.008089584672765725,0.008069743402924455,8.249535672888442e-05,6.265408688761458e-05,0.01619998225758439,0.01618014098774312,,,-0.0009779356627045322,-0.000997776932545802,0.009380075518404456,0.009360234248563186,-0.006870413937474118
2026-09-02,-0.0037006653047368383,-0.00652050657457811,-0.00698844122743969,-0.00700828249728096,0.010614662683321795,0.008994821413480526,0.013087381541772247,0.012567540271930978,0.004640553780691725,0.0012207125108504545,0.008392411016704538,0.008172569746863268,-0.005194873651083398,-0.008214714920924668,-0.00698844122743969,-0.00700828249728096,0.0007439693025148792,-0.002475871967326391,-0.00698844122743969,-0.00700828249728096,0.005443748864157139,0.0022239075943158676,,,-0.001492866776276614,-0.004912708046117884,0.028075216951204518,0.027555375681363247,0.004436916429827686
2026-09-03,-0.006751457062934496,-0.0067712983327757655,-0.01823374470100103,-0.0182535859708423,0.01360195998595839,0.01358211871611712,0.030769756336392118,0.029749915066550846,0.0008309330546049983,0.0008110917847637285,-0.003836046535034887,-0.004105887804876157,0.0025671126083950504,0.0025472713385537803,-0.01823374470100103,-0.0182535859708423,0.004100832678542199,0.00408099140870093,-0.01823374470100103,-0.0182535859708423,0.015136788785620749,0.015116947515779479,,,0.002536558440431802,0.002516717170590532,-0.004302263098993064,-0.004322104368834334,0.010468417941536634
2026-09-04,-0.0012369180457794896,-0.0012567593156207594,0.009286453222074886,0.009266611952233616,-0.0008294056419148928,-0.0008492469117561627,0.0021316186647325486,0.0021117773948912785,0.002792779885241547,0.002772938615400277,0.004034200134441501,0.004014358864600232,0.015622364485493657,0.015602523215652387,0.009286453222074886,0.009266611952233616,0.017182796627772435,0.017162955357931164,0.009286453222074886,0.009266611952233616,0.008605737857189676,0.008585896587348405,,,0.0022123177664214013,0.0021924764965801312,0.007401021929729357,0.007381180659888087,-0.0038542322600894074
2026-09-08,0.005185527920684519,0.005165686650843249,0.005217451901861736,0.005197610632020466,-0.0013143362645642977,-0.0013341775344055675,-0.00964410964232515,-0.00966395091216642,0.0037407034675227433,0.0037208621976814733,-0.006758745735375049,-0.006778587005216319,0.02009162944819045,0.02007178817834918,0.005217451901861736,0.005197610632020466,0.020676262383991208,0.020656421114149937,0.005217451901861736,0.005197610632020466,0.009041801645236103,0.009021960375394832,,,0.0010317002922023534,0.0010118590223610836,-0.013785521633281117,-0.013805362903122387,-0.005492178930014524
2026-09-09,-0.009015766046871066,-0.009035607316712336,0.007029315932234881,0.007009474662393611,-0.0036974632784823715,-0.0037173045483236415,-0.000952499532131057,-0.0009723408019723268,-0.006606571353126456,-0.006626412622967726,0.0011502873709847983,0.0011304461011435285,0.0039481893423353835,0.003928348072494114,0.007029315932234881,0.007009474662393611,0.00611507014547057,0.0060952288756293,0.007029315932234881,0.007009474662393611,0.0073825170660633665,0.007362675796222097,,,2.1042848188346577e-05,1.201578347076736e-06,-0.00250068963911132,-0.00252053090895259,-0.004647717444469568
2026-09-10,0.0003488312300265698,0.0003289899601853,-0.012190795090063267,-0.012210636359904537,-0.009389001238534977,-0.009408842508376248,-0.0058021313686670295,-0.005821972638508299,-0.005236759744373676,-0.005256601014214946,-0.004180704036951616,-0.004200545306792885,-0.018311776741759146,-0.018331618011600416,-0.012190795090063267,-0.012210636359904537,-0.01733264534040081,-0.01735248661024208,-0.012190795090063267,-0.012210636359904537,-0.01622524184881621,-0.01624508311865748,,,-0.00011189183724917909,-0.00013173310709044893,-0.004790699772497631,-0.0048105410423389,-0.005994275703456675
2026-09-11,0.003541136812485513,0.003521295542644243,0.03512791281841654,0.03510807154857527,-0.0012908597449836964,-0.0013107010148249662,-0.0019693948624447954,-0.0019892361322860655,-0.00402319433723527,-0.00404303560707654,0.004854924005382483,0.004835082735541213,0.0025559597552180947,0.0025361184853768246,0.03512791281841654,0.03510807154857527,0.006289860230724765,0.006270018960883496,0.03512791281841654,0.03510807154857527,0.0030434416972038632,0.003023600427362593,,,0.0014617142953398002,0.0014418730254985304,-0.010307166803704193,-0.010327008073545463,0.008524301461116268
2026-09-14,0.005112469604956304,0.005092628335115035,,,-0.006914964140632151,-0.0069348054104734205,-0.003321840544188104,-0.003341681814029374,-0.0010559605705778743,-0.0010758018404191441,0.0020942440317432607,0.0017410694285686576,-0.010140993430532841,-0.010160834700374112,,,-0.006902340269762974,-0.006922181539604244,,,-0.014336122327843825,-0.014355963597685095,,,0.0044901144567138,0.004470273186872531,-0.008095528252886675,-0.008115369522727945,-0.004461653484890693
2026-09-15,0.004325845156532693,0.0043060038866914235,,,-0.008276788456573436,-0.008296629726414706,0.0029165954116479598,0.0028967541418066897,0.0016976298011084467,0.0016777885312671769,0.004735308026146005,0.004715466756304736,0.007757069634317104,0.007737228364475835,,,0.00572155154022691,0.0057017102703856406,,,0.00877535996550971,0.00875551869566844,,,0.008377004893168805,0.008357163623327534,0.009347564733375058,0.009327723463533787,-0.004586752409134642
2026-09-16,-0.006474625256803068,-0.0064944665266443375,,,0.005041978077189167,0.005022136807347898,0.005757599608296415,0.005737758338455146,-0.0007102197588172432,-0.000730061028658513,-0.0017916269726736917,-0.0018114682425149616,0.007869885600381508,0.007850044330540238,,,0.009441187755614167,0.009421346485772896,,,0.008405139833062791,0.008385298563221521,,,0.0010056318984335566,0.0009857906285922868,-0.0021631904068332153,-0.0021830316766744853,-0.0044098804847823025
2026-09-17,-0.0013285519612829203,-0.0013483932311241901,,,0.004505551903446037,0.004485710633604767,-0.0019248464254499331,-0.001944687695291203,0.0010463361842202867,0.001026494914379017,0.002983377039642984,0.002963535769801714,0.017769023769524904,0.017749182499683634,,,0.019091013784977275,0.019071172515136004,,,0.015792355734749776,0.015772514464908505,,,0.005062856065529852,0.005043014795688582,0.013446763735569633,0.013426922465728363,0.011338753705953053
2026-09-18,0.0034522083127010105,0.0034323670428597405,,,-0.0032128189128572734,-0.0032326601826985434,0.005111273692928964,0.005091432423087694,0.0030303837940107714,0.0030105425241695014,0.002181203102072334,0.002161361832231064,0.006837996443963524,0.006818155174122254,,,0.0037842734828141935,0.0037644322129729234,,,0.0022394967062437264,0.0022196554364024563,,,0.004467104596025029,0.00444726332618376,0.004196197926564893,0.004176356656723623,0.0012869590529585029
2026-09-21,-0.016735487492989597,-0.016755328762830868,,,0.015110857162223011,0.01509101589238174,0.007485067226141728,0.006465225956300459,-0.017188586862042353,-0.017208428131883623,0.007485067226141728,0.005465225956300458,0.010107039557409325,0.010087198287568055,,,0.02285239404120744,0.022832552771366168,,,0.015406341384147504,0.015386500114306234,,,-0.0019394580729191757,-0.0019592993427604457,0.007485067226141728,0.006465225956300459,0.015504992215651825
2026-09-22,-0.005473480907549644,-0.005493322177390914,,,-0.001015626459061747,-0.001035467728903017,0.006707996604733868,0.006688155334892598,0.003640032798572712,0.003620191528731442,0.006707996604733868,0.006688155334892598,0.011909808010876577,0.011889966741035306,,,0.011779604118485587,0.011759762848644316,,,0.0038867947519225067,0.0038669534820812367,,,0.005642998422407142,0.005623157152565872,0.006707996604733868,0.006688155334892598,-0.00015513266604716414
2026-09-23,-0.003840471152426372,-0.003860312422267642,,,-0.01307675525095009,-0.01309659652079136,-0.007478665135509988,-0.007498506405351257,-0.0028277527376910252,-0.0028475940075322953,-0.007478665135509988,-0.007498506405351257,-0.002753854160167513,-0.002773695430008783,,,-0.00309046735228623,-0.0031103086221275,,,0.0013530768415023434,0.0013332355716610736,,,-0.0035931135121333277,-0.0036129547819745977,-0.007478665135509988,-0.007498506405351257,-0.007202161019229769
2026-09-24,0.00028175112658819225,0.0002619098567469224,,,-0.007939495957637321,-0.007959337227478592,-0.0033034314004304344,-0.0033232726702717044,-0.008006948736163033,-0.008026790006004304,-0.0033034314004304344,-0.0033232726702717044,-0.0024863078955351557,-0.0025061491653764257,,,-0.0026917712517623093,-0.0027116125216035793,,,-0.00031027347368444216,-0.000330114743525712,,,-0.0026880034227068196,-0.0027078446925480897,-0.0033034314004304344,-0.0033232726702717044,-0.000820521854125067
2026-09-25,0.001387255208923899,0.0013674139390826292,,,-0.00555195716540482,-0.005571798435246089,-0.003253593787332365,-0.003273435057173635,0.0005914930129110264,0.0005716517430697566,-0.003253593787332365,-0.003273435057173635,-0.004825339038570864,-0.004845180308412134,,,-0.0073130941711277205,-0.00733293544096899,,,-0.006626001861026909,-0.0066458431308681785,,,-0.0004408350440768148,-0.0004606763139180846,-0.003253593787332365,-0.003273435057173635,0.005435468794763754
2026-09-28,0.00012730063994365048,0.00010745937010238064,,,-0.004034278736036245,-0.004054120005877514,,,-1.530128400856201e-05,-3.514255384983185e-05,,,0.0007092275816112823,0.0006893863117700125,,,-0.0008219587564168964,-0.0008418000262581662,,,-0.008797295353502432,-0.008817136623343703,,,-0.00041378785483069374,-0.00043362912467196355,,,-0.007441486246259066
2026-09-29,-0.008087102452449202,-0.008106943722290472,,,-0.0005154466676503876,-0.0005352879374916574,,,-0.006450909434364316,-0.006470750704205585,,,-0.001740220342997545,-0.001760061612838815,,,0.0021788056730874697,0.0021589644032461996,,,-0.004711497017793088,-0.004731338287634357,,,-0.007277515196563133,-0.007297356466404403,,,-0.0018416336927525867
2026-09-30,0.009942629787544044,0.009922788517702773,,,-0.005319944885388082,-0.005339786155229352,,,0.00792205166439659,0.007902210394555319,,,0.006424318273738649,0.006404477003897379,,,0.002506190346754111,0.002486349076912841,,,0.00826311757267444,0.008243276302833169,,,0.008777909015966279,0.008758067746125009,,,-0.002054445562863161
2026-10-01,0.0011786230368105444,0.0011587817669692746,,,-0.006498073880451571,-0.006517915150292841,,,0.00507840871393127,0.005058567444090001,,,0.010180193304192365,0.010160352034351094,,,0.006306467780115532,0.006286626510274262,,,0.0001407000423854554,0.00012085877254418555,,,-0.0019456659691323263,-0.001965507238973596,,,0.0017832832997064507
2026-10-02,0.002294916444884421,0.002275075175043151,,,-0.002071736881076291,-0.002091578150917561,,,0.0010095654715078124,0.0009897242016665426,,,0.00696122652658171,0.00694138525674044,,,0.009309087098868329,0.009289245829027059,,,-0.002495494523042153,-0.002515335792883423,,,0.0019504849347094398,0.00193064366486817,,,0.0073954168068735004
2026-10-05,-0.0006316975577038919,-0.0006515388275451617,,,0.005226763307440441,0.005206922037599171,,,0.0016141727434576868,0.001594331473616417,,,0.0033082386650377105,0.0032883973951964404,,,0.006640672425424687,0.0066208311555834174,,,-0.0022890401113045077,-0.0023088813811457777,,,0.0037628795660167636,0.0037430382961754936,,,0.00674341554834168
2026-10-06,-0.0035553495657126843,-0.0035751908355539544,,,-0.0019317120674192103,-0.0019515533372604801,,,-0.0051344483094256654,-0.005154289579266935,,,-0.005091797803637765,-0.005111639073479035,,,-0.003315531191839205,-0.003335372461680475,,,-0.008875426867100545,-0.008895268136941815,,,-0.007421696864616856,-0.007441538134458125,,,0.005497992684414754
2026-10-07,0.005381934762765483,0.005362093492924214,,,-0.0011399764327000624,-0.0011598177025413322,,,0.005429474035766757,0.005409632765925487,,,-0.0070032584877474,-0.007023099757588669,,,-0.009467609486874506,-0.009487450756715777,,,0.00807885221483735,0.00805901094499608,,,0.006513410130253771,0.006493568860412502,,,-0.0024003081645026514
2026-10-08,0.002779671025593045,0.002759829755751775,,,-0.004448562405009548,-0.004468403674850818,,,-0.0022300069581040805,-0.0022498482279453506,,,-0.009407977477978547,-0.009427818747819817,,,-0.00650406166540699,-0.00652390293524826,,,-0.020940892808964273,-0.020960734078805544,,,-0.002225160313056717,-0.002245001582897987,,,-0.004233007580038639
2026-10-09,-0.01572221884994912,-0.01574206011979039,,,0.002053502977877264,0.002033661708035994,,,-0.015488885753985349,-0.01550872702382662,,,0.014121303032989318,0.014101461763148047,,,0.013086349289892541,0.01306650802005127,,,0.019259706276632805,0.019239865006791534,,,0.00642372615886716,0.0064038848890258905,,,0.005995393242733904
