Date,llm_seasonal_gross,llm_seasonal_net,llm_event_time_gross,llm_event_time_net,lm_seasonal_gross,lm_seasonal_net,lm_event_time_gross,lm_event_time_net,llm_guidance_seasonal_gross,llm_guidance_seasonal_net,llm_guidance_event_time_gross,llm_guidance_event_time_net,llm_margins_seasonal_gross,llm_margins_seasonal_net,llm_margins_event_time_gross,llm_margins_event_time_net,llm_demand_seasonal_gross,llm_demand_seasonal_net,llm_demand_event_time_gross,llm_demand_event_time_net,llm_overall_seasonal_gross,llm_overall_seasonal_net,llm_overall_event_time_gross,llm_overall_event_time_net,llm_delta_seasonal_gross,llm_delta_seasonal_net,llm_delta_event_time_gross,llm_delta_event_time_net,market_SPY
2023-08-09,,,0.00839961612197171,0.006379774852130439,,,,,,,0.015412175217356605,0.013392333947515335,,,-0.00014961606014907147,-0.0011694573299903413,,,-0.0071621751555339674,-0.008182016425375237,,,0.015412175217356605,0.013392333947515335,,,,,-0.006685211735051322
2023-08-10,,,-0.01259257738611741,-0.01261241865595868,,,,,,,-0.014923102339603034,-0.014942943609444304,,,-0.005271885865564041,-0.005291727135405311,,,-0.0029413609120784168,-0.002961202181919687,,,-0.014923102339603034,-0.014942943609444304,,,,,0.00035884070728298134
2023-08-11,,,0.01440032066404262,0.01438047939420135,,,,,,,0.025283065957166784,0.025263224687325513,,,0.011387927254030816,0.011368085984189546,,,0.0005051819609066532,0.0004853406910653834,,,0.025283065957166784,0.025263224687325513,,,,,-0.0005831829382706433
2023-08-14,,,0.029214000789807848,0.029194159519966578,,,,,,,0.026867217002801924,0.026847375732960654,,,0.011804967099764863,0.011785125829923592,,,0.014151750886770786,0.014131909616929516,,,0.026867217002801924,0.026847375732960654,,,,,0.005520062860039143
2023-08-15,,,0.029706082770674214,0.029686241500832943,,,,,,,0.028841429163220522,0.02882158789337925,,,0.0011707689719566705,0.0011509277021154007,,,0.002035422579410362,0.002015581309569092,,,0.028841429163220522,0.02882158789337925,,,,,-0.011648845341397318
2023-08-16,,,0.002312556747535277,0.001959382144360674,,,,,,,0.013849980923851701,0.01383013965401043,,,-0.0014056802622670617,-0.0019255215321083315,,,-0.004330953524331105,-0.004684128127505708,,,0.00523783000959932,0.00471798873975805,,,,,-0.007338239833424187
2023-08-17,,,-0.010044264638219242,-0.010064105908060512,,,,,,,-0.015707583223329324,-0.015727424493170595,,,0.0010129623594858361,0.0009931210896445663,,,-0.001956552468004265,-0.001976393737845535,,,-0.007074749810729142,-0.007094591080570411,,,,,-0.0076198710531143465
2023-08-18,,,0.013406153675500429,0.013386312405659158,,,0.01390598706538948,0.01288614579554821,,,0.012421118792580454,0.011901277522739185,,,0.004062549490448708,0.0030427082206074384,,,-0.0024238292236406314,-0.0024436704934819014,,,0.014709804097840395,0.014689962827999125,,,,,0.00048147724643343714
2023-08-21,,,0.009928031619294805,0.009408190349453536,,,-0.009165476147595553,-0.009185317417436823,,,0.01215024331446557,0.011797068711290966,,,0.008872733707913971,0.008352892438072702,,,0.020967785316371078,0.020947944046529807,,,0.008551425982409988,0.008031584712568719,,,,,0.006506163216661198
2023-08-22,,,-0.0009165075116866483,-0.0009363487815279182,,,-0.00046583545582923325,-0.00048567672567050306,,,0.006044134162388174,0.006024292892546904,,,-0.002770109761724815,-0.002789951031566085,,,0.00023294119336114694,0.0002130999235198771,,,0.0003311249898313995,0.00031128371999012967,,,,,-0.002708490407634656
2023-08-23,,,0.003022188844156429,0.003002347574315159,,,-0.004195665049877784,-0.004215506319719053,,,-0.002124066263854937,-0.002143907533696207,,,0.007927071924840101,0.00790723065499883,,,0.002657966817337801,0.002638125547496531,,,0.0029680214164546914,0.0029481801466134214,,,,,0.011137709248336458
2023-08-24,,,-0.00595153294197881,-0.0059713742118200795,,,0.006205778387996963,0.006185937118155693,,,-0.0011065344280915736,-0.0011263756979328435,,,-0.005365252893514694,-0.005385094163355963,,,-0.005279172291807854,-0.005299013561649124,,,-0.00359872433602626,-0.00361856560586753,,,,,-0.01385915232896573
2023-08-25,,,0.003574570780612481,0.003554729510771211,,,-0.01622457697289248,-0.01674441824273375,,,-0.002707221260458711,-0.002727062530299981,,,0.002762933135490142,0.002743091865648872,,,-0.030474369367433345,-0.03149421063727462,,,-0.007595366311201761,-0.007948540914376363,,,,,0.007049859927363622
2023-08-28,,,0.004955523963679154,0.004935682693837884,,,0.005386767468822828,0.005366926198981559,,,0.0060681883928217495,0.00604834712298048,,,0.005594400004305999,0.00557455873446473,,,0.016725045681514894,0.016705204411673624,,,0.005273062798837694,0.0052532215289964245,,,,,0.006341460281101607
2023-08-29,,,0.001608789615623607,0.0015889483457823372,,,0.010542051229879612,0.010522209960038342,,,-0.0065069747212256335,-0.006526815991066903,,,0.0011823538286357405,0.0011625125587944706,,,0.03132012726832456,0.03130028599848329,,,0.007865245522590342,0.007845404252749072,,,,,0.01445471910667595
2023-08-30,,,0.0033602191716772443,0.0033403779018359742,,,0.00439350300250263,0.0043736617326613604,,,0.00488889967793682,0.00486905840809555,,,0.007696825004812724,0.007676983734971454,,,0.007188184961769059,0.007168343691927789,,,0.0014278386853917207,0.0014079974155504508,,,,,0.004118846590038583
2023-08-31,,,0.012499264708060473,0.012479423438219202,,,0.006760530339058102,0.006740689069216832,,,0.01998711210794472,0.01996727083810345,,,0.01001940593573969,0.009999564665898419,,,0.011499356219417408,0.011479514949576138,,,0.01059958328534083,0.01057974201549956,,,,,-0.0014634738129720715
2023-09-01,,,0.015525610886830984,0.015505769616989714,,,-0.013633902938582132,-0.013653744208423402,,,0.0143396308814705,0.01431978961162923,,,0.013881205440913813,0.013861364171072543,,,-0.01392630671457499,-0.013946147984416261,,,0.002417323601199265,0.002397482331357995,,,,,0.0018652880284513174
2023-09-05,0.0018223480014341164,-0.00019749326840715368,0.013786201658860093,0.013766360389018822,0.0017882565995661747,-0.00023158467027509537,0.0007011848591342851,0.0006813435892930153,-0.002265592971118724,-0.0042854342409599944,0.01839536267940341,0.01837552140956214,-0.003764521122071202,-0.0057843623919124725,0.009600757308618202,0.009580916038776931,0.008668116056326263,0.006648274786484993,0.018956675940064855,0.018936834670223585,0.0024359097991338103,0.00041606852929254026,0.01730732581762558,0.01728748454778431,,,,,-0.004322018229361846
2023-09-06,0.006149435607037598,0.0061295943371963285,0.003361172431979679,0.003341331162138409,-0.0029243898243304584,-0.0029442310941717284,-0.004808732048649567,-0.004828573318490836,0.0038389624832107817,0.0038191212133695117,0.013557992556072854,0.013538151286231584,0.0077582380447249995,0.00773839677488373,0.006735260777835261,0.006715419507993992,-0.006147424143132531,-0.006167265412973801,-0.02859644171933969,-0.02861628298918096,0.007691528466450997,0.007671687196609728,-0.0014676298945120823,-0.001487471164353352,,,,,-0.006722524415292308
2023-09-07,0.008476646861651171,0.008456805591809901,-0.013602648623082914,-0.016622489892924183,0.006428864046052462,0.006409022776211192,0.0005512106970346209,0.0005313694271933511,0.018669242175717676,0.018649400905876405,0.006173645758581148,0.005653804488739878,0.002873243243164218,0.002853401973322948,-0.01374962981168304,-0.01476947108152431,0.0003502579587242563,0.0003304166888829865,-0.024847518746175967,-0.026867360016017236,0.008681803184887957,0.008661961915046687,-0.01922508368462944,-0.02074492495447071,,,,,-0.0030701695393151596
2023-09-08,-0.003125406044342034,-0.003145247314183304,-0.0301981956309334,-0.03021803690077467,-0.005946620298212234,-0.005966461568053504,-0.007822413310781207,-0.007842254580622477,-0.0029051038753592985,-0.0029249451452005686,-0.01524619339747002,-0.01526603466731129,-0.005119787668150331,-0.0051396289379916004,-0.016597148130767347,-0.016616989400608618,-0.006458259589179795,-0.006478100859021065,-0.015350635457555772,-0.015370476727397043,-0.007150690377817065,-0.007170531647658335,-0.022774415544244586,-0.022794256814085857,,,,,0.0015060827955775125
2023-09-11,0.0030725393163086125,0.0030526980464673425,0.002810496083889391,0.002790654814048121,0.0005009344908295521,0.0004810932209882823,-0.009159077782702474,-0.009178919052543744,-0.0009093638757628909,-0.0009292051456041607,-0.0039481387469634255,-0.003967980016804695,0.009702394945259336,0.009682553675418065,0.003422295124831054,0.003402453854989784,0.0029943561640154315,0.0029745148941741615,-0.007611381987588706,-0.007631223257429975,0.010749167116546757,0.010729325846705487,-0.0024004429518496573,-0.0024202842216909273,,,,,0.0065766552261130595
2023-09-12,-0.00231831687457889,-0.00233815814442016,0.011085469497633227,0.011065628227791956,-0.008779241664542112,-0.008799082934383383,0.002624417763844311,0.002604576494003041,0.0011910157161482138,0.001171174446306944,0.008393544188338709,0.008373702918497438,-0.005794257613452746,-0.005814098883294015,0.004766559382432423,0.004746718112591153,-0.005495912236347094,-0.005515753506188364,-0.0004527833513555679,-0.0004726246211968377,-0.006889571062162481,-0.00690941233200375,0.0053163430731388295,0.00529650180329756,,,,,-0.005485525593879381
2023-09-13,-0.006769088715525852,-0.006788929985367121,0.0011512792381818127,0.0011314379683405428,-0.007966498309702863,-0.007986339579544133,0.005808708673702756,0.005788867403861486,0.003099861686047034,0.003080020416205764,-0.001081730650817625,-0.0011015719206588948,-0.00783784978122663,-0.0078576910510679,0.00021325941947997196,0.00019341814963870212,-0.001544755384923071,-0.0015645966547643407,0.01825148596064874,0.017731644690807468,0.003861260010860327,0.003841418741019057,0.008041718562702194,0.008021877292860923,,,,,0.0011659429869188553
2023-09-14,-0.008562297730129202,-0.008582138999970472,0.014871526411455838,0.014851685141614567,-0.005778352771245264,-0.005798194041086534,-0.005470644097792854,-0.0054904853676341235,-0.004393552175397053,-0.004413393445238323,0.005221068727735312,0.005201227457894042,-0.004102697167682891,-0.00412253843752416,0.003924202019020662,0.0039043607491793916,-0.004872342518855228,-0.0048921837886964975,0.0005694623307305191,0.0005496210608892493,-0.006776672387027258,-0.006796513656868528,0.004179813585927672,0.004159972316086402,,,,,0.008622410629380184
2023-09-15,0.0016125564100151566,0.0015927151401738868,0.013092924055131738,0.013073082785290468,-0.0002752363382396844,-0.0002950776080809542,-0.00823698280639612,-0.00825682407623739,0.0010719925689646314,0.0010521512991233616,0.010724975969232997,0.010705134699391727,-0.00172579189256366,-0.00174563316240493,0.009643529355469915,0.009623688085628645,-0.005781188498490556,-0.005801029768331825,-0.005291498884837931,-0.0053113401546792,-0.008909437868012831,-0.008929279137854101,-0.005869034720497379,-0.005888875990338649,,,,,-0.012048338042223716
2023-09-18,0.0027591279702697813,0.0027392867004285113,-0.003668132763453791,-0.003687974033295061,-0.0015847275276283934,-0.0016045687974696632,0.0035023248180248157,0.002482483548183546,0.0008731505803796472,0.0008533093105383774,-0.003668132763453791,-0.00468797403329506,0.002728279020609619,0.002708437750768349,0.0012098153477571039,0.00018997407791583403,-0.0018041939659011218,-0.0018240352357423916,-0.007296918196249891,-0.00731675946609116,-0.0014318147177751546,-0.0014516559876164245,-0.001375623293186079,-0.0013954645630273488,,,,,0.0005865320730911172
2023-09-19,0.0021881902396750056,0.0021683489698337355,0.0,0.0,0.0006738183481968959,0.0006539770783556261,0.005707569548056235,0.005687728278214965,-0.002513341883125686,-0.002533183152966956,0.0,0.0,0.0031382448490808483,0.0031184035792395782,0.01948508881197608,0.01846524754213481,-0.0004918664606914742,-0.000511707730532744,-0.0005026331466180811,-0.0005224744164593509,-0.004852201257623571,-0.004872042527464841,-0.008069949715863611,-0.009089790985704881,,,,,-0.0020739851178942503
2023-09-20,0.0034508246528799484,0.0034309833830386783,0.0,0.0,-0.005069058957441326,-0.005088900227282596,-0.01097935466038008,-0.010999195930221351,0.009441556156218271,0.009421714886377,0.0,0.0,-0.001341779458170168,-0.0013616207280114378,-0.0017169586368296352,-0.001736799906670905,-0.00288242729922635,-0.0029022685690676202,-0.00508083332462872,-0.005100674594469989,0.002809368646845445,0.002789527377004175,-0.020241750683930526,-0.020261591953771797,,,,,-0.009193290985454183
2023-09-21,-0.0048333636112812585,-0.004853204881122528,0.0,0.0,-0.0076655916437037026,-0.007685432913544972,-0.01837457909479051,-0.01839442036463178,-0.0041984934440733035,-0.004218334713914573,0.0,0.0,-0.0063947842173431475,-0.006414625487184417,-0.02434674642712864,-0.02436658769696991,-0.007258749124839356,-0.007278590394680626,-0.013175823555371113,-0.013195664825212384,-0.008401943086635987,-0.008421784356477257,-0.012402411762452381,-0.012422253032293652,,,,,-0.01652828290683661
2023-09-22,0.0002391075042939006,0.00021926623445263076,0.0,0.0,0.00705734743721837,0.007037506167377101,0.008523946782346636,0.008504105512505366,-0.0038417690622986303,-0.0038616103321399003,0.0,0.0,0.0019950683510330494,0.0019752270811917794,0.0003415612588373307,0.00032171998899606087,0.009840203649346766,0.009820362379505496,0.00764970263604392,0.007629861366202651,0.007483364910928528,0.0074635236410872585,0.016706332305855942,0.01668649103601467,,,,,-0.002248583247313918
2023-09-25,-0.00024731791946198804,-0.00026715918930325785,0.0,0.0,0.00032958153156900996,0.00030974026172774015,-0.00673978125076502,-0.00775962252060629,-0.0013928622198061554,-0.0014127034896474252,0.0,0.0,-0.000683487433192193,-0.0007033287030334629,-0.00673978125076502,-0.00675962252060629,0.0014203246053843637,0.0014004833355430939,-0.010900288828418314,-0.011920130098259584,-0.004078333415438913,-0.004098174685280183,0.0,0.0,,,,,0.004205138535487318
2023-09-26,0.003929433382554914,0.003909592112713645,0.0,0.0,-0.000866450560557095,-0.0008862918303983649,0.004331509722590665,0.0043116684527493955,0.004206130250663928,0.004186288980822658,0.0,0.0,0.0007438155323391277,0.0007239742624978579,0.004331509722590665,0.0043116684527493955,0.0040239461139313214,0.004004104844090052,-0.016887903476969002,-0.016907744746810272,0.002805367781601859,0.002785526511760589,0.0,0.0,,,,,-0.014691201370980678
2023-09-27,-0.0012581967408874517,-0.0012780380107287215,0.0,0.0,0.0010319596982235118,0.001012118428382242,-0.007706964081135803,-0.007726805350977073,-0.008537363792126353,-0.008557205061967624,0.0,0.0,0.00046696130270737794,0.0004471200328661081,-0.007706964081135803,-0.007726805350977073,-0.00486924359523206,-0.00488908486507333,-0.002877983188161015,-0.002897824458002285,-0.011818650186129561,-0.011838491455970832,0.0,0.0,,,,,0.0003990798649384786
2023-09-28,-0.004799870894581844,-0.0048197121644231134,0.0,0.0,0.0055004669164922465,0.005480625646650977,-0.004931041237652645,-0.005950882507493914,-0.006443971152893956,-0.0064638124227352255,0.0,0.0,-0.0005605302134402568,-0.0005803714832815267,-0.0016787866589438316,-0.0016986279287851014,-0.0030477672334227293,-0.0030676085032639994,0.008826906628994324,0.008807065359153054,-0.005285818443269092,-0.0053056597131103615,0.0,0.0,,,,,0.005797384548081874
2023-09-29,-0.005526844937651604,-0.005546686207492874,0.0,0.0,-0.0002563741692151022,-0.000276215439056372,0.016816947631072665,0.016797106361231395,-0.007305439771997329,-0.007325281041838599,0.0,0.0,-0.0056643197891118845,-0.005684161058953154,0.012789935690766363,0.012770094420925093,-0.0035984101890142507,-0.0036182514588555207,0.00025993527785828086,0.00024009400801701101,-0.007927960532535897,-0.007947801802377167,0.0,0.0,,,,,-0.002426767026894705
2023-10-02,-0.0013434578344713177,-0.0013632991043125875,0.0,0.0,0.012857327869855446,0.012837486600014176,-0.005770525171242991,-0.006290366441084261,-0.008344778213585098,-0.008364619483426369,0.0,0.0,0.004741560662338798,0.0047217193924975285,0.03310968263212599,0.032089841362284724,0.00533028720905329,0.00531044593921202,0.007856264384432432,0.007836423114591162,-0.0067090305547568745,-0.006728871824598144,0.0,0.0,,,,,-0.0003978082203137667
2023-10-03,0.0033007775780125904,0.0032809363081713204,0.0,0.0,0.0005681608815359084,0.0005483196116946385,0.00024873088047649983,0.00022888961063522999,-0.002714965726037355,-0.002734806995878625,0.0,0.0,0.007724733655285241,0.0077048923854439715,-0.0326613866200447,-0.032681227889885964,-0.0008471558141524005,-0.0008669970839936703,-0.007136784947453068,-0.007156626217294337,0.0019398829720596155,0.0019200417022183457,0.0,0.0,,,,,-0.013386160539729741
2023-10-04,0.009314534911615885,0.009294693641774614,0.0,0.0,0.00695243094282917,0.0069325896729879,0.0034748274536422485,0.0034549861838009785,0.010692961521759236,0.010673120251917965,0.0,0.0,0.006929913717402493,0.006910072447561223,0.014050983071597134,0.014031141801755864,-0.000950283727618332,-0.0009701249974596018,0.017211171310075768,0.017191330040234497,0.006017498025068754,0.005997656755227484,0.0,0.0,,,,,0.0072819807960526894
2023-10-05,-0.009707792512263416,-0.009727633782104686,0.0,0.0,-0.0012070952835324662,-0.001226936553373736,0.001556537744370201,0.0015366964745289313,-0.002044826405274221,-0.002064667675115491,0.0,0.0,-0.011073677402217715,-0.011093518672058985,-0.0027764975167788863,-0.0027963387866201564,0.001204652772008134,0.001184811502166864,0.012236657141938334,0.012216815872097064,-0.013629958643159967,-0.013649799913001238,0.0,0.0,,,,,-0.0003766793247312883
2023-10-06,-0.0003250488917382454,-0.0003448901615795152,0.006514904998798476,0.005495063728957207,0.0008286948702038851,0.0008088536003626153,0.03785684040396098,0.03783699913411971,0.0012701696039900193,0.0012503283341487495,0.006514904998798476,0.005495063728957207,-0.0028980788509451252,-0.0029179201207863953,0.0060479097849908126,0.006028068515149543,0.007205771552738542,0.0071859302828972725,0.0029867446880473825,0.0029669034182061124,0.00982069674865232,0.009800855478811049,0.006514904998798476,0.005495063728957207,,,,,0.011872739817849531
2023-10-09,8.346170020784912e-05,6.362043036657928e-05,0.0005333406964496135,0.0005134994266083436,-0.007306247339730659,-0.007326088609571928,-0.0012891895389458563,-0.0013090308087871261,0.006724469943236094,0.006704628673394824,0.0005333406964496135,0.0005134994266083436,-0.0022419745510913313,-0.0022618158209326013,0.007324169116320833,0.007304327846479564,0.008102421085612765,0.008082579815771495,-0.003128419297556917,-0.003148260567398187,-0.006175057426775006,-0.006194898696616276,0.0005333406964496135,0.0005134994266083436,,,,,0.0064021834492535845
2023-10-10,0.00019704810630468382,0.00017720683646341398,0.006680227975461195,0.006660386705619925,-0.0015683252744011192,-0.001588166544242389,0.0014775711137808845,0.0014577298439396146,-0.002706262370582012,-0.0027261036404232822,0.006680227975461195,0.006660386705619925,0.003686451330745139,0.003666610060903869,-0.0011582679655437467,-0.0011781092353850165,0.00561419722019057,0.005594355950349301,-0.010734071578378468,-0.010753912848219738,0.013216223997961433,0.013196382728120163,0.006680227975461195,0.006660386705619925,,,,,0.005204807868341987
2023-10-11,0.007702148070025611,0.007682306800184341,0.0010740000192341892,0.0010541587493929194,0.009592170688429448,0.009572329418588177,0.018531755868753497,0.017678581265578894,0.008641444843515034,0.008621603573673763,-0.013849548505740938,-0.014869389775582208,0.004860096340177688,0.004840255070336418,0.021717437053515365,0.021697595783674094,0.0170367657523284,0.01701692448248713,0.0,0.0,0.01723802231030887,0.0172181810404676,0.0010740000192341892,0.0010541587493929194,,,,,0.004096379540939221
2023-10-12,0.00025582424767065307,0.00023598297782938322,-0.009072271909267182,-0.009092113179108453,-0.001334383449235828,-0.0013542247190770978,0.01726202535470628,0.017242184084865008,-0.003518090817197339,-0.003537932087038609,-0.030893355692975688,-0.03091319696281696,-0.003309164451241988,-0.003329005721083258,0.01159365322540662,0.011573811955565349,0.0011924312909642092,0.0011725900211229394,0.0,0.0,-0.008861917166348987,-0.008881758436190258,-0.009072271909267182,-0.009092113179108453,,,,,-0.006096511134232041
2023-10-13,0.010029109210566508,0.010009267940725238,-0.0026881278817861842,-0.0027079691516274543,-0.00995398926138037,-0.00997383053122164,-0.013733140791751586,-0.013752982061592856,0.010962719578280964,0.010942878308439694,0.014438113272628117,0.014418272002786846,-0.0030550065975711613,-0.0030748478674124313,-0.02607332215809932,-0.026093163427940592,-0.005973584855122992,-0.005993426124964262,0.0,0.0,-0.0025235697051308025,-0.0025434109749720725,-0.0026881278817861842,-0.0027079691516274543,,,,,-0.0049808392494131715
2023-10-16,-0.004330421564147856,-0.004350262833989126,0.013495049082315025,0.012975207812473756,-0.0005173910587307692,-0.000537232328572039,0.0030811665986579338,0.0018946586621499976,-0.0027287534752042323,-0.0027485947450455023,0.005078689906414413,0.0040588486365731435,-0.0008704556648270311,-0.0008902969346683009,0.001131736751202428,0.0006118954813611581,-0.00259867839813124,-0.00261851966797251,-0.006324325780582285,-0.007344167050423555,-0.00190660524723559,-0.00192644651707686,0.015455044156922004,0.015435202887080734,,,,,0.010521369152287185
2023-10-17,-0.0023375995432253095,-0.0023574408130665795,0.0014707150969804905,0.0011175404938058874,-0.010094950507257838,-0.010114791777099109,0.004596628539495954,0.004376787269654684,-0.006785295529695114,-0.006805136799536384,-0.00196965159132223,-0.002322826194496833,-0.0018732889448167412,-0.001893130214658011,0.0028502705259202767,0.0024970959227456737,-0.004061554189467385,-0.004081395459308654,0.003807392415395794,0.003287551145554524,-0.0033480217041172867,-0.0033678629739585567,0.001146706521742924,0.0006268652519016542,,,,,-4.5865141389489494e-05
2023-10-18,0.012282051522224724,0.012262210252383453,-0.004450675689110988,-0.005470516958952258,-0.008972122910876628,-0.008991964180717899,-0.0005760074861041915,-0.0008458487559454613,0.005081489978379181,0.005061648708537912,0.012983973919643156,0.012630799316468553,0.0008905637548699205,0.0008707224850286507,-0.0038531040004306186,-0.004272945270271888,0.006821163893520327,0.0068013226236790575,0.01186019983318894,0.011507025230014336,0.004391801287501225,0.004371960017659955,-0.0014032558852253296,-0.0024230971550665992,,,,,-0.013324942724003419
2023-10-19,-0.0022120203017061343,-0.0022318615715474044,0.00946252427655477,0.0094426830067135,0.017867118052091388,0.017847276782250118,-0.0008602038269439512,-0.000880045096785221,-0.008483981609912804,-0.008503822879754075,0.0054733719400091125,0.005453530670167843,-0.003828366666659903,-0.0038482079365011732,0.0028032699908071366,0.0016167620542992,-0.0015216870660869942,-0.001541528335928264,-0.0012284390814028545,-0.0014982803512441243,-0.004342969338290913,-0.004362810608132183,0.013411354738552317,0.013391513468711046,,,,,-0.00878649691477773
2023-10-20,0.005410497594149664,0.005390656324308394,0.013635576522473925,0.012715735252632655,-0.001511837592451203,-0.0015316788622924727,0.012085338642554965,0.011865497372713696,0.012902936254250775,0.012883094984409505,0.009988313371503011,0.009318472101661741,-0.0005382937659833918,-0.0005581350358246616,0.0029725194954138678,0.0028098210827154553,-0.010001783739270236,-0.010021625009111506,0.0046008452755397,0.00338100400569843,-0.0008640521399024201,-0.0008838934097436899,0.0037681410518423664,0.0029149664486677633,,,,,-0.012287992776404688
2023-10-23,0.0039797349037458745,0.003959893633904605,0.011183049588915583,0.011163208319074313,0.016334337107702133,0.016314495837860862,0.004920645876575454,0.004734137940067518,0.004664916691003095,0.004645075421161825,0.007682675078264284,0.007662833808423014,0.014265510025230183,0.014245668755388912,0.011117287003512317,0.010597445733671048,0.017162445574892733,0.017142604305051462,0.024488236246384874,0.023968394976543603,0.013128730594091328,0.013108889324250058,0.011987818464178845,0.011634643861004242,,,,,-0.0017331759508294464
2023-10-24,0.008059227386443442,0.008039386116602171,0.004975704711722606,0.004955863441881337,-0.0012325823949841143,-0.001252423664825384,0.005845824870996112,0.005825983601154843,0.004471111344874718,0.004451270075033448,0.005945338078615953,0.005925496808774683,0.0010475967531696525,0.0010277554833283827,-0.008485487668731093,-0.008505328938572363,0.01028638194721037,0.0102665406773691,0.011449515149032285,0.011429673879191015,0.0199545858558956,0.01993474458605433,-0.0006162233176770782,-0.000636064587518348,,,,,0.007539373672874605
2023-10-25,0.006888248965157483,0.0068684076953162134,0.0057657023244575,0.005412527721282897,-0.018145986588695324,-0.018165827858536595,-0.007315902550724729,-0.007502410487232665,0.017638989079714434,0.017619147809873163,0.009345365359914298,0.008992190756739694,0.00130492035636255,0.0012850790865212801,-0.002169208506550026,-0.002189049776391296,-0.0029183577356218546,-0.0029381990054631246,0.0016193742577108043,0.0010995329878695345,0.003854182708021045,0.003834341438179775,-0.0040079990571013635,-0.004027840326942633,,,,,-0.014352274963949196
2023-10-26,0.015624164071469222,0.015604322801627952,-0.013476889209302737,-0.013496730479144008,-0.005432625815547068,-0.005452467085388338,-0.01402588870169234,-0.014379063304866943,0.019520487621396652,0.019500646351555382,-0.008691752224943842,-0.008711593494785112,0.009378389451679804,0.009358548181838533,-0.004750801534589304,-0.004770642804430574,-0.0018451620612189978,-0.0018650033310602676,-0.0012886790029903634,-0.0013085202728316332,0.0004849212712360537,0.0004650800013947839,-0.0160028288947542,-0.016022670164595472,,,,,-0.011974642931195656
2023-10-27,0.00024783496624907614,0.0002279936964078063,0.007500464155779018,0.006705622885937748,0.018762441263298513,0.018742599993457242,0.004028795094152592,0.0038660966814541794,-0.0067269583716060965,-0.006746799641447366,0.00911948990154672,0.008474648631705451,0.004902769219104609,0.004882927949263339,0.02043717182805352,0.019792330558212248,0.009868977392862435,0.009849136123021164,-0.0004804819250389704,-0.000893180337737383,0.011851594695156533,0.011831753425315263,0.016721792214952624,0.016201950945111353,,,,,-0.004532642265123066
2023-10-30,-0.00787795182430732,-0.00789779309414859,0.0012349084170908756,0.0012150671472496058,-0.0006476783228983353,-0.0006675195927396051,-0.003554238266588551,-0.003899079536429821,-0.006986939616632871,-0.00700678088647414,-0.00110643202672479,-0.001237384407677171,-0.007167196594375529,-0.007187037864216798,0.0027537185992705833,0.00220054399609598,-0.005459643068170187,-0.005479484338011456,-0.00028014016955160703,-0.0005222036616150991,-0.005024236148244581,-0.005044077418085851,0.001066733207686986,0.000846891937845716,,,,,0.01195574241713837
2023-10-31,0.0008119861067964725,0.0007921448369552027,0.006202761613016056,0.006182920343174786,-0.0029540077941275773,-0.0029738490639688473,0.0036007088551579473,0.0034142009186500107,0.0019650320770021722,0.0019451908071609024,0.0035072965881764416,0.0034874553183351716,-0.010342945021019968,-0.010362786290861238,-0.007112431179571748,-0.0071322724494130175,-0.00661832078437283,-0.0066381620542141,0.0007198802598127746,0.0005000389899715047,-0.006114453604725474,-0.006134294874566744,-0.002307849323620622,-0.0024943572601285584,,,,,0.006280381790441103
2023-11-01,-0.00026520907896955374,-0.00028505034881082356,0.007284740934652922,0.007264899664811653,0.009030378390865179,0.009010537121023909,-0.005086897258018373,-0.005106738527859643,-0.002304474233809861,-0.002324315503651131,0.005676843704621638,0.005657002434780368,0.011118741109225751,0.011098899839384481,0.017192056842002878,0.017072215572161608,0.008455025537593364,0.008435184267752093,0.003587182493406929,0.003567341223565659,0.006954821032119739,0.0069349797622784695,0.012108189592876665,0.012088348323035394,,,-0.012300721048169483,-0.013320562318010752,0.010664615580186165
2023-11-02,-1.8144397332966328e-05,-3.798566717423617e-05,0.0007053507831060544,0.0006855095132647846,-0.0058013933141111,-0.00582123458395237,0.007586909726789933,0.0075670684569486635,-0.0022088244381836993,-0.0022286657080249693,0.00020065069443709477,0.00018080942459582493,-0.01157041798201333,-0.0115902592518546,-0.004937243862846441,-0.004957085132687711,-0.0011941426139853058,-0.0012139838838265756,-0.0019394225444187146,-0.0019592638142599847,0.00027301995050579494,0.00025317868066452513,0.0036804997654767135,0.0036606584956354435,,,-0.019492145311920006,-0.019511986581761277,0.019164387972748553
2023-11-03,-0.00685988720458555,-0.00687972847442682,0.0065610110271352665,0.006207836423960663,0.005687513464891714,0.005667672195050444,-0.0008767409488170735,-0.0010076933297694544,-0.002217120504959148,-0.002236961774800418,0.001099240003117773,0.0007460653999431698,0.0010025475308409713,0.0009827062609997015,-0.002178846213354748,-0.002456263240771775,-0.008332647008554135,-0.008352488278395406,-0.002834716596086081,-0.003121224532594017,-0.005084382390543319,-0.005104223660384589,-0.003206259854530106,-0.003702291600561852,,,0.03684159879519444,0.03582175752535317,0.009123189169152113
2023-11-06,0.004406146177366788,0.004386304907525518,-0.0075482553388002685,-0.007568096608641538,0.004422390140166765,0.004402548870325496,-0.0014360628959151295,-0.0014559041657563993,-1.546729426888456e-05,-3.53085641101544e-05,-0.006793747595605718,-0.006813588865446987,0.0018157951234658205,0.0017959538536245507,0.007625949751747329,0.00760610848190606,0.009558623590835147,0.009538782320993876,0.008813396339145036,0.008793555069303766,0.008730538092912033,0.008710696823070763,0.004680545970500409,0.004660704700659139,,,-0.013001839383203725,-0.013021680653044996,0.002300670495051005
2023-11-07,0.0020172875242576963,0.0019974462544164262,0.0020791210306319715,0.0020592797607907015,-0.0030724247680340927,-0.0030922660378753628,-0.010720392660655985,-0.010740233930497256,0.00229378010019548,0.00227393883035421,0.006325305766516291,0.006305464496675022,-0.0013225297168025056,-0.0013423709866437754,-0.0027013240633031186,-0.0027211653331443886,0.0019022865334120554,0.0018824452635707856,-0.0018388294958585072,-0.001858670765699777,-0.0034924230068057696,-0.0035122642766470397,-0.004801104454209696,-0.004820945724050966,,,0.010285201392544852,0.010265360122703581,0.0028459228110255808
2023-11-08,0.006937171221974989,0.00691732995213372,0.000712221342276805,0.0006923800724355351,0.003270006778884029,0.003250165509042759,0.0014357144003403321,0.0010908731304990623,0.0060232476425438174,0.006003406372702548,0.0022616661816405362,0.0021168249117992665,0.004959092645750501,0.004939251375909231,0.004871307370731052,0.004851466100889782,0.0026401214402561233,0.0026202801704148532,0.003177394241080474,0.003157552971239204,0.006635931995990132,0.006616090726148862,0.003182244196843045,0.003162402927001775,,,-0.018679283714412742,-0.018699124984254013,0.0007325647595575191
2023-11-09,0.0013869036883850851,0.0013670624185438153,0.004731035016821547,0.004711193746980278,0.007169450460003243,0.007149609190161973,0.0055553656652476665,0.005535524395406397,-0.0054658964048209194,-0.005485737674662189,0.0035251409662484835,0.0035052996964072135,0.0028193789001851825,0.0027995376303439124,0.008234995647915536,0.008215154378074265,0.0008738714861155437,0.0008540302162742739,-0.00614531621814934,-0.00616515748799061,-0.0016169675082423982,-0.001636808778083668,0.007363856356003683,0.007344015086162414,,,-0.006649955369686451,-0.00666979663952772,-0.00779872697240247
2023-11-10,-0.00015084335407115554,-0.00017068462391242538,0.007004819108935537,0.006984977839094267,0.005152990633374611,0.0051331493635333415,0.0003611787558133687,0.00034133748597209887,-0.002608167289010477,-0.002628008558851747,0.005093927122906263,0.0050740858530649935,0.002043748404747168,0.002023907134905898,0.012975712405857688,0.012955871136016418,0.0031918309995290963,0.0031719897296878263,0.002059887912388628,0.002040046642547358,0.001906134730321937,0.001886293460480667,0.015750055707598153,0.015730214437756882,,,-0.01577875939553356,-0.01579860066537483,0.015604733097510426
2023-11-13,0.009119266766389744,0.009099425496548474,0.0015194913472513533,0.0013746500774100834,0.001656296509652439,0.0016364552398111692,0.0010956510702338864,0.0004924764670592834,0.006073436830688332,0.0060535955608470625,0.0005734976338655992,0.00028579922116718655,0.002539066041487027,0.002519224771645757,0.004282395456532432,0.004162554186691162,0.006002020700640117,0.005982179430798848,0.0030903223434186793,0.0029593699624662984,0.006204554432265788,0.006184713162424519,0.008842807510494757,0.008822966240653487,,,-0.021561987712870583,-0.021581828982711854,-0.0009532497535900131
2023-11-14,-0.01824571880072284,-0.01826556007056411,-0.007822746145218926,-0.007985444557917339,0.0007993598465987229,0.0007795185767574531,0.01662931967086608,0.016409478401024812,-0.011287310788340494,-0.011307152058181764,-0.005981023851955647,-0.00614372226465406,-0.012931655960548336,-0.012951497230389606,-0.004501857833770896,-0.004632810214723277,-0.01449298519225322,-0.01451282646209449,-0.00914117154661569,-0.00928601281645696,-0.007161866824315275,-0.007181708094156545,-0.02211399428225664,-0.02263383555209791,,,-0.0012843984900621584,-0.0013042397599034282,0.01940071204308924
2023-11-15,-0.01616232715117654,-0.01618216842101781,0.006069719283691849,0.005674878013850579,-0.0015307711735397613,-0.0015506124433810311,0.004361167845578107,0.0038413265757368366,-0.015309424196260715,-0.015329265466101985,0.003069220040716364,0.0028827121042084274,-0.009033941875140778,-0.009053783144982048,-0.019701736143757868,-0.02009657741359914,-0.01523587370617125,-0.015255714976012521,-0.003482699337188537,-0.003752540607029807,-0.01913529941648394,-0.01915514068632521,-0.018515832067104405,-0.019035673336945676,,,0.046304457683046585,0.04628461641320532,0.0021171954378080837
2023-11-16,0.007455559673660221,0.007435718403818951,0.008017231576308015,0.007997390306466744,-0.0023270489905753795,-0.0023468902604166495,0.0009521459648807832,0.0009323046950395134,0.006388269473951892,0.006368428204110622,0.007605425724810679,0.00758558445496941,-0.0038093711396060973,-0.0038292124094473673,0.00709309503058123,0.006730396617882817,0.0006366391153883105,0.0006167978455470407,-0.006418019507682695,-0.006580717920381108,0.0062479635142777355,0.006228122244436466,0.004748294165952349,0.00472845289611108,,,-0.011223444892096293,-0.011243286161937564,0.0012229624768878011
2023-11-17,-0.0034871589543253377,-0.0035070002241666077,-0.004302129439076782,-0.0049886373755847185,-0.006890771295837669,-0.006910612565678939,0.004231267540348527,0.0037114262705072567,-0.005024969116190473,-0.005044810386031742,-0.0026231759531613053,-0.003243017223002575,-0.0030037956041746427,-0.0030236368740159127,-0.006230801317313076,-0.006417309253821012,0.0032640004811364466,0.0032441592112951766,-0.002510467388484464,-0.0030160229440400195,-0.003636909628209753,-0.003656750898051023,-0.002442426322937563,-0.003162267592778833,,,-0.00374765570494647,-0.00376749697478774,0.0012439596023434696
2023-11-20,-0.0009746420767923702,-0.00099448334663364,-0.0014996934733455718,-0.0017695347431868416,0.002559834249238212,0.002539992979396942,-0.0040610999306549544,-0.005080941200496224,-0.004250201288791462,-0.004270042558632732,-0.0011785585173378355,-0.001365066453845772,-0.0031024994916100854,-0.0031223407614513555,-0.0011611661582823598,-0.0014310074281236296,0.006241582512015429,0.0062217412421741594,-0.004106012982617833,-0.0043758542524591024,0.0019486141591657452,0.0019287728893244754,-0.005028125826003371,-0.005297967095844641,,,-0.0010103675449322225,-0.0010302088147734923,0.0076975060392106
2023-11-21,0.0026304402817429245,0.0026105990119016545,0.006124414649205953,0.006104573379364683,0.002887428175504951,0.002867586905663681,0.006772353433372033,0.006752512163530763,-0.0004214973426899496,-0.0004413386125312194,0.004580642180530529,0.0045608009106892595,0.0024880006995245704,0.0024681594296833004,-0.005503469651538269,-0.005523310921379539,0.0020504995663365782,0.002030658296495308,0.006372775492995626,0.006352934223154356,0.004746576015326378,0.004726734745485108,0.002197097134383069,0.002177255864541799,,,0.011933137170911193,0.011913295901069923,-0.0021793330955118817
2023-11-22,-0.0061240124310311984,-0.006143853700872468,-0.005526661717543939,-0.005879836320718542,-0.004266792216882654,-0.004286633486723924,-0.008051739892477261,-0.00827158116231853,-0.004231700933983951,-0.00425154220382522,-0.004270510167289038,-0.004790351437130308,-0.008306060139427758,-0.008325901409269029,0.004581314780264726,0.004561473510423456,-0.00873729708260963,-0.008757138352450901,-0.005257548721073276,-0.005777389990914546,-0.008277230725447664,-0.008297071995288934,-0.0041880989726000295,-0.004207940242441299,,,-0.0015944688899431902,-0.00161431015978446,0.0038609262313438197
2023-11-24,0.0014691891039773823,0.0014493478341361125,0.0011758502142309602,0.0010131518015325475,-0.0024014052509676465,-0.0024212465208089166,0.004994743150832315,0.004724901880991045,0.0036889729071444646,0.0036691316373031945,4.573723678075181e-05,-0.0001407706997271847,-0.000966123802501211,-0.0009859650723424809,-0.010780976048416997,-0.011000817318258267,-0.005428462921249013,-0.005448304191090283,-0.010247729228556062,-0.010660427641254475,-0.0030916221294656765,-0.0031114633993069465,-0.010069197500887505,-0.010289038770728775,,,0.001351495053660584,0.0010816537838193143,0.0006151886931016204
2023-11-27,0.0030494631943819416,0.0030296219245406716,0.01321846047123823,0.010448619201396961,0.0008444335016949534,0.0008245922318536836,0.0017819837693962928,0.0014288091662216897,0.002839918214698571,0.002820076944857301,0.015583632566522176,0.013563791296680906,0.0024451019919745753,0.0024252607221333052,0.007691533343138435,0.0068050254066304985,-0.0009367412132913226,-0.0009565824831325924,0.0061883118446127705,0.0056684705747715005,0.0021089715571125994,0.0020891302872713294,0.0017760444407546594,0.0005062031709133896,,,-0.0014636512345220232,-0.001483492504363293,-0.0018009929543526537
2023-11-28,-0.003714971771135284,-0.003734813040976554,0.010914673165735078,0.010894831895893808,-0.00458235441417074,-0.004602195684012009,0.001731998055104933,0.0012121567852636632,-0.00475885605386972,-0.00477869732371099,0.013171199281149923,0.012151358011308653,-0.00662847167082856,-0.006648312940669829,-0.008267836682286497,-0.009454344618794432,-0.0016132613799516458,-0.0016331026497929156,-0.00702290289951496,-0.00754274416935623,-0.003931979695020855,-0.003951820964862124,-0.014239210703915872,-0.014592385307090476,,,-0.014390185869255667,-0.014410027139096938,0.0009901644316310243
2023-11-29,-0.0015148180378092599,-0.0015346593076505297,-0.017632306905864398,-0.017652148175705668,-0.003206674543949863,-0.003226515813791133,-0.011375748191321866,-0.012395589461163136,0.003222427681884903,0.003202586412043633,-0.018376955325952033,-0.018396796595793304,0.0005177389363700702,0.0004978976665288004,-0.00444132292048068,-0.004461164190321949,-0.004501088232589545,-0.004520929502430815,-0.005667192944040028,-0.006187034213881298,-0.002877189862160321,-0.002897031132001591,-0.0024982339064778536,-0.0030180751763191236,,,0.013651855417444625,0.013632014147603354,-0.000703440521818921
2023-11-30,0.003469899691645918,0.003450058421804648,-0.008787415250527453,-0.008807256520368723,-0.010310904869939833,-0.010330746139781103,-0.013488673901290382,-0.013508515171131653,0.010184538060953405,0.010164696791112135,-0.008236552532939978,-0.008256393802781248,-0.0004375454942314363,-0.0004573867640727061,-0.027973459628055752,-0.028493300897897023,-0.00956904825584648,-0.00958888952568775,-0.025335508099521453,-0.025355349369362724,-0.0030623696241033585,-0.0030822108939446285,-0.024924789130055247,-0.024944630399896518,,,-0.0038755846602521737,-0.0038954259300934438,0.003937529378508886
2023-12-01,-0.006802424385486579,-0.0068222656553278485,-0.014592712415451764,-0.014612553685293034,-0.0037709705751945,-0.00379081184503577,-0.01697721593224405,-0.01699705720208532,-0.0009233628790828383,-0.0009432041489241081,-0.010048494802530747,-0.010068336072372017,-0.009512699046787988,-0.009532540316629258,-0.008862997470283407,-0.008882838740124677,-0.01005222269315879,-0.01007206396300006,-0.009904422303930793,-0.009924263573772064,-0.0014955592281010116,-0.0015154004979422815,-0.020111146792254175,-0.020130988062095446,,,0.0056183526133447015,0.005598511343503432,0.005915854725011993
2023-12-04,-0.005699861025631881,-0.0077197022954731504,-0.007304848102122841,-0.00832468937196411,0.00013322942021641864,-0.0008866118496248508,-0.014025353949700725,-0.015045195219541995,-0.0043646749919837744,-0.006984516261825044,-0.0005843422545449561,-0.002604183524386226,-0.017823272559808354,-0.020043113829649625,-0.040602873252264526,-0.042622714522105795,-0.00782778473934298,-0.00944762600918425,-0.02864539016010788,-0.029998564763282484,-0.018070188538202914,-0.020290029808044185,-0.040602873252264526,-0.041622714522105794,-0.004352339847484362,-0.006372181117325633,-0.00557467223764907,-0.00859451350749034,-0.005249354143821883
2023-12-05,0.008160590055788798,0.008140748785947527,0.02062741428043574,0.02060757301059447,-0.002726123854309215,-0.002745965124150485,0.010872286556157573,0.010852445286316303,0.009387584145448004,0.009367742875606733,0.03038254200471391,0.030362700734872638,0.0012249814905162968,0.001205140220675027,0.024898364780694515,0.024878523510853245,0.008734632250505036,0.008714790980663766,0.031699355268427896,0.03167951399858663,0.003471139322815119,0.003451298052973849,0.024898364780694515,0.024878523510853245,0.0012895682131042812,0.0012697269432630114,0.020917835472960333,0.020897994203119063,-0.00019719927145744887
2023-12-06,-0.005635380697815296,-0.005655221967656565,-0.02097781422201317,-0.02099765549185444,-0.0043288185228966495,-0.004348659792737919,-0.01891995173093608,-0.01893979300077735,-0.0045975922723663805,-0.00461743354220765,-0.02303567671309026,-0.02305551798293153,-0.008901348945652544,-0.008921190215493814,-0.030895722474188703,-0.030915563744029973,-0.007186394951038388,-0.007206236220879658,-0.027978832707182932,-0.027998673977024203,-0.012310565488106584,-0.012330406757947854,-0.030895722474188703,-0.030915563744029973,-0.00659067208911167,-0.00661051335895294,-0.0162133505835399,-0.01623319185338117,-0.004029660295721382
2023-12-07,0.0031668746147631823,0.0031470333449219122,-0.0007640273052166302,-0.0007838685750579,-0.008730301281440223,-0.008750142551281493,-0.0067651417628601385,-0.006784983032701408,0.003262436783603972,0.003242595513762702,0.005237087152426878,0.0052172458825856085,0.007441867923134027,0.0074220266532927575,0.023836694986466345,0.023816853716625074,-0.004217441739533689,-0.004237283009374959,0.02398549748788222,0.023965656218040948,0.0008038557585636321,0.0007840144887223623,0.023836694986466345,0.023816853716625074,0.007535190681240298,0.007515349411399029,0.019448610623837848,0.019428769353996577,0.007630307775091216
2023-12-08,-0.009141342371814565,-0.009161183641655836,-0.014345802873296565,-0.014365644143137835,-0.0036611120536486404,-0.0036809533234899105,-0.011414365249234115,-0.011434206519075386,-0.010376427540507582,-0.010396268810348852,-0.017277240497359014,-0.017297081767200285,-0.0019176393133669813,-0.0019374805832082511,0.01860975767367168,0.018589916403830408,0.0009046329318097455,0.0008847916619684757,0.016133177371768042,0.01611333610192677,-0.0020957697440320724,-0.0021156110138733425,0.01860975767367168,0.018589916403830408,0.0024894577040010333,0.0024696164341597633,-0.0024833487586097824,-0.0025031900284510525,0.004299288842918303
2023-12-11,0.0028994461743934493,0.0028796049045521793,-0.0012946311915632003,-0.00131447246140447,0.009894268625645831,0.009874427355804561,-0.012367618424279803,-0.012387459694121073,0.004360382948865193,0.004340541679023924,0.009778356041153402,0.009758514771312132,0.003042812827361851,0.003022971557520581,-0.033389632524358226,-0.03340947379419949,-0.0010252094839040106,-0.0010450507537452804,-0.028004271302177676,-0.028024112572018946,0.0024922970910788425,0.0024724558212375724,-0.033389632524358226,-0.03340947379419949,-0.00525445712690705,-0.005274298396748319,0.011148800867089581,0.01112895959724831,0.003889424922904672
2023-12-12,0.008272060123945445,0.008252218854104175,0.00024255618646989996,0.00022271491662863012,0.002169687099660155,0.002149845829818885,-0.00485066054282135,-0.00487050181266262,0.010118080075134017,0.010098238805292746,0.00533577291576115,0.00531593164591988,0.010489801487024232,0.010469960217182961,0.016446459189710882,0.016426617919869612,-0.007354100007230147,-0.007373941277071416,0.022128210429640638,0.022108369159799367,0.007758038547154366,0.007738197277313097,0.016446459189710882,0.016426617919869612,0.005104999388869374,0.005085158119028104,0.009109691547770304,0.009089850277929034,0.0045672521717736725
2023-12-13,-0.012563420919969015,-0.012583262189810285,-0.02204744401684966,-0.02206728528669093,-5.993768626644247e-06,-2.5835038467914088e-05,-0.0014294480636394269,-0.0019492893334806967,-0.010982924218105572,-0.011002765487946842,-0.0312550851939708,-0.03127492646381207,-0.0046146603653614005,-0.00463450163520267,-0.021568441697216167,-0.021588282967057438,-0.002436380662410309,-0.002456221932251579,-0.013644810320243672,-0.014164651590084941,-0.00295780583437284,-0.00297764710421411,-0.021568441697216167,-0.021588282967057438,-0.01598510258032282,-0.01600494385016409,-0.041235991906420466,-0.042255833176261734,0.013790079384885079
2023-12-14,-0.02295878184698493,-0.0229786231168262,-0.04246841288755976,-0.04348825415740103,-0.007878503294318228,-0.007898344564159498,-0.013828587336777054,-0.014848428606618324,-0.0241885751227095,-0.02420841639255077,-0.04246841288755976,-0.042488254157401026,-0.016087195408905575,-0.016107036678746845,0.002238700820913042,0.002218859551071772,-0.03443581637026298,-0.03445565764010425,-0.02290360574155248,-0.02342344701139375,-0.01896303174171523,-0.0189828730115565,0.002238700820913042,0.002218859551071772,0.008435841755991918,0.008416000486150647,-0.028639825550782705,-0.028659666820623975,0.003209466014667095
2023-12-15,0.000618521011012041,0.0005986797411707712,0.009795920123731428,0.009776078853890157,-0.007373656317984568,-0.007393497587825837,0.011489614436960949,0.01096977316711968,0.0016278269614446342,0.0016079856916033643,0.009795920123731428,0.009776078853890157,0.003813081743186819,0.0037932404733455488,0.012815265981940271,0.012795424712099001,0.0025263290481027266,0.0025064877782614565,0.019264125210812666,0.019244283940971395,0.0004951652949325425,0.00047532402509127265,0.012815265981940271,0.012795424712099001,0.004621525029689871,0.004601683759848601,0.006001005486663824,0.0059811642168225545,-0.0016465949153261494
2023-12-18,0.0035886534248935845,0.0035688121550523145,0.023173470107487826,0.023153628837646555,-0.0012908491063060804,-0.0013106903761473502,0.007015352687171905,0.006995511417330636,0.002466580600704993,0.002446739330863723,0.023173470107487826,0.023153628837646555,0.013162181728719179,0.013142340458877909,0.018653955991038584,0.018634114721197314,0.013939819081404991,0.01391997781156372,0.02884329382629558,0.027823452556454308,0.010056630616846474,0.010036789347005203,0.018653955991038584,0.018634114721197314,0.0018410380861793767,0.0018211968163381069,0.016931655018957437,0.016911813749116166,0.005625223111219935
2023-12-19,-0.005014821756299215,-0.005034663026140485,-0.02312810675134691,-0.02314794802118818,0.0030213910106124285,0.0030015497407711584,0.04308867885209988,0.042068837582258614,-0.005965118965428263,-0.005984960235269532,-0.02312810675134691,-0.02314794802118818,-0.002561841787552156,-0.002581683057393426,-0.015526454273030899,-0.015546295542872169,0.0008127219814920263,0.0007928807116507565,-0.02797942288682198,-0.02799926415666325,-0.002072819368150869,-0.0020926606379921392,-0.015526454273030899,-0.015546295542872169,0.006659404277850587,0.006639563008009317,-0.03164698105942354,-0.03166682232926481,0.006080754194616622
2023-12-20,0.002468206029055819,0.002448364759214549,0.0030996658224573537,0.0030798245526160836,-0.003304853242604721,-0.003324694512445991,-0.010512193751620602,-0.010532035021461873,0.002416326482482056,0.002396485212640786,0.0030996658224573537,0.0030798245526160836,-0.003123553372021415,-0.003143394641862685,-0.016241088233317047,-0.016260929503158317,-0.004198205617453488,-0.004218046887294757,-0.00797456050896267,-0.00799440177880394,-0.0027979092173880046,-0.0028177504872292747,-0.016241088233317047,-0.016260929503158317,-0.001814389110517716,-0.001834230380358986,0.008648140767443802,0.008628299497602531,-0.013857226495829433
2023-12-21,-0.001286640034905728,-0.0013064813047469978,-0.006218111613426336,-0.0062379528832676055,0.0017725996795826763,0.0017527584097414065,0.01401449714261993,0.01399465587277866,-0.0015039248765812193,-0.0015237661464224891,-0.006218111613426336,-0.0062379528832676055,0.0011641115828132428,0.001144270312971973,0.008788344924432812,0.008768503654591541,0.00304949492917821,0.00302965365933694,0.0016443268605252914,0.0016244855906840216,0.0008558060674237929,0.000835964797582523,0.008788344924432812,0.008768503654591541,0.0029645349873910452,0.002944693717549775,-0.0051037010947792005,-0.00512354236462047,0.009481934888156074
2023-12-22,0.001329679634206815,0.0013098383643655451,0.0,0.0,-0.011778818171781636,-0.011798659441622906,0.0003016797501564916,0.0002818384803152218,0.00099523451396234,0.0009753932441210701,0.0,0.0,0.011291821418688175,0.011271980148846904,0.0,0.0,-0.015586174373693917,-0.015606015643535188,0.001202273954696409,0.00018243268485513913,6.810115243705093e-06,-1.3031154597564748e-05,0.0,0.0,-0.0015984481638743329,-0.0016182894337156027,0.0008678183574830634,0.0008479770876417935,0.0020095866236111704
2023-12-26,-0.0017713734476116458,-0.0017912147174529156,0.004407821484162855,0.0033879802143215853,-0.000801973471243111,-0.0008218147410843808,-0.01158731856190437,-0.012107159831745639,-0.0024652269024467263,-0.0024850681722879964,0.004407821484162855,0.0033879802143215853,0.006006819176442924,0.005986977906601654,0.0,0.0,-0.00042627034649593814,-0.00044611161633720795,-0.004316670401308453,-0.004336511671149723,0.006558235453164829,0.00653839418332356,0.0,0.0,-0.002950262514319068,-0.002970103784160338,0.007448163565032528,0.007428322295191259,0.004222573962914256
2023-12-27,0.0009486568877108748,0.000928815617869605,0.010046919455082182,0.010027078185240911,-0.0002832273171797684,-0.0003030685870210382,-0.005310259913361148,-0.005330101183202418,0.0010534367488347018,0.001033595478993432,0.010046919455082182,0.010027078185240911,0.00019741842144845864,0.0001775771516071888,0.0,0.0,0.0039024333042750213,0.0038825920344337512,-0.004162216608321945,-0.004182057878163214,-0.0004824636501641999,-0.0005023049200054698,0.0,0.0,0.001069638775569142,0.0010497975057278722,0.002902760456937603,0.002882919187096333,0.0018079528190970695
2023-12-28,-0.0014822657797463833,-0.0015021070495876531,-0.015397069953336562,-0.015416911223177832,0.001748455322239917,0.0017286140523986471,0.010315571026002668,0.010295729756161397,-0.0004092425956603307,-0.00042908386550160054,-0.015397069953336562,-0.015416911223177832,-0.0020321173835546325,-0.0020519586533959025,0.0,0.0,0.004903940052153099,0.00488409878231183,0.0025482243834851204,0.0025283831136438503,-0.0025367174448588823,-0.0025565587147001524,0.0,0.0,0.0013860792866774072,0.0013662380168361374,0.00033974491628119274,0.00031990364643992293,0.0003778565605436768
2023-12-29,0.00025483614267290955,0.0002349948728316397,-0.0005978073908821102,-0.00061764866072338,-0.00017925644484431116,-0.000199097714685581,-0.0037302807969955,-0.00375012206683677,0.00042893385808713265,0.00040909258824586283,-0.0005978073908821102,-0.00061764866072338,-0.0011313722259552739,-0.0011512134957965437,0.0,0.0,-0.00025724116023243524,-0.00027708243007370506,-0.004822644820527855,-0.0048424860903691245,-0.00035472110064204137,-0.0003745623704833112,0.0,0.0,-0.002775911283347199,-0.002795752553188469,0.005476668814469288,0.005456827544628018,-0.0028949686440654654
2024-01-02,0.0014545385847814724,0.0014346973149402026,0.013009232887787436,0.012989391617946166,-0.010404231293608878,-0.010424072563450149,0.010407993267734506,0.010388151997893235,0.0008158362056772447,0.0007959949358359749,0.013009232887787436,0.012989391617946166,-0.02522971351678106,-0.02524955478662233,0.0,0.0,-0.006023241946261049,-0.006043083216102319,-0.007398259075826141,-0.007418100345667411,-0.017426338391789732,-0.017446179661631003,0.0,0.0,0.0005231283888937413,0.0005032871190524715,0.002210694397184909,0.002190853127343639,-0.005596290004522109
2024-01-03,0.00011284240146527394,9.30011316240041e-05,0.0153904085176777,0.01537056724783643,-0.0043637105046852144,-0.004383551774526484,0.009609162863688014,0.009589321593846744,-0.003770114784619005,-0.003789956054460275,0.0153904085176777,0.01537056724783643,-0.004970257357983543,-0.004990098627824812,0.0,0.0,0.007291266444437949,0.00727142517459668,-0.007209020224660412,-0.007228861494501681,-0.0010221659958410735,-0.0010420072656823433,0.0,0.0,-0.008171582196965515,-0.008191423466806786,-0.013221055904698242,-0.013240897174539513,-0.008166622435657245
2024-01-04,-0.0018478017170258543,-0.0018676429868671241,0.013503346728247934,0.013483505458406663,-0.005138941607623049,-0.005158782877464319,-0.020934869859007443,-0.020954711128848714,-0.0006539554549411131,-0.0006737967247823829,0.013503346728247934,0.013483505458406663,0.004140798000064993,0.004120956730223724,0.0,0.0,0.003206680256666061,0.003186838986824791,0.004489967843959719,0.0044701265741184494,0.0013748903021837174,0.0013550490323424476,0.0,0.0,0.0006987630719890417,0.0006789218021477719,0.005030178326120738,0.005010337056279468,-0.003221140545811685
2024-01-05,-0.006477042058367299,-0.006496883328208569,0.0035200273531738047,0.0035001860833325346,-0.01037237907216786,-0.01039222034200913,0.012142281593647108,0.012122440323805838,-0.005019714611177095,-0.005039555881018364,0.0035200273531738047,0.0035001860833325346,0.0004837704448892753,0.00046392917504800547,0.0,0.0,-0.002851981930274916,-0.002871823200116186,-4.8588180279196536e-06,-2.4700087869189495e-05,-0.003840662725822186,-0.003860503995663456,0.0,0.0,0.007365245833039386,0.0073454045631981164,-0.0080556172206665,-0.00807545849050777,0.0013695625547325285
2024-01-08,-0.0011980840386767722,-0.001217925308518042,-0.0008103809741990542,-0.000830222244040324,0.003958519177479414,0.003938677907638144,0.013684013498670433,0.013664172228829163,0.0008554071104906798,0.00083556584064941,-0.0008103809741990542,-0.000830222244040324,0.014903267753924665,0.014883426484083395,0.0,0.0,0.012686183439716047,0.012666342169874776,0.004511273476461852,0.004491432206620583,0.009702455017375544,0.009682613747534274,0.0,0.0,0.003262120369623539,0.003242279099782269,-0.01855040538238717,-0.01857024665222844,0.014275872910629817
2024-01-09,0.001682553332534786,0.0016627120626935162,3.7322826585972635e-06,-0.0005161089871826726,-0.00022322112320374322,-0.00024306239304501307,-0.002206572370451132,-0.002226413640292402,0.003724243879742439,0.003704402609901169,3.7322826585972635e-06,-0.0005161089871826726,0.0055748050208405675,0.005554963750999298,0.0,0.0,0.004689373705338885,0.004669532435497615,-0.008324553507692789,-0.00834439477753406,0.006585084273683106,0.006565243003841837,-0.006968140646865906,-0.007987981916707175,0.001988762649829402,0.001968921379988132,-0.010533623394924363,-0.011553464664765633,-0.0015169111722769246
2024-01-10,-0.004615938042249457,-0.004635779312090727,-0.007305016468264314,-0.007324857738105583,-0.005467487789939695,-0.005487329059780965,-0.005778986920098761,-0.0057988281899400305,-0.0007275418563430615,-0.0007473831261843313,-0.007305016468264314,-0.007324857738105583,0.009407118470440345,0.009387277200599075,0.0,0.0,0.0013648978753258547,0.0013450566054845849,0.0010288091719374837,0.0010089679020962139,0.0016673181927841063,0.0016474769229428365,-0.010240227660921253,-0.010260068930762523,0.0022109589901247637,0.0021911177202834937,-0.012076759406756787,-0.012096600676598058,0.005655408921280358
2024-01-11,0.0059776592742028616,0.005957818004361592,-0.007337850479739727,-0.007357691749580997,0.008829987103859516,0.008810145834018245,0.00369382696510262,0.00367398569526135,0.005362153579561246,0.005342312309719976,-0.007337850479739727,-0.007357691749580997,0.006406816191749165,0.006386974921907896,0.0,0.0,0.01014617912342991,0.01012633785358864,0.008619974404204367,0.008600133134363096,0.012948620320306492,0.012928779050465222,0.006291114201614101,0.006271272931772831,-0.004249501411518561,-0.00426934268135983,0.0031251261018009346,0.0031052848319596646,-0.0004407091740716851
2024-01-12,0.0023717329967246847,0.0023518917268834146,0.004134741274700371,0.004114900004859101,-0.0032017998065197563,-0.0032216410763610264,0.0006229811129787599,0.0006031398431374901,0.0007719861239730008,0.000752144854131731,0.004134741274700371,0.004114900004859101,0.001659153264785429,0.0016393119949441592,0.0,0.0,0.0006037744456633187,0.0005839331758220489,0.0,0.0,-0.0031351017512008194,-0.0031549430210420894,-0.00035530105168990467,-0.0003751423215311745,0.0016534884259667487,0.0016336471561254789,-0.00035530105168990467,-0.0003751423215311745,0.0006927821704558745
2024-01-16,0.0037576271448651055,0.0037377858750238355,0.01505695143158381,0.015037110161742539,-0.007018166337347509,-0.007038007607188778,-0.018844689425727423,-0.018864530695568694,0.006953202658791357,0.006933361388950087,0.01505695143158381,0.015037110161742539,0.013229421005541487,0.013209579735700217,0.0,0.0,2.9109132030946325e-05,9.267862189676483e-06,0.0,0.0,0.004230061135593566,0.0042102198657522965,0.0019938761289317597,0.0019740348590904897,-0.0027228491103805774,-0.0027426903802218474,0.0019938761289317597,0.0019740348590904897,-0.003671233311448918
2024-01-17,0.007447981241382584,0.007428139971541315,-0.0019795222923478795,-0.0023326968955224825,-0.0013315463026888795,-0.0013513875725301493,0.006509882369971298,0.004490041100130028,0.007083021719045968,0.007063180449204698,-0.0019795222923478795,-0.0023326968955224825,-0.0010614309022627614,-0.0010812721721040312,-0.004169583195543873,-0.0051894244653851425,-0.0007804998810231776,-0.0008003411508644474,0.0,0.0,0.0015906401205894368,0.001570798850748167,-0.009026629196664082,-0.009046470466505353,0.0013084787994647185,0.0012886375296234486,-0.01727304410339292,-0.01879288537323419,-0.005558695480359699
2024-01-18,0.0010856903681981554,0.0010658490983568856,0.0052456298255237534,0.005225788555682484,-0.0011345612112384162,-0.001154402481079686,-0.008615772944062794,-0.008968947547237397,0.0026125295060763555,0.0025926882362350854,0.0052456298255237534,0.005225788555682484,0.010421930015590285,0.010402088745749015,0.013566032611132983,0.013146191341291713,0.00118998211406518,0.0011701408442239102,0.014934449034377462,0.013914607764536192,0.008369989222663066,0.008350147952821796,0.0011170334542940363,0.0010971921844527665,0.005003827636517423,0.004983986366676153,0.002102256228578847,0.002082414958737577,0.00889273880780328
2024-01-19,-0.01129292145403079,-0.01131276272387206,0.0009377325982683118,0.000917891328427042,-0.0060127140610457645,-0.006032555330887034,-0.016983082956940027,-0.017002924226781298,-0.010328938592503577,-0.010348779862344847,0.0009377325982683118,0.000917891328427042,0.013285225598173023,0.013265384328331752,0.004635833270375889,0.004615992000534619,0.0029064425155766677,0.0028866012457353977,-0.004696907136947148,-0.004716748406788418,0.00613430814586049,0.0061144668760192205,0.0034642338516133186,0.0034443925817720486,0.0018222884653731099,0.00180244719553184,0.023317425005813575,0.023297583735972304,0.012466217691016412
2024-01-22,0.004878045584098711,0.004858204314257442,0.0052470193158959955,0.005227178046054726,0.004345892490287373,0.004326051220446103,0.004199699616858288,0.004179858347017018,0.0031239547915370867,0.0031041135216958167,0.0052470193158959955,0.005227178046054726,-0.0048265903425515405,-0.00484643161239281,-0.0063261503021165184,-0.006345991571957788,-0.004906356771194075,-0.004926198041035345,-0.002455849671623156,-0.002475690941464426,-0.0014793168868800443,-0.001499158156721314,-0.0016484634425701916,-0.0016683047124114614,0.001696610679010465,0.001676769409169195,-0.0010026345986186014,-0.0010224758684598712,0.002114280506698263
2024-01-23,-0.0004093167496207694,-0.0004291580194620392,-0.0035831321209466305,-0.0036029733907879005,-0.00686742514343941,-0.006887266413280679,0.008447964717416684,0.008178123447575413,-0.0017855019242606798,-0.0018053431941019496,-0.0035831321209466305,-0.0036029733907879005,0.004754022985605544,0.004734181715764275,-0.0058185587723522,-0.00683840004219347,0.0039194742167337985,0.0038996329468925285,-0.008864517225562363,-0.008884358495403633,0.009481140992496528,0.009461299722655258,-0.017887941653758288,-0.01890778292359956,0.011307052684736345,0.011287211414895075,-0.0020858938322857457,-0.0021057351021270157,0.0029166152477959617
2024-01-24,-0.001030911218155184,-0.0010507524879964539,0.0083711537566112,0.00835131248676993,0.008889287780652443,0.008869446510811172,-0.011663938460908796,-0.011683779730750066,-0.004023213006460047,-0.004043054276301317,0.0083711537566112,0.00835131248676993,0.010772970584983022,0.010753129315141751,0.025019912085516776,0.02483340414900884,0.018526356203346785,0.018506514933505514,-0.00847573631109988,-0.00849557758094115,0.018630260315505368,0.018610419045664097,0.044373771050204236,0.04435392978036297,0.008844959087368747,0.008825117817527477,0.01618926758383136,0.015836092980656757,0.001093117532592558
2024-01-25,-0.0014383394218346335,-0.0014581806916759033,0.016665617640853357,0.014979109704345421,-0.004567211279193761,-0.00458705254903503,-0.015803321276656623,-0.016823162546497895,-0.0028915575662868172,-0.0029113988361280873,0.016665617640853357,0.014979109704345421,0.008594366180087775,0.008574524910246505,0.02424154929282503,0.02341218421345995,-0.005604878076859209,-0.0056247193467004785,0.01736529869393999,0.01584545742409872,0.0011920442136545417,0.001172202943813272,0.017919567945919535,0.017399726676078264,-7.915629096878589e-05,-9.899756081005573e-05,0.010677265916983295,0.009740757980475358,0.005438842130797594
2024-01-26,0.00018247212631848902,0.00016263085647721918,0.01761245722385521,0.01734261595401394,0.0007820423087414154,0.0007622010389001456,0.009376797113447322,0.009156955843606053,0.001032549830908469,0.0010127085610671992,0.01761245722385521,0.01734261595401394,-0.013900406352780092,-0.013920247622621363,0.009289550656955017,0.009144709387113746,0.010932146626963912,0.010912305357122641,0.016594925247274534,0.016241750644099932,-0.009437137409031114,-0.009456978678872385,0.016199997007869782,0.01618015573802851,-0.003711634408089748,-0.003731475677931018,-0.001635867586245593,-0.0016557088560868627,-0.0012703243993017477
2024-01-29,-0.000553967104925379,-0.0005738083747666488,0.006598776840229109,0.0065789355703878396,0.006020057931837962,0.006000216661996693,0.01187972420111072,0.011859882931269449,-0.0004011483237454927,-0.0004209895935867625,0.006598776840229109,0.0065789355703878396,0.010934546911143973,0.010914705641302702,-0.001101482188616873,-0.0011213234584581428,0.0020716677083674863,0.0020518264385262163,-0.00044376216086991493,-0.0007136034307111848,0.005365734658064869,0.005345893388223599,0.01033300952998395,0.01031316826014268,-0.0015284358717835907,-0.0015482771416248605,0.0049816541842811445,0.004761812914439874,0.007919381068000497
2024-01-30,0.0024323964882480235,0.0024125552184067534,-0.033194723752419164,-0.03321456502226043,-0.017743672765299624,-0.017763514035140895,-0.03545710832477422,-0.03547694959461549,0.0021283980526202173,0.0021085567827789473,-0.033194723752419164,-0.03321456502226043,-0.004323102027648795,-0.004342943297490065,-0.03983615689454406,-0.03985599816438533,0.004330700421955403,0.004310859152114133,-0.02823855337233805,-0.02825839464217932,-0.0053454987634310005,-0.00536534003327227,-0.05358278128322563,-0.0536026225530669,-0.014313478554848064,-0.014333319824689335,0.01156337660897953,0.01129353533913826,-0.0007734882337023796
2024-01-31,0.00748959584432084,0.00746975457447957,0.012203920265955959,0.01198407899611469,0.007137430618265573,0.007117589348424303,0.005880063614945141,0.005860222345103872,0.00812212297061411,0.00810228170077284,0.012203920265955959,0.01198407899611469,-0.0039807327835999825,-0.004000574053441252,0.002804793425255729,0.0025849521554144592,0.0030234737102521007,0.0030036324404108306,0.012265883853579584,0.012046042583738314,0.00360965208495092,0.00358981081510965,0.007002251333209586,0.006482410063368316,0.0058405572517419655,0.005820715981900696,-0.01217170993287156,-0.012191551202712831,-0.016317268187528988
2024-02-01,-0.0005617428269998007,-0.0005815840968410705,-0.002889278003720252,-0.002909119273561522,0.004522903497466846,0.004503062227625577,0.006202426258455846,0.005682584988614576,0.0011406529944618105,0.0011208117246205406,-0.002889278003720252,-0.002909119273561522,0.009570097119263132,0.009550255849421862,0.005699384692004539,0.005429543422163269,0.013450316556493782,0.013430475286652512,0.0009918626240922775,0.00047202135425100764,0.0037775926034314122,0.003757751333590142,-0.002238565747715823,-0.002591740350890426,-0.00045410763392921775,-0.00047394890377048756,0.0008863825271814008,0.0008665412573401309,0.013087980607788374
2024-02-02,-0.0007486719266877827,-0.0007685131965290525,-0.00426204230811047,-0.00428188357795174,-0.023343348818947594,-0.023363190088788864,-0.00528146062685741,-0.005301301896698679,-0.004478765101043658,-0.004498606370884927,-0.00426204230811047,-0.00428188357795174,0.030139144667741837,0.030119303397900567,-0.003330267941212417,-0.003350109211053687,0.004542250986341312,0.004522409716500042,0.00796908542377307,0.007949244153931799,0.008518449261968087,0.008498607992126817,0.003200314357750182,0.003180473087908912,0.01865114774982351,0.018631306479982238,0.0017507750820812574,0.0015309338122399875,0.010527476101239719
2024-02-05,-0.002142669045511569,-0.002162510315352839,0.0038329121726706217,0.003146404236162685,-0.005917773290029382,-0.0059376145598706515,-0.0008172909429125883,-0.0010037988794205249,-0.0027868804257799133,-0.0028067216956211834,0.005913563092034058,0.0057270551555261215,0.005862826614277783,0.005842985344436513,0.008956242099952938,0.008736400830111669,0.012807054184237188,0.012787212914395918,0.002877554890601366,0.002524380287426763,0.007341782287523347,0.007321941017682077,-0.006920988146396301,-0.007190829416237571,-0.009703492611524454,-0.009723333881365724,0.0018500080575055058,0.0012885001209975693,-0.0036411212279222616
2024-02-06,-0.00211734398782939,-0.00213718525767066,-0.019002002165268907,-0.019021843435110177,0.006291278358343222,0.006271437088501953,-0.0029555413879521547,-0.0034515731339839007,-0.0018178969033106462,-0.001837738173151916,-0.021094070638894104,-0.021113911908735374,-0.01687458225942198,-0.01689442352926325,-0.012554829178570441,-0.012741337115078378,-0.00653770297906191,-0.0065575442489031795,-0.022185976179517564,-0.022205817449358834,-0.007907947332374298,-0.007927788602215569,-0.03643928899952767,-0.036459130269368936,0.007101080071357,0.007081238801515731,0.0011496336043190225,0.0010186812233666416,0.002903296810174316
2024-02-07,0.0015949514047164156,0.0015751101348751458,0.0023063003175053387,0.002086459047664069,-0.005749956674344047,-0.005769797944185317,0.00035162484379331563,0.0003317835739520458,0.0035470728377665736,0.0035272315679253036,0.0013032610278641554,0.0010834197580228855,0.0008146731756716093,0.0007948319058303395,-0.002227976286293928,-0.002247817556135198,0.008921502266268755,0.008901660996427484,0.009310887560584357,0.009291046290743087,0.00042883284028458766,0.00040899157044331784,-0.0031069566149588557,-0.004126797884800125,0.0008369456580481745,0.0008171043882069047,-0.005321243535512493,-0.005541084805353763,0.008340343964780894
2024-02-08,0.005161818063404888,0.005141976793563619,-0.0002951028391510514,-0.0003149441089923212,0.0016923235783257717,0.001672482308484502,0.001374674199639108,0.001229832929797838,0.004177135351892869,0.0041572940820516,0.0010396513269283147,0.0010198100570870448,-0.0019105717634888108,-0.0019304130333300806,0.004579213951282311,0.004392706014774375,0.004125089025874185,0.004105247756032915,0.002768928244284957,0.002332420307777021,0.0026942981253200494,0.0026744568554787794,-0.004146451635587606,-0.004166292905428875,-0.0008970513298419691,-0.0009168925996832389,0.0026777729010211025,0.002391264964513166,0.00044164527671441967
2024-02-09,0.0022017525857001116,0.0021819113158588416,0.01932341848265353,0.01930357721281226,0.008921051367749589,0.008901210097908318,0.00744296635527973,0.007280267942581317,0.004005355289893797,0.003985514020052527,0.008249441258520696,0.008229599988679425,0.015175224870174309,0.015155383600333038,0.011237240205462311,0.011140475858697964,0.011371945997618406,0.011352104727777135,0.013744892955397325,0.013725051685556055,0.011612730275147864,0.011592889005306594,0.01943051096527612,0.01941066969543485,0.002764422151083288,0.002744580881242018,-0.002788304832506593,-0.0028990551932569536,0.005779457369023078
2024-02-12,-0.005709447116686628,-0.005729288386527897,-0.012264370824650761,-0.012284212094492031,-0.002591937475930017,-0.002611778745771287,-0.0010890010400156774,-0.0012338423098569474,-0.005764691704270485,-0.005784532974111755,-0.009307720481538162,-0.009327561751379432,-0.00837812971278572,-0.008397970982626991,-0.008049693950073263,-0.008069535219914534,-0.0077748209358967195,-0.007794662205737989,-0.011995090566296836,-0.012157788978995249,-0.005236043943190549,-0.005255885213031819,-0.010221002632841675,-0.010240843902682945,-0.0015847389475753936,-0.0016045802174166634,-0.0010493352539253974,-0.0012120336666238101,-0.0004389136296578666
2024-02-13,0.005414602453383531,0.005394761183542262,-0.0034774252728601903,-0.0034972665427014603,0.002105774190894494,0.002085932921053224,0.0005081184359968377,0.0004882771661555679,0.00423700270781977,0.0042171614379785,0.004272485559152295,0.0042526442893110255,0.0028591318052855093,0.0028392905354442393,0.0042940816278423544,0.004274240358001085,0.0043348746758422926,0.004315033406001023,0.0028011366333770514,0.0027812953635357814,0.006392401786793912,0.006372560516952642,0.0021436340141707533,0.0021237927443294832,-0.006942898353389423,-0.006962739623230693,-0.0027359143772721604,-0.0027557556471134305,-0.0137730931098613
2024-02-14,-0.002803009239405351,-0.002822850509246621,0.01862640336477356,0.018356562094932288,0.0017356954586097767,0.0017158541887685068,0.009970300951906636,0.009664745396351081,-0.0028962558796805865,-0.0029160971495218566,0.034059248447643575,0.03378940717780231,0.010771908192817281,0.010752066922976011,0.008404984502688628,0.008085143232847357,0.008518990383274194,0.008499149113432924,0.01956580870097973,0.01954596743113846,0.010061953954312442,0.010042112684471171,0.022657020441963993,0.022637179172122723,0.0035967606460350545,0.0035769193761937845,0.00010111998411720807,-0.00018538795239072842,0.009087716802688828
2024-02-15,0.002953167088331732,0.002933325818490462,-0.004897858668376276,-0.0049176999382175455,-0.007507555828884793,-0.007527397098726063,0.00399134024777679,0.0038048323112688533,0.00034800321145014336,0.00032816194160887355,0.010747955604744508,0.010728114334903237,-0.011576086085920733,-0.011595927355762004,-0.007279355259042775,-0.007549196528884044,-0.006787320662724361,-0.0068071619325656306,-0.0074523297496165986,-0.007638837686124535,-0.006106084385028543,-0.006125925654869813,-0.012208738463970886,-0.012228579733812157,0.00793735090959154,0.00791750963975027,-0.0007940007522615287,-0.0008138420221027985,0.006899732879512399
2024-02-16,-0.0071352666505158265,-0.007155107920357096,-0.002814794332022785,-0.0030346356018640546,-0.006988294788521155,-0.007008136058362425,-0.00218044610696832,-0.00220028737680959,-0.0068936174671731625,-0.006913458737014432,-0.00997315952165676,-0.01019300079149803,-0.011979539685671826,-0.011999380955513096,-0.0033231067809188063,-0.0034540591618711872,0.0020789257927536276,0.0020590845229123576,0.0042932663063904985,0.0041305678936920855,-0.0026794716799432017,-0.0026993129497844717,-0.011091048817606974,-0.011610890087448244,-0.0016164623448116828,-0.0016363036146529526,0.01197101182810421,0.01195117055826294,-0.004979972192162729
2024-02-20,0.012077864286416263,0.012058023016574992,-0.013031915350859435,-0.013051756620700706,0.002576744026145816,0.002556902756304546,-0.0013169854209106454,-0.0013368266907519152,0.012546010343461344,0.012526169073620074,-0.013416234123272619,-0.013436075393113889,0.001348791897702728,0.001328950627861458,0.003297305777731703,0.003277464507890433,-0.011406932332310549,-0.01142677360215182,-0.021166813149185223,-0.021186654419026493,-0.0005269578985027334,-0.0005467991683440032,-0.004603162228969532,-0.004623003498810801,0.001548122779614827,0.0015282815097735572,-0.013340307467429213,-0.013360148737270483,-0.005505423937581022
2024-02-21,-0.003637133921463165,-0.003656975191304435,-0.0014382870361199047,-0.0016247949726278413,-0.0015611559518064148,-0.0015809972216476846,-0.0025818320148910077,-0.0028016732847322774,-0.0041419194711672215,-0.004161760741008491,-0.007504552354161735,-0.007691060290669671,-0.007505007239033523,-0.007524848508874793,9.081004908056967e-05,-0.00022903122076070018,-0.009125313130281186,-0.009145154400122457,-0.008272340887294477,-0.008417182157135748,-0.005109951795848011,-0.005129793065689281,0.0009553791516866046,0.00026887121517866813,-0.0030525516261357623,-0.0030723928959770323,0.00033032336878326997,0.00031048209894200015,0.0009058482471346885
2024-02-22,0.0010689556401073056,0.0010491143702660358,0.019186817219625174,0.019166975949783904,-0.003498477302283554,-0.003518318572124824,0.014872963992102162,0.014686456055594226,0.0030554537269624985,0.0030356124571212285,0.014607481016405799,0.014587639746564528,0.023529134210012372,0.023509292940171102,0.013729510673496953,0.013598558292544572,0.020569078626906115,0.020549237357064844,0.019835341232259815,0.019815499962418544,0.021595805000846912,0.02157596373100564,0.01907608308769282,0.01905624181785155,0.004140936046528185,0.004121094776686916,-0.002985881718998596,-0.003339056322173199,0.02069547359013213
2024-02-23,-0.0008276739839353396,-0.0008475152537766094,-0.0013534799175534355,-0.002573321187394705,0.0014076749909271327,0.0013878337210858629,0.004014017610346457,0.0034941763405051873,-0.0001653193400202313,-0.00018516060986150114,-0.0036142338953202516,-0.0038340751651615213,0.001181634513081575,0.0011617932432403052,-0.0023663095770946885,-0.0032611508469359584,-0.002748152937769577,-0.002767994207610847,-0.0053087991938733925,-0.005971497606571805,-0.002759636811596045,-0.002779478081437315,-0.004563633364386366,-0.005250141300894302,-0.003629142336994912,-0.003648983606836182,-0.0011315017071338862,-0.0016013429769751561,0.0006896938035241273
2024-02-26,0.0075160880025838105,0.007496246732742541,0.005321286937130909,0.005051445667289639,0.000986018076557449,0.0009661768067161791,0.0054798298453881955,0.005259988575546925,0.007555100608450617,0.007535259338609347,0.0006570491280632473,0.0003872078582219775,0.0024746554161133474,0.0024548141462720774,-0.0012382571822792082,-0.001400955594977621,0.0017728457584882838,0.001753004488647014,0.0037033101387437444,0.003516802202235808,0.006626307222684069,0.006606465952842799,0.0025756077615316873,0.0025557664916904172,-0.0021496665043088357,-0.0021695077741501058,-0.001984064603102845,-0.002003905872944115,-0.003662551297314409
2024-02-27,0.00018517799988749801,0.00016533673004622817,-0.010846962042786013,-0.010866803312627283,-0.005200187459740546,-0.005220028729581816,-0.0008161132608478319,-0.0008359545306891017,0.0027334900799169557,0.0027136488100756857,-0.003112049545198059,-0.003131890815039329,0.0010716554697302377,0.0010518141998889679,-0.0001523950339804214,-0.00017223630382169123,-0.0019704876079808314,-0.0019903288778221014,-0.006806042422356984,-0.007025883692198254,-0.000940263230311622,-0.0009601045001528918,-0.006919351665619819,-0.006939192935461088,0.00618482198193435,0.00616498071209308,-0.0041822906025479195,-0.004452131872389189,0.0018577522132514623
2024-02-28,0.0026443360292024874,0.0026244947593612174,-0.009532285136761298,-0.009552126406602569,-0.001758523673338186,-0.001778364943179456,0.003981364345241689,0.003961523075400419,0.0030718855655952337,0.0030520442957539637,-0.003164665025276292,-0.003184506295117562,-0.0023281125959597414,-0.0023479538658010115,-0.005916767756006688,-0.005936609025847957,-0.00945919862617992,-0.009479039896021191,-0.010354991226895288,-0.010374832496736559,-0.006691890818415047,-0.006711732088256317,-0.009460887000381057,-0.009480728270222328,0.0021283419777407865,0.0021085007078995165,-0.004109633700714642,-0.004272332113413055,-0.0013217519841201009
2024-02-29,-0.004883816187426403,-0.004903657457267673,0.012648406035981791,0.012295231432807188,-0.006035979630504507,-0.006055820900345776,-0.0013531036965352145,-0.0013729449663764843,-0.003872709699305443,-0.0038925509691467132,-0.003480329124032548,-0.003833503727207151,0.0163178868062151,0.016298045536373828,0.013661939328067807,0.013242098058226537,-0.0006243515456923923,-0.0006441928155336621,0.01199420983775168,0.011724368567910409,0.008649727096811454,0.008629885826970184,0.01368784887635503,0.01316800760651376,-0.004890289391321412,-0.004910130661162681,0.0002847672237259679,6.492595388469803e-05,0.003594993155892068
2024-03-01,0.001674521891430436,0.0016546806215891662,0.009949333332697393,0.009929492062856123,-0.001633157793877793,-0.0016529990637190628,0.001263928382255669,0.0007440871124143992,0.002157152361140391,0.002137311091299121,-0.004808216832384563,-0.0048280581022258325,0.009850840903081158,0.009830999633239888,0.005512258719120327,0.005159084115945723,0.006994472978363731,0.006974631708522461,0.025152434240706262,0.02479925963753166,0.0094859531848131,0.00946611191497183,0.015266155985165675,0.014746314715324406,0.006067405841422599,0.006047564571581329,0.001268930867282956,0.0012490895974416863,0.009388320968662489
2024-03-04,0.002791252881589368,0.00017141161174809728,0.025552998168023533,0.025533156898182263,0.003963715008305146,0.002743873738463876,0.02483298332481208,0.02481314205497081,0.0014372969258018564,-0.0011825443440394144,0.008300769899245442,0.008280928629404171,-0.004490252837806774,-0.0059100941076480435,0.03129033911608636,0.031270497846245096,-0.008658381608616516,-0.010678222878457787,0.015359994130635454,0.015340152860794183,-0.0049601051987075975,-0.007579946468548867,0.026148392694337497,0.026128551424496226,-0.005501626135769221,-0.009321467405610491,-0.0075030183872183635,-0.0076895263237263,-0.0010723579849281073
2024-03-05,-0.0029158401625856483,-0.0029356814324269184,0.007930897827105043,0.006411056557263773,0.0005931001800850372,0.0005732589102437674,0.011383104006329359,0.011113262736488088,0.0012952967110778533,0.0012754554412365835,-0.010639728688436823,-0.011159569958278092,-0.0020525484462952217,-0.0020723897161364917,0.007327445358833384,0.006807604088992114,-0.004453402850464483,-0.004473244120305753,-0.0032121947152052577,-0.0037320359850465277,-0.008733377191026893,-0.008753218460868163,0.007930897827105043,0.006911056557263774,0.00204313014809977,0.0020232888782585,-0.0013755420516436505,-0.0026453833214849206,-0.009994155065539134
2024-03-06,0.010750321722770562,0.010730480452929292,0.030315692838311703,0.030295851568470433,0.0007840704808880217,0.0007642292110467519,0.009043873281623593,0.007690698678448991,0.0030465726816630845,0.0030267314118218144,0.003555643218470461,0.003535801948629191,0.004963162437589275,0.004943321167748005,0.015472662291741712,0.014786154355233776,0.010429582737397258,0.010409741467555987,0.013641180893320726,0.013621339623479455,0.0042155937170560535,0.004195752447214784,0.030315692838311703,0.030295851568470433,0.00765769188043014,0.00763785061058887,0.003002699517395846,0.002482858247554576,0.005067283843022796
2024-03-07,0.010490500309340366,0.010470659039499095,0.03407403432496542,0.03405419305512415,0.008393680807577908,0.008373839537736637,0.011281720253608222,0.011261878983766951,0.005185910038454922,0.005166068768613652,-0.0007458131511129396,-0.0007656544209542094,0.00529719148083967,0.0052773502109984,0.014837777683407771,0.0148179364135665,0.0022330730511672782,0.002213231781326008,0.016212387381521615,0.016192546111680344,0.007117900129854072,0.007098058860012802,0.03407403432496542,0.03405419305512415,0.0017506472443931439,0.001730805974551874,0.003774665642724301,0.003754824372883031,0.009926431560008053
2024-03-08,-0.00812313348769912,-0.00814297475754039,-0.04960267476714342,-0.049622516036984685,-0.004476075578250449,-0.004495916848091718,-0.030695822370467196,-0.031215663640308467,-0.00037266572304966994,-0.00039250699289093975,-0.00012782903995889328,-0.00014767030980016312,-0.011006662200675888,-0.011026503470517158,-0.0523295547087503,-0.05334939597859157,-0.010167288436724996,-0.010187129706566267,-0.05143814758194617,-0.052791322185120775,-0.010236446219036365,-0.010256287488877636,-0.04960267476714342,-0.049622516036984685,-0.003454969065722979,-0.003474810335564249,0.002116169044701466,0.0007629944415268627,-0.00600223707223313
2024-03-11,-0.004009791549765773,-0.004029632819607043,-0.01885808714985654,-0.01887792841969781,-0.005039230249702798,-0.0050590715195440675,-0.015832110575450087,-0.016851951845291358,0.0027066960260438756,0.0026868547562026055,0.0003212577124104832,0.00030141644256921336,-0.004527583380605549,-0.004547424650446818,-0.01885808714985654,-0.01937792841969781,-0.004686820957929383,-0.0047066622277706525,-0.0226863404893158,-0.02270618175915707,-0.004141424100232737,-0.004161265370074007,-0.01885808714985654,-0.01887792841969781,-0.008098409344591195,-0.008118250614432465,-0.006388099455031456,-0.006407940724872725,-0.0008599039041066181
2024-03-12,0.0062594438137465016,0.006239602543905232,0.07070690184069855,0.07068706057085729,0.008036662277107542,0.008016821007266271,0.031210390093517004,0.031190548823675734,-0.0026594597044270144,-0.0026793009742682844,0.009892517130039968,0.009872675860198698,0.01969140845517837,0.0196715671853371,0.07070690184069855,0.07068706057085729,0.023812477128371534,0.023792635858530264,0.07070690184069855,0.07018706057085729,0.020971392458336846,0.020951551188495576,0.07070690184069855,0.07068706057085729,-0.0005403940696753311,-0.0005602353395166009,0.010790796377141254,0.010270955107299985,0.010757494913311794
2024-03-13,0.0021012762062244785,0.0020814349363832084,-0.025411498873126437,-0.025431340142967707,-0.0007424201971108044,-0.0007622614669520742,-0.005066872236786979,-0.0050867135066282486,0.004451319401276355,0.004431478131435085,-0.015827046907082698,-0.01584688817692397,-0.013481877577202405,-0.013501718847043676,-0.025411498873126437,-0.025431340142967707,-0.00571680989016371,-0.0057366511600049795,-0.027754553326805986,-0.028274394596647257,-0.015454339145116057,-0.015474180414957328,-0.025411498873126437,-0.025431340142967707,0.0031199912900959025,0.0031001500202546325,-0.010298363937598864,-0.011318205207440134,-0.0015675797383610801
2024-03-14,0.005306844582282588,0.005287003312441319,-0.02930484400344402,-0.02932468527328529,-0.006337163362953457,-0.006357004632794727,-0.01464468624406573,-0.014664527513907,0.007391262778897523,0.007371421509056253,0.00110979957803925,0.0010899583081979802,-0.0020921956227905603,-0.0021120368926318303,-0.02930484400344402,-0.02932468527328529,0.0035226635282248012,0.003502822258383531,-0.01306928953211528,-0.01308913080195655,0.0030201531341094378,0.0030003118642681677,-0.02930484400344402,-0.02932468527328529,0.004567848900523996,0.004548007630682726,0.008313693251784382,0.008293851981943112,-0.001976722054627955
2024-03-15,-0.002292791565237706,-0.002312632835078976,-0.002653897225476043,-0.002673738495317313,-0.0009659626064781653,-0.0009858038763194351,0.0034725102210775294,0.0034526689512362593,-0.005787813233348027,-0.005807654503189296,-0.0083040907054589,-0.00832393197530017,-0.007762854897523042,-0.007782696167364311,-0.002653897225476043,-0.002673738495317313,-0.005465492924747783,-0.005485334194589053,-0.002005785607309185,-0.002025626877150455,-0.007143714742807094,-0.007163556012648364,-0.002653897225476043,-0.002673738495317313,0.0002957391534772584,0.0002758978836359886,0.0075094773875958865,0.007489636117754617,-0.00686680474780077
2024-03-18,0.004427304428471867,0.004407463158630598,0.01057239342578098,0.00955255215593971,-0.007433053798017696,-0.007452895067858966,-0.0009422178497335842,-0.0009620591195748541,-0.0038021913892456573,-0.0038220326590869273,0.009479897925651515,0.008460056655810245,0.007653236912694938,0.007633395642853668,0.01057239342578098,0.00955255215593971,0.002950617586107196,0.002930776316265926,0.016055644520791,0.015035803250949732,-0.001917228005330251,-0.0019370692751715208,0.01057239342578098,0.00955255215593971,-7.010212718490134e-05,-8.994339702617118e-05,0.02014225178133544,0.02012241051149417,0.005943247138655572
2024-03-19,0.0018834439885647928,0.001863602718723523,-0.00950542542124655,-0.00952526669108782,0.0003521288832477815,0.0003322876134065117,-0.00014453410915715725,-0.0001643753789984271,0.0012859442245997561,0.0012661029547584863,-0.014609042499944103,-0.014628883769785373,-0.0004909506120281733,-0.0005107918818694432,-0.00950542542124655,-0.00952526669108782,0.000936875573868812,0.0009170343040275422,-0.009397626079833299,-0.00941746734967457,0.004118329395431408,0.004098488125590138,-0.00950542542124655,-0.00952526669108782,0.00362712682838614,0.00360728555854487,0.00895643152275638,0.00893659025291511,0.005557043192334188
2024-03-20,-0.0037597527091350787,-0.0037795939789763487,0.001646061143180555,0.0016262198733392852,0.004027422593515728,0.004007581323674458,-0.0006801905049506063,-0.0007000317747918761,-0.0020799169670675747,-0.0020997582369088447,0.0,0.0,-0.006701453798831424,-0.006721295068672694,0.001646061143180555,0.0016262198733392852,-0.004505854373322992,-0.004525695643164262,-0.0036080672588882923,-0.0036279085287295623,-0.007829078542525224,-0.007848919812366495,0.001646061143180555,0.0016262198733392852,0.00048793679871564875,0.00046809552887437894,0.002351396462362043,0.002331555192520773,0.009249281975740598
2024-03-21,-0.016364826713436642,-0.016384667983277913,0.008457233497946914,0.008437392228105644,-0.005060077958838083,-0.005079919228679353,0.008457233497946914,0.007437392228105645,-0.012613178675542036,-0.012633019945383307,0.0,0.0,-0.014511849463673608,-0.014531690733514879,0.008457233497946914,0.008437392228105644,-0.008699825005884522,-0.008719666275725792,0.0016863292790997297,0.00166648800925846,-0.011958203582864946,-0.011978044852706217,0.008457233497946914,0.008437392228105644,-0.0024715292695717812,-0.0024913705394130512,0.001765513168248467,0.0007456718984071972,0.0033049703494358873
2024-03-22,0.015242419846724975,0.015222578576883704,0.0,0.0,-0.0019375831436810216,-0.0019574244135222916,0.0,0.0,0.011288025826073822,0.011268184556232552,0.0,0.0,0.0029194688074979267,0.0028996275376566567,0.0,0.0,0.007866852495812648,0.007847011225971378,-0.0075606763738022,-0.00858051764364347,0.008836647133471797,0.008816805863630527,0.0,0.0,0.00265290221486818,0.00263306094502691,-0.0035270473238487865,-0.0035468885936900565,-0.0018960082807543133
2024-03-25,0.007039548589235689,0.00701970731939442,0.0,0.0,-0.004242223940984125,-0.004262065210825394,0.0,0.0,0.00401351021283175,0.0039936689429904805,0.0,0.0,4.622978157287072e-05,2.638851173160088e-05,0.0,0.0,0.004125058227944544,0.004105216958103275,-0.010618413015529016,-0.010638254285370286,0.0017175135313882372,0.0016976722615469674,0.0,0.0,0.0018247087817001128,0.001804867511858843,-0.021644513348938688,-0.02216435461877996,-0.0027628224274897084
2024-03-26,0.006460127618719791,0.0064402863488785215,0.0,0.0,-0.005274255394459882,-0.005294096664301151,0.0,0.0,0.009657289427086223,0.009637448157244953,0.0,0.0,0.004823468927804531,0.0048036276579632615,0.0,0.0,0.008320423356859397,0.008300582087018126,0.004940217289658877,0.004920376019817607,0.006395990500794636,0.006376149230953366,0.0,0.0,-0.0003135152980056066,-0.00033335656784687644,0.0027723324711290687,0.0027524912012877986,-0.0018469039122761544
2024-03-27,-0.00968983113259948,-0.00970967240244075,0.0,0.0,-0.005303810670461552,-0.005323651940302821,0.0,0.0,-0.00382489144804039,-0.00384473271788166,0.0,0.0,-0.011807065002478722,-0.011826906272319993,0.0,0.0,-0.01285650094820141,-0.01287634221804268,-0.017892226772648234,-0.017912068042489505,-0.01307713637920006,-0.01309697764904133,0.0,0.0,0.00830840400758611,0.00828856273774484,-0.013271554481290249,-0.013291395751131519,0.008403719100954943
2024-03-28,-0.0017390775841762407,-0.0017589188540175105,0.0,0.0,-0.004872059807094209,-0.0048919010769354785,0.0,0.0,-0.0011036162290843363,-0.0011234574989256061,0.0,0.0,-0.006738955300767147,-0.0067587965706084165,0.0,0.0,-0.0018383579992017564,-0.0018581992690430262,0.00290509133158412,0.0028852500617428498,-0.007134756553957955,-0.0071545978237992245,0.0,0.0,0.0029934917329202835,0.0029736504630790135,0.0007512845113224476,0.0007314432414811777,-0.00019091284867489566
2024-04-01,0.0053958353269507155,0.005375994057109446,0.0,0.0,-0.0024317060959990425,-0.0024515473658403126,0.0,0.0,0.006085085070168206,0.006065243800326936,0.0,0.0,0.005138400945165156,0.005118559675323886,0.0,0.0,0.011652745598003467,0.011632904328162197,0.0007049461395035594,0.0006851048696622896,0.006091747340689646,0.006071906070848377,0.0,0.0,-0.0005019391105047788,-0.0005217803803460486,-0.00633242919968241,-0.00635227046952368,-0.0017398671031291224
2024-04-02,-0.0023666258847997996,-0.0023864671546410697,0.0,0.0,-0.010189265023780113,-0.010209106293621383,0.0,0.0,-0.0029504248103228606,-0.0029702660801641306,0.0,0.0,-0.0034344607031670405,-0.0034543019730083105,0.0,0.0,0.00028417674093101936,0.00026433547108974955,-0.002727037493001516,-0.0027468787628427862,-0.012298252539074007,-0.012318093808915277,0.0,0.0,0.00974540044226464,0.009725559172423369,-0.006881495809114124,-0.006901337078955394,-0.0063582197032967525
2024-04-03,-0.0016077097400867936,-0.0016275510099280634,0.0,0.0,0.006262399589212065,0.006242558319370795,0.0,0.0,-0.007975175258907941,-0.007995016528749212,0.0,0.0,-0.00508494262655772,-0.00510478389639899,0.0,0.0,0.0009561573222461874,0.0009363160524049176,0.01418209376652202,0.014162252496680749,-0.0001888838049289741,-0.00020872507477024394,0.0,0.0,-0.004162594242071727,-0.004182435511912996,0.003133352947083945,0.003113511677242675,0.001098538297936047
2024-04-04,-0.004442265927757017,-0.004462107197598287,0.0,0.0,-0.001501014262257615,-0.001520855532098885,0.0,0.0,-0.0067823439315692685,-0.006802185201410538,0.0,0.0,-0.009084481078150608,-0.009104322347991878,0.0,0.0,-0.01247868949027522,-0.01249853076011649,-0.0040327581474207674,-0.004052599417262037,-0.007450488400055021,-0.007470329669896291,0.0,0.0,-0.008141723427320934,-0.008161564697162204,-0.002887778179068934,-0.002907619448910204,-0.012205975319356743
2024-04-05,0.007966128874449018,0.007946287604607747,-0.002060791056827549,-0.0030806323266688185,0.006905152243217971,0.006885310973376702,0.0,0.0,0.0034697217596410413,0.0034498804897997713,-0.002060791056827549,-0.0030806323266688185,0.006486815707853699,0.00646697443801243,0.0,0.0,0.007349264214357186,0.007329422944515916,-0.004729733060275798,-0.004749574330117068,0.007026748122945426,0.007006906853104156,-0.002060791056827549,-0.0030806323266688185,0.005287681767910889,0.00526784049806962,-0.010940238599997654,-0.011960079869838923,0.010446772726340203
2024-04-08,-0.0026783206699863113,-0.0026981619398275813,0.001735758122476505,0.0017159168526352353,-0.0013004949703915747,-0.0013203362402328445,0.0,0.0,0.0017246860163080858,0.001704844746466816,0.001735758122476505,0.0017159168526352353,-0.006740939780278665,-0.006760781050119935,0.0,0.0,-0.002871536354492121,-0.002891377624333391,-0.0049627564786939304,-0.0049825977485352,-0.008451329985400068,-0.008471171255241338,0.001735758122476505,0.0017159168526352353,0.003283999763461121,0.003264158493619851,0.005503449791086912,0.005483608521245642,0.0005592485948484605
2024-04-09,-0.005646611158978909,-0.005666452428820179,-0.0008451894183583164,-0.0008650306881995862,-0.006340864784678291,-0.006360706054519561,0.0,0.0,0.0003598867726280486,0.00034004550278677876,-0.0008451894183583164,-0.0008650306881995862,-0.007394675956326702,-0.007414517226167971,0.0,0.0,-0.007673523280812533,-0.007693364550653802,-0.006965852131151529,-0.006985693400992798,-0.0035979874253543433,-0.0036178286951956133,-0.0008451894183583164,-0.0008650306881995862,-0.005143900593656203,-0.005163741863497473,0.0006489016762832867,0.0006290604064420168,0.001156939395297707
2024-04-10,0.01007538593716073,0.01005554466731946,-0.0034893093521239926,-0.0035091506219652627,0.0016799387067987347,0.001660097436957465,0.0,0.0,0.003114880470673242,0.003095039200831972,-0.0034893093521239926,-0.0035091506219652627,0.010409459705310022,0.010389618435468751,0.0,0.0,0.013201654572062137,0.013181813302220867,-0.001996718476384607,-0.002016559746225877,0.003966986125989502,0.003947144856148233,-0.0034893093521239926,-0.0035091506219652627,0.01127230071490456,0.01125245944506329,-0.0104700221535593,-0.01048986342340057,-0.010013224602685611
2024-04-11,0.010370796466967614,0.010350955197126343,0.01648008418918112,0.01646024291933985,0.00890770243202652,0.00888786116218525,0.0,0.0,-0.0009021843420845663,-0.0009220256119258361,0.01648008418918112,0.01646024291933985,0.01986686575983173,0.01984702448999046,0.0,0.0,0.014270776266443762,0.014250934996602491,0.0,0.0,0.013934047446970809,0.013914206177129539,0.01648008418918112,0.01646024291933985,0.008973745643548149,0.008953904373706878,0.04264090414387389,0.041621062874032624,0.007546903688030238
2024-04-12,0.007696331927733179,0.00767649065789191,0.008429962651672951,0.00841012138183168,0.005834401600949744,0.005814560331108475,0.0,0.0,0.00797688477934315,0.00795704350950188,0.008429962651672951,0.00841012138183168,0.0010272452105603447,0.001007403940719075,0.0,0.0,-0.006938041456269271,-0.006957882726110541,0.0,0.0,0.0021204823603162906,0.0021006410904750206,0.008429962651672951,0.00841012138183168,-0.002008958422284546,-0.002028799692125816,0.02223299783824939,0.02221315656840812,-0.01380303518657644
2024-04-15,-0.010911178650819675,-0.010931019920660945,-0.01092206160204523,-0.011441902871886499,-0.003022869143886808,-0.003042710413728078,-0.021382250163371697,-0.022402091433212968,-0.0036092511368902565,-0.0036290924067315265,-0.01092206160204523,-0.011441902871886499,-0.011065615456034484,-0.011085456725875754,-0.017228682525577632,-0.018248523795418903,-0.004562554906408511,-0.00458239617624978,0.0,0.0,-0.010285248863776663,-0.010305090133617934,-0.008769008316306892,-0.008788849586148163,-0.0008980625155931899,-0.0009179037854344597,0.01571563951836108,0.01569579824851981,-0.012528095191382538
2024-04-16,0.0011816965931814244,0.0011618553233401546,0.0011993371175018641,0.0011794958476605943,0.010675521316522506,0.010655680046681236,0.008005910485051837,0.007986069215210567,0.003180749721846676,0.003160908452005406,0.0011993371175018641,0.0011794958476605943,0.005012562061328318,0.004992720791487049,0.008804810119799777,0.008784968849958507,0.004297520539166389,0.004277679269325119,0.0,0.0,0.01027770592478915,0.01025786465494788,-0.015409258941714632,-0.016429100211555903,-0.008107321323489658,-0.008127162593330928,-0.002266398626653343,-0.002286239896494613,-0.0018238320153739496
2024-04-17,-0.002758800757871982,-0.002778642027713252,-0.007144222778657264,-0.008497397381831867,-0.012800204180018959,-0.01282004544986023,-0.007049967448407801,-0.008569808718249071,0.004350213144534732,0.004330371874693462,-0.007144222778657264,-0.008497397381831867,-0.01067265055015435,-0.01069249181999562,-0.01768510349582042,-0.01820494476566169,-0.00980299565189352,-0.00982283692173479,0.0,0.0,-0.010928976460848738,-0.010948817730690008,-0.0005306504517114119,-0.0010504917215526817,0.0002747372778584495,0.0002548960080171797,-0.00164967051419318,-0.00216951178403445,-0.005918270721091967
2024-04-18,-0.0040109595761274154,-0.004030800845968685,-0.00617244022901553,-0.0061922814988568,-0.0023326324285556145,-0.0023524736983968845,-0.03590577554846425,-0.036425616818305515,-0.004554395639789299,-0.0045742369096305685,-0.00617244022901553,-0.0061922814988568,-0.006072872783732109,-0.006092714053573378,-0.02174075822172039,-0.02176059949156166,-0.008765231884287484,-0.008785073154128754,0.0,0.0,-0.009827102880448758,-0.009846944150290029,-0.00013664123725759536,-0.0001564825070988652,-0.0038533380835587662,-0.0038731793534000363,0.005598499838737947,0.005578658568896677,-0.0020577941117486676
2024-04-19,-0.013899457464201924,-0.013919298734043194,-0.0023940391955474087,-0.0024138804653886787,-0.030088037026343974,-0.030107878296185244,-0.02528000064507857,-0.02529984191491984,0.0004778060899734205,0.0004579648201321506,-0.0023940391955474087,-0.0024138804653886787,-0.034323446112327696,-0.03434328738216896,-0.03427317893864751,-0.034293020208488775,-0.022173640555385808,-0.02219348182522708,0.0,0.0,-0.03066324663162688,-0.03068308790146815,-0.002079130076144131,-0.002098971345985401,0.010761960528585468,0.010742119258744198,-0.009502268232914057,-0.009522109502755328,-0.008728184491961999
2024-04-22,0.004556368335970606,0.004536527066129337,0.0008378708166260442,0.0003180295467847744,0.003039810070798854,0.003019968800957584,0.007129308304087201,0.006609467034245931,0.004629789487399571,0.004609948217558301,0.0008378708166260442,0.0003180295467847744,0.0013750962930611397,0.00135525502321987,-0.008957448636524479,-0.009977289906365748,0.001982229531148027,0.001962388261306757,0.0,0.0,0.0020033151540167606,0.0019834738841754906,0.004583749186176064,0.0042305745830014604,0.009473408321001285,0.009453567051160015,-0.006601797045012681,-0.00662163831485395,0.009209095568160741
2024-04-23,0.001672048888897347,0.0016522076190560772,0.017692702616165956,0.017672861346324686,0.004613894677020236,0.004594053407178967,0.011773068406762083,0.01141989380358748,0.002435254520925868,0.002415413251084598,0.017692702616165956,0.017672861346324686,0.0032057503745734134,0.0031859091047321433,0.037122584849587165,0.0371027435797459,0.014026512550599435,0.014006671280758165,0.0,0.0,0.007215772376473462,0.007195931106632193,0.010381073403360103,0.010361232133518833,0.00919214741162262,0.009172306141781349,0.0058962191895818306,0.004876377919740561,0.011866491269179935
2024-04-24,-0.0036124835450060946,-0.0036323248148473646,-0.01848295470012659,-0.018752795969967862,-0.015576381860860033,-0.015596223130701303,-0.0226040628115739,-0.02287390408141517,-0.0026370256745619548,-0.002656866944403225,-0.022005782661765783,-0.022025623931607053,-0.004310783098055581,-0.004330624367896851,-0.03636205356370984,-0.036715228166884446,-0.009749370274087444,-0.009769211543928714,0.01072927837671328,0.00870943710687201,-0.007675518007068439,-0.007695359276909708,-0.003418489227339911,-0.003938330497181181,-0.007004223727299174,-0.007024064997140444,0.0011662173256923678,0.0008130427225177646,-0.00047458839491565374
2024-04-25,0.011460858011923836,0.011441016742082566,-0.0013315678371400297,-0.0013514091069812995,0.013885224157519582,0.013865382887678312,0.005151375083403714,0.005131533813562445,0.013768934466724846,0.013749093196883576,-0.0010123703344712505,-0.0010322116043125203,0.0013725981697689793,0.0013527568999277095,0.015647044479342193,0.015627203209500923,0.0024190768928870733,0.0023992356230458033,0.0007045960514482363,0.0006847547816069665,0.007652992180058637,0.007633150910217368,-0.0014871987413313896,-0.0015070400111726594,0.009700918603551812,0.009681077333710542,-0.001326699928432669,-0.0013465411982739389,-0.003798820711377604
2024-04-26,0.002073484148466087,0.002053642878624817,0.007786806451325734,0.0074336318481511305,0.010296078515869134,0.010276237246027864,-0.0029482973001616506,-0.0031681385700029203,-0.009541165044114642,-0.009561006313955912,0.011643611382091246,0.011290436778916642,0.005417385744979875,0.005397544475138605,-0.0004980867508243558,-0.0010179280206656257,0.008951377980195852,0.008931536710354581,-0.009848760703423026,-0.010868601973264296,0.010030002067154055,0.010010160797312784,0.024901513487398108,0.024631672217556837,-0.005811286287617268,-0.005831127557458538,0.048070684665288264,0.047550843395447,0.009473829310949533
2024-04-29,0.004542793031422753,0.0045229517615814835,0.00016507059328182971,-0.0001047706765594401,-0.0016318916168758246,-0.0016517328867170944,-0.003392694135305707,-0.0037792020718136437,0.0041449028674990455,0.004125061597657776,0.0019529400974778732,0.0016830988276366034,-0.005706214902596818,-0.0057260561724380874,-0.01646449717749475,-0.01706767178066935,-0.004659425631022562,-0.004679266900863832,0.002607319631386107,0.002587478361544837,-0.009144398986721635,-0.009164240256562905,-0.00897929665783892,-0.00899913792768019,0.004490990239793757,0.0044711489699524876,-0.014753006755110973,-0.015022848024952244,0.0035415672071597015
2024-04-30,0.004402817910554368,0.004382976640713098,-0.0029634427313875167,-0.0029832840012287867,-0.004603721931650451,-0.004623563201491721,-0.008030094584273513,-0.008049935854114783,0.003791921035700696,0.003772079765859426,-0.003769837270445081,-0.003789678540286351,0.0035105462164285103,0.0034907049465872403,-0.004643123683597747,-0.0046629649534390165,0.006490675707894666,0.0064708344380533965,0.015114729858805048,0.015094888588963778,-0.004743920697906192,-0.004763761967747461,-0.011725724990734127,-0.011745566260575397,0.010632214598705447,0.010612373328864177,-0.017823411508555098,-0.01784325277839637,-0.015841325203145407
2024-05-01,0.005336084093836357,0.005316242823995087,0.014327078892673392,0.013973904289498788,0.011554501821942585,0.011534660552101315,-0.0008653445123603172,-0.00102804292505873,0.011644829130010326,0.011624987860169056,0.012031296696589904,0.0116781220934153,-0.015329189848569236,-0.015349031118410506,0.0036974712317136837,0.003427629961872414,0.008129796616315788,0.008109955346474518,0.00968945967410717,0.009336285070932567,0.009419745427191905,0.009399904157350635,0.015970035549983642,0.015750194280142373,-0.009513271101108644,-0.009533112370949915,0.010893542205582696,0.010673700935741427,-0.003247077167387591
2024-05-02,-0.003145465614310939,-0.003165306884152209,-0.003375892262134572,-0.0037385906748329846,0.014535906034190471,0.0145160647643492,0.012535778377104626,0.01210522282154907,-0.0030612370352984686,-0.0030810783051397387,-0.001828522589882716,-0.0019912210025811285,0.004560967660883219,0.004541126391041949,0.003926067635518975,0.0035951152545665942,0.004686287944359647,0.004666446674518377,-0.007692747839464576,-0.008162589109305845,0.0103205904393597,0.01030074916951843,-0.003654825424306951,-0.004008000027481555,-0.0015566515124020963,-0.001576492782243366,-0.004734232848990587,-0.005511649876407614,0.009353380061197125
2024-05-03,-6.410811755163098e-05,-8.394938739290082e-05,0.012237023454560344,0.011967182184719073,0.006144789248206539,0.006124947978365269,0.008376892263429737,0.008120939882477356,0.0030503990003348906,0.0030305577304936206,0.006586885678823286,0.006067044408982016,-0.0020270250373056412,-0.0020468663071469113,0.003362854245889213,0.0030763463093812764,-0.001439015463090566,-0.0014588567329318358,-0.0032763665705083655,-0.0032962078403496356,0.0026551000319381297,0.0026352587620968597,0.014866235096163272,0.014346393826322003,-0.005888274920021641,-0.005908116189862911,0.0015168855761880954,0.0009970443063468256,0.012395318365177932
2024-05-06,0.007774189973917923,0.007754348704076653,0.00576696815296901,0.00574712688312774,0.0036478595702848383,0.0036280183004435682,0.0013442207819407597,0.0013243795120994899,0.00010589421675293292,8.605294691166308e-05,0.0025234483741886082,0.002503607104347338,0.0050784221578792366,0.005058580888037967,0.012065675239492096,0.012045833969650825,0.01353751039405705,0.01351766912421578,0.013858751543227377,0.013838910273386107,0.005882058775630406,0.0058622175057891366,0.01700750050653872,0.01698765923669745,0.0027145090165655245,0.0026946677467242545,0.0022784172965807266,0.0022585760267394566,0.010326753519334764
2024-05-07,0.0020696740267177605,0.0020498327568764904,0.005096765577781159,0.00507692430793989,0.007194412208270817,0.0071745709384295475,0.008885222042111595,0.008865380772270325,0.0020218557697191056,0.0020020144998778356,0.0014391685943615506,0.0014193273245202808,-0.0008657787890496314,-0.0008856200588909012,0.010694952911090651,0.010675111641249381,-0.007530519522537905,-0.007550360792379174,0.005449962607814207,0.005430121337972937,0.001909835213957056,0.0018899939441157862,0.011882228118135862,0.011862386848294592,-0.0017221710990326326,-0.0017420123688739024,0.0037985661354710465,0.0037787248656297764,0.0011035482079475578
2024-05-08,-0.0030477803986623257,-0.0030676216685035958,-0.010424994530957552,-0.010444835800798823,-0.005373673557901271,-0.005393514827742541,-0.006902865441218547,-0.006922706711059817,-0.0032022131295736723,-0.0032220543994149423,-0.012028573809543617,-0.012048415079384887,0.0012904617387156313,0.0012706204688743615,-0.007566414921767134,-0.007677165282517494,0.0015811939018500864,0.0015613526320088166,-0.006816019469919004,-0.006835860739760274,0.0008835635613581251,0.0008637222915168553,-0.008319494276926308,-0.008339335546767579,-0.002577756028771505,-0.0025975972986127752,0.0011261119953778513,0.0007729373922032481,9.666059221768997e-05
2024-05-09,-0.0047176184468621825,-0.004737459716703452,-0.004957194058965687,-0.004977035328806957,-0.002799611460184692,-0.002819452730025962,0.0005420640722186201,0.0005222228023773502,0.00015500923605310524,0.0001351679662118354,-0.0013133343831495904,-0.0013331756529908602,-0.009885574265017173,-0.009905415534858443,-0.005654464053560439,-0.005674305323401708,-0.009156343928428245,-0.009176185198269515,-0.003906575046110172,-0.0039264163159514415,-0.008571715898165057,-0.008591557168006327,-0.009730669526699941,-0.009750510796541212,-0.0019374911670228083,-0.0019573324368640783,-0.0005900535529504503,-0.0006098948227917201,0.005761836011684673
2024-05-10,0.00011356719699090469,9.372592714963485e-05,-0.012026509606703595,-0.012046350876544865,-0.0054695229338215245,-0.005489364203662794,-0.004832078969516885,-0.004851920239358155,-0.0007939990751315905,-0.0008138403449728603,-0.01345877206219348,-0.01347861333203475,-0.0032500924079506555,-0.0032699336777919255,-0.008048135173710126,-0.008067976443551396,-0.004818023555642159,-0.004837864825483429,-0.014409953800477127,-0.014429795070318397,-0.004466430078267614,-0.004486271348108884,-0.009988519569335042,-0.010008360839176313,-0.004086776561424444,-0.004106617831265713,0.0035344834741747955,0.0035146422043335255,0.0012881662358383839
2024-05-13,0.001427878910267233,0.0014080376404259631,-0.002550030932249814,-0.002903205535424417,0.0029363474125385534,0.0029165061426972834,-0.001982364148203729,-0.0021450625609021417,-0.00022927907179526308,-0.0002491203416365329,0.006453560380498824,0.005433719110657554,0.002251030787635655,0.002231189517794385,-0.001564209578856822,-0.001806273070920314,0.0021533439437078417,0.0021335026738665717,-0.0019056997963735277,-0.0019255410662147975,-0.0003408205575396783,-0.0003606618273809481,-0.01010227955324563,-0.0101221208230869,-0.00205216336413484,-0.00207200463397611,0.0020406460432747164,0.0020208047734334464,0.00013415839135411112
2024-05-14,-0.0009192138548549836,-0.0009390551246962534,0.008347188347426029,0.008327347077584759,-1.980443588256442e-05,-3.964570572383426e-05,0.0014560414749410023,0.0014362002050997324,-0.0006174254237406806,-0.0006372666935819504,-0.0027349488811956946,-0.0027547901510369646,0.000435937102361983,0.0004160958325207132,0.00420346988844632,0.00418362861860505,0.008728343863043154,0.008708502593201883,0.010229869689750131,0.01021002841990886,0.0010173800914324849,0.000997538821591215,0.012371779652539577,0.012101938382698307,0.001986381052432329,0.001966539782591059,0.0023489939434034744,0.0023291526735622044,0.004588337361164152
2024-05-15,0.002437021546316665,0.0024171802764753948,0.010315020032444814,0.009461845429270211,-0.00112169581014443,-0.0011415370799857,-0.0026030017929474653,-0.003033557348503021,-6.4514570089048776e-06,-2.629272685017472e-05,0.006238608597979756,0.0060521006614718195,-0.0015699067544110434,-0.0015897480242523133,0.0054422134140932055,0.0050473721442519355,0.008463788689296826,0.008443947419455556,0.010564848503411623,0.010378340566903687,0.005092788414224835,0.005072947144383565,0.010208975128552863,0.009522467192044927,0.0030402659344599525,0.0030204246646186824,0.011159694214524323,0.010958034762864872,0.01238307543289796
2024-05-16,0.006109209649484237,0.006089368379642968,-0.0004370389068610314,-0.00045688017670230123,0.008657235458748358,0.008637394188907088,-0.0014176922274414328,-0.0015803906401398455,0.00885132211179963,0.00883148084195836,0.0004826359566066363,0.00046279468676536646,0.002820801465795231,0.002800960195953961,-0.005871385158986747,-0.005891226428828017,0.0030905153701742405,0.0030706741003329705,-0.005733497494705263,-0.005753338764546532,0.009773147218359878,0.009753305948518608,-0.009377250641656029,-0.0093970919114973,-0.009224029816499323,-0.009243871086340593,-0.002003745065837182,-0.002023586335678452,-0.0020575299463894137
2024-05-17,-0.0016225379705219758,-0.0016423792403632456,-0.00739566958832342,-0.00766551085816469,-0.0026547568722672162,-0.0026745981421084863,0.0004407840478348824,7.372055577139027e-05,0.0018951091275034356,0.0018752678576621658,-0.003407640551175021,-0.004427481821016291,-0.002962165820868057,-0.002982007090709327,-0.003476528001930293,-0.003607480382882674,0.0005995934202930762,0.0005797521504518064,-0.006375731241289948,-0.006538429653988361,-0.003129379467433379,-0.003149220737274649,-0.004472544965834509,-0.004742386235675779,0.0036217262742334723,0.0036018850043922023,-0.006490235335263818,-0.006593409938438421,0.0014374284791973668
2024-05-20,0.015155527453979523,0.015135686184138252,0.009176513165140393,0.008956671895299124,0.012080526832847138,0.012060685563005867,0.003288584926575763,0.00293541032340116,0.007942056661808661,0.00792221539196739,0.011241273770589278,0.011021432500748008,0.01069343740616465,0.01067359613632338,0.011236722010904122,0.011016880741062853,0.0077797533360948416,0.007759912066253572,0.007944786958003412,0.007924945688162141,0.009739954973545828,0.009720113703704557,0.01968531471758936,0.019165473447748087,0.0038146466145391297,0.0037948053446978597,0.003089132803952001,0.003069291534110731,0.0011521850332256722
2024-05-21,0.009982264572832033,0.009962423302990762,0.012812977103787144,0.012793135833945873,0.0017103931877897828,0.001690551917948513,-0.0019532830614207943,-0.002098124331262064,0.009818595259616748,0.009798753989775477,0.01756276622128674,0.01754292495144547,0.0021905056483948024,0.0021706643785535324,0.011057837446160167,0.011037996176318897,0.011186480089547013,0.011166638819705742,0.01945795174172091,0.01943811047187964,0.007097836608622521,0.0070779953387812514,0.01924226259011294,0.01922242132027167,-0.00044800019832925714,-0.00046784146817052696,-0.00454453902444597,-0.0046552893851963305,0.002452391920846342
2024-05-22,-0.003549025905183834,-0.003568867175025104,-0.005935604082212669,-0.006288778685387272,-0.007161379517760957,-0.007181220787602227,-0.00584247501595235,-0.006005173428650763,-0.007589176147449972,-0.0076090174172912415,0.002676086926323018,0.002656245656481748,0.011748383000931983,0.011728541731090713,0.004758315216114558,0.004452759660559002,0.004957384223612582,0.004937542953771312,-0.00135574469839587,-0.0021089193015704734,0.0031014408320181198,0.0030815995621768497,-0.005585800217392338,-0.005938974820566941,-0.006090455760335678,-0.0061102970301769475,-0.003485711151017149,-0.003605552420858419,-0.0028792147703587956
2024-05-23,0.01273764106373303,0.01271779979389176,0.008098811845021696,0.008078970575180425,0.011457402034047649,0.011437560764206378,0.0033210673604393125,0.0033012260905980425,0.0007990153681502795,0.0007791740983090097,0.0061084238660032535,0.006088582596161984,0.011458190976755734,0.011438349706914463,0.007819249131535269,0.0077994078616939995,0.017369227696600497,0.017349386426759227,0.014854405931351834,0.014834564661510563,0.01659747233335972,0.01657763106351845,0.02294073102361947,0.0229208897537782,0.0019761805266146574,0.0019563392567733874,0.004348027540452586,0.004328186270611317,-0.007304212705789959
2024-05-24,0.0028970999989205272,0.002877258729079257,0.007185594456397297,0.006765753186556027,8.641982845817306e-05,6.657855861690322e-05,0.012117440408292194,0.01176426580511759,0.0015352566982121951,0.0015154154283709253,0.009832538132337199,0.009562696862495928,0.003159270026103422,0.003139428756262152,0.004906917405267537,0.004637076135426267,0.006636336459377279,0.006616495189536009,0.010804856614154201,0.009451682010979599,-5.246311377499202e-05,-7.230438361626186e-05,0.015434018879544634,0.014414177609703364,-0.0005165042526621644,-0.0005363455225034342,0.008003319269482258,0.00755490657106956,0.006616277132521553
2024-05-28,0.012109392906381078,0.012089551636539807,0.018595159419398405,0.018325318149557134,0.011245406051577356,0.011225564781736086,0.012964395591505501,0.012577887654997564,0.005324144708722823,0.005304303438881553,0.00704477706996387,0.006691602466789267,0.0009189305820672235,0.0008990893122259537,0.0018017725750376337,0.0010485979718630307,0.012895681656156989,0.012875840386315719,0.03326928491199477,0.0332494436421535,0.006953484409576583,0.006933643139735313,0.042410284719600844,0.04239044344975958,0.003922996240199771,0.0039031549703585013,0.002818746944799444,0.002398905674958174,0.0006989438103297552
2024-05-29,0.007043222152895956,0.007023380883054687,0.008598545873404547,0.008578704603563277,0.0035096094284991835,0.0034897681586579135,0.00657177122053643,0.00655192995069516,0.006234595089354967,0.006214753819513697,0.008000560427205095,0.007980719157363824,0.013802136888226478,0.013782295618385208,0.011686214231456948,0.011666372961615677,0.012282353605114349,0.012262512335273078,0.01326372765289352,0.01324388638305225,0.007422027186622493,0.007402185916781223,0.015610826224459603,0.015590984954618333,0.004593388123327636,0.004573546853486366,-0.0016335356362692376,-0.0016533769061105074,-0.007002524711322233
2024-05-30,-0.009351801051273246,-0.009371642321114516,-0.02891740779357264,-0.029937249063413912,-0.004780003408428668,-0.004799844678269938,-0.018090981113762655,-0.018360822383603925,-0.005371748515772134,-0.005391589785613404,0.004425756979888895,0.002405915710047625,-0.009061499602610134,-0.009081340872451405,-0.01180910740191422,-0.012328948671755489,-0.021649901104343505,-0.021669742374184776,-0.0431638296235866,-0.04368367089342787,-0.020234973245345088,-0.02025481451518636,-0.05458005818884985,-0.05559989945869112,-0.003623341281245707,-0.003643182551086977,0.010168819236311227,0.00948231129980329,-0.006633806782808005
2024-05-31,-0.008578334808065878,-0.008598176077907149,-0.025189786059335195,-0.026709627329176464,-0.007386817423644245,-0.007406658693485515,-0.011068316156792973,-0.011921490759967575,-0.003261887255021967,-0.003281728524863237,-0.00829362971519032,-0.008313470985031591,-0.015322340114424661,-0.015342181384265931,-0.008078862554740773,-0.009348703824582043,-0.007223923052368986,-0.007243764322210256,-0.025189786059335195,-0.026709627329176464,-0.011421133899519844,-0.011440975169361114,-0.025189786059335195,-0.025709627329176466,0.0010353560020945236,0.0010155147322532538,-0.007062346761375848,-0.009582188031217118,0.009108166990335897
2024-06-03,0.004260588959429734,0.004240747689588464,0.06805587074721009,0.06803602947736882,0.001978592534767787,0.001958751264926517,0.03659250276464961,0.03573932816147501,-0.00024620790809770643,-0.00026604917793897624,0.018533244610026034,0.018513403340184763,0.0161732077657723,0.01615336649593103,0.014064728804129864,0.01371155420095526,0.02141947493292449,0.021399633663083218,0.06805587074721009,0.06803602947736882,0.016321239211306647,0.016301397941465377,0.06805587074721009,0.06803602947736882,-0.0013508454395291802,-0.00137068670937045,-0.008241660501311865,-0.008261501771153135,0.0008153584312327045
2024-06-04,0.005898321269381557,0.003678479999540286,0.003256372169362809,0.002903197566188206,-0.003560501436838959,-0.004780342706680229,0.009081044829073532,0.008727870225898928,0.003225800815151625,0.0008059595453103548,-0.002277456041528181,-0.002297297311369451,0.003711675204356968,0.001891833934515698,-0.00868834286628567,-0.00895818413612694,0.006356662998825269,0.004536821728983999,0.01041685878452292,0.01039701751468165,0.00406741469345433,0.0018475734236130595,0.01041685878452292,0.01039701751468165,0.0006187583050268788,-0.002601082964814392,-0.00520114829049978,-0.005220989560341049,0.0011179275456751903
2024-06-05,0.01362676610653315,0.01360692483669188,0.044781649985344694,0.04476180871550343,0.015206428895949375,0.015186587626108104,0.029267247998966517,0.029247406729125246,0.009214925406063602,0.009195084136222331,0.007499029921368416,0.007479188651527147,0.01162318600128288,0.01160334473144161,0.01015043848676589,0.010130597216924619,0.007479828768793906,0.0074599874989526365,0.04631654017321929,0.04629669890337802,0.010207933816190673,0.010188092546349403,0.04631654017321929,0.04629669890337802,0.009265419713405398,0.009245578443564127,0.020109183063758862,0.02008934179391759,0.011885081701314748
2024-06-06,0.0020137666398836853,0.0019939253700424152,-0.011570556633955157,-0.011590397903796427,0.0029578486260610107,0.0029380073562197406,-0.0075542227536844475,-0.007574064023525717,-0.0018418916740059687,-0.0018617329438472385,-0.0007732911906983553,-0.0007931324605396251,0.0063462549484609495,0.00632641367861968,0.00018811415621174574,-0.00016506044696285745,0.007706869224357394,0.007687027954516124,-0.013426366975795356,-0.013446208245636627,-0.002283872334082604,-0.0023037136039238742,-0.013426366975795356,-0.013446208245636627,0.0023211490972652737,0.0023013078274240037,0.0017375311509463254,0.0017176898811050556,-1.868653409564658e-05
2024-06-07,0.00018005127862582573,0.00016021000878455589,0.005075931167134414,0.005056089897293144,0.0019470626915372713,0.0019272214216960015,0.003244958494495058,0.0032251172246537878,-0.001943178976305515,-0.001963020246146785,0.006029476457084071,0.006009635187242801,-0.0006015038497556135,-0.0006213451195968833,0.0047689662844057805,0.004749125014564511,0.007056328899730846,0.007036487629889576,0.008859889702322432,0.008840048432481162,0.0013698859234048566,0.0013500446535635868,0.008859889702322432,0.008840048432481162,-0.006974334836120077,-0.006994176105961347,-0.01438666015667217,-0.014406501426513441,-0.0012158226894491975
2024-06-10,0.003208580145380335,0.003188738875539065,-0.0010512851624443487,-0.0010711264322856185,0.0051649949342948975,0.005145153664453628,0.005624937329519445,0.005605096059678175,0.006051471011145592,0.006031629741304323,0.0038497085927674535,0.0038298673229261834,0.006212518748805407,0.006192677478964137,-0.005422709585783614,-0.0054425508556248834,0.0033667246762236645,0.0033468834063823945,-0.0006136123215790268,-0.0006334535914202966,0.0032960273110715587,0.0032761860412302887,-0.0006136123215790268,-0.0006334535914202966,0.002369077460031421,0.002349236190190151,0.013561584027521723,0.013541742757680452,0.0030899131908428412
2024-06-11,0.0009392596528378424,0.0009194183829965726,-0.005449317278367098,-0.005469158548208368,0.002469510658620244,0.002449669388778974,-0.005235993531484369,-0.005255834801325639,-0.0020034957660500785,-0.0020233370358913485,0.011015424783369143,0.010995583513527873,0.011064001379767251,0.01104416010992598,0.0041030651303494885,0.004083223860508219,-0.0012036903732894682,-0.001223531643130738,-0.007591498273059161,-0.00761133954290043,-0.0012044250420517487,-0.0012242663118930185,-0.007591498273059161,-0.00761133954290043,0.00763665608757187,0.007616814817730601,0.0006253349280221365,0.0006054936581808667,0.0024083365749489882
2024-06-12,0.01288343825803502,0.012863596988193749,0.024152115814910058,0.024132274545068787,0.003887236604123756,0.003867395334282486,-0.00362627549942866,-0.00364611676926993,0.0014544789344285048,0.001434637664587235,-0.005371112137563028,-0.005390953407404297,0.004999138464679942,0.004979297194838673,-0.0031156160559084878,-0.003135457325749758,0.011874503634508782,0.011854662364667512,0.016148567567159433,0.016128726297318163,0.004080042256531635,0.004060200986690366,0.016148567567159433,0.016128726297318163,-0.0016931814540274816,-0.0017130227238687514,0.0011799575827535769,0.001160116312912307,0.008213258473934504
2024-06-13,0.002194462620715498,0.002174621350874228,0.024292800776100743,0.02377295950625947,-0.0054778244315813905,-0.00549766570142266,0.004386449455790087,0.003866608185948817,0.004181015321529224,0.004161174051687954,-0.01922479403640054,-0.01924463530624181,-0.003025100691719329,-0.003044941961560599,-0.008917593226908993,-0.009437434496750262,9.516331258178088e-05,7.532204274051104e-05,-0.005514010461499963,-0.007033851731341233,7.644126414473322e-05,5.659999430346338e-05,0.013985599966609197,0.012965758696767927,0.0017036711801524885,0.0016838299103112187,0.0038679321757610907,0.002848090905919821,0.00201328594614969
2024-06-14,0.00273234460931302,0.00271250333947175,0.01768784406354479,0.017668002793703518,0.004658644559097436,0.004638803289256166,0.005453917505922464,0.005434076236081194,0.0044492289833784945,0.004429387713537225,0.0004761184774648708,0.000456277207623601,0.0027065743642952444,0.0026867330944539743,0.0007819114180893094,0.0007620701482480396,0.01629883968155693,0.01627899841171566,0.0024755552672829917,0.0024557139974417217,0.019739834353381426,0.019719993083540156,0.01738205112292035,0.01736220985307908,0.0016129982790849097,0.00159315700924364,0.004189544986193949,0.00416970371635268,0.0006082746199471689
2024-06-17,-0.006433610165094428,-0.0064534514349356975,-0.026066289561935962,-0.02758613083177723,-0.0014126084436721915,-0.0014324497135134613,-0.003170940340239514,-0.0036907816100807843,-0.00904002880956194,-0.00905987007940321,-0.020465941600321447,-0.021485782870162718,-0.00037468444085003716,-0.000394525710691307,-0.00844158561435715,-0.00946142688419842,-0.0061990800629290075,-0.006218921332770277,0.00013953547817074918,0.00011969420832947934,-0.0057091657916611745,-0.005729007061502444,-0.017624703947578813,-0.018144545217420083,-0.0071220550774070525,-0.007141896347248322,-0.020465941600321447,-0.022485782870162715,0.007959026912321532
2024-06-18,0.008695379285908033,0.008675538016066763,0.016602698370128732,0.016582857100287462,0.0026905182276178883,0.0026706769577766183,0.017189513417747215,0.017169672147905945,0.0075612627598950054,0.007541421490053736,0.004225702296974054,0.004205861027132785,0.0074295944285966975,0.007409753158755428,-0.0017997774640703401,-0.00181961873391161,0.0039013995365719365,0.0038815582667306664,0.026801993528347223,0.026782152258505953,0.005490359063875583,0.005470517794034313,0.018402475834199072,0.018382634564357802,0.002994681955786593,0.002974840685945323,0.004225702296974054,0.004205861027132785,0.0025407121528528975
2024-06-20,-0.003370439343945186,-0.003390280613786456,-0.02299787453788893,-0.0230177158077302,-0.0018726556752563404,-0.0018924969450976102,-0.012002163373450725,-0.012022004643291995,-0.002000655579520183,-0.0020204968493614532,0.0040569224476527666,0.004037081177811497,-0.0013249107226241397,-0.0013447519924654095,-0.008682781592176392,-0.008702622862017662,-0.0009518307943187313,-0.0009716720641600011,-0.02096567754351447,-0.020985518813355742,-0.00236740922022014,-0.00238725049006141,-0.014315092945712538,-0.014334934215553808,0.0006712386887367094,0.0006513974188954396,0.0040569224476527666,0.004037081177811497,-0.002716544837253032
2024-06-21,0.003562752247891032,0.003542910978049762,-0.010502228953569726,-0.010522070223410996,0.00250746980445381,0.00248762853461254,-0.012537093077202466,-0.012556934347043736,8.79046174533714e-05,6.806334761210155e-05,0.021399865250832595,0.021380023980991324,0.009931944781459656,0.009912103511618385,-0.005776712334522371,-0.005796553604363641,0.0038691061952643045,0.0038492649254230345,-0.019688281206613145,-0.019708122476454416,0.0024342474673087703,0.0024144061974675003,-0.004725516619047354,-0.004745357888888624,0.0002242648512959189,0.00020442358145464907,0.021399865250832595,0.021380023980991324,-0.001340605303397857
2024-06-24,-0.0079529709553532,-0.00797281222519447,-0.04582874448434299,-0.045848585754184254,-0.009944070781400438,-0.009963912051241709,-0.02830972497805878,-0.02832956624790005,-0.002452550537183162,-0.002472391807024432,-0.01412705146227844,-0.01414689273211971,-0.018455218937305295,-0.018475060207146565,-0.006970329183429991,-0.00699017045327126,-0.005905816475130288,-0.0059256577449715575,-0.03585867049439995,-0.035878511764241214,-0.011124165292854938,-0.011144006562696209,-0.038858415300912996,-0.03887825657075426,0.0040688261233576715,0.004048984853516402,-0.01412705146227844,-0.01414689273211971,-0.003250759517070101
2024-06-25,0.019866798932647554,0.019846957662806284,0.011840115813985697,0.010820274544144427,0.0127951390661026,0.01277529779626133,-0.01052096379457057,-0.01154080506441184,0.00948817527988347,0.0094683340100422,0.0013191520194151263,0.0012993107495738565,0.025088624345180978,0.025068783075339707,0.01052096379457057,0.0105011225247293,0.026431187862204733,0.026411346592363463,-0.008997864220299356,-0.010017705490140626,0.01949963842258361,0.01947979715274234,0.0013191520194151263,0.00029931074957385644,-0.0015348537432605114,-0.0015546950131017812,0.0013191520194151263,0.0012993107495738565,0.0038509684777763287
2024-06-26,-0.007067118976408715,-0.007086960246249985,0.008134851770504992,0.008115010500663721,0.003486067294381745,0.003466226024540475,-0.006004455420635879,-0.006024296690477149,-0.007406808483843652,-0.007426649753684921,0.0021303963498691125,0.0021105550800278425,-0.002320335297151921,-0.002340176566993191,0.006004455420635879,0.0059846141507946095,-0.002544257448364695,-0.002564098718205965,-0.008002122149609825,-0.008021963419451095,-0.005374646071391442,-0.005394487341232711,0.0021303963498691125,0.0021105550800278425,0.001280096125560215,0.0012602548557189453,0.0021303963498691125,0.0021105550800278425,0.001247921759041981
2024-06-27,0.002248526603562384,0.002228685333721114,0.029786409444946038,0.029766568175104768,0.0035998705163450386,0.0035800292465037685,0.0028745802497069928,0.0028547389798657227,-0.0022363024154388846,-0.0022561436852801546,0.03266098969465303,0.032641148424811764,0.002674246815648595,0.002654405545807325,-0.0028745802497069928,-0.002894421519548263,0.005579421044688226,0.005559579774846957,0.012530276664775908,0.012510435394934637,0.0023287373900818475,0.0023088961202405774,0.03266098969465303,0.032641148424811764,-0.005151402311244769,-0.0051712435810860385,0.03266098969465303,0.032641148424811764,0.0015765874637472255
2024-06-28,-0.01838752172061183,-0.0184073629904531,0.019976405483604243,0.019956564213762972,-0.008168129926204892,-0.008187971196046162,1.6977193197265095e-05,-2.8640766440047466e-06,0.0041832050263056475,0.004163363756464378,0.019993382676801508,0.019973541406960237,-0.01899241609753244,-0.01901225736737371,-1.6977193197265095e-05,-3.6818463038534936e-05,0.003857502199841212,0.0038376609299999418,0.011211585723039263,0.011191744453197993,0.01178605826625303,0.01176621699641176,0.019993382676801508,0.019973541406960237,-0.01205740058819953,-0.0120772418580408,0.019993382676801508,0.019973541406960237,-0.003935207051480205
2024-07-01,0.00956457075219742,0.00954472948235615,0.004425152992106218,0.0039053117222649482,0.0033853987987051306,0.0033655575288638606,-0.014186852777544612,-0.014206694047385882,-0.0009086529628536066,-0.0009284942326948764,-0.01132475907930175,-0.012344600349143019,0.007788204249188235,0.0077683629793469655,0.014186852777544612,0.014167011507703341,0.011058368700931586,0.011038527431090316,-0.00598563573484201,-0.007005477004683279,0.008607251782258208,0.008587410512416937,-0.01132475907930175,-0.012344600349143019,0.0011352599536663232,0.0011154186838250534,-0.01132475907930175,-0.012344600349143019,0.0020580704570902775
2024-07-02,-0.009957576064785612,-0.009977417334626882,0.01348695765490937,0.0134671163850681,0.004608435532655508,0.004588594262814239,0.004078334123102767,0.004058492853261497,-0.010590451307649296,-0.010610292577490566,0.024032193366959165,0.024012352097117894,-0.0038053508332492104,-0.0038251921030904804,-0.004078334123102767,-0.004098175392944037,0.0019808057703204597,0.0019609645004791897,0.011610283145079059,0.011590441875237788,0.0012492287364651133,0.0012293874666238435,0.024032193366959165,0.024012352097117894,-0.01226046211513777,-0.012280303384979041,0.024032193366959165,0.024012352097117894,0.006729719960815839
2024-07-03,0.009718003511588158,0.009698162241746888,0.014818745323685545,0.013798904053844275,0.01105307854759131,0.01103323727775004,0.0,0.0,0.00874049968028574,0.00872065841044447,0.014818745323685545,0.014798904053844274,0.0058320619387078445,0.005812220668866575,0.0,0.0,0.007861726544464986,0.007841885274623716,0.01819799188928617,0.0181781506194449,0.008645710654412775,0.008625869384571504,0.014818745323685545,0.014798904053844274,0.0017952980478522784,0.0017754567780110086,0.014818745323685545,0.014798904053844274,0.004462763867459474
2024-07-05,0.010722711444902121,0.010702870175060851,0.0045136992165806245,0.003993857946739354,0.004840792800994154,0.004820951531152884,0.0,0.0,0.005348429020618573,0.005328587750777303,0.0045136992165806245,0.003993857946739354,0.01040238128206139,0.01038254001222012,0.0,0.0,0.0037932258946240527,0.0037733846247827827,0.0005915251869337279,0.0005716839170924581,0.004906647475701476,0.004886806205860206,0.0045136992165806245,0.003993857946739354,0.015994944160561884,0.015975102890720613,0.0045136992165806245,0.003993857946739354,0.0057663783647854405
2024-07-08,0.0033700904374736494,0.0033502491676323794,0.009412169777722301,0.009058995174547698,0.002411763064521022,0.002391921794679752,0.0,0.0,0.0050407117382628595,0.00502087046842159,0.009412169777722301,0.009058995174547698,0.0022863946669587467,0.0022665533971174766,0.0,0.0,0.006673455765963255,0.006653614496121985,0.032933503151085786,0.03291366188124452,0.006443095068986826,0.0064232537991455564,0.009412169777722301,0.009058995174547698,-0.0010379225717060845,-0.0010577638415473543,0.009412169777722301,0.009058995174547698,0.0011538007214388912
2024-07-09,0.0009112660474182798,0.00089142477757701,-0.014520845100020682,-0.014540686369861952,0.0048865013490599464,0.004866660079218677,0.0,0.0,-0.00010485772016198829,-0.00012469899000325813,-0.014520845100020682,-0.014540686369861952,0.000523207731469244,0.0005033664616279742,0.0,0.0,0.004055356146702638,0.004035514876861369,-0.021917347390141173,-0.021937188659982444,0.008037300968607409,0.008017459698766138,-0.014520845100020682,-0.014540686369861952,-0.007304505082178347,-0.007324346352019616,-0.014520845100020682,-0.014540686369861952,0.0009725560299771452
2024-07-10,0.0007698132967168363,0.0007499720268755665,-0.00832740928456836,-0.00834725055440963,-0.0022007550419214546,-0.0022205963117627246,0.0,0.0,0.0028683735702416885,0.0028485323004004185,-0.00832740928456836,-0.00834725055440963,0.0008633052240046178,0.000843463954163348,0.0,0.0,-9.517788894225498e-05,-0.00011501915878352483,0.008776722626217648,0.008756881356376377,0.0017397458140474545,0.0017199045442061846,-0.00832740928456836,-0.00834725055440963,0.0015042330988534816,0.0014843918290122118,-0.00832740928456836,-0.00834725055440963,0.009895400240772956
2024-07-11,-0.0058580393003531015,-0.005877880570194371,-0.019155440999759743,-0.019175282269601013,-0.014702975628476434,-0.014722816898317705,0.01030125223528866,0.00928141096544739,0.0035235234051605663,0.0035036821353192963,-0.019155440999759743,-0.019175282269601013,-0.018890995263814027,-0.018910836533655297,0.0,0.0,-0.018150065260392725,-0.018169906530233995,-0.0040239177385303915,-0.004043759008371661,-0.01433805231114954,-0.014357893580990811,-0.019155440999759743,-0.019175282269601013,0.009192048183425228,0.009172206913583957,-0.019155440999759743,-0.019175282269601013,-0.008622775151053363
2024-07-12,0.005270054503560651,0.005250213233719382,-0.00068935750849064,-0.0009591987783319099,-0.007258169298812357,-0.0072780105686536265,-0.01361168154850989,-0.01463152281835116,0.010649276409840192,0.010629435139998922,-0.00068935750849064,-0.0009591987783319099,0.0038704340613217813,0.0038505927914805112,0.008514151072052778,0.007494309802211508,-0.0005091519300184366,-0.0005289931998597064,0.006464186659876137,0.005944345390034867,-0.004072601622640549,-0.0040924428924818184,0.0031726350731565343,0.0031527938033152642,0.006219826222179237,0.0061999849523379676,-0.00068935750849064,-0.0009591987783319099,0.006307644912908028
2024-07-15,-0.011394758590287213,-0.011414599860128483,0.027393133034142952,0.027373291764301682,0.009050764848539384,0.009030923578698113,0.017981873121602376,0.017962031851761106,-0.008459893165289722,-0.008479734435130993,0.027393133034142952,0.027373291764301682,-0.0011006587320451008,-0.0011205000018863706,-0.017896286807111084,-0.017916128076952354,-0.012072677235814445,-0.012092518505655715,0.010362799627399943,0.01000962502422534,0.0030261006374251442,0.003006259367583874,0.027504395983362996,0.027484554713521726,-0.006271024182356055,-0.006290865452197324,0.033903665472557104,0.03338382420271584,0.002750070829395712
2024-07-16,-0.02867379949642586,-0.02869364076626713,-0.0051701475207225345,-0.005189988790563804,-0.011260072550575638,-0.011279913820416909,0.007255615400975524,0.007235774131134254,-0.017261420449039756,-0.017281261718881027,-0.0051701475207225345,-0.005189988790563804,-0.027730329325376335,-0.027750170595217605,-0.00043776877512091694,-0.00045761004496218676,-0.026007456777643736,-0.026027298047485006,-0.017405111442476768,-0.01742495271231804,-0.015778314669268413,-0.015798155939109684,-0.00555174502564193,-0.0055715862954831994,-0.017902245956982456,-0.017922087226823726,0.002594312627809958,0.002574471357968688,0.0059302288745983756
2024-07-17,-0.02080493395882449,-0.02082477522866576,-0.009773229400211969,-0.01199307067005324,-0.02295870971238544,-0.02297855098222671,-0.030339305982531206,-0.031359147252372474,-0.01208877826828333,-0.0121086195381246,-0.03076103049775547,-0.03098087176759674,-0.023374822201312262,-0.023394663471153532,-0.0014857474902937318,-0.003005588760135002,-0.018769245324004057,-0.018789086593845327,-0.029297670404773678,-0.029317511674614948,-0.018934980129855172,-0.018954821399696443,0.0042701132550805685,0.0022502719852392984,-0.0034653116066618696,-0.0034851528765031396,0.0012837939857100467,0.0002639527158687768,-0.014021236273249915
2024-07-18,0.004592688938216672,0.0045728476683754024,-0.002370930048863795,-0.0025574379853717318,0.0021923410456382575,0.0021724997757969875,-0.005756675544139722,-0.006109850147314326,0.006329688364250928,0.006309847094409658,0.010045184730520185,0.009858676794012249,0.0018410363357197045,0.0018211950658784347,0.006381795138269678,0.006028620535095074,0.0025239869656803367,0.0025041456958390666,0.003660149739621329,0.003640308469780059,-0.0026462487276278862,-0.0026660899974691563,0.00863314299097066,0.008613301721129389,0.005221172097865646,0.005201330828024376,-0.007778472047612794,-0.007998313317454063,-0.007684831488600441
2024-07-19,-0.0013245405465945994,-0.0013443818164358692,-0.026286683017197776,-0.026306524287039047,-0.0024286593309929437,-0.0024485006008342137,-0.00817778440954244,-0.00819762567938371,0.007271884754322121,0.007252043484480852,-0.006975528089489147,-0.0069953693593304165,-0.006473019464801044,-0.006492860734642314,-0.014106889661147037,-0.014126730930988308,-0.004167563212712999,-0.004187404482554269,-0.006081766939269133,-0.006101608209110402,-0.0035290837025732436,-0.0035489249724145137,-0.029578525619592472,-0.029598366889433743,0.008461820381361718,0.008441979111520448,-0.013503140444884765,-0.013522981714726035,-0.006640584713270448
2024-07-22,0.01610562186036174,0.01608578059052047,0.009418315388424064,0.008731807451916127,0.025094033809145336,0.025074192539304065,0.021940626048230695,0.021420784778389424,0.003387401714440853,0.0033675604445995828,0.013631517819690539,0.012611676549849269,0.01593327525351642,0.01591343398367515,0.014890740795784674,0.01453756619261007,0.003348075185214949,0.003328233915373679,0.004258683323622965,0.004238842053781696,0.016011069964313628,0.015991228694472358,-0.001343205435730594,-0.0020297133722385306,-0.004634056186033042,-0.004653897455874312,-0.00013276153859766247,-0.00048593614177226566,0.010310013477656366
2024-07-23,0.009770602923320227,0.009750761653478957,0.014866809621645827,0.014846968351804556,0.004669297877703249,0.004649456607861979,0.006414158940627486,0.006060984337452883,-0.009097304852950605,-0.009117146122791875,0.011661586097018117,0.011641744827176847,0.008100499289574993,0.008080658019733723,0.0037687954733361204,0.0037489542034948504,0.010340306666388322,0.010320465396547051,0.004688663438723428,0.004668822168882159,0.006984750170415688,0.0069649089005744185,0.016682580976603946,0.016662739706762675,-0.02263865266854368,-0.02265849393838495,0.018200767259923728,0.018180925990082458,-0.0015686751905057417
2024-07-24,-0.003939357506217734,-0.003959198776059003,-0.0063119632390402315,-0.007081804508881502,-0.02118968531717922,-0.02120952658702049,-0.03149127122360257,-0.031511112493443835,0.009350126556929517,0.009330285287088246,-0.0037313179753670415,-0.004494016388065454,-0.021069647431661474,-0.021089488701502745,-0.019217168085103754,-0.019987009354945025,0.001149720945550459,0.0011298796757091892,-0.00761593750147746,-0.00788577877131873,-0.008723123909829177,-0.008742965179670447,-0.008612465485300286,-0.008882306755141556,0.0008090797878825607,0.0007892385180412909,-0.009351791226371576,-0.009943061067641416,-0.02266248419924921
2024-07-25,-0.008438002492424802,-0.008457843762266073,-0.0005651290192172729,-0.0005849702890585427,-0.015214546338614033,-0.015234387608455304,-0.018050926331134733,-0.018070767600976003,-0.011149529534872981,-0.011169370804714251,-0.004828255470261358,-0.004848096740102627,-0.0098077538373461,-0.00982759510718737,0.012466387022903239,0.012446545753061969,-0.017158291679059235,-0.017178132948900506,-0.04065128488195624,-0.04167112615179751,-0.013256859058362647,-0.013276700328203918,-0.005660017660857913,-0.005679858930699183,0.0033450624201117217,0.0033252211502704516,-0.007108891140375365,-0.007128732410216635,-0.005210169905398465
2024-07-26,-0.0030370629135152982,-0.0030569041833565683,0.00028779972756261783,1.3990203753094007e-05,-0.0020835308796512964,-0.0021033721494925664,0.0008249335085919931,0.0006622350958935804,-0.002791760659083287,-0.002811601928924557,0.0015207454102432183,0.0012092374737352818,-0.003518693384451787,-0.003538534654293057,0.0013388169102270427,0.0008689756403857729,-0.011976576171136621,-0.011996417440977892,-0.004428553308468964,-0.004648394578310234,-0.0029846212177502386,-0.0030044624875915087,-0.005688154006848042,-0.005707995276689312,0.00393116487567644,0.003911323605835171,0.0025354024080335748,0.0021048468524780192,0.011199558304339163
2024-07-29,0.0013736139974488966,0.0013537727276076268,0.0031258911300790816,0.0031060498602378116,0.00595752893788346,0.005937687668042191,-0.002070963951001206,-0.002090805220842476,0.002503456843284091,0.002483615573442821,0.005913631563015022,0.005893790293173752,0.006444193508799545,0.006424352238958275,0.0075188876877061075,0.007499046417864838,0.0022898027654465357,0.0022699614956052656,-0.002931465583093362,-0.002951306852934632,0.0036513019253621047,0.0036314606555208346,-0.0002798120874090799,-0.00029965335725034973,0.006025873566691986,0.0060060322968507164,-0.0004380704591956863,-0.0004579117290369561,0.0005878810225448117
2024-07-30,-0.022870552107847573,-0.022890393377688844,0.004191395573035193,0.0039493320809717005,-0.007852326149891408,-0.007872167419732679,0.002306328255188182,0.002286486985346912,-0.016494498813745984,-0.016514340083587254,0.005151070608670954,0.004988372195972541,-0.02739191741130288,-0.02741175868114415,-0.00788011989389776,-0.00801107227485014,-0.024826685991691036,-0.024846527261532306,-0.008328670157717943,-0.008748511427559212,-0.021762293226820308,-0.021782134496661578,-0.001275293725717913,-0.001795134995559183,-0.008545355265545007,-0.008565196535386278,0.0033832440185081,0.0031967360820001635,-0.005066718636549394
2024-07-31,0.014335266646090705,0.014315425376249434,-0.01066486160220052,-0.010906925094264011,0.0153147121146887,0.01529487084484743,0.005667341571499903,0.005397500301658633,0.009170842434402126,0.009151001164560855,-0.012517460436381118,-0.012787301706222387,0.019974400525809278,0.019954559255968007,0.0016606720688232472,0.0016408307989819774,0.022499365943702,0.02247952467386073,0.03154032357481924,0.031520482304977976,0.01687314802248554,0.01685330675264427,-0.0035160801770630816,-0.0035359214469043517,-0.0008434355327891829,-0.0008632768026304527,0.0023563995235989232,0.0020865582537576534,0.01625464939413712
2024-08-01,0.02337447192226565,0.02335463065242438,0.011247461067674859,0.01112761979783359,0.002337119370375418,0.002317278100534148,-0.010752795531847199,-0.011105970135021802,0.019869338673072577,0.019849497403231307,0.012814296172917284,0.012794454903076014,0.002837342214002324,0.002817500944161054,-1.5028708139097537e-05,-0.0001348699779803674,0.015137891993897602,0.015118050724056331,0.02200242138969203,0.021315913453184093,0.007796931975381515,0.0077770907055402455,-0.004741155335658257,-0.004960996605499527,0.018887591372805476,0.018867750102964206,-0.01032612592434072,-0.010345967194181991,-0.01416089772791107
2024-08-02,0.008651354406755707,0.008631513136914437,-0.0172397459119134,-0.01737069829286578,-0.022133882751119674,-0.022153724020960944,-0.03904553001284859,-0.039208228425547005,0.020565483368414916,0.020545642098573645,-0.010564553222844539,-0.010751061159352475,-0.00803215092085291,-0.00805199219069418,-0.013302738065264483,-0.01358015509268151,-0.003158956829526015,-0.003178798099367285,-0.00427619403203977,-0.004629368635214373,-0.008811541644276267,-0.008831382914117537,-0.0518930234767668,-0.05216286474660807,0.019042578410829614,0.019022737140988344,-0.03189143116388515,-0.03216524068769468,-0.018618234886734975
2024-08-05,-0.011610572915549521,-0.011630414185390792,0.003341124704334314,0.003021283434493044,-0.0072418635830488465,-0.007261704852890116,-0.0035499221467016062,-0.003819763416542876,-0.0032871430275833724,-0.0033069842974246424,0.007533288589525525,0.007180113986350921,-0.013440245072352398,-0.013460086342193669,-0.0029031488592961043,-0.0033872758434230887,-0.013510557824409533,-0.013530399094250804,-0.008547956724076506,-0.008817797993917777,-0.011888972289649455,-0.011908813559490725,0.001990264583481279,0.0013704233136400093,8.099379101310714e-05,6.11525211718373e-05,0.00381922977914622,0.0035136742235906647,-0.029123900519452572
2024-08-06,0.002577116761003584,0.002557275491162314,0.01025940497800386,0.01023956370816259,0.004065719553648728,0.004045878283807459,0.005357257003813579,0.005337415733972309,7.598867830231962e-05,5.6147408461049776e-05,0.013002596575925122,0.012982755306083851,0.0019180436727208932,0.0018982024028796234,0.01326629320066679,0.01324645193082552,-0.0008128689103813255,-0.0008327101802225953,0.00605462782332313,0.0060347865534818605,0.0075742240940371635,0.007554382824195894,0.018953478951208007,0.018933637681366737,-0.00010487407012369464,-0.00012471533996496448,0.015259821711914406,0.015239980442073135,0.009219621440571313
2024-08-07,-0.007036734035331315,-0.007056575305172585,0.007611895875430936,0.007592054605589666,-0.0054207094647250485,-0.005440550734566318,-0.007627663580646676,-0.007647504850487946,-0.009775075455818327,-0.009794916725659597,0.012273902902654546,0.012254061632813276,-0.010551888682499377,-0.010571729952340648,-0.002897566122269151,-0.002984074058777087,-0.0005537636784722407,-0.0005736049483135105,0.004281348196423039,0.004118649783724626,-0.008376347435172859,-0.00839618870501413,0.005635929810272537,0.005616088540431267,-0.008661041068874031,-0.008680882338715301,0.0008302600855052485,0.0008104188156639787,-0.006684028350486093
2024-08-08,0.011663056546186767,0.011643215276345497,-0.007966901189971703,-0.007986742459812974,0.01218306413120085,0.012163222861359579,0.012979324269051063,0.01281662585635265,0.007500940346624973,0.007481099076783703,-0.01418562286065872,-0.01420546413049999,0.020194049378132094,0.020174208108290823,0.0030413375049430473,0.0030214962351017773,0.013607710547410857,0.013587869277569586,0.006211547273089412,0.006191706003248142,0.015713079389681972,0.0156932381198407,0.0003324770035452104,0.0003126357337039406,0.0011631484210144379,0.001143307151173168,-0.0022877869520589386,-0.0023076282219002086,0.023117343100528043
2024-08-09,0.008112871894773855,0.008093030624932584,0.01588544348866202,0.01565449110770964,0.0013255427049954527,0.001305701435154183,0.0015357373297219456,0.0013730389170235329,0.0012669080822867332,0.0012470668124454634,0.01934598858466686,0.019015036203714482,0.006692675851597829,0.0066728345817565595,0.007756835113115279,0.0075941367004168665,0.010522692168137636,0.010502850898296365,0.018809434255392537,0.018422926318884602,0.006128317542173645,0.006108476272332375,0.031690204125251954,0.03142036285541069,-0.002209105479867479,-0.002228946749708749,0.012813819280918251,0.012627311344410315,0.0044095475592684785
2024-08-12,0.0032112899073854953,0.0031914486375442253,-0.0025940580750892905,-0.0026138993449305605,0.0015886191655244634,0.0015687778956831936,-0.006796585961612763,-0.006816427231454033,0.004291550077181371,0.004271708807340102,0.00038670171856616993,0.0003668604487249001,-0.0045431366291316605,-0.00456297789897293,-0.005797321992749176,-0.005817163262590445,0.004866675067254522,0.004846833797413253,-0.004777682370330027,-0.004997523640171297,-0.00178230054926406,-0.0018021418191053297,-0.004174450250395517,-0.004194291520236787,-0.0003895659519125515,-0.00040940722175382134,0.014098001783215672,0.013953160513374401,0.0005255346745356437
2024-08-13,-0.018542347480934536,-0.018562188750775806,-0.02522027301940689,-0.02524011428924816,-0.016144816306822008,-0.01616465757666328,-0.026656344300844736,-0.026676185570686007,-0.003571915484635091,-0.003591756754476361,-0.004181294593147276,-0.004201135862988546,-0.014108789502963202,-0.014128630772804473,-0.005219778678951657,-0.005239619948792926,-0.02405745842421907,-0.02407729969406034,-0.03583777496113841,-0.035857616230979675,-0.0175361127276785,-0.01755595399751977,-0.04296076105468877,-0.042980602324530034,-0.0009276150966906821,-0.0009474563665319519,-0.0036615291151135317,-0.0036813703849548018,0.016445457845939204
2024-08-14,0.0026669957082502754,0.0026471544384090054,0.013017490289145795,0.012664315685971192,0.001563079523586686,0.0015432382537454161,0.007390215248457822,0.0069179930262356,0.0039543633013466965,0.003934522031505427,0.011867757080796617,0.011447915810955347,0.0015820750390002857,0.0015622337691590159,0.006754733972888959,0.0063539403220953085,0.0023636464909501777,0.0023438052211089077,0.002124829299590447,0.0019383213630825105,0.006476625128397739,0.00645678385855647,0.02661933790907458,0.02609949663923331,-0.001365227863145968,-0.0013850691329872378,0.00621232509993205,0.0059067695443764945,0.0031548723144527724
2024-08-15,-0.009466863996494036,-0.009486705266335306,-0.017928606653656053,-0.018073447923497323,0.007474610251326976,0.007454768981485707,0.009405556889839795,0.009185715619998525,-0.017051070551165413,-0.017070911821006684,-0.02286932291630322,-0.02313916418614449,0.008194834638767124,0.008174993368925854,0.0037197085383524064,0.0036229441915880596,-0.00768144625928968,-0.007701287529130949,7.232792559926614e-05,5.24866557579963e-05,-0.00638814164503252,-0.00640798291487379,-0.00874198821578805,-0.00876182948562932,-0.0038555358840963623,-0.0038753771539376323,0.0033006948645857605,0.003114186928077824,0.017140336759196684
2024-08-16,-0.0031714149994573116,-0.0031912562692985817,-0.004425170800099835,-0.0046561231810522165,-0.0008236594347120763,-0.0008435007045533461,-0.0007700094539065151,-0.0011787396126366739,-0.001961895002586966,-0.0019817362724282362,-0.0036593842295586376,-0.003979225499399907,-0.0008750031519269008,-0.0008948444217681706,-0.004858361930556332,-0.004949631771826173,0.0009665749214286868,0.000946733651587417,-0.008791066666587521,-0.008953765079285934,0.0007437079617682698,0.000723866691927,-0.0027312932636217035,-0.0031439916763201163,-0.0008053577257558066,-0.0008251989955970764,-0.002132651457861405,-0.002277492727702675,0.0022418982885310523
2024-08-19,0.0116654450163581,0.01164560374651683,-0.002812626662954164,-0.003082467932795434,0.016916141345849612,0.01689630007600834,0.004558833884817568,0.0035389926149762985,0.00834374971920233,0.00832390844936106,-0.004161766448488525,-0.004431607718329795,0.012349853205028993,0.012330011935187722,-0.0013065058640844293,-0.0015263471339256993,0.011260719401905385,0.011240878132064114,0.003994870648421526,0.003975029378580256,0.016981793122089472,0.016961951852248202,-0.004354692938660539,-0.005374534208501809,0.0010825892472140159,0.001062747977372746,-0.0028998429360267263,-0.003062541348725139,0.009561331973907183
2024-08-20,0.0038688777817751266,0.0038490365119338565,0.010126161648357699,0.010106320378516429,-0.006387962853646867,-0.006407804123488137,0.002458531577851382,0.0023136903080101124,0.0014136410228703599,0.00139379975302909,0.010782737665815511,0.01076289639597424,0.006072003021226224,0.006052161751384955,0.006569183102790643,0.006549341832949374,-0.002640765451639604,-0.002660606721480874,0.005405523530243861,0.005385682260402591,0.0025617673237846696,0.0025419260539433996,0.024839032836323303,0.024819191566482032,0.005897555043267,0.00587771377342573,-0.005458815966293612,-0.005478657236134881,-0.001626069220539983
2024-08-21,0.004535034449917996,0.004515193180076727,-0.00630406299596241,-0.007209618551517965,0.001827674797360024,0.0018078335275187542,0.00206658266355407,0.0020467413937128,0.003700737652936115,0.003680896383094845,-0.009074627301912785,-0.009944468571754055,0.004722514737701145,0.004702673467859875,0.0014779978836936677,0.0009354293411251252,0.006025836546148422,0.006005995276307153,0.0016273633413548634,0.0014408554048469268,0.003969544368334799,0.003949703098493529,-0.0037237724232165505,-0.003910280359724487,0.006247553316699572,0.006227712046858303,-0.0033520986529065135,-0.004705273256081117,0.003436585226674671
2024-08-22,-0.008849798483095883,-0.008869639752937154,0.012208795766366408,0.012188954496525137,-0.004100238179807003,-0.004120079449648272,0.00426667874422144,0.00424683747438017,-0.004492323439974355,-0.004512164709815625,0.020668638118380787,0.020648796848539517,-0.011125834623961318,-0.011145675893802588,-0.0011705545232156408,-0.0011903957930569106,-0.005783801226623809,-0.005803642496465079,-0.006851865495671221,-0.00712170676551249,-0.006438214329240277,-0.006458055599081546,0.016556586032339615,0.016536744762498345,-0.004053372904650155,-0.004073214174491424,0.01606970411178965,0.01604986284194838,-0.00784834013086344
2024-08-23,0.0002668558595313123,0.0002470145896900425,-0.006651723297283632,-0.007088231233791568,0.0012049348947293925,0.0011850936248881227,-0.006209727429854969,-0.006729568699696239,0.0030723837376584236,0.0030525424678171536,-0.011790969505141552,-0.012394144108316156,0.0015266236676033558,0.001506782397762086,-0.011422733107569793,-0.011998129932966619,-0.0021072813050211255,-0.0021271225748623955,-0.015410755549861687,-0.01563059681970296,-0.0007699518841715151,-0.000789793154012785,-0.015509123849577386,-0.015528965119418656,-0.00032922175330069026,-0.00034906302314196007,-0.003844362014869346,-0.004864203284710615,0.010625307140247786
2024-08-26,-0.0063955722455494085,-0.006415413515390678,-0.0013938049618509307,-0.0014136462316922005,-0.004860587620470003,-0.004880428890311273,-0.0003486664707640502,-0.00036850774060532003,-0.0034374304821158,-0.00345727175195707,0.005118671699546791,0.0050988304297055215,-0.008462039642470642,-0.008481880912311912,-0.010615502380948537,-0.010635343650789808,-0.0058972936788170395,-0.005917134948658309,-0.012628720281821682,-0.012648561551662952,-0.009829582139234993,-0.009849423409076264,0.0008043579425615621,0.0007845166727202923,-0.004097669357927325,-0.0041175106277685945,0.016813603221097262,0.01679376195125599,-0.002384044684012654
2024-08-27,0.0011995414107752733,0.0011797001409340035,0.0021276932776895354,0.0019078520078482655,0.00213719919508073,0.00211735792523946,0.006994192948181113,0.006974351678339844,0.0039537959564429626,0.003933954686601693,0.009455060329608597,0.009435219059767326,0.0036391365312194116,0.0036192952613781416,0.0010345295003325963,0.0008896882304913265,-0.0011565563546918178,-0.0011763976245330876,-0.005583428543998542,-0.005853269813839812,0.003423031529754472,0.003403190259913202,0.003416669721792398,0.0031968284519511285,0.000850066659698445,0.0008302253898571752,-0.0018312971426961422,-0.001851138412537412,0.0013732415917853125
2024-08-28,-0.007427216409470406,-0.0074470576793116755,0.008554676839390018,0.007534835569548749,-0.005076479527506816,-0.005096320797348086,0.009241577151544753,0.00907887873884634,-0.003944582155505149,-0.003964423425346419,0.0031004589902788498,0.00208061772043758,-0.010190381000110315,-0.010210222269951585,0.00241163489197789,0.00239179362213662,-0.004224620977203054,-0.004244462247044323,0.001588578469523233,0.0015687371996819632,-0.0027913337288950615,-0.0028111749987363315,0.008554676839390018,0.008534835569548748,-0.002706859241735393,-0.002726700511576663,0.010542713975122464,0.009522872705281194,-0.00580521267877987
2024-08-29,-0.0070107586694723835,-0.007030599939313653,-0.011710134875493439,-0.01197997614533471,-0.006720868967030902,-0.006740710236872172,-0.006175564835313873,-0.006595406105155143,-0.009996669000196003,-0.010016510270037273,-0.011581319248538688,-0.011601160518379958,-0.008714551374413815,-0.008734392644255086,-0.007078796070905547,-0.00724149448360396,-0.0035879528005158586,-0.0036077940703571286,-0.0032299307730224713,-0.003916438709530408,-0.005637289163427562,-0.005657130433268831,-0.011710134875493439,-0.01197997614533471,-0.008220813967911522,-0.008240655237752793,0.0034356695075363763,0.0034158282376951063,8.94147719037175e-05
2024-08-30,0.002478009886586252,0.002458168616744982,-0.01232699920747482,-0.01234684047731609,0.008850415929902223,0.008830574660060953,0.007280891621598118,0.006677717018423515,-0.0010779596288838632,-0.001097800898725133,-0.02051764007227145,-0.02053748134211272,0.006304977556307645,0.006285136286466375,0.004446029638651112,0.0037595217021431752,0.001974347281013566,0.001954506011172296,0.015470826711353693,0.014784318774845756,0.005983482551818164,0.0059636412819768945,-0.012561152297079511,-0.012914326900254115,-0.0010152944241417893,-0.0010351356939830591,-0.03880387737293367,-0.03982371864277494,0.009546220779997228
2024-09-03,-0.013958264678399768,-0.013978105948241039,0.0029604913078312145,0.0019406500379899447,-0.022334910043814285,-0.022354751313655555,-0.04140341166482664,-0.042256586268001245,-0.0031355770775610588,-0.003155418347402329,0.0029604913078312145,0.0024406500379899445,-0.02155574592491454,-0.02157558719475581,-0.022517297347550924,-0.023537138617392196,-0.002703560397938143,-0.0027234016677794132,-0.031152316880658504,-0.03167215815049977,-0.01585509970585881,-0.01587494097570008,-0.02805421084589399,-0.02907405211573526,0.0030708510916034218,0.0030510098217621517,0.009426753376283736,0.008406912106442467,-0.020579124567152274
2024-09-04,0.001557517766898142,-0.0008623235029431282,-0.012908191996835405,-0.012928033266676676,0.0032856008334331,0.0022657595635918303,-0.010782600372836904,-0.010802441642678174,0.0018299176151054363,-0.0005899236547358339,-0.012908191996835405,-0.012928033266676676,0.0014424281370882808,-0.0005774131327529897,-0.011049176666176183,-0.011069017936017453,-0.0032995055349822164,-0.004719346804823487,-0.01555632226324849,-0.01557616353308976,-0.00034342042639440296,-0.002563261696235673,-0.01680326788808123,-0.0168231091579225,0.003710244178027133,0.0004904029081858616,0.001098777189763811,0.0010789359199225412,-0.0020468082735936033
2024-09-05,0.0008986556218031679,0.0008788143519618981,-0.005140970327530303,-0.005160811597371573,0.0016092994455490393,0.0015894581757077695,0.016320436332547116,0.016300595062705845,0.0007078303471121806,0.0006879890772709108,-0.005140970327530303,-0.005160811597371573,0.012948084721983366,0.012928243452142095,0.011971413556366495,0.011451572286525226,0.010054881496082713,0.010035040226241443,0.0013791625211269087,0.0008593212512856389,0.005072664794167481,0.0050528235243262115,0.004512299908532247,0.004492458638690977,-0.004705592099236911,-0.004725433369078181,0.004107986882402104,0.004088145612560834,-0.002432194921198616
2024-09-06,0.003687436362936813,0.003667595093095543,-0.002315800583841121,-0.002335641853682391,-0.010465344940633425,-0.010485186210474695,-0.014723014791885775,-0.014742856061727046,0.004009559448478739,0.003989718178637469,-0.002315800583841121,-0.002335641853682391,-0.009274538529665255,-0.009294379799506525,-0.011567163180253248,-0.011587004450094519,-0.013404946923763473,-0.013424788193604743,-0.020664019928111288,-0.02068386119795256,-0.014074520710947225,-0.014094361980788495,-0.013407637279900003,-0.013427478549741273,-0.005988545673052148,-0.006008386942893418,0.0008167525131036468,0.000796911243262377,-0.016830173214678057
2024-09-09,0.006914014351440312,0.006894173081599043,-0.005892859468279443,-0.006912700738120713,0.006453719903129906,0.0064338786332886365,0.010873683974840972,0.010853842704999702,0.007477512968234101,0.007457671698392831,-0.005892859468279443,-0.006912700738120713,-0.004080604807869325,-0.004100446077710595,-0.0038299375509189826,-0.0038497788207602526,0.000989349369560943,0.0009695080997196733,0.020371889612971206,0.019352048343129934,0.0017323608616608768,0.001712519591819607,0.007239515072345881,0.006719673802504611,0.008951759683220527,0.008931918413379257,-0.006058883398572634,-0.006078724668413904,0.011196352885878724
2024-09-10,0.0019356854127642652,0.0019158441429229954,0.011598401649847823,0.011578560380006552,-0.005534313443408912,-0.0055541547132501815,0.011603052779172656,0.011583211509331386,0.0038449489058275943,0.0038251076359863243,0.011598401649847823,0.011578560380006552,0.00596574653161257,0.0059459052617713,-0.003053057405641546,-0.003072898675482816,0.015159350540279306,0.015139509270438035,0.007900705515198725,0.007880864245357454,-0.0023813874819026857,-0.0024012287517439558,0.009749553582523274,0.009729712312682003,-0.00693474448546264,-0.00695458575530391,0.004370293194753128,0.004350451924911858,0.0043556124835748555
2024-09-11,-0.004349200418292476,-0.004369041688133746,-0.0007724241584863845,-0.0007922654283276543,0.007021737768239345,0.007001896498398075,0.03798475613082242,0.03796491486098115,-0.006080102385533914,-0.006099943655375184,-0.0007724241584863845,-0.0007922654283276543,0.006205152203181985,0.006185310933340716,0.009105966873591054,0.009086125603749783,0.0211036676048737,0.02108382633503243,0.043733913244827394,0.043214071974986126,0.012200128016952382,0.012180286747111111,0.03978663411453348,0.039766792844692214,0.0002099668844414257,0.00019012561460015587,0.0014052562555749715,0.0013854149857337017,0.01025898674273118
2024-09-12,0.0010559376340189774,0.0010360963641777075,0.014492523125477885,0.013472681855636616,-0.0009676985405411174,-0.0009875398103823872,0.011736534094765105,0.011216692824923836,0.0005520067753201239,0.0005321655054788541,0.014492523125477885,0.013472681855636616,0.005754762117951661,0.005734920848110391,0.012514797805805,0.01149495653596373,0.011955264873740112,0.011935423603898841,0.027033083200711294,0.026013241930870023,0.008500508906413063,0.008480667636571793,0.018872942708207385,0.017853101438366114,0.0013643884266654306,0.0013445471568241608,0.001977725319672885,0.001957884049831615,0.008423138494075166
2024-09-13,-0.011394951319290303,-0.011414792589131573,-0.008044863612250097,-0.008064704882091368,0.0006225011648158035,0.0006026598949745337,-0.0061052636612839994,-0.006125104931125269,-0.012237035925941442,-0.012256877195782712,-0.008044863612250097,-0.008064704882091368,0.0010240121823900557,0.0010041709125487859,-0.014622351324526939,-0.01464219259436821,-0.007150321018196681,-0.007170162288037951,-0.017999113148879753,-0.018018954418721023,-0.010774854638775644,-0.010794695908616914,-0.014112868848228766,-0.014132710118070036,-0.006246767922427465,-0.006266609192268735,0.006577487712276842,0.006557646442435572,0.005222645249989721
2024-09-16,-0.002912646215773995,-0.002932487485615265,0.0,0.0,-0.000987243538269433,-0.0010070848081107028,-0.020956329004938157,-0.021976170274779428,-0.0030962431119570754,-0.0031160843817983454,0.0,0.0,-0.0030196347357813067,-0.0030394760056225768,0.0,0.0,-0.002116330410702705,-0.002136171680543975,0.01439588898110633,0.01437604771126506,-0.01167962016730848,-0.01169946143714975,-0.020956329004938157,-0.021976170274779428,-0.005992248410636425,-0.006012089680477695,0.030105812618894667,0.029085971349053396,0.0014769168769515062
2024-09-17,-0.008601988701524755,-0.008621829971366025,0.0,0.0,0.0025157201673586703,0.0024958788975174002,-0.01059865350264566,-0.010618494772486931,-0.009350761486230031,-0.009370602756071301,0.0,0.0,-0.004529786863009444,-0.004549628132850714,0.0,0.0,-0.00515076188690543,-0.0051706031567467,-0.013899082035877863,-0.013918923305719134,-0.008626082226539156,-0.008645923496380426,-0.01059865350264566,-0.010618494772486931,-0.004709384075922807,-0.004729225345764076,0.012815099223163262,0.012795257953321992,0.0004086357464134771
2024-09-18,-0.004512071095238324,-0.004531912365079593,0.0,0.0,-0.006980529061260298,-0.007000370331101568,-0.01624017633348962,-0.01626001760333089,-0.00470605029233242,-0.00472589156217369,0.0,0.0,-0.00695838376106761,-0.00697822503090888,0.0,0.0,-0.002498877670588207,-0.002518718940429477,-0.015415023075633527,-0.015434864345474798,-0.00244311886167079,-0.00246296013151206,-0.01624017633348962,-0.01626001760333089,0.0051007037042868795,0.00508086243444561,0.010431698367610931,0.01041185709776966,-0.0029656261019592733
2024-09-19,-0.0028844716429139326,-0.0029043129127552026,0.0,0.0,0.0052642753487040055,0.005244434078862736,0.022628597794048355,0.022608756524207085,-0.0009571416415017023,-0.0009769829113429722,0.0,0.0,0.0012960575270272515,0.0012762162571859817,0.0,0.0,0.005300845878839557,0.005281004608998287,0.012081330912178556,0.012061489642337286,0.009566947213281395,0.009547105943440125,0.022628597794048355,0.022608756524207085,0.013161692072118557,0.013141850802277286,-0.018969612316461992,-0.018989453586303263,0.017064468298038316
2024-09-20,-0.00040512555092834255,-0.00042496682076961236,0.0,0.0,-0.002337414965025797,-0.002357256234867067,-0.014136161300322359,-0.014156002570163629,-0.0019269310124545914,-0.0019467722822958612,0.0,0.0,0.008767280219029295,0.008747438949188025,0.0,0.0,-0.0011514616033402982,-0.001171302873181568,-0.004980533483642968,-0.005000374753484238,-0.0013316096390921348,-0.0013514509089334046,-0.014136161300322359,-0.014156002570163629,-0.005419291231674883,-0.0054391325015161526,0.006135445339609968,0.006115604069768699,-0.0017287265113851147
2024-09-23,9.831291516333458e-05,7.847164532206473e-05,0.0,0.0,0.002989348052062246,0.002969506782220976,-0.00025745769832563603,-0.00027729896816690584,0.0001587435667557372,0.00013890229691446737,0.0,0.0,-0.0006362214752621666,-0.0006560627451034364,0.0,0.0,0.00040297801196532697,0.00038313674212405715,-0.007479230506792278,-0.007499071776633548,-0.006768437323740628,-0.006788278593581897,-0.00025745769832563603,-0.00027729896816690584,0.005079235238629853,0.005059393968788584,-0.008165647117257313,-0.008185488387098584,0.0024987362915100952
2024-09-24,-0.009516790199721348,-0.009536631469562618,0.0,0.0,0.009251917508226426,0.009232076238385156,0.0367911482439236,0.03677130697408233,-0.009124245699645461,-0.009144086969486731,0.0,0.0,-0.0012909876357461323,-0.0013108289055874022,0.0,0.0,-0.002265865365084118,-0.002285706634925388,0.016512903020918568,0.016493061751077297,-0.006220920746762216,-0.0062407620166034855,0.0367911482439236,0.03677130697408233,0.002070415692539451,0.002050574422698181,0.010060077659897693,0.010040236390056422,0.0028613586038446215
2024-09-25,-0.004313626805332094,-0.004333468075173363,0.0,0.0,0.0007484305256188145,0.0007285892557775447,0.024047164980337876,0.024027323710496606,-0.0056445710895741685,-0.005664412359415438,0.0,0.0,0.005866439329037476,0.005846598059196207,0.0,0.0,0.008286728038663906,0.008266886768822635,0.01457396381124565,0.014554122541404379,0.0009863105758905256,0.0009664693060492558,0.024047164980337876,0.024027323710496606,-0.007386386449694682,-0.007406227719535951,0.00956761775148518,0.00954777648164391,-0.0022055858738448952
2024-09-26,-0.019716939743595042,-0.019736781013436313,0.0,0.0,0.0009660161471758966,0.0009461748773346268,0.000326457363907684,0.00030661609406641417,-0.01931236320969755,-0.01933220447953882,0.0,0.0,-0.004841151885433681,-0.004860993155274951,0.0,0.0,-0.015222341610115108,-0.015242182879956379,0.0036535323000526088,0.0036336910302113387,-0.015360060768476536,-0.015379902038317806,0.000326457363907684,0.00030661609406641417,0.001580162979954735,0.0015603217101134651,0.008830519005953441,0.00881067773611217,0.003964677313628595
2024-09-27,-0.005037200714979128,-0.005057041984820398,0.0,0.0,-0.006478398182300594,-0.006498239452141863,-0.019833100503114265,-0.019852941772955535,-0.004077406171473319,-0.004097247441314588,0.0,0.0,-0.011880246561063724,-0.011900087830904994,0.0,0.0,-0.006974399400698483,-0.006994240670539753,-0.0072877727355056265,-0.007307614005346896,-0.009491096016922006,-0.009510937286763277,-0.019833100503114265,-0.019852941772955535,0.001887006135864999,0.0018671648660237292,-0.0016442752502534574,-0.0016641165200947273,-0.001450291034742035
2024-09-30,0.007153180402700432,0.007133339132859163,0.0,0.0,-0.002355566626825123,-0.002375407896666393,0.0,0.0,0.008436631026136943,0.008416789756295673,0.0,0.0,-0.0005859960494497109,-0.0006058373192909807,0.0,0.0,0.0028963401096156246,0.0028764988397743546,0.0058305150978377185,0.004810673827996449,0.007886670262442042,0.007866828992600772,0.0,0.0,0.002147776974890492,0.0021279357050492218,-0.0004547505150838127,-0.0004745917849250825,0.004007205167527728
2024-10-01,-0.0011433098726600808,-0.0011631511425013506,0.0,0.0,-0.007943065726725573,-0.007962906996566843,0.0,0.0,-0.0011978741586550989,-0.0012177154284963687,0.0,0.0,-0.007479430352434857,-0.0074992716222761265,0.0,0.0,-0.009051987769500036,-0.009071829039341306,-0.0100557853106098,-0.01007562658045107,-0.005535429895347976,-0.005555271165189246,0.0,0.0,0.0036234654098343255,0.0036036241399930555,0.019972961331200856,0.019953120061359585,-0.008958323493068132
2024-10-02,0.008242629961213877,0.008222788691372607,0.0,0.0,0.001999011299936959,0.001979170030095689,0.0,0.0,0.009147699286915556,0.009127858017074286,0.0,0.0,-0.005138181576801936,-0.005158022846643206,0.0,0.0,0.008923763286550191,0.00890392201670892,0.002868185617656227,0.002848344347814957,0.009557856657084408,0.009538015387243137,0.0,0.0,0.016277926571359215,0.016258085301517945,-0.0055644716657679005,-0.00558431293560917,0.0004220236379359754
2024-10-03,0.0019017242711456654,0.0018818830013043956,0.010205714669710764,0.009185873399869494,0.001659805878037701,0.0016399646081964312,-0.010205714669710764,-0.011225555939552033,0.0018956979816194923,0.0018758567117782225,0.010205714669710764,0.009185873399869494,-0.0004129657160304558,-0.0004328069858717256,0.0,0.0,0.009346132658509787,0.009326291388668516,0.006965392081537458,0.0059455508116961885,0.012138026947556302,0.012118185677715032,0.010205714669710764,0.009185873399869494,0.004045404119560669,0.0040255628497194,-0.00805986881991172,-0.00907971008975299,-0.0018279976395086939
2024-10-04,0.0005861318852870001,0.0005662906154457303,0.0072601800735905275,0.007240338803749258,0.010463794471553635,0.010443953201712364,-0.0072601800735905275,-0.007280021343431797,0.0004889521612385984,0.0004691108913973286,0.0072601800735905275,0.007240338803749258,0.0013830846382572263,0.0013632433684159565,0.0,0.0,0.005194518040300533,0.005174676770459264,0.02214536814472723,0.02212552687488596,0.010854725627149453,0.010834884357308183,0.0072601800735905275,0.007240338803749258,0.013212770069041613,0.013192928799200343,-0.004961499894442056,-0.004981341164283326,0.00908711509499005
2024-10-07,-0.003007926138688722,-0.003027767408529992,0.0013419100951622132,0.0008220688253209433,-0.0018178649280926502,-0.00183770619793392,-0.008224172349583503,-0.008244013619424773,-0.001704798698699328,-0.0017246399685405978,0.0013419100951622132,0.0008220688253209433,-0.014706206610115301,-0.014726047879956572,0.0,0.0,-0.007341947494542444,-0.007361788764383714,0.01205554533621045,0.012035704066369179,-0.006782160665891901,-0.006802001935733171,0.0013419100951622132,0.0008220688253209433,-0.0006140136039740063,-0.0006338548738152761,0.004121981518585227,0.003602140248743957,-0.009040265816705362
2024-10-08,0.004469834955885233,0.004449993686043963,0.01137799603989853,0.01135815477005726,0.002885172100728839,0.002865330830887569,-0.01019957693205975,-0.010219418201901021,0.00391359767156182,0.0038937564017205496,0.01137799603989853,0.01135815477005726,0.02664718434429686,0.02662734307445559,0.0,0.0,0.014937845444729037,0.014918004174887766,0.026629176775393892,0.026609335505552622,0.01537476646527335,0.015354925195432079,0.01137799603989853,0.01135815477005726,-0.015868874864324332,-0.015888716134165603,-0.008365725608272423,-0.008385566878113693,0.00945728106716004
2024-10-09,-0.004489008783017257,-0.004508850052858527,-0.007158574165481305,-0.007511748768655908,-0.002707887625302674,-0.0027277288951439442,0.008359996687049565,0.007340155417208295,-0.004151221955095942,-0.004171063224937211,-0.007158574165481305,-0.007511748768655908,7.170114539573058e-05,5.185987555446074e-05,0.0,0.0,-0.0016537354155924944,-0.0016735766854337642,-0.009693454020029857,-0.010213295289871126,-0.003322171675865438,-0.003342012945706708,-0.007158574165481305,-0.007511748768655908,-0.0035643324953704147,-0.0035841737652116848,0.01846865058154218,0.018448809311700908,0.006926470878219737
2024-10-10,-0.0041652045417940875,-0.004185045811635357,-0.0005194992364609963,-0.0005393405063022661,0.003051661961970975,0.003031820692129705,-0.0068531148300268185,-0.006872956099868088,-0.003910657753494584,-0.003930499023335854,-0.0005194992364609963,-0.0005393405063022661,-0.0015589911046055673,-0.001578832374446837,0.0,0.0,0.002132372924768666,0.002112531654927396,-0.0009313828767110177,-0.0009512241465522875,0.0029682879908263238,0.0029484467209850537,-0.0005194992364609963,-0.0005393405063022661,0.0048553943941391006,0.004835553124297831,-0.01282168895240865,-0.01284153022224992,-0.0017498385459364663
2024-10-11,-0.004208481101555717,-0.004228322371396987,0.002552519730648221,0.0025326784608069508,0.003491326013962558,0.003471484744121288,-0.009911566820815843,-0.009931408090657113,-0.00475288054988764,-0.0047727218197289095,0.002552519730648221,0.0025326784608069508,-0.0029318868217033884,-0.0029517280915446584,0.0,0.0,-0.006916526154916935,-0.006936367424758205,0.00042312320527004843,0.0004032819354287786,-0.004191040450738081,-0.00421088172057935,0.002552519730648221,0.0025326784608069508,-0.0003521714938349192,-0.00037201276367618903,0.00911303844281125,0.00909319717296998,0.005988146615026446
2024-10-14,0.007533530767216556,0.007513689497375286,0.00544410818180637,0.0054242669119651,0.001850466527971095,0.0018306252581298252,-0.0003481813022470637,-0.0008680225720883335,0.00717856101381612,0.0071587197439748505,0.00544410818180637,0.0054242669119651,0.010034054632159029,0.010014213362317758,0.0004086534725334934,-0.0006111877973077765,0.0038110409150026833,0.0037911996451614133,0.007836202453755992,0.007816361183914721,0.010801590915005344,0.010781749645164073,0.00544410818180637,0.0054242669119651,0.0020522119789159856,0.0020323707090747155,-0.014213687610797332,-0.015233528880638602,0.00817840117315427
2024-10-15,0.01736959716849659,0.017349755898655318,-0.005668371325662927,-0.005688212595504197,0.008536065569558028,0.008516224299716758,0.014504904733564306,0.014485063463723035,0.01621555241089887,0.0161957111410576,-0.005668371325662927,-0.005688212595504197,0.014883264581257938,0.014863423311416667,-0.016822044838048056,-0.016841886107889326,-0.00901289679481292,-0.00903273806465419,-0.010387950641422006,-0.010407791911263276,0.0029350207209629785,0.0029151794511217085,-0.005668371325662927,-0.005688212595504197,-0.0072096418790654985,-0.007229483148906768,0.017912938523049537,0.017893097253208267,-0.007769660270121936
2024-10-16,-0.0063932722853367145,-0.006413113555177984,-0.004115362884083373,-0.004385204153924643,0.01110960391009178,0.01108976264025051,0.010998615838233583,0.01064544123505898,-0.007449965012579606,-0.007469806282420876,-0.004115362884083373,-0.004385204153924643,-0.0032433945651708096,-0.0032632358350120796,-0.008269311668158964,-0.008889152938000234,-0.005417666047136738,-0.0054375073169780075,-0.0026985309909989263,-0.0027183722608401964,-0.005114729500157978,-0.005134570769999247,0.0020821384313688776,0.0020622971615276075,0.008037477043148611,0.00801763577330734,0.018926899705400624,0.018407058435559353,0.004346329024053963
2024-10-17,-0.003943540801881796,-0.0039633820717230655,0.0062261341384518,0.00620629286861053,-0.005689944458216456,-0.005709785728057725,-0.011551525320218673,-0.01223803325672661,-0.003986457895163897,-0.004006299165005166,0.0062261341384518,0.00620629286861053,-0.00444976854779795,-0.00446960981763922,0.0004164706002472762,0.0003966293304060064,0.003935704066514123,0.0039158627966728535,0.0020862233484797987,0.001066382078638529,0.0011156028662117849,0.001095761596370515,0.004503312073877737,0.0034834708040364674,0.003228179689634592,0.003208338419793322,0.0026162541486768887,0.0020964128788356186,8.589626262245353e-05
2024-10-18,0.003754871791642211,0.003735030521800941,0.0027614976954553894,0.0027416564256141193,0.004272897306806633,0.004253056036965364,-0.0002608630369569376,-0.0002807043067982074,0.0031361459756747865,0.0031163047058335165,0.0027614976954553894,0.0027416564256141193,0.013516450396474344,0.013496609126633074,0.0023211153891522507,0.0023012741193109807,0.001487314530380035,0.0014674732605387652,0.015324583611166787,0.015304742341325516,0.00747224704327476,0.0074524057734334905,0.014224792328269639,0.014204951058428368,-0.005053988231840035,-0.005073829501681304,-0.008452304929475962,-0.008472146199317233,0.0038464495454269
2024-10-21,-0.002069939678789689,-0.0020897809486309592,0.001791283509739605,0.0005714422398983353,-0.0015307561565189084,-0.0015505974263601782,-0.010533526293015212,-0.010953367562856482,-0.0018929149222513316,-0.0019127561920926014,0.001791283509739605,0.0005714422398983353,0.004870591251378753,0.004850749981537484,0.006284879514413255,0.006265038244571986,0.012126690607657496,0.012106849337816226,-0.021135159119848312,-0.021488333723022914,0.012711770643213239,0.012691929373371968,-0.012432016897156525,-0.012951858166997794,0.0010817295255792902,0.0010618882557380204,-0.00048174625665148296,-0.0008349208598260862,-0.001642085586487707
2024-10-22,-0.009804283361601286,-0.009824124631442556,-0.003131838794534636,-0.003151680064375906,0.0055934089641736405,0.005573567694332371,0.0014046794600061307,0.0013848381901648609,-0.00861417919358054,-0.00863402046342181,-0.003131838794534636,-0.003151680064375906,-0.009556365009948664,-0.009576206279789935,-0.006787842687787182,-0.0068076839576284515,0.010608277830863034,0.010588436561021763,0.005730637227075304,0.0057107959572340345,0.0026617113279144957,0.0026418700580732256,0.0007322855672302251,0.0007124442973889553,-0.005802720388965598,-0.005822561658806868,-0.002858690597135616,-0.002878531866976886,-0.0005311077877049319
2024-10-23,0.0015480877032892143,0.0015282464334479445,-0.004440793815710957,-0.005079682704599846,-0.0009199924135169568,-0.0009398336833582266,-0.005323235910187074,-0.005593077180028344,0.003155274351199189,0.003135433081357919,-0.004440793815710957,-0.005079682704599846,-0.012921359247971654,-0.012941200517812924,-0.009038460570266138,-0.009058301840107408,-0.006583086533545824,-0.006602927803387094,0.0037849282412825425,0.0035150869714412726,-0.004946724408484293,-0.004966565678325562,0.007560708010403205,0.007540866740561936,0.00011725547631310541,9.741420647183557e-05,0.010729710233257148,0.010126535630082544,-0.009137467513379516
2024-10-24,0.003315352467846455,0.003295511198005185,0.0024180458232020605,0.002273204553360791,-0.003572993409492675,-0.003592834679333945,0.0027506160587771116,0.002530774788935842,0.005301440503105037,0.005281599233263767,0.0024180458232020605,0.002273204553360791,-0.005561997607797653,-0.005581838877638923,0.001709826307383681,0.0015233183708757445,-0.0031847801556429078,-0.003204621425484178,0.0005673097062692065,-0.00028586489690539646,-0.004704207565534346,-0.004724048835375616,0.004679032786100962,0.004409191516259692,0.00840124014744702,0.00838139887760575,-0.016135305221721685,-0.016488479824896287,0.002162663215278915
2024-10-25,-0.002380169775763907,-0.002400011045605177,-0.0008351994932035427,-0.0009661518741559236,-0.004482233836038251,-0.004502075105879521,-0.004245734071765388,-0.004432242008273324,-0.0027646393532030017,-0.0027844806230442718,-0.0008351994932035427,-0.0009661518741559236,0.006380287666312179,0.0063604463964709096,0.006742335717838036,0.005722494447996766,0.010274288689186107,0.010254447419344837,-0.017319443525053452,-0.017339284794894723,0.0070472537511092614,0.007027412481267992,-0.011379572866987986,-0.011399414136829256,-0.002119310645839179,-0.002139151915680449,9.875778937645449e-05,-0.0003210834804648154,-0.0003455079333148925
2024-10-28,-0.0011594593685204215,-0.0011793006383616913,-0.0037073525277044016,-0.0037271937975456716,0.004017866644718338,0.003998025374877068,-0.0006857327263536752,-0.000705573996194945,0.00018828588240908922,0.00016844461256781937,-0.0037073525277044016,-0.0037271937975456716,0.003505929347569725,0.0034860880777284548,-0.002953317122000457,-0.002973158391841727,-0.00561214142677352,-0.00563198269661479,0.019072747719859784,0.019052906450018513,0.0004804999641995983,0.0004606586943583285,0.015718550719197227,0.015698709449355957,0.0016871180215365048,0.001667276751695235,-0.007834466827509531,-0.007854308097350802,0.003091558464456856
2024-10-29,0.0004301748697833731,0.0004103335999421033,0.004346264739653876,0.004326423469812607,0.0014734150385014577,0.001453573768660188,0.0021836057795331524,0.0021637645096918823,0.001973834092993099,0.001953992823151829,0.004346264739653876,0.004326423469812607,0.01337056533485793,0.01335072406501666,0.006649797748106552,0.006629956478265283,0.01346010000384583,0.01344025873400456,-0.0074153639393039015,-0.007435205209145171,0.016708579792737967,0.016688738522896696,0.005768059785061147,0.005748218515219877,0.0023272582528443215,0.0023074169830030514,0.0005958188819469188,0.000575977612105649,0.001618528131696051
2024-10-30,0.0037573195527803704,0.0037374782829391003,0.001079683065558936,0.0008098417957176662,-0.0005954210207058553,-0.0006152622905471251,-0.003070170354586084,-0.0032566782910940207,0.009568749699102631,0.009548908429261361,0.001079683065558936,0.0008098417957176662,-0.0046763785323105656,-0.004696219802151835,-0.0004394069956042228,-0.0004592482654454926,0.0010338822135869223,0.0010140409437456525,0.0016070825531255134,0.0011110508070937674,0.0015714071510720788,0.001551565881230809,-0.002357295419991856,-0.0029104700231664593,0.012991636085274694,0.012971794815433424,-0.01291289560910961,-0.013075594021808024,-0.003025422262522559
2024-10-31,-0.0032454645962845755,-0.0032653058661258456,0.002390173518613703,0.0018703322487724331,-0.014439292605416343,-0.014459133875257614,-0.008164012579779275,-0.008660044325811021,-0.0011439379702493646,-0.0011637792400906344,0.0019274640315242741,0.001485400539460782,-0.02111503547749796,-0.02113487674733923,-0.004642997206749512,-0.005305695619447924,-0.026095358142729463,-0.026115199412570733,-0.002568237642669851,-0.0031237931982254063,-0.011862549608580042,-0.011882390878421313,-0.013747833420114847,-0.014417674689956117,0.005105093430976826,0.0050852521611355565,0.010135954543461992,0.009591113273620722,-0.019603104000644245
2024-11-01,-0.013916172587257825,-0.013936013857099095,-0.0037409000357421043,-0.003927407972250041,0.0011972242974524262,0.0011773830276111564,0.0020925791132368624,0.0017727378433955924,-0.01361381968635693,-0.013633660956198201,-0.0032427483524949396,-0.0034444078041543915,0.004411313274739393,0.004391472004898123,-0.0036422529441702727,-0.003884316436233765,0.004765765944790935,0.004745924674949665,-0.006980594911903884,-0.007325436181745153,-0.012282474238744857,-0.012302315508586128,-0.004412751984042266,-0.0045992599205502025,-0.00885628548540359,-0.008876126755244861,-0.0009180565554020863,-0.0010490089363544672,0.004220527329819701
2024-11-04,0.007600376935950104,0.007580535666108834,-0.006722820886044327,-0.007000237913461355,0.00030239666554258125,0.00028255539570131143,0.0051125677936853485,0.005092726523844079,0.005933431075826068,0.005913589805984798,-0.0069054333772549095,-0.007025274647096179,-0.0006026543013504026,-0.0006224955711916724,-0.0023980628709674243,-0.003001237474142027,-0.00391180578261543,-0.0039316470524566995,-0.004305326503991092,-0.004491834440499028,-0.0014807187423112045,-0.0015005600121524743,0.003066959321531086,0.0025137847183564826,0.010056035882501611,0.010036194612660341,-0.012399576068459192,-0.012919417338300461,-0.0021538830639530326
2024-11-05,-0.0007322362791921666,-0.0007520775490334364,0.004920889505535775,0.0049010482356945054,0.005166697068700099,0.0051468557988588294,0.002533345059108705,0.002513503789267435,-0.0005279840840499914,-0.0005478253538912612,0.00463946680286067,0.004619625533019401,0.006208868558020263,0.006189027288178993,0.004242648425079487,0.0042228071552382175,0.001271520065521824,0.0012516787956805542,0.0012869081511834666,0.0012670668813421968,0.003784793222034998,0.003764951952193728,-3.5596632432391764e-05,-5.5437902273661606e-05,0.0017865834920978048,0.001766742222256535,0.005849803294287109,0.00582996202444584,0.012091813620813241
2024-11-06,-0.00978575848115014,-0.009805599750991411,0.010380168427118246,0.010260327157276976,0.031164534286438353,0.031144693016597082,0.04501258027084138,0.044881627889888996,-0.007469079559418611,-0.007488920829259881,0.015316913443656788,0.015185961062704407,0.011330523859486276,0.011310682589645005,-0.0021360544994340896,-0.0021558957692753597,-0.005918110992424475,-0.0059379522622657445,-0.0022101878637721135,-0.002372886276470526,0.025930469491909715,0.025910628222068445,0.022314157798767994,0.022094316528926725,0.03474231359453833,0.034722472324697065,0.03246419527221581,0.03244435400237454,0.024865513828021824
2024-11-07,-0.0111419073193044,-0.01116174858914567,-0.00789834139761056,-0.007918182667451831,-0.007502116392277813,-0.007521957662119083,-0.0029271079399288105,-0.0029469492097700806,-0.011422039618748058,-0.011441880888589329,-0.01383832883051529,-0.013858170100356561,0.006668794323999173,0.006648953054157903,0.009120080045012366,0.009100238775171096,0.021524424412409926,0.021504583142568656,0.008287465624128744,0.008267624354287474,-0.003999335033138608,-0.0040191763029798775,-0.007773602248353595,-0.007793443518194864,-0.013929369125714706,-0.013949210395555977,-0.0031482443833853596,-0.0031680856532266296,0.007732245217411782
2024-11-08,0.011784800747502343,0.011764959477661072,-0.008190336994182664,-0.008301087354933026,-0.007254797370155796,-0.007274638639997066,-0.006808319104140802,-0.006828160373982072,0.010872662782576238,0.010852821512734968,-0.010895666498075461,-0.011015507767916731,0.006545889120366944,0.006526047850525674,-0.011486388724631551,-0.011583153071395898,0.007084945908225015,0.007065104638383745,0.002619249227061003,0.002599407957219733,0.006527389286493735,0.006507548016652465,-0.005938620471103984,-0.005958461740945254,-0.00844848081912879,-0.00846832208897006,-0.022960225690993968,-0.02309117807194635,0.004331564509813202
2024-11-11,-0.0016092344888650632,-0.001629075758706333,-0.021972089321493107,-0.021991930591334377,0.0008650956313027702,0.0008452543614615004,0.0066623966867587064,0.006517555416917437,-0.013299570786006687,-0.013319412055847957,-0.023870256223298768,-0.023890097493140038,0.012192666976992495,0.012172825707151225,-0.00039261000130731954,-0.0005942694529667712,-0.01531197203155541,-0.01533181330139668,-0.01670830135389144,-0.01672814262373271,0.00741003724675483,0.00739019597691356,0.0013949032188142587,0.0013750619489729889,-0.005264288403431394,-0.005284129673272664,-0.0224284217544256,-0.02244826302426687,0.0009531642579374555
2024-11-12,0.010681132603225762,0.010661291333384492,0.006698539609520736,0.006678698339679466,0.00357810724221983,0.00355826597237856,0.008274672615519013,0.008254831345677742,0.009018876539626531,0.00899903526978526,0.004194817868896305,0.004174976599055035,0.013799076965941782,0.013779235696100511,0.011821202468050497,0.011801361198209227,0.014901771539863783,0.014881930270022513,0.006920835990142664,0.006900994720301395,0.021424080311806638,0.021404239041965367,0.014989444021282215,0.014969602751440944,0.002059156322776634,0.002039315052935364,-0.0008008950185472517,-0.0008207362883885215,-0.003106748893136002
2024-11-13,0.0014792329390366566,0.0014593916691953868,0.005411007659655687,0.005209348207996235,-0.004957140691352956,-0.004976981961194226,-0.004657840724500595,-0.004927681994341865,0.001363151559412845,0.0013433102895715752,8.17821594939149e-05,-0.00013805911034735495,-0.0015430422976376087,-0.0015628835674788785,-0.00417198417611723,-0.004636269890402944,-0.0031250152494763043,-0.0031448565193175743,0.005619986955168466,0.005600145685327196,-0.01245464691136483,-0.012474488181206101,-0.00037083060866895893,-0.00039067187851022874,-0.005525484895987864,-0.005545326165829134,0.01607185716464394,0.015909158751945526,0.00048582426719412375
2024-11-14,-0.005983275849766123,-0.006003117119607392,-0.0054236033537191945,-0.005443444623560464,-0.0027845314076499154,-0.0028043726774911854,-0.0023211247644483457,-0.0028409660342896157,-0.005691651046040081,-0.005711492315881351,-0.004540115836086166,-0.004559957105927436,-0.005743693177725296,-0.005763534447566565,-0.017061666732445715,-0.017081508002286985,-0.003228079350591495,-0.003247920620432765,-0.0009489523952071715,-0.0011687936650484414,-0.004044964138126251,-0.00406480540796752,-0.013209001151981153,-0.013478842421822422,0.002270835520999104,0.0022509942511578338,0.00205937436006415,0.0019145330902228801,-0.00642986322385497
2024-11-15,-0.016241615581449532,-0.016261456851290802,-0.017126889111294695,-0.017146730381135965,-0.001050934522479896,-0.0010707757923211659,-0.003336249901595409,-0.003356091171436679,-0.01768199585205602,-0.01770183712189729,-0.01371284600442133,-0.0137326872742626,-0.018271905223545017,-0.018291746493386288,-0.014183370830992623,-0.014203212100833893,-0.0187825779430408,-0.01880241921288207,-0.0023175294542239714,-0.0023373707240652414,-0.017930816373223777,-0.017950657643065047,-0.015931452323622298,-0.01595129359346357,-0.0062929465248466425,-0.006312787794687912,-0.002196806068250361,-0.002216647338091631,-0.012808767856329117
2024-11-18,-0.0066858445177765844,-0.006705685787617854,-0.004954850677076583,-0.005574691946917853,-0.0035813429104882724,-0.0036011841803295424,-0.002008461539814807,-0.0030283028096560766,-0.006098348166099443,-0.006118189435940713,-0.003978181670114384,-0.004775800717733432,-0.007957467648930216,-0.007977308918771487,-0.008309191008926254,-0.008329032278767525,0.0007402820325418058,0.000720440762700536,0.0005371372769294334,0.0003506293404214969,-0.008502834695243799,-0.00852267596508507,-0.006489548604341182,-0.006842723207515785,-0.0023904217251430326,-0.0024102629949843027,0.006477614384123136,0.006314915971424723,0.004097457137459903
2024-11-19,0.02067361779043512,0.020653776520593848,0.012169420658392837,0.012149579388551567,0.01469268597948864,0.01467284470964737,0.01105306707335589,0.01103322580351462,0.01966792816732573,0.01964808689748446,0.009772246094352025,0.009752404824510754,0.010691820798828544,0.010671979528987274,0.019351496093225028,0.019331654823383757,0.021323348380616135,0.021303507110774864,0.018005303075345265,0.017985461805503995,0.021367566948748716,0.021347725678907446,0.028071947576292527,0.028052106306451257,0.011663161151712365,0.011643319881871094,-0.006448525878005643,-0.006468367147846913,0.0036552085554049096
2024-11-20,0.004001601181532766,0.003981759911691496,-0.004531741646006754,-0.005134916249181357,-0.002331502163846799,-0.002351343433688069,-0.006866162515817723,-0.007028860928516136,0.004076948387235757,0.004057107117394487,-0.002176637778909664,-0.0029821933344652196,0.0001795148258675436,0.00015967355602627376,-0.005595281627757933,-0.005615122897599203,0.001369000079036209,0.0013491588091949392,-0.006584042763025689,-0.006803884032866959,0.008040009082632204,0.008020167812790933,-0.006701350046571167,-0.006721191316412437,0.0013620756060827798,0.00134223433624151,-0.008802172735234426,-0.00915534733840903,0.0003389286891499754
2024-11-21,-0.005863234988475529,-0.005883076258316799,-0.007560483773825927,-0.00797318218652434,0.008310632205543268,0.008290790935701998,-0.008666258470892455,-0.009186099740733724,-0.004719186195794244,-0.0047390274656355135,0.0030648566685190053,0.0025450153986777352,-0.010416431383893799,-0.01043627265373507,-0.028458451037540404,-0.028603292307381675,-0.031038323585018346,-0.031058164854859616,-0.020470789852700587,-0.021557297789208524,-0.012143247726804984,-0.012163088996646254,-0.024294416841018768,-0.02481425811086004,-0.0028017840060954088,-0.002821625275936679,-0.003384699872349424,-0.003904541142190694,0.005368359607974105
2024-11-22,-0.00025685018309187096,-0.0002766914529331408,0.005839498448979432,0.005533942893423877,-0.006431543749342716,-0.006451385019183986,-0.01889722378285415,-0.019583731719362087,0.0025318658806087867,0.0025120246107675167,0.015139953723112665,0.014786779119938061,-0.010212939086536399,-0.010232780356377669,-0.01883666154212039,-0.01955650281196166,-0.02258677586202701,-0.02260661713186828,-0.02044990472046332,-0.020886412656971255,-0.014177926203333123,-0.014197767473174394,-0.01719637803253109,-0.017616219302372362,-0.0008457751623911821,-0.0008656164322324519,0.004260581445722222,0.0035407401758809527,0.003099412387509881
2024-11-25,-0.012245126789754101,-0.012264968059595371,-0.006535920179983723,-0.006555761449824993,-0.005562835918675235,-0.005582677188516505,-0.010399510495639735,-0.010419351765481005,-0.0129026176748691,-0.01292245894471037,-0.010173075744945637,-0.010192917014786907,0.008406544927617466,0.008386703657776195,0.017391748372653983,0.017371907102812712,-0.016420646593720712,-0.016440487863561982,-0.016342197216620002,-0.016362038486461273,-0.017140735175638012,-0.017160576445479282,-0.01557050503144284,-0.01559034630128411,-0.015327085210120429,-0.0153469264799617,-0.010395914743598828,-0.010415756013440098,0.003392035003947358
2024-11-26,0.01592866796258956,0.01590882669274829,0.0063583560431592166,0.006338514773317947,-0.007967289710066505,-0.007987130979907775,0.0007704515724645256,0.0007506103026232557,0.017968931307208048,0.017949090037366777,0.000199036076744874,0.00017919480690360416,0.0050554548038282965,0.005035613533987027,0.02003237115825881,0.02001252988841754,0.021311768846881587,0.021291927577040317,0.017538085624054713,0.017518244354213442,0.021741193400185578,0.021721352130344308,0.018844857664965443,0.018825016395124173,0.008346343988526806,0.008326502718685536,-0.004413333475122138,-0.004433174744963408,0.0052213885900682655
2024-11-27,-0.00332348184957989,-0.00334332311942116,-0.0013581865194840872,-0.0017113611226586903,0.0017610770556042877,0.0017412357857630179,-0.0016801228675042302,-0.0018999641373455,-0.0020665972664198227,-0.0020864385362610927,0.0025775861935646294,0.0020577449237233593,-0.006340997472631416,-0.0063608387424726855,-0.0014612561637487474,-0.0014810974335900172,-0.008100688363696717,-0.008120529633537987,-0.008264173764432226,-0.008817348367606828,-0.006633282769462234,-0.006653124039303504,-0.0017723968280598523,-0.0022922380979011224,-0.0015938172773266256,-0.0016136585471678954,-0.011509866702359067,-0.011779707972200338,-0.003029919952727167
2024-11-29,-0.0001934774795865563,-0.00021331874942782613,0.009362640880268436,0.008442799610427166,0.0017475103726085515,0.0017276691027672817,0.008160468305414392,0.007390627035573123,-0.00048652432655611495,-0.0005063655963973848,0.0075116244861303414,0.006291783216289072,0.004020074178887179,0.004000232909045909,0.00472789228513278,0.0035969399041803993,0.006193375807592904,0.0061735345377516345,0.005380566629392847,0.004610725359551577,0.0034705967139053934,0.0034507554440641234,0.004214033155046981,0.0035275252185390446,0.0013713525893151893,0.0013515113194739194,0.01465696969155313,0.013970461755045193,0.006211938555072516
2024-12-02,0.0015367876507642155,0.0015169463809229457,0.016660795380128844,0.015974287443620908,-0.00056712337106245,-0.0005869646409037198,0.007187983794085917,0.004168142524244647,0.0015736916240722933,0.0015538503542310235,0.010635095010216608,0.009948587073708671,0.01304611042020417,0.0130262691503629,0.017680470442122065,0.01737491488656651,0.010579006208415887,0.010559164938574617,0.012274085861120148,0.010920911257945545,0.012123827612017312,0.012103986342176042,0.011602996899529133,0.011083155629687863,-0.002880769535767336,-0.002900610805608606,0.014588772424888893,0.014068931155047624,0.0017924257782249153
2024-12-03,0.003043474285344472,0.0012236330155032018,0.014646244309840777,0.013626403039999508,0.0005337564630543245,-0.0004860848067869453,0.004976714361393575,0.004956873091552305,0.0022837957910381455,0.0008639545211968755,0.014646244309840777,0.014626403039999507,0.01214512967214927,0.009925288402308,0.001465613779830982,0.0006957725099897122,0.004659869126935024,0.0034400278570937536,0.018566798188902722,0.01804695691906145,0.010128122403897011,0.008508281134055742,0.018566798188902722,0.017046956919061454,-0.009695719802277548,-0.01311556107211882,0.011145211990048975,0.011125370720207705,0.0004639596457520767
2024-12-04,0.0034994188242965848,0.0034795775544553148,0.014388759574738657,0.014368918304897386,0.008494273835480858,0.008474432565639588,0.025753137651808533,0.025733296381967263,0.001992573688008992,0.001972732418167722,0.014388759574738657,0.014368918304897386,0.006119968259875463,0.0061001269900341935,0.0007636545365073966,0.0007438132666661267,0.019322121851199657,0.019302280581358387,0.02893309557713264,0.02891325430729137,0.012996769289235665,0.012976928019394394,0.02893309557713264,0.02891325430729137,-0.013286018179548864,-0.013305859449390134,0.011048723073147082,0.011028881803305812,0.006209419772410518
2024-12-05,0.012562488467360444,0.012542647197519173,0.01387317922572832,0.01385333795588705,0.0033870765579660286,0.0033672352881247585,0.007483469940928966,0.007463628671087697,0.011137506333821191,0.01111766506397992,0.01387317922572832,0.01385333795588705,0.013770851469457713,0.013751010199616442,0.0021303477250607383,0.0021105064552194683,0.0084796106426126,0.00845976937277133,0.022099221165503002,0.022079379895661732,0.016199754875657134,0.016179913605815863,0.022099221165503002,0.022079379895661732,-0.008350625985747562,-0.008370467255588833,0.004052634778837605,0.004032793508996335,-0.0016455104221654304
2024-12-06,0.014121622601718807,0.014101781331877537,0.00907177102113162,0.00905192975129035,0.005749519895629962,0.005729678625788693,-0.018255784407616327,-0.018275625677457597,0.009508551776743522,0.009488710506902252,0.00907177102113162,0.00905192975129035,0.011794583218727405,0.011774741948886135,0.010066822238975287,0.010046980969134017,0.005871120015989306,0.005851278746148036,0.0022619718640286557,0.0022421305941873857,0.012030942598634764,0.012011101328793494,0.0022619718640286557,0.0022421305941873857,0.003050935954875178,0.003031094685033908,0.014869141891531379,0.014849300621690108,0.001895564054851917
2024-12-09,-0.0015658324577918934,-0.0015856737276331633,-0.023094169815254972,-0.023614011085096243,-0.005923561594122562,-0.0059434028639638314,-0.01743553985815882,-0.017455381128000092,-0.01291844217926329,-0.012938283449104561,-0.023094169815254972,-0.023614011085096243,-0.008006737255281083,-0.008026578525122353,0.0009760090680580964,0.0006228344648834932,-0.006606743221717504,-0.006626584491558773,-0.034697061562605214,-0.03471690283244648,-0.01462233358515256,-0.01464217485499383,-0.034697061562605214,-0.03471690283244648,0.007127952172193297,0.007108110902352027,-0.017334228986001454,-0.018354070255842726,-0.005149516166978119
2024-12-10,-0.00018443017382880917,-0.000204271443670079,0.02141440579109294,0.021394564521251668,0.007942946127801997,0.007923104857960727,0.005720054642667338,0.005700213372826069,-0.0039167074904837736,-0.003936548760325043,0.02141440579109294,0.021394564521251668,0.008588965751956723,0.008569124482115453,0.01503252085104138,0.01501267958120011,-0.0018645545241173025,-0.0018843957939585724,0.002492189930227706,0.002472348660386436,0.0060670619579633375,0.006047220688122068,0.002492189930227706,0.002472348660386436,0.00707215333252078,0.007052312062679511,0.009017868088755598,0.008998026818914328,-0.0031091723475737965
2024-12-11,0.007021112009030838,0.0070012707391895685,0.0011842040771641305,0.0011643628073228606,0.02080962404226496,0.02078978277242369,0.020726966243099776,0.020707124973258505,0.010517059545108863,0.010497218275267593,0.0011842040771641305,0.0011643628073228606,0.01356987295486809,0.013550031685026819,-0.004834505280664056,-0.004854346550505325,0.011724802442154448,0.011704961172313177,0.004316905148138872,0.0039637305449642685,0.016842570436426972,0.0168227291665857,0.00869613222802701,0.008676290958185739,0.0014239233492495784,0.0014040820794083086,-0.0014369574902128868,-0.0014567987600541566,0.007730565645738041
2024-12-12,0.0027704541176777897,0.0027506128478365197,0.009921734834391738,0.008901893564550468,0.0013162673233016002,0.0012964260534603304,-0.006498900451617884,-0.0065187417214591535,0.00020142678279659945,0.0001815855129553296,0.009921734834391738,0.008901893564550468,0.004659008969503598,0.0046391676996623285,0.011459767868813753,0.010939926598972484,-0.0011533149308787906,-0.0011731562007200604,0.005230897968259781,0.005211056698418512,-0.0004101679384259753,-0.0004300092082672451,0.007432135785046368,0.007412294515205098,0.015300948818689628,0.015281107548848358,0.013931036236664252,0.013911194966822981,-0.005152483135239305
2024-12-13,0.000272805051359104,0.0002529637815178342,0.0017355321712797522,0.0017156909014384824,-0.007664669183368134,-0.0076845104532094035,-0.009090842543817534,-0.009110683813658805,-0.0041457389399280785,-0.004165580209769348,0.0017355321712797522,0.0017156909014384824,-0.0029571383835727658,-0.002976979653414036,0.00995860862945741,0.00993876735961614,-0.0007751028666259539,-0.0007949441364672237,-0.012046874952377254,-0.012066716222218525,-0.0011603449987206411,-0.001180186268561911,-0.011473918287717932,-0.011493759557559203,-0.0006641429728022727,-0.0006839842426435425,-0.002383075743900398,-0.002402917013741668,-0.00019869805758443437
2024-12-16,0.011870395450991621,0.011850554181150351,0.011164407980622792,0.011144566710781522,0.022608900345803352,0.022589059075962082,-0.009360797116430897,-0.009380638386272167,0.004832270569990604,0.004812429300149334,0.011164407980622792,0.011144566710781522,0.014978494967199175,0.014958653697357905,0.014943001106742293,0.014923159836901023,0.0119837805834505,0.011963939313609229,-0.0029602132477000538,-0.002980054517541324,0.013455599348165436,0.013435758078324166,-0.0005046401020201152,-0.000524481371861385,-0.0036620339158387367,-0.0036818751856800068,0.008856157014410782,0.008836315744569511,0.004270015185904974
2024-12-17,0.005301170554403867,0.005281329284562597,-0.005994829973573923,-0.006014671243415193,0.0005636220822491265,0.0005437808124078567,0.0009201885060139414,0.0009003472361726716,0.00806612815058263,0.00804628688074136,-0.005994829973573923,-0.006014671243415193,0.002479995497175702,0.002460154227334432,-0.003917603492800903,-0.0039374447626421725,-0.001585343193781286,-0.0016051844636225559,-0.016884349367052076,-0.016904190636893347,0.007698943281668225,0.007679102011826955,-0.01499195890523064,-0.01501180017507191,-0.0012864425773847612,-0.001306283847226031,-0.01591214741124458,-0.015931988681085852,-0.004119931319041759
2024-12-18,-0.008606756496749635,-0.008626597766590905,0.02005636422041268,0.02003652295057141,-0.008778559408473718,-0.008798400678314989,0.014329378206287269,0.014309536936445998,-0.002460954796632709,-0.002480796066473979,0.02005636422041268,0.02003652295057141,-0.001496222998663154,-0.001516064268504424,-0.004301196096080928,-0.004321037365922198,-0.005052291774523876,-0.005072133044365146,0.020891990743632165,0.020872149473790895,-0.004075506713415368,-0.004095347983256638,0.024179712761531802,0.02415987149169053,0.002034824918670894,0.002014983648829624,0.009850334555244533,0.009830493285403263,-0.029803479461340654
2024-12-19,0.011224924964889403,0.011205083695048133,-0.0030824333608325816,-0.0031022746306738516,0.0129923023197002,0.012972461049858929,0.006370830489201951,0.006350989219360681,0.01081820107553335,0.01079835980569208,-0.0030824333608325816,-0.0031022746306738516,0.009088951888316155,0.009069110618474884,-0.007912047169618242,-0.007931888439459512,0.009968915577254168,0.009949074307412898,0.009374789557760424,0.009354948287919154,0.016765855019573606,0.016746013749732336,0.004584610754202578,0.004564769484361309,-0.0019421377276179538,-0.001961978997459224,-0.0017862197349993725,-0.0018060610048406423,-0.00030727640103389575
2024-12-20,0.0053884254781753176,0.005368584208334048,-0.0017243822255388341,-0.001744223495380104,0.0014440443792858686,0.0014242031094445988,0.01875107696203493,0.017731235692193658,0.007692005659938473,0.007672164390097203,-0.0017243822255388341,-0.001744223495380104,-0.0006742326370516305,-0.0006940739068929003,-0.010237729593786882,-0.010257570863628152,0.007261129540846422,0.007241288271005153,0.004222743853930178,0.0037029025840889076,0.0030949193067123845,0.0030750780368711144,0.017026694736496095,0.016006853466654824,0.00017771440428604457,0.00015787313444477473,-0.0017243822255388341,-0.001744223495380104,0.012011115211756573
2024-12-23,-0.0012467742272711856,-0.0012666154971124554,0.008327811284895903,0.0063079700150546324,0.001203033538694321,0.0011831922688530512,-0.008327811284895903,-0.010347652554737173,0.0004381879299498624,0.00041834666010859257,0.0,0.0,0.0038249198952469586,0.0038050786254056885,0.008327811284895903,0.005307970015054633,0.007692538750628486,0.0076726974807872165,-0.0007254141060437647,-0.0037452553758850348,0.004676651761030892,0.004656810491189623,0.008327811284895903,0.0063079700150546324,-0.0005593458269955165,-0.0005791870968367863,-0.008327811284895903,-0.009347652554737173,0.005988339781696439
2024-12-24,0.0064563402986746,0.006436499028833331,0.010724244119885373,0.010704402850044103,0.005239294575213438,0.005219453305372168,-0.010724244119885373,-0.010744085389726644,0.004142820964105521,0.004122979694264252,0.0,0.0,0.003137276615417196,0.003117435345575926,0.010724244119885373,0.010704402850044103,0.003191374703420036,0.003171533433578766,0.013030064460793911,0.01301022319095264,0.0050755700116743244,0.005055728741833055,0.010724244119885373,0.010704402850044103,0.003994612122881913,0.003974770853040643,-0.010724244119885373,-0.010744085389726644,0.011115070363945989
2024-12-26,-0.00527999255531153,-0.0052998338251528,-0.0018869211453715895,-0.0019067624152128593,0.0002509150506031176,0.00023107378076184777,0.0018869211453715895,0.0018670798755303197,-0.007078763651972653,-0.007098604921813923,0.0,0.0,-0.005320906775273516,-0.005340748045114785,-0.0018869211453715895,-0.0019067624152128593,-0.0030293561646887015,-0.0030491974345299715,-0.0003783858156516384,-0.00039822708549290824,-0.006565477517417195,-0.006585318787258465,-0.0018869211453715895,-0.0019067624152128593,0.001124711320902261,0.0011048700510609911,0.0018869211453715895,0.0018670798755303197,6.644664753374663e-05
2024-12-27,-0.004153919307138843,-0.0041737605769801124,-0.0037678245862926563,-0.0037876658561339263,-0.006588538448128201,-0.0066083797179694705,0.0037678245862926563,0.0037479833164513862,-0.003931203923102944,-0.003951045192944214,0.0,0.0,-0.0025888483960689653,-0.0026086896659102353,-0.0037678245862926563,-0.0037876658561339263,-0.00869216979410935,-0.008712011063950621,-0.009084802560450855,-0.009104643830292126,-0.005932581203661447,-0.005952422473502717,-0.0037678245862926563,-0.0037876658561339263,0.0018457215470151006,0.0018258802771738308,0.0037678245862926563,0.0037479833164513862,-0.010526436712376186
2024-12-30,0.0021419217501770886,0.0021220804803358186,0.011749660266902162,0.011729818997060892,-0.00029337525884989314,-0.00031321652869116296,-0.011749660266902162,-0.011769501536743433,0.0040249073042874835,0.004005066034446214,0.0,0.0,0.002028032915539879,0.002008191645698609,0.011749660266902162,0.011729818997060892,0.0036509519359910533,0.0036311106661497832,0.011028566001223261,0.01100872473138199,0.0033873980016421723,0.0033675567318009023,0.011749660266902162,0.011729818997060892,-0.004063201868710687,-0.004083043138551957,-0.011749660266902162,-0.011769501536743433,-0.011411786252158107
2024-12-31,-0.0031189890088931917,-0.0031388302787344617,-0.017301544378533484,-0.017321385648374755,-0.00570203496677254,-0.00572187623661381,0.017301544378533484,0.017281703108692214,-0.001844596983757485,-0.0018644382535987548,0.0,0.0,-0.004787359939339453,-0.004807201209180723,-0.017301544378533484,-0.017321385648374755,-0.009209014864090537,-0.009228856133931807,-0.015281501899967465,-0.015301343169808735,-0.007289016788848068,-0.007308858058689338,-0.017301544378533484,-0.017321385648374755,0.00442442027684431,0.00440457900700304,0.017301544378533484,0.017281703108692214,-0.0036378598541576546
2025-01-02,0.007230430937747101,0.007210589667905831,0.023973193480931188,0.023953352211089917,-0.0020024716289764656,-0.0020223128988177356,-0.023973193480931188,-0.023993034750772458,0.00557061112202456,0.005550769852183291,0.0,0.0,0.002545563502378068,0.0025257222325367978,0.023973193480931188,0.023953352211089917,0.0063890817478634895,0.00636924047802222,0.02276969621385927,0.022749854944018,0.00859602281073979,0.008576181540898519,0.023973193480931188,0.023953352211089917,0.007991186520625282,0.007971345250784011,-0.023973193480931188,-0.023993034750772458,-0.0024571728262170467
2025-01-03,0.003012109715836508,0.002992268445995238,0.01739021567419541,0.017370374404354138,0.003652275480793942,0.003632434210952672,-0.01739021567419541,-0.01741005694403668,0.005661278173994943,0.0056414369041536735,0.0,0.0,-0.0017385119620422444,-0.0017583532318835142,0.01739021567419541,0.017370374404354138,0.008269308495142746,0.008249467225301475,0.006633753054567926,0.006613911784726656,0.005153102933948262,0.0051332616641069926,0.01739021567419541,0.017370374404354138,0.005258114305025064,0.005238273035183794,-0.01739021567419541,-0.01741005694403668,0.012503370435355432
2025-01-06,0.00719343880871467,0.0071735975388734,0.02363012461406988,0.02361028334422861,0.01407119239882948,0.014051351128988209,-0.02363012461406988,-0.02364996588391115,0.006163340949966922,0.006143499680125652,0.0,0.0,0.009850178795523468,0.009830337525682197,0.02363012461406988,0.02361028334422861,0.014569755550525655,0.014549914280684384,0.014081180806638005,0.014061339536796735,0.01747170115514453,0.017451859885303258,0.02363012461406988,0.02361028334422861,0.0004139464914831746,0.00039410522164190476,-0.02363012461406988,-0.02364996588391115,0.005760832562523799
2025-01-07,-0.004107950616028689,-0.0041277918858699586,-0.012554203485895421,-0.012574044755736691,-0.005859380132109626,-0.005879221401950896,0.012554203485895421,0.01253436221605415,-0.008919021055735754,-0.008938862325577024,0.0,0.0,-0.010327869120570987,-0.010347710390412258,-0.012554203485895421,-0.012574044755736691,-0.013525689886450885,-0.013545531156292156,-0.02333940201966822,-0.02335924328950949,-0.008903051815300288,-0.008922893085141558,-0.012554203485895421,-0.012574044755736691,0.004201079433013543,0.004181238163172274,0.012554203485895421,0.01253436221605415,-0.011304099403320444
2025-01-08,-0.004011061557621386,-0.004030902827462656,0.009878219781604525,0.009358378511763256,-0.0104890895473146,-0.01050893081715587,-0.012558292932835724,-0.012578134202676994,-0.006326093483601081,-0.00634593475344235,0.0071981466303733255,0.006178305360532056,0.0029069862813773106,0.0028871450115360406,0.012558292932835724,0.012538451662994454,0.005221761584582884,0.005201920314741614,0.01794779065888774,0.01792794938904647,0.002554940917131554,0.002535099647290284,0.009878219781604525,0.009358378511763256,-0.008022479100218194,-0.008042320370059464,-0.0053601463024623985,-0.006379987572303668,0.0014610446421614576
2025-01-10,-0.014170437850906114,-0.014190279120747384,-0.00530851756661338,-0.0053283588364546495,-0.012286049900178597,-0.012305891170019867,0.014004988912802219,0.013985147642960948,-0.01432593665211237,-0.01434577792195364,0.003387953779575459,0.003368112509734189,-0.013121137479776002,-0.013140978749617272,-0.014004988912802219,-0.01402483018264349,-0.011640277798706099,-0.01166011906854737,-0.0493702763557633,-0.049390117625604565,-0.005519836256944199,-0.005539677526785468,-0.00530851756661338,-0.0053283588364546495,0.004315292042133068,0.004295450772291798,0.017392942692377678,0.017373101422536407,-0.015267543063221312
2025-01-13,-0.01091614884447296,-0.010935990114314231,-0.009110791759342485,-0.009130633029183755,-0.008274439463347516,-0.008294280733188787,0.010809160855386857,0.010789319585545586,-0.010743029682265537,-0.010762870952106807,-0.007412422663298113,-0.007432263933139382,-0.018371892008939773,-0.018391733278781044,-0.010809160855386857,-0.010829002125228127,-0.021879851149463544,-0.021899692419304815,-0.010809160855386857,-0.010829002125228127,-0.02034569802629981,-0.02036553929614108,-0.009110791759342485,-0.009130633029183755,-0.0033383816278500945,-0.0033582228976913645,0.003396738192088744,0.003376896922247474,0.001550468378249903
2025-01-14,0.004124572367147972,0.004104731097306702,0.01105505064784662,0.01103520937800535,0.0009223533348751587,0.0009025120650338889,-0.014000873077592346,-0.014020714347433617,0.004990998664718149,0.00497115739487688,0.008109228218100895,0.008089386948259624,-0.00383026673929282,-0.00385010800913409,0.014000873077592346,0.013981031807751076,-0.0018639512639126335,-0.0018837925337539033,0.014000873077592346,0.013981031807751076,-0.005843452210516941,-0.005863293480358211,0.01105505064784662,0.01103520937800535,0.001954420834895598,0.0019345795650543283,-0.005891644859491452,-0.005911486129332721,0.0013760486818299444
2025-01-15,0.007458651889813838,0.007438810619972569,0.026252495376354212,0.026232654106512942,0.008608274887678558,0.008588433617837288,-0.019594993756684942,-0.019614835026526212,0.007665885240469273,0.007646043970628003,0.03290999699602348,0.032890155726182216,0.005575730291036151,0.005555889021194881,0.019594993756684942,0.01957515248684367,0.01560708386777826,0.01558724259793699,0.019594993756684942,0.01957515248684367,0.012705403021787267,0.012685561751945997,0.026252495376354212,0.026232654106512942,-0.0008759604996242624,-0.0008958017694655322,0.013315003239338541,0.01329516196949727,0.01818976546959039
2025-01-16,-7.819967486754047e-05,-9.804094470881032e-05,-0.011529945499437755,-0.011883120102612358,-0.00024414073277339004,-0.00026398200261465985,-0.013980290340954715,-0.015000131610795985,-0.0001988864000713299,-0.00021872766991259975,-0.01605196435435463,-0.016571805624195902,0.005139812056888471,0.0051199707870472014,-0.0024859077896040027,-0.0025057490594452727,-0.0024951444026368834,-0.0025149856724781534,-0.0024859077896040027,-0.0025057490594452727,-0.0009556413032438486,-0.0009754825730851184,-0.009061819183877273,-0.009081660453718544,-0.013928787341385408,-0.013948628611226678,-0.013151822788546541,-0.013171664058387812,-0.0019230480516343462
2025-01-17,0.0024690169145868412,0.0024491756447455712,0.02943900046564148,0.02941915919580021,0.011871260227996016,0.011851418958154745,0.038283410710985954,0.03826356944114469,0.006427689974356254,0.006407848704514984,0.037240093255501316,0.03722025198566005,-0.013026391164409136,-0.013046232434250406,0.013836814885921811,0.01381697361608054,-0.0025817733844933476,-0.0026016146543346177,0.02492281408992625,0.023902972820084977,-0.005583890140425906,-0.005603731410267176,0.029184387104012777,0.028164545834171505,0.011890083731228594,0.011870242461387324,0.017860782869463576,0.017340941599622305,0.010039902527342326
2025-01-21,0.0003865288864838279,0.00036668761664255807,-0.011488614463160074,-0.011508455733001344,0.010446179115264432,0.010426337845423161,0.00997567843533731,0.009955837165496039,0.005929099252610669,0.005909257982769399,-0.005364222015240228,-0.005384063285081497,-0.0017246549600387073,-0.0017444962298799771,-0.035518291339786345,-0.037038132609627614,-0.0020856759703640187,-0.0021055172402052887,-0.027928767519277753,-0.028448608789119024,-0.007589764147318531,-0.007609605417159801,-0.014543429393186869,-0.015063270663028138,0.006655319032786099,0.00663547776294483,0.012767545736769081,0.012247704466927812,0.009153507061779642
2025-01-22,0.012862049966404498,0.012842208696563228,0.0030212996029063133,0.0030014583330650432,0.010013606986534552,0.009993765716693281,-0.03386567165603134,-0.03455217959253928,0.016928723962629833,0.016908882692788563,0.007666250067294544,0.007646408797453275,0.006030506247741529,0.00601066497790026,-0.010394385931733585,-0.010414227201574856,0.021390869600262662,0.021371028330421392,-0.0182077587482381,-0.01822760001807937,0.015566612017648085,0.015546770747806814,-0.0023848449549383477,-0.0024046862247796177,0.0022050296462528206,0.0021851883764115506,0.014561689282871909,0.014541848013030639,0.005621668925867462
2025-01-23,0.003615154339278769,0.003595313069437499,0.022758040627967345,0.021738199358126074,0.00841448903294768,0.00839464776310641,0.0020026280689731113,0.0017327867991318415,3.563178492490583e-05,1.579051508363599e-05,0.01964588762644237,0.0186260463566011,0.0029421441522954443,0.0029223028824541743,0.011440237598486003,0.010920396328644734,-0.004058443923890453,-0.004078285193731723,0.015388237150313788,0.015035062547139185,-0.004272364701415555,-0.004292205971256824,0.012732531809894199,0.012379357206719595,-0.002109032701981861,-0.002128873971823131,7.794696222374053e-05,-0.00014189430761752932,0.005457859778855267
2025-01-24,-0.0010209882445900709,-0.0010408295144313407,-0.006944799754470238,-0.007714641024311507,-0.0026551327787218914,-0.0026749740485631614,-0.02351544938654998,-0.02403529065639125,-0.0015609586106167805,-0.0015807998804580504,-0.006944799754470238,-0.007464641024311508,0.00901855844564826,0.00899871717580699,0.004883692390803477,0.0035305177876288735,-0.0014882713739980736,-0.0015081126438393434,-0.0008482031530167022,-0.000868044422857972,-0.003215624797749717,-0.003235466067590987,-0.001599618772657796,-0.0026194600424990656,-0.004641325225702963,-0.004661166495544233,0.00155778391867889,0.0007879426488376202,-0.002919267584524987
2025-01-27,-0.024288411283971943,-0.024308252553813213,-0.02366539383645727,-0.023685235106298542,-0.028136822590136345,-0.028156663859977615,-0.01817576582107322,-0.01819560709091449,-0.037398450569635935,-0.0374182918394772,-0.02366539383645727,-0.023685235106298542,-0.015689501411676667,-0.015709342681517937,-0.005310116617325167,-0.005329957887166436,-0.05062768116610212,-0.050647522435943386,0.007477496836215865,0.007457655566374595,-0.04480021710883172,-0.044820058378672985,-0.04542294244266302,-0.045442783712504285,-0.0022184371719465544,-0.0022382784417878244,-0.010140395023210846,-0.010160236293052117,-0.014145371801854822
2025-01-28,-0.0023658258738743065,-0.0023856671437155765,0.015657847994539648,0.015138006724698378,0.010683598556636597,0.010663757286795326,-0.010563174290210448,-0.010583015560051718,0.007780200396765569,0.0077603591269243,0.014647354760144088,0.014627513490302817,0.005270214243110038,0.005250372973268768,0.012698439193810604,0.012678597923969333,0.026539851851789975,0.026520010581948705,-0.013192704846102205,-0.013712546115943474,0.027585145064634428,0.027565303794793158,0.0175309948380247,0.01726115356818343,-0.0015495032099859469,-0.0015693444798272167,0.004074268059422126,0.003721093456247523,0.00859247042376432
2025-01-29,-0.00854933299967342,-0.00856917426951469,-0.0030617308114062602,-0.0030815720812475303,-0.00479509795137989,-0.004814939221221159,-0.0013146836871147372,-0.001334524956956007,-0.012716779421005742,-0.012736620690847012,0.0030128605261702246,0.0029930192563289546,-0.004333274250578822,-0.004353115520420092,0.0036764179953620857,0.003406576725520816,-0.01620844197823268,-0.01622828324807395,0.005052615839526524,0.005032774569685254,-0.013916702903064383,-0.013936544172905654,-0.0022178462181505487,-0.0022376874879918188,0.011881376286247447,0.011861535016406176,0.0024194824561526718,0.002149641186311402,-0.004483083404376087
2025-01-30,-0.002532976615024352,-0.002552817884865622,-0.00602765709061368,-0.00624749836045495,0.010327251196082155,0.010307409926240884,-0.011132869130298595,-0.011652710400139864,0.0020982179597613046,0.0020783766899200346,-0.015785376865293743,-0.015805218135135014,0.01873007551462269,0.01871023424478142,-0.007506123372681801,-0.007725964642523071,0.003570121195161646,0.003550279925320376,-0.001482650164294256,-0.002502491434135526,0.010082288991155597,0.010062447721314326,0.004112810727161853,0.003592969457320583,-0.023310554822222662,-0.023330396092063933,7.418005002002293e-05,-0.00014566121982124693,0.0053671737979417156
2025-01-31,0.014286881859196398,0.014267040589355127,0.0014458683900773648,0.001426027120236095,0.0036010259010762925,0.0035811846312350224,0.00026268187581846014,-9.049272735614305e-05,0.006020065633951676,0.006000224364110406,0.0030753428988267995,0.0030555016289855294,0.018409389690781385,0.018389548420940115,0.005085824067243805,0.005065982797402536,0.009585712476729591,0.00956587120688832,0.009531054148493368,0.008868355735794954,0.012357625324829712,0.012337784054988442,-0.02080471832269587,-0.02082455959253714,0.002515202058043454,0.002495360788202184,-0.01335999303861619,-0.01357983430845746,-0.005321857757179305
2025-02-03,-0.002265924772773209,-0.002285766042614479,-0.008996693634861367,-0.009183201571369303,-0.007664777212330032,-0.007684618482171302,-0.006012803934211108,-0.006282645204052378,-0.002719944740961078,-0.002739786010802348,-0.007272903647406959,-0.007492744917248229,0.004692063862454465,0.004672222592613196,-0.01094633925079192,-0.011251894806347475,0.0004121762315468791,0.0003923349617056093,0.006189322223572531,0.005669480953731261,0.0035349254970579837,0.0035150842272167137,-0.01753352909380565,-0.01788670369698025,-0.0008930482722822486,-0.0009128895421235184,0.005687914686126376,0.005334740082951772,-0.006729821239220279
2025-02-04,0.0009488094254614276,0.0009289681556201578,-0.0039411703602805406,-0.004294344963455144,0.006319706094164224,0.006299864824322954,0.0004530523800507589,9.98777768761557e-05,0.009485806597924052,0.009465965328082781,0.0021943985574326193,0.0016745572875913495,-0.004960752472411312,-0.004980593742252582,-0.004296600294958056,-0.004441441564799325,0.00404102176489487,0.004021180495053601,-0.004250316669993505,-0.004270157939834774,0.00651061256176394,0.00649077129192267,-0.007204216166762756,-0.007474057436604026,0.01642818190619335,0.01640834063635208,0.00874755999458885,0.008584861581890438,0.006708579542064941
2025-02-05,0.0018875909047253447,0.001867749634884075,0.0013478255268620058,0.001327984257020736,-0.006631556485213619,-0.006651397755054888,-0.005971445727928586,-0.006134144140626999,0.010618315781620823,0.010598474511779553,0.0012285664082047447,0.0012087251383634749,-0.0055784222099566905,-0.00559826347979796,0.009130672846815008,0.009110831576973738,0.0030654972539716713,0.0030456559841304013,-0.002773051078218569,-0.002992892348059839,0.007784388426702394,0.007764547156861124,0.005803149008607178,0.005783307738765908,-0.006012046544351501,-0.006031887814192771,-0.002130962623546744,-0.0025158832584673786,0.00405456275337146
2025-02-06,0.0027257342966928275,0.0027058930268515574,-0.0023076571618485344,-0.0023274984316898045,-3.114068612828378e-05,-5.098195596955362e-05,-0.008569468045161167,-0.008789309315002436,0.006908837266816459,0.006888995996975189,-0.002186695687587248,-0.0022065369574285182,0.0052690205222355345,0.005249179252394265,0.01036188446924928,0.01009204319940801,0.010655515421440775,0.010635674151599505,0.005867171509656213,0.005722330239814943,0.009038154872524462,0.009018313602683192,0.012851817595920217,0.012631976326078948,-0.009148029270982872,-0.009167870540824142,0.002183587887851971,0.002163746618010701,0.003475504608908553
2025-02-07,-0.003327163679128075,-0.003347004948969345,-0.012700317059846547,-0.012920158329687816,-0.00599919490285663,-0.0060190361726978996,-0.004214525054557055,-0.004359366324398325,-0.002445615763391074,-0.002465457033232344,-0.011524450973522699,-0.01179429224336397,-0.003884057326340051,-0.003903898596181321,-0.011097095722141202,-0.011228048103093583,-0.004465545618768774,-0.004485386888610043,-0.0021229280991875623,-0.0021427693690288323,-0.0009393677890945241,-0.0009592090589357939,-0.009510988923304278,-0.009864163526478882,-0.009111163279679358,-0.009131004549520629,0.002909223429579928,0.0026036678740243725,-0.009153456656979642
2025-02-10,0.004559523406388155,0.0045396821365468855,-0.009265969094915468,-0.009452477031423405,0.012653634674908975,0.012633793405067704,0.01289587785279206,0.012876036582950789,0.009022465104842269,0.009002623835000998,-0.003023727430640411,-0.0032435687004816805,0.00017093778469804387,0.00015109651485677403,-0.00517945187710848,-0.005632626480283083,-0.0012430713726628625,-0.0012629126425041323,-0.002447971154454651,-0.002578923535407032,-0.009359417438989647,-0.009379258708830917,-0.02199126074069562,-0.022011102010536892,0.009908401601101369,0.009888560331260099,-0.01265479627404082,-0.012981455725700272,0.006791099192188899
2025-02-11,-0.006591980332354829,-0.006611821602196099,-0.010943544195740222,-0.011106242608438635,-0.004422735171457659,-0.004442576441298929,-0.0011345046378184592,-0.0013210125743263958,-0.0027863917269591253,-0.0028062329968003953,-0.014248420366836313,-0.014268261636677583,-0.004445030405646288,-0.004464871675487558,-0.009506668706801674,-0.009617419067552035,-0.010040388708646809,-0.01006022997848808,-0.01303591385473734,-0.013222421791245276,-0.014747792100293833,-0.014767633370135104,-0.024153205534003103,-0.024423046803844373,0.0002641859081792264,0.00024434463833795657,-0.007871861658539155,-0.007891702928380425,0.0007605777098049771
2025-02-12,-0.0030213208570489367,-0.0030411621268902067,-0.007722306306911948,-0.007867147576753218,0.00789000033825229,0.00787015906841102,0.002793469553701971,0.0027736282838607008,-0.005604722468630497,-0.005624563738471766,-0.0027317690256195206,-0.002918276962127457,-0.004509721241829956,-0.004529562511671225,2.3646990643892002e-05,3.8057208026221606e-06,-0.005738911163813831,-0.0057587524336551,-0.007137859767397275,-0.0071577010372385445,-0.007404814929702985,-0.007424656199544254,-0.016912425914654545,-0.016932267184495815,0.008699044421835934,0.008679203151994663,-0.005662097703872659,-0.00579305008482504,-0.0032213622418345578
2025-02-13,0.002431752521078068,0.002411911251236798,-0.013393264728145157,-0.013413105997986428,0.009640004097774402,0.009620162827933132,0.01009677701975289,0.01007693574991162,0.0009014110965618327,0.0008815698267205629,-0.01718566253406702,-0.01720550380390829,-0.0035322648121029806,-0.0035521060819442506,-0.004436554825408931,-0.004456396095250201,0.002714625626554823,0.0026947843567135528,-0.01262591848366134,-0.01264575975350261,-0.00040565440360698125,-0.00042549567344825107,-0.015556261282832023,-0.015576102552673294,0.01781858928069585,0.01779874801085458,-0.007938473394647207,-0.007958314664488477,0.0105574137894755
2025-02-14,0.0063458130981675406,0.006325971828326271,0.017329858387057247,0.017060017117215977,0.007807312159224122,0.007787470889382852,-0.003300399428114599,-0.003570240697955869,0.012702008838591372,0.012682167568750102,0.026553900036043566,0.026334058766202297,0.002197687290602024,0.002177846020760754,0.009223610573732834,0.00904992315004541,0.004228346108714309,0.00420850483887304,0.007774757197650101,0.007612058784951688,0.007081564709431387,0.0070617234395901176,0.008373588626994865,0.008153747357153596,0.004659990507476219,0.00464014923763495,0.002184502989564639,0.0020108155658772153,-4.9197016905200286e-05
2025-02-18,-0.0020052947625483937,-0.0020251360323896637,-0.024664906303266506,-0.024684747573107776,0.007565614364744377,0.0075457730949031075,-0.011490852543535565,-0.011510693813376835,0.002244541439512593,0.002224700169671323,-0.03510607405120235,-0.035125915321043616,-0.014264975666245183,-0.014284816936086454,-0.017630112312048876,-0.017649953581890147,-0.006826545649754211,-0.006846386919595481,-0.03207672277413072,-0.03222156404397199,-0.01616308027672573,-0.016182921546567,-0.04322535172856979,-0.04349519299841106,0.01755998745752786,0.017540146187686588,-0.018503955087611247,-0.01860712969078585,0.002935838625845344
2025-02-19,-0.0005786878886620108,-0.0005985291585032806,0.008321213042569997,0.008301371772728727,-0.010372311312992311,-0.010392152582833582,-0.0113862942163657,-0.01140613548620697,-0.0017129196728201236,-0.0017327609426613935,0.018104161097107486,0.018084319827266215,0.0032533046445209603,0.0032334633746796903,-0.0009742922578266515,-0.0012774668610012548,0.0057044394069434845,0.005684598137102215,0.010031602070092047,0.009868903657393634,0.008898533289149434,0.008878692019308163,0.012607081973509482,0.012253907370334879,-0.01054079385068929,-0.01056063512053056,0.013831418766628467,0.013611577496787198,0.0023548636412025203
2025-02-20,-0.011481953477771567,-0.011501794747612837,-0.006135092572103669,-0.006154933841944939,-0.01996208653371031,-0.01998192780355158,-0.010938584083810557,-0.011458425353651826,-0.010298518810829459,-0.01031836008067073,-0.0024308123581582297,-0.0024506536279994997,-0.00234154694763613,-0.0023613882174774,-0.014428333022137908,-0.014448174291979178,-0.012093680001435281,-0.012113521271276552,-0.00702451095724353,-0.0070443522270848,-0.015059372427548711,-0.015079213697389982,-0.01561268150494859,-0.01563252277478986,0.009225631595014383,0.009205790325173113,0.004416309099659971,0.004396467829818701,-0.004160219154492495
2025-02-21,-0.002813762692170884,-0.002833603962012154,0.0026941290127340395,0.0021742877428927694,-0.0016652802920996568,-0.0016851215619409267,-0.00018468446221322522,-0.0005378590653878284,-0.002025720025847987,-0.002045561295689257,0.023790654610881236,0.022770813341039964,0.010665212289009407,0.010645371019168137,-0.007212065437678217,-0.0074819067075194865,-0.013340360482798862,-0.013360201752640133,-0.0007387393513715711,-0.0009252472878795077,-0.003623021815418459,-0.003642863085259729,-0.011499972758881327,-0.012019814028722596,-0.009749161188747857,-0.009769002458589127,0.01651600318861731,0.01638505080766493,-0.017104164272735534
2025-02-24,-0.008013093040662222,-0.008032934310503493,0.012133043244283714,0.011779868641109111,-0.006054220906080687,-0.0060740621759219566,-0.003746533086888479,-0.004433041023396415,-0.0037911819665010452,-0.0038110232363423153,0.027445679699153163,0.026759171762645226,-0.002945983617621284,-0.002965824887462554,-0.006305432871850096,-0.006858607475024699,-0.012747683538443143,-0.012767524808284414,-0.004348085941741726,-0.004367927211582996,-0.006607013023816311,-0.006626854293657581,0.0004959287277252922,0.0004760874578840224,0.004439271533023848,0.004419430263182578,0.008699173207457044,0.008457109715393553,-0.004550606828835568
2025-02-25,-0.011492320697719648,-0.011512161967560918,-0.001777643648727456,-0.0017974849185687259,-0.01027777469555725,-0.010297615965398521,0.008064320235064398,0.008044478965223128,-0.011777802315535425,-0.011797643585376695,0.013483083731333593,0.013463242461492322,0.00042052745907890095,0.00040068618923763113,0.0019560219577706853,0.0019361806879294155,-0.007704635278403338,-0.007724476548244608,-0.008980724442707966,-0.009000565712549237,-0.008882693723475178,-0.008902534993316448,-0.007755338384450572,-0.007775179654291841,-0.01270238468944217,-0.012722225959283441,0.010206046075508334,0.010186204805667063,-0.004973028287862946
2025-02-26,0.007452047759563885,0.007432206489722615,0.0001352815098153116,-0.001027416902883101,0.008013067278572384,0.007993226008731114,-0.009091402542470626,-0.009111243812311896,0.009987059086609119,0.009967217816767848,-0.008920564339909343,-0.009190405609750613,0.007416245873441207,0.007396404603599937,0.0007893777540348024,0.0006786273932844417,0.012988248666463087,0.012968407396621816,0.011578920760183055,0.010559079490341785,0.012978367322855145,0.012958526053013874,-0.007661719060176919,-0.00868156033001819,-0.0004671656672938559,-0.0004870069371351257,-0.002518775253210096,-0.002663616523051366,0.0005048990709795032
2025-02-27,-0.010901976859395701,-0.010921818129236972,0.00887178990750899,0.008726948637667719,-0.01676948312428066,-0.01678932439412193,-0.004366986953089766,-0.004497939334042147,-0.019268789031827983,-0.019288630301669253,0.015473475584310826,0.015253634314469557,-0.014871052471778544,-0.014890893741619815,-0.022522080396610394,-0.022641921666451664,-0.0231366318788927,-0.02315647314873397,-0.024865356713188166,-0.024885197983029437,-0.021532216723603004,-0.021552057993444274,-0.03002410888335665,-0.03004395015319792,-0.0004356198492600494,-0.0004554611191013192,0.0042977230560453435,0.004027881786204074,-0.015961874391830944
2025-02-28,0.005275789365721794,0.005255948095880525,0.009693988228842614,0.009531289816144201,0.0030130669217533265,0.0029932256519120564,0.003611436546150648,0.003216595276309378,0.008641981621290517,0.008622140351449247,0.004802480633520423,0.004782639363679154,0.0006863299129518559,0.0006664886431105861,-0.00016743965644347263,-0.0003872809262847425,0.008878445569579061,0.008858604299737791,0.010061718150382537,0.0096252102138746,0.009619492457472734,0.009599651187631463,0.0017045000877901062,0.0014346588179488364,-0.0016851920842145696,-0.0017050333540558394,-0.0016199504082348437,-0.0017647916780761136,0.015605413850941607
2025-03-03,-0.0017914817112272162,-0.001811322981068486,0.025559427565791562,0.02553958629595029,-0.012342881125088613,-0.012362722394929884,-0.017067282260896734,-0.017229980673595147,-0.007837321315047451,-0.007857162584888722,0.023390848586643108,0.023371007316801837,0.01100669412316434,0.01098685285332307,0.009906060327740128,0.009886219057898857,-0.006891149323702907,-0.006910990593544177,-0.03138787179797938,-0.031941046401153986,-0.008111435772200581,-0.008131277042041852,0.00957200166384961,0.00955216039400834,-0.008593650855174106,-0.008613492125015377,0.01887540738844649,0.018712708975748078,-0.017519912848197983
2025-03-04,0.002147150981411751,0.00012730971157048042,-0.004429326076857865,-0.004615834013365801,0.008973625576432854,0.007953784306591584,0.018854784440808618,0.018668276504300682,0.0005432640135713332,-0.001876577256269937,-0.0006311019122325068,-0.0009009431820737766,0.0006050972314391549,-0.0016147440384021152,0.015342739870863379,0.015072898601022108,-0.002693439725781354,-0.004313280995622624,0.019016800974400394,0.018330293037892458,-0.0022633016471113356,-0.0040831429169526055,0.029494824127817083,0.02914164952464248,0.004271283287024877,0.0012514420171836063,0.0034627245697950795,0.00313335949043,-0.011836837733235739
2025-03-05,-0.006017983210770461,-0.006037824480611731,-0.00025466643743961813,-0.00027450770728088794,0.0035964098553751267,0.0035765685855338567,0.008415432128683342,0.007895590858842073,-0.008070434904812473,-0.008090276174653743,0.0005918120267086047,0.0005719707568673349,0.014319522419243124,0.014299681149401854,0.012660010760109721,0.012497312347411308,0.005249285284251403,0.0052294440144101334,0.007525180928946865,0.007505339659105595,0.00751931170396487,0.0074994704341236,-0.00040870686869554085,-0.0009285481385368107,-0.0019095010850617815,-0.0019293423549030513,0.0026401595125521054,0.002453651576044169,0.01074766516462744
2025-03-06,-0.01589498064564364,-0.01591482191548491,-0.016180552086567195,-0.016200393356408466,-0.013267828009892369,-0.01328766927973364,-0.023503867945050032,-0.023857042548224634,-0.00845766110371403,-0.008477502373555301,-0.0048178070335841705,-0.00483764830342544,-0.023553132695776812,-0.023572973965618083,-0.011356855616445088,-0.011376696886286359,-0.03788846019552504,-0.037908301465366306,-0.05382509355453521,-0.054344934824376474,-0.03445400839975342,-0.034473849669594686,-0.025027491916614353,-0.025047333186455623,-0.00028008766526076406,-0.00029992893510203387,0.01612973623000069,0.015409894960159421,-0.017750943077222914
2025-03-07,0.0025047917515363402,0.00248495048169507,-0.009306177912597654,-0.009326019182438925,-0.006874201915540511,-0.006894043185381781,-0.020021187360544812,-0.020374361963719414,0.0037694223644273448,0.0037495810945860747,0.0007224612179896894,0.0007026199481484196,-0.015547406127597408,-0.015567247397438679,-0.019539082686203295,-0.020058923956044566,-0.007856557604479498,-0.007876398874320768,-0.028993873860623853,-0.029513715130465124,-0.017419286551793,-0.01743912782163427,-0.02936345617377234,-0.02938329744361361,0.0006641926372218058,0.000644351367380536,-4.507629046932027e-05,-6.491756031059011e-05,0.005604785572778992
2025-03-10,0.0049690399137516245,0.004949198643910355,-0.016692033058334575,-0.016711874328175846,-0.01647217850278082,-0.01649201977262209,-0.026243916400375378,-0.02676375767021665,0.009001741442094391,0.00898190017225312,-0.02028797129339721,-0.02030781256323848,-0.015610855091875897,-0.015630696361717166,-0.0058374239733682085,-0.006023931909876145,-0.011125713093633714,-0.011145554363474985,-0.02001900620501451,-0.02003884747485578,-0.018060142344307105,-0.018079983614148375,-0.009500156588209296,-0.009519997858050567,0.002247654024425883,0.002227812754584613,0.0016323118850228024,0.0013624706151815326,-0.02663552073460429
2025-03-11,-0.005057809833630656,-0.005077651103471925,0.011434432316903463,0.011214591047062194,-0.0002498991510678124,-0.0002697404209090822,0.014387390124639448,0.014367548854798178,0.0010817504323935804,0.0010619091625523106,0.004520998216431371,0.004167823613256768,0.008690339304392081,0.00867049803455081,0.005221144890567398,0.005001303620726128,0.017219015004530325,0.017199173734689054,0.046756213681169334,0.045736372411328066,0.019268096273242243,0.019248255003400973,0.021804583467611605,0.021784742197770334,0.003828329811494481,0.003808488541653211,-0.008458452881365245,-0.009811627484539847,-0.0083129949162839
2025-03-12,0.011478337813125973,0.011458496543284702,0.058593155259918345,0.05732331399007708,0.008895516739207831,0.00887567546936656,0.031036655321931284,0.030516814052090013,0.0035838082960329754,0.0035639670261917054,0.01848344040243788,0.018463599132596608,0.008315023638634112,0.008295182368792842,-0.00401048876935417,-0.00428033003919544,0.024095547470452096,0.024075706200610825,0.0640929669476592,0.06257312567781793,0.021001161213072717,0.020981319943231446,0.013991975746995844,0.012972134477154574,-0.008311803502470516,-0.008331644772311787,0.00976499032692485,0.009745149057083579,0.005306567865676515
2025-03-13,-0.013391299877457807,-0.013411141147299077,-0.006160134410939063,-0.006513309014113667,-0.0068670562725793634,-0.006886897542420633,-0.0028717662268786803,-0.0028916074967199504,-0.00979688276671533,-0.0098167240365566,0.004998892867239035,0.004479051597397765,-0.027718838881481175,-0.027738680151322446,-0.0036089052422962342,-0.0036287465121375042,-0.020231042269739638,-0.02025088353958091,-0.002314392505220475,-0.002334233775061745,-0.024367897835455864,-0.024387739105297134,-0.004250458359646436,-0.004270299629487706,-0.015368311404836667,-0.015388152674677937,0.0036853665257940427,0.0031655252559527726,-0.01333046625507539
2025-03-14,0.006045428699492216,0.0060255874296509465,-0.0054925670506359055,-0.005512408320477175,0.0022714365111750397,0.0022515952413337697,0.01262689982839238,0.012607058558551109,0.00599032729983855,0.00597048602999728,0.007205308362079554,0.007185467092238285,0.0029003169058880243,0.0028804756360467543,-0.005050965980260003,-0.005070807250101272,0.01539814244629253,0.01537830117645126,0.009510170244651728,0.009490328974810457,0.012464568902763783,0.012444727632922512,-0.0016310308746421143,-0.001650872144483384,-0.002089353764310676,-0.002109195034151946,0.006588188676856732,0.0065683474070154626,0.020655846459250116
2025-03-17,-0.009658655707566088,-0.009678496977407358,0.023568826379601893,0.02304898510976062,0.0019199963963444037,0.0019001551265031339,-0.004777362196079382,-0.005797203465920652,-0.0019623548680488996,-0.0019821961378901696,-0.0004741809725856694,-0.0004940222424269392,-0.008798099893618037,-0.008817941163459308,0.012492081764020058,0.011472240494178788,-0.011970275039426735,-0.011990116309268006,-0.0006284395253023378,-0.0006482807951436076,-0.012715091474322381,-0.012734932744163652,0.0,0.0,-0.0030803383179910156,-0.0031001795878322857,-0.008821539610945561,-0.008841380880786832,0.0077113559743353655
2025-03-18,-0.005075960521189094,-0.005095801791030363,-0.02829475461231662,-0.02831459588215789,-0.007913454130077402,-0.007933295399918673,-0.038090717604359725,-0.03811055887420099,0.0022461582348065052,0.002226316964965235,-0.009494880814265028,-0.009514722084106298,-0.00910767725770335,-0.00912751852754462,0.012780375400798738,0.012760534130957468,-0.009065154282302514,-0.009084995552143784,-0.021146178930731285,-0.021166020200572556,-0.011042449945320788,-0.011062291215162058,0.0,0.0,-0.002189105461122631,-0.002208946730963901,-0.005242566977420593,-0.0052624082472618626,-0.010808443576004967
2025-03-19,0.013664030963012008,0.013644189693170737,0.01714976151941111,0.01712992024956984,0.005540012936031736,0.0055201716661904664,0.01854188195058748,0.01852204068074621,0.00732956622800458,0.00730972495816331,0.007966968188526546,0.007947126918685276,0.014467681848339442,0.014447840578498171,-0.0036690123936056196,-0.0036888536634468896,0.020651508086289308,0.020631666816448038,0.00819901227272024,0.00817917100287897,0.020304074349100965,0.020284233079259695,0.0,0.0,0.003325809756536102,0.003305968486694832,0.009150828581253101,0.00913098731141183,0.010890822875730954
2025-03-20,0.0032567919752193976,0.0032369507053781276,-0.002392851639400506,-0.002412692909241776,-0.004951239337748981,-0.004971080607590251,-0.0011004138442269329,-0.0011202551140682027,0.0022506608073987965,0.0022308195375575265,-0.007055596718992141,-0.0070754379888334105,-0.0025104051626577695,-0.0025302464324990395,-0.010159775866125376,-0.010179617135966646,0.0069008438440441135,0.006881002574202844,0.008074364476177598,0.008054523206336327,0.00040575034552292605,0.0003859090756816562,0.0,0.0,0.004550365092556874,0.004530523822715605,-0.001073032587136924,-0.0010928738569781938,-0.002891746812818119
2025-03-21,0.009031100191928931,0.00901125892208766,-0.001636258905605148,-0.0016561001754464178,-0.002864592706839997,-0.002884433976681267,-0.010282147568322575,-0.010301988838163845,-0.002909008220048348,-0.002928849489889618,0.0019020554736958184,0.0018822142038545486,0.008005496655793408,0.007985655385952138,0.009976904943218234,0.009957063673376964,0.01425367478076608,0.014233833510924809,-0.005435261180912698,-0.005455102450753968,0.010076885529129508,0.010057044259288238,0.0,0.0,-0.0028126416002350113,-0.0028324828700762813,-0.006610192857720243,-0.0066300341275615125,0.00032983072981296324
2025-03-24,0.002777411095529224,0.002757569825687954,0.01334863742945917,0.012995462826284566,0.008740274543874703,0.008720433274033433,0.0473836794787581,0.04636383820891683,-0.0037949176642224965,-0.0038147589340637666,0.007870407290775927,0.007850566020934657,0.020088363012842236,0.020068521743000965,-0.001879633769522715,-0.002232808372697318,0.014769489749923747,0.014749648480082476,0.0325270090112294,0.031507167741388134,0.021140912013940326,0.021121070744099055,0.0260039635886381,0.02498412231879683,-0.000505524450596229,-0.0005253657204374988,0.03377130000630468,0.032751458736463415,0.017908513098004786
2025-03-25,-0.00542727705290722,-0.005447118322748489,0.005851023031955541,0.005831181762114271,0.004250404215431957,0.0042305629455906876,0.009577060966829087,0.009557219696987817,-0.009641099689214248,-0.009660940959055519,0.013978731423941015,0.013958890154099745,0.008190542189085537,0.008170700919244267,0.011132440442337521,0.01111259917249625,0.010384912090212639,0.010365070820371369,0.006612879658661586,0.006593038388820316,0.013432470687018139,0.013412629417176868,0.01501691944595962,0.01499707817611835,-0.005111598014436558,-0.005131439284277828,0.01791136947543348,0.01789152820559221,0.0024039544954175263
2025-03-26,-0.011556741726048557,-0.011576582995889827,-0.03505279539993034,-0.035572636669771604,-0.015458327693103301,-0.015478168962944572,-0.05990186322689939,-0.059921704496740655,-0.0028352876138952755,-0.0028551288837365455,-0.01442035387315932,-0.015440195143000589,-0.015653289406336746,-0.015673130676178017,0.022783064641860917,0.022263223372019646,-0.024904559175285022,-0.024924400445126293,-0.03659859896105905,-0.036618440230900315,-0.023983147593375706,-0.024002988863216976,8.461992998176626e-05,6.477866014049642e-05,0.006556665227694391,0.006536823957853121,-0.01442035387315932,-0.01444019514300059,-0.011938329377862766
2025-03-27,-0.003580081420634806,-0.0035999226904760762,-0.01457978903000845,-0.01559963029984972,-0.007712771387615036,-0.007732612657456305,-0.017826008398081794,-0.017845849667923065,-0.0044879359682717945,-0.004507777238113064,0.0,0.0,-0.005594216045237921,-0.005614057315079191,0.007128789580120143,0.007108948310278873,-0.008935877013866687,-0.008955718283707958,-0.017987113332965876,-0.018006954602807147,-0.010606967241665266,-0.010626808511506537,-0.0035684292378415083,-0.0035882705076827784,0.0007250480457171694,0.0007052067758758995,0.0,0.0,-0.002655674108104966
2025-03-28,0.008915081478201015,0.008895240208359745,0.004464990683787473,0.0044451494139462035,-0.010621068189959481,-0.010640909459800752,0.0,0.0,0.016961805133338025,0.016941963863496754,0.0,0.0,-0.011508417482569498,-0.011528258752410769,0.01800749596161144,0.01698765469177017,-0.004461413742231791,-0.00448125501207306,0.004464990683787473,0.0034451494139462035,-0.011218573349347314,-0.011238414619188584,0.01800749596161144,0.01798765469177017,0.009028252675730729,0.009008411405889458,0.0,0.0,-0.02013843519279468
2025-03-31,0.00016594271429816107,0.00014610144445689123,-0.010526602085181525,-0.010546443355022795,-0.003922177042664544,-0.003942018312505814,0.0,0.0,0.00025982667022119744,0.0002399854003799276,0.0,0.0,-0.0014282438335710742,-0.001448085103412344,0.0037108635186846595,0.0036910222488433894,-0.0076725420728916745,-0.007692383342732944,-0.010526602085181525,-0.010546443355022795,-0.0031587102758156016,-0.0031785515456568716,0.0037108635186846595,0.0036910222488433894,0.002840630714747449,0.002820789444906179,0.0,0.0,0.006712944222945216
2025-04-01,-0.012813240748599176,-0.012833082018440446,-0.004929092882115738,-0.004948934151957007,-0.005014529231360343,-0.005034370501201613,0.0,0.0,-0.015916832265797577,-0.015936673535638848,0.0,0.0,-0.0028660210261996165,-0.0028858622960408866,-0.017339589472394445,-0.017359430742235716,0.0038305285682554203,0.0038106872984141503,-0.004929092882115738,-0.004948934151957007,-0.007150996450395086,-0.007170837720236356,-0.017339589472394445,-0.017359430742235716,-0.011617634332749972,-0.011637475602591242,0.0,0.0,0.0028243574234689817
2025-04-02,0.005651891379846796,0.005632050110005527,0.025155297079769712,0.02463545580992844,0.006782373691764687,0.006762532421923417,0.0,0.0,0.00046096514602889105,0.00044112387618762123,0.004492564434864121,0.0034727231650228518,0.011788900154636461,0.011769058884795191,0.003866320607386564,0.003346479337545294,0.00875841599328888,0.00873857472344761,0.024529053252292154,0.024509211982450884,0.014175605430756421,0.01415576416091515,0.003866320607386564,0.003346479337545294,-0.0037244115060812493,-0.0037442527759225194,0.0,0.0,0.0063283067681381144
2025-04-03,0.010039374557431424,0.010019533287590154,0.07441950664727204,0.07439966537743077,-0.017134614176109883,-0.017154455445951153,0.0,0.0,-0.003356342124224136,-0.0033761833940654062,0.07349411559067698,0.07347427432083571,-0.011557843858495676,-0.011577685128336946,0.08430498765570216,0.08428514638586089,-0.005527369261342008,-0.005547210531183277,0.08523037871229722,0.08521053744245595,-0.02209977597154296,-0.02211961724138423,0.08430498765570216,0.08428514638586089,-0.0002227840363482128,-0.00024262530618948265,0.0,0.0,-0.04928074068448207
2025-04-04,-0.014222781988786522,-0.014242623258627792,-0.01526004005327597,-0.01527988132311724,0.0047035966219567404,0.004683755352115471,0.0,0.0,-0.008086711049500074,-0.008106552319341345,0.07156751545594975,0.07154767418610848,0.0019169222806317762,0.0018970810107905064,-0.008511125586249224,-0.008530966856090495,-0.019750100057035216,-0.019769941326876487,-0.09533868109547494,-0.09535852236531621,-0.010668127875212645,-0.010687969145053915,-0.008511125586249224,-0.008530966856090495,-0.0005802201767316495,-0.0006000614465729193,0.0,0.0,-0.05854293514288289
2025-04-07,0.012711854760051789,0.012692013490210518,-0.012324586217622854,-0.012677760820797458,0.009979584828109423,0.009959743558268152,0.0004119195708509604,-0.0006079216989903094,0.004805451828251828,0.004785610558410558,-0.02161088871000877,-0.02213072997985004,0.015525289946723307,0.015505448676882036,-0.0054521886442737335,-0.005805363247448337,0.025316219211808176,0.025296377941966906,0.01999281391384722,0.019972972644005948,0.02522128910532312,0.02520144783548185,-0.0054521886442737335,-0.005805363247448337,-0.0029827977476504907,-0.0030026390174917607,0.0004119195708509604,-0.0006079216989903094,-0.0017811908092518758
2025-04-08,0.013579621456507308,0.013559780186666037,0.025280290240379956,0.025260448970538685,0.005334563534567693,0.005314722264726423,0.042659411108782797,0.04263956983894153,0.010960229281614099,0.010940388011772828,0.03259616831621748,0.03257632704637621,0.003598293147077415,0.003578451877236145,0.030536087051783824,0.030516245781942553,0.014239907742851067,0.014220066473009796,0.021160127711512655,0.021140286441671385,0.009121232470537931,0.009101391200696661,0.030536087051783824,0.030516245781942553,0.004164427935672378,0.004144586665831109,0.042659411108782797,0.04263956983894153,-0.0156627135192009
2025-04-09,-0.017664350380913532,-0.017684191650754803,0.0075546159960873105,0.007534774726246041,0.023958049130367726,0.023938207860526455,0.08128158881816061,0.08126174754831934,-0.02948857661242621,-0.02950841788226748,0.015608484701663872,0.015588643431822601,-0.0011658080826911082,-0.001185649352532378,0.0075546159960873105,0.007534774726246041,0.020952461228279776,0.020932619958438505,-0.008553121415065812,-0.008572962684907082,0.01788549366842003,0.01786565239857876,0.0075546159960873105,0.007534774726246041,-0.03145146809904116,-0.03147130936888243,0.08128158881816061,0.08126174754831934,0.1050192758263111
2025-04-10,0.0021715482060325336,0.0021517069361912636,0.017893269653074806,0.017873428383233535,-0.004976173753790537,-0.004996015023631807,-0.01245776026672929,-0.01247760153657056,-0.012747167937515135,-0.012767009207356406,0.007279454684749054,0.007259613414907784,0.0026189651590731375,0.0025991238892318675,0.017893269653074806,0.017873428383233535,-0.006602323239835339,-0.006622164509676609,0.03912089958972631,0.03910105831988504,-0.009371749053558157,-0.009391590323399427,0.017893269653074806,0.017873428383233535,-0.0019828777215521107,-0.0020027189913933807,-0.01245776026672929,-0.01247760153657056,-0.0438190778591766
2025-04-11,-0.009564395871494836,-0.009584237141336107,-0.004987747778649781,-0.00500758904849105,-0.0007783879596838482,-0.000798229229525118,0.012963214763539455,0.012943373493698184,-0.008158630230636975,-0.008178471500478245,-0.01649493565639859,-0.01651477692623986,-0.002583389506550283,-0.002603230776391553,-0.004987747778649781,-0.00500758904849105,-0.0003985475550398309,-0.0004183888248811007,0.018026627976847842,0.01800678670700657,0.004014446627016622,0.003994605357175353,-0.004987747778649781,-0.00500758904849105,0.0012423330136731477,0.0012224917438318778,0.012963214763539455,0.012943373493698184,0.017842729535110458
2025-04-14,0.005594106943093636,0.005574265673252366,-0.0017097031261005709,-0.0021295443959418407,0.003481090004143471,0.003461248734302201,-0.013434711883819395,-0.013454553153660665,-0.0004651718311572302,-0.0004850131009985,0.00012585177914878343,-0.0003939894906924864,0.004352967887568327,0.0043331266177270575,-0.00825970720588698,-0.00827954847572825,-0.008532775965939854,-0.008552617235781124,-0.009051922747097985,-0.009071764016939255,-0.0008416513924495491,-0.0008614926622908189,-0.008804791980517424,-0.009824633250358693,0.002111099723567267,0.002091258453725997,0.0009319647011128973,0.00024545676460496085,0.009701544310149135
2025-04-15,0.020921343205111985,0.020901501935270714,-0.0018039388563698023,-0.001823780126211072,0.010078255821638838,0.010058414551797568,0.0009182768771671679,0.0008984356073258981,0.01855788364582369,0.01853804237598242,-0.0041715276656124345,-0.004191368935453704,0.012558339715620204,0.012538498445778933,0.0042097057121405585,0.004189864442299289,0.022258983147943154,0.022239141878101883,0.007666416380600727,0.007646575110759457,0.022132375830124208,0.022112534560282938,0.019200126687319446,0.019180285417478175,0.0018642488140397147,0.001844407544198445,-0.006910178180367839,-0.006930019450209109,-0.0028009570003554307
2025-04-16,-0.00797725887266244,-0.00799710014250371,-0.006712288368098474,-0.0067321296379397435,-0.0005689644617991926,-0.0005888057316404624,0.006731384667461482,0.006711543397620212,0.0026730758501549608,0.0026532345803136907,-0.008669626485586751,-0.008689467755428022,-0.006065762341998449,-0.006085603611839719,-0.00924923832094482,-0.00951907959078609,-0.008385695011141628,-0.008405536280982898,0.0011170641018546368,0.001097222832013367,-0.0051175815664481275,-0.005137422836289397,-0.0054269717842788286,-0.005446813054120098,-0.0036617585301050755,-0.0036815997999463455,-0.004700930217271637,-0.004970771487112907,-0.022227880060647576
2025-04-17,0.006084701900797674,0.006064860630956404,-0.01016115605093686,-0.01018099732077813,0.0005470788766145374,0.0005272376067732675,0.010417061740506384,0.009397220470665114,0.015185532122849,0.01516569085300773,-0.002740695638914853,-0.002760536908756123,0.028754631167599964,0.028734789897758694,-0.013429571861129391,-0.013449413130970662,-0.011218200979321413,-0.011238042249162684,-0.039842997699024885,-0.03986283896886615,0.012226074924486918,0.012206233654645647,0.00013971462052727278,0.00011987335068600294,0.019433232810594725,0.019413391540753454,-0.00642772218999893,-0.0064475634598402,0.0014268369522441038
2025-04-21,-0.008841534442647436,-0.008861375712488706,-0.007905782847292597,-0.008092290783800533,0.005045351374045227,0.0050255101042039575,-0.01762695190678598,-0.017646793176627252,0.0007279271266522266,0.0007080858568109568,-0.0034351537777156382,-0.003654995047556908,0.000522833758078288,0.0005029924882370182,-0.014424208085594702,-0.014644049355435972,-0.01367122064820865,-0.01369106191804992,-0.030258928195177393,-0.030278769465018663,-0.0027608594789855015,-0.0027807007488267715,-0.008438358283234193,-0.008708199553075464,-0.0007574501478070598,-0.0007772914176483296,0.0014426600052399596,0.0010894854020653565,-0.023802701422705907
2025-04-22,0.0035126710520902785,0.0034928297822490084,0.028508544624887742,0.027288703355046472,-0.0010695195754363285,-0.0010893608452775983,0.011953585036477254,0.011433743766635985,-0.003123954651071889,-0.003143795920913159,0.0014546546561303927,0.001434813386289123,0.006402778466183687,0.006382937196342417,0.027792939634855907,0.02652309836501464,0.012588184824012357,0.012568343554171087,0.0,0.0,0.011715469246442844,0.011695627976601574,0.018611446287921145,0.018258271684746544,-0.001227568791933354,-0.0012474100617746238,-0.005551390550308052,-0.005714088963006465,0.026017707609816698
2025-04-23,0.0025339592193153408,0.0025141179494740707,-0.01152720294283438,-0.01154704421267565,0.007779031930615021,0.007759190660773752,-0.006717443176846527,-0.006737284446687797,-0.009453333060676972,-0.009473174330518242,-0.004923079765745131,-0.0049429210355864004,0.005749294872930466,0.0057294536030891964,-0.007997172181457873,-0.008017013451299144,0.01285844817323497,0.012838606903393699,0.026840686270251157,0.025820845000409886,0.013004410997589056,0.012984569727747785,-0.00045461933240516575,-0.00047446060224643556,-0.008632170518146921,-0.008652011787988191,0.0019620398785624854,0.0018171986087212155,0.01549547679367791
2025-04-24,0.006975768440653828,0.006955927170812558,0.021271202384766052,0.02125136111492478,0.008604112340791526,0.008584271070950255,0.013034226887768008,0.013014385617926737,0.005042565334895711,0.005022724065054441,-0.0027260112814087474,-0.0027458525512500174,0.004685066986380083,0.004665225716538814,0.016847697042618487,0.016827855772777216,0.017941873683920015,0.017922032414078744,0.01847276134084974,0.01845292007100847,0.012634640208305391,0.01261479893846412,0.0028203066634723654,0.0028004653936310954,-0.004422373253043499,-0.004442214522884768,0.0027765396679416965,0.0027566983981004265,0.021048917134121048
2025-04-25,0.01740606889720843,0.01738622762736716,-0.0007852221643150636,-0.0011800634341563336,0.001172967795677171,0.0011531265258359013,-0.014179154792813436,-0.015032329395988038,0.014634536381663921,0.01461469511182265,0.0021916148081090603,0.0017967735382677904,0.014947757540199636,0.014927916270358365,0.005789641701480793,0.005436467098306189,0.01984561916444351,0.01982577789460224,0.015874221107426055,0.015187713170918118,0.019452836000152584,0.019432994730311313,0.002354979903064858,0.001935138633223588,0.012651374830473527,0.012631533560632256,-0.008939331017376317,-0.010159172287217588,0.007225320685248393
2025-04-28,0.0030966843130818206,0.0030768430432405506,0.0136952013248453,0.01306424894389292,-0.008774081573857118,-0.008793922843698388,-0.024469887274447395,-0.025223061877621997,0.0010128255372398808,0.000992984267398611,0.026554326564590273,0.02542337418363789,-0.006789032357702396,-0.0068088736275436655,-0.008602523481166826,-0.00926522189386524,-0.0003976320833434131,-0.0004174733531846829,-0.010157760694779472,-0.011427601964620742,-0.005488017269362733,-0.005507858539204003,0.00040729011518638066,-0.0005649321070358415,0.004281396121935699,0.00426155485209443,0.01088123994964332,0.01027048958889296,0.00038131807369912174
2025-04-29,0.0013968556876457492,0.0013770144178044794,0.007135632969101259,0.007115791699259989,-0.008626045810951877,-0.008645887080793148,-0.001789416731036364,-0.001809258000877634,-0.0032454656487880817,-0.0032653069186293518,0.0033056330091344576,0.0032857917392931876,0.0054561347732319234,0.005436293503390654,0.0041043054800135835,0.004084464210172314,0.0013623121400627384,0.0013424708702214686,-0.007839097912369253,-0.007858939182210523,-0.0024786469848439912,-0.0024984882546852613,0.0054429656174358205,0.005423124347594551,0.0016768364876957875,0.0016569952178545177,-0.004532099059644634,-0.004551940329485904,0.006299374906016286
2025-04-30,0.014671230166671368,0.014651388896830098,0.009584065546549924,0.009464224276708655,0.0026801673979897525,0.0026603261281484825,-0.01627439950169477,-0.01654424077153604,0.004639176831340119,0.00461933556149885,0.01099174500114467,0.0108719037313034,0.015436810676860858,0.015416969407019587,0.0063386569237963,0.00631881565395503,0.00407914616810503,0.004059304898263761,-0.010320367243937386,-0.01067354184711199,0.006658764291388187,0.006638923021546918,0.006398513648161733,0.006378672378320464,-0.0019329568497304052,-0.001952798119571675,-0.0023377025097305586,-0.0030408771129051618,0.0003969200081936908
2025-05-01,-0.01485421526325954,-0.01487405653310081,0.005331189575632599,0.005200237194680218,-0.007404181803838539,-0.007424023073679809,0.007960165443920886,0.007740324174079616,-0.01242536828790759,-0.01244520955774886,4.745942676619326e-05,-8.34929541861877e-05,-0.009750899635125898,-0.009770740904967169,0.006595713576306214,0.006200872306464944,0.010600977625387299,0.010581136355546028,0.01562718388388991,0.015357342614048638,0.008381522945719788,0.008361681675878517,0.008318333655157915,0.007923492385316646,-0.008870975626165711,-0.008890816896006981,-0.000380166858992156,-0.0004000081288334258,0.007086675492562922
2025-05-02,0.008014896101349967,0.007995054831508697,0.006695628531104846,0.006575787261263576,0.005383434673973109,0.00536359340413184,-0.003991039441067917,-0.00434421404424252,0.011911353585970964,0.011891512316129694,0.009807732398019919,0.009687891128178649,0.0038300379442017495,0.0038101966743604794,0.002584701297954191,0.00195374891700181,0.0049911645621512415,0.004971323292309972,0.010369452363481985,0.009482944426974048,0.005048714754003069,0.0050288734841618,0.007505246503918522,0.0071242941229661405,0.00341555881456701,0.00339571754472574,-0.003160490573148954,-0.0032572549199133007,0.01484433606735136
2025-05-05,0.004600878266866205,0.004581036997024935,-0.010236195195401443,-0.010256036465242714,0.00490958667391096,0.00488974540406969,0.004596651956900196,0.004576810687058926,-0.0027250893279710427,-0.0027449305978123127,-0.006584929931309125,-0.006604771201150395,0.005841464234268201,0.005821622964426932,0.006526346073841111,0.006324686622181659,0.0011741267144981804,0.0011542854446569106,0.009702764147074624,0.009682922877233354,0.0011771902828091934,0.0011573490129679236,0.006911098356843651,0.0068912570870023815,-0.0023631507081888666,-0.0023829919780301366,0.0013650502127336107,0.001107113704797103,-0.005734332018031862
2025-05-06,-0.009465462297387161,-0.009485303567228431,-0.00033965579346589836,-0.0004706081744182793,0.003255909089748864,0.003236067819907594,0.008957419280775918,0.008737578010934648,-0.00992317300513008,-0.009943014274971351,-0.024687104393186,-0.02481805677413838,-0.01102948360473649,-0.01104932487457776,-0.008830793657982028,-0.008950634927823298,0.003264484935134194,0.003244643665292924,-0.01912526287411141,-0.01914510414395268,0.0007495931177740386,0.0007297518479327688,-0.011703507161191604,-0.011848348431032874,-0.004530964092186795,-0.004550805362028064,0.003033174879265136,0.002936410532500789,-0.008358381317041252
2025-05-07,0.005970801413103488,0.005950960143262218,0.008050053647093757,0.008030212377252486,0.0035886010072397,0.00356875973739843,-0.009951997655328237,-0.009971838925169507,0.011356863010132967,0.011337021740291697,0.0027737021237906768,0.0027538608539494067,-0.006178988377580841,-0.00619882964742211,-0.010981247653411007,-0.011091998014161369,0.006214409339623761,0.0061945680697824915,-0.02420926339892131,-0.02422910466876258,-0.0006115451941028252,-0.000631386463944095,-0.01752108299624479,-0.01754092426608606,-0.00168214233260503,-0.0017019836024462999,0.0015518356687024728,0.0014605658274326316,0.0042055333826633845
2025-05-08,-0.008345840932403991,-0.008365682202245261,-0.012645696844855066,-0.012665538114696336,-0.0007393247289448346,-0.0007591659987861044,0.007614634356738837,0.007594793086897567,-0.009329753000426044,-0.009349594270267315,-0.014566493711873636,-0.014586334981714907,0.0005166104242573131,0.0004967691544160433,0.00012226342856119787,0.00010242215871992803,-0.0013115097935421528,-0.0013313510633834226,-0.005479307117330641,-0.0054991483871719106,0.004465273692438376,0.004445432422597107,0.006554160917497817,0.0065343196476565476,-0.014754272148236804,-0.014774113418078074,-0.003114864352655014,-0.003134705622496284,0.006967594724690329
2025-05-09,-0.0005393835766692834,-0.0005592248465105533,0.0032300814209597194,0.0032102401511184494,-2.620104671955401e-05,-4.604231656082385e-05,0.007788655483166429,0.007602147546658493,-0.004562116723543763,-0.0045819579933850324,0.002429059238800114,0.002409217968958844,-0.0034875117279310587,-0.0035073529977723288,-0.008130827701251512,-0.008150668971092782,0.0048339996372333775,0.004814158367392108,-0.006141058325973958,-0.006160899595815228,0.00013769060021431292,0.00011784933037304308,-0.0016027819058997417,-0.0016226231757410115,-0.00780268389613723,-0.0078225251659785,0.004264571668026145,0.004101873255327732,-0.00127398172876092
2025-05-12,-0.008880706802065274,-0.008900548071906544,-0.02781698999342737,-0.02783683126326864,0.012328550189172028,0.012308708919330757,-0.007407119253341126,-0.007426960523182396,-0.008678973645021092,-0.008698814914862362,0.00025071025273303016,0.00023086898289176032,0.006775319647876588,0.006755478378035318,0.0013159168718625477,0.001296075602021278,-0.002731389561135507,-0.002751230830976777,0.005854567380419874,0.005834726110578605,0.010014265982018787,0.009994424712177517,0.007332217759242365,0.007312376489401096,-0.004236585446548757,-0.004256426716390027,0.0012585194189922294,0.0012386781491509596,0.033047474409526156
2025-05-13,0.010494618298552883,0.010474777028711612,0.04426512410334414,0.04395956854778858,0.00256373972784073,0.00254389845799946,0.0003611219919964308,0.000341280722155161,0.001905602349149782,0.0018857610793085121,0.02600893914237977,0.025703383586824214,0.02173897429800231,0.02171913302816104,0.011875133627357105,0.011855292357515835,0.021584482708821864,0.021564641438980594,-0.00032984816225825045,-0.00034968943209952026,0.0315092164608578,0.031489375191016536,0.016587557538097028,0.016234382934922426,-0.004632460791200287,-0.004652302061041557,0.018776350870089654,0.018589842933581718,0.0066039759021399025
2025-05-14,0.002243762130459347,0.002223920860618077,0.00019673946875041134,0.0001768981989091415,0.014659135741029694,0.014639294471188424,0.01971022077403687,0.0196903795041956,-0.006432032456130687,-0.0064518737259719565,-0.03340033939986088,-0.03342018066970215,0.008940373036627503,0.008920531766786232,0.022125324257660547,0.022105482987819277,0.01727540695033216,0.01725556568049089,0.008359109463322242,0.008339268193480971,0.01745197600180859,0.01743213473196732,0.008096168094932457,0.008076326825091186,-0.0076001541089372494,-0.007619995378778519,-0.002677852271824429,-0.002697693541665699,0.0012779785798229248
2025-05-15,-0.0014789481124127032,-0.001498789382253973,0.024594798761265153,0.024574957491423882,-0.012360106893809385,-0.012379948163650656,-0.0059010112630246865,-0.005920852532865956,0.0048995208300588455,0.004879679560217576,0.024817787296627442,0.024797946026786172,0.005496001645737714,0.005476160375896444,-0.006003569942354219,-0.006123411212195489,-0.012592795372900902,-0.012612636642742172,-0.009412205606731876,-0.009432046876573147,-0.0005575128070766985,-0.0005773540769179683,0.009996018553801011,0.00997617728395974,0.008959448586167472,0.008939607316326202,0.007689265391036702,0.007578515030286341,0.004884164632874111
2025-05-16,0.005900381080381267,0.005880539810539998,-0.008762910533113497,-0.009004974025176988,0.005041132108264923,0.005021290838423654,0.004837678419379221,0.004341646673347475,0.006396162064238298,0.006376320794397029,-0.008074323570259043,-0.008316387062322534,-0.0029219407653386376,-0.0029417820351799076,0.0027101395971864846,0.002599389236436124,-0.0040935804693949425,-0.004113421739236212,0.0022551166978314816,0.0018943663370811208,-0.0074034308346354605,-0.00742327210447673,-0.0037039120551874485,-0.0038348644361398294,0.005355846178742596,0.005336004908901327,-0.013594897382292779,-0.013768584805980203,0.006334221113474925
2025-05-19,0.0009959374377718877,0.0009760961679306178,0.005002196525064728,0.0048573552552234585,-0.00036015037615480007,-0.0003799916459960699,-0.0009050879740003805,-0.0009249292438416503,-0.0023931435626176278,-0.002412984832458898,0.009547906000155093,0.009403064730313822,-0.004847728259232131,-0.004867569529073401,0.0045788220308677794,0.00445898076102651,0.0026441469853003777,0.0026243057154591077,0.0050050147472102575,0.004985173477368988,-0.004612887169254421,-0.00463272843909569,0.01121977283160366,0.01107493156176239,0.0019368940500221643,0.0019170527801808945,0.0068605258370470915,0.00665886638538764,0.0010937163728421684
2025-05-20,-0.0002950350850061123,-0.0003148763548473821,-0.00131314578183013,-0.0023329870516713997,-0.002600023787900086,-0.002619865057741356,-0.0062728331121903284,-0.0064926743820315986,0.0035792933302183803,0.0035594520603771103,-0.00131314578183013,-0.0013329870516714,-0.007588847847997293,-0.007608689117838563,-0.0028106642254963213,-0.0031638388286709244,-0.0012753577132380125,-0.0012951989830792823,-0.004765179485625316,-0.004785020755466585,-0.00604552196022663,-0.0060653632300678995,-0.0042534645216194406,-0.00427330579146071,0.002336478895463823,0.0023166376256225528,0.0006215276639616176,0.0005016863941203478,-0.0033621581398221023
2025-05-21,-0.003240136337176538,-0.003259977607017808,0.0006114891398061872,0.0005916478699649174,0.0018400168971010166,0.0018201756272597468,0.011641133950205523,0.011496292680364253,-0.0074474034481866284,-0.007467244718027898,0.0006114891398061872,0.0005916478699649174,0.009389660407550505,0.009369819137709234,0.021840137830194544,0.021729387469444184,0.0028365680258655816,0.0028167267560243116,0.011520624892212155,0.011400783622370885,0.010746096629469636,0.010726255359628366,0.017792117418082235,0.017772276148240965,-0.0015346501273555864,-0.0015544913971968562,0.0032794128081877344,0.0030234604272353534,-0.016850756334745642
2025-05-22,-0.0072919639632520565,-0.007311805233093326,0.004479012278533923,0.004459171008692653,0.003960059008498873,0.003940217738657603,-0.00046222552178192553,-0.00048206679162319534,0.0005762294765394248,0.000556388206698155,0.004479012278533923,0.004459171008692653,0.0016850767538835853,0.0016652354840423155,0.010329307865544111,0.010309466595702841,-0.007984752048314458,-0.008004593318155728,-0.0005683108561699126,-0.0005881521260111824,0.004765578182512708,0.004745736912671439,0.007362870256385531,0.007343028986544262,0.0018144309199857878,0.001794589650144518,-0.0032916792876362694,-0.0033115205574775395,0.0003947301607376552
2025-05-23,0.00035506574193483464,0.00033522447209356483,0.013840494844882655,0.013220653575041385,-0.0053281709748942314,-0.005348012244735501,0.0018882754942215552,0.0014755770815231425,0.0053449752286543915,0.005325133958813122,0.013840494844882655,0.013220653575041385,-0.00042734847364851464,-0.00044718974348978446,-0.006845925702546841,-0.007087989194610333,0.0043992104090546,0.00437936913921333,-0.003752187225405948,-0.004022028495247218,0.001437780475485228,0.0014179392056439582,-0.0006127599869234128,-0.000965934590098016,0.0025119760506944087,0.0024921347808531387,0.0002623779192073095,-0.00018603477920538887,-0.006825881910519027
2025-05-27,0.0010011104930755764,0.0009812692232343066,0.008037376127169621,0.007767534857328351,0.007050294853696536,0.007030453583855266,-0.009322780146958105,-0.010509288083466042,-0.0031988845701438444,-0.0032187258399851144,0.008037376127169621,0.007767534857328351,0.005829683721418819,0.00580984245157755,0.010853885751032522,0.010209044481191252,0.003880587740705866,0.003860746470864596,-0.00015254143965408307,-0.0006485731856858291,0.008093241021872123,0.008073399752030853,0.00961230838638158,0.007092467116540309,-0.0035919733317013366,-0.0036118146015426066,0.0040675721119764665,0.0037143975088018634,0.020790670330528727
2025-05-28,0.003996991528192629,0.003977150258351359,-2.421191664095379e-05,-4.405318648222363e-05,0.004261848888631913,0.004242007618790644,0.00365545565402986,0.00363561438418859,-0.0029483832015044344,-0.0029682244713457044,-2.421191664095379e-05,-4.405318648222363e-05,0.0007503960120526336,0.0007305547422113638,0.004784033539054627,0.004764192269213358,0.0041807740191146525,0.004160932749273383,0.0013350521483790284,0.0013152108785377586,0.000789044010660777,0.0007692027408195072,-0.0004102030080695984,-0.00043004427791086823,-0.0013892907023259626,-0.0014091319721672324,0.0010890444049446906,0.0010692031351034208,-0.005785333975273588
2025-05-29,0.009112811371409924,0.009092970101568653,0.005932848664588023,0.005579674061413419,-0.0010093207453213517,-0.0010291620151626215,0.0009219731126867805,0.0007021318428455106,0.0061725885812710535,0.006152747311429784,0.005932848664588023,0.005579674061413419,0.0017948507664542813,0.0017750094966130115,0.0027424563223836518,0.0027226150525423817,0.006295426558731099,0.00627558528888983,0.0058630704016025955,0.005443229131761326,0.004541622174796611,0.004521780904955341,0.009926877519310595,0.009907036249469325,-0.0027633961589897506,-0.0027832374288310206,0.004131622814986439,0.0029117815451451695,0.003947320636030538
2025-05-30,0.01121091037110109,0.01119106910125982,-0.01550606096908195,-0.015525902238923221,-0.003037005517958502,-0.0030568467877997722,-0.0036153583938671,-0.004218532997041703,0.003608172907434981,0.003588331637593711,-0.01550606096908195,-0.015525902238923221,0.005693461951641887,0.005673620681800618,0.007107203184408558,0.006658790485995859,0.00836523565628472,0.00834539438644345,0.0016323671683528733,0.0009458592318449369,0.0022065795709763306,0.0021867383011350606,-0.0023186973695225044,-0.003338538639363774,0.006276803484176175,0.006256962214334905,-0.007068077080877496,-0.0072545850173854325,-0.0011184442562377495
2025-06-02,-0.0025784522883349767,-0.0025982935581762468,-0.0012454946556741398,-0.0017653359255154096,0.0011867534980773862,0.0011669122282361164,0.005067788036021009,0.00404794676617974,0.002841001906714569,0.002821160636873299,-0.0012454946556741398,-0.0017653359255154096,-0.006977391540478328,-0.006997232810319598,0.0005690912955626333,0.00038258335905469676,0.0070503217050594475,0.007030480435218178,0.009727943631420377,0.005708102361579107,-0.004405344447393189,-0.004425185717234458,0.002512100190632749,0.001492258920791479,-0.00024620141716580335,-0.00026604268700707316,0.0010030351251152743,0.0007831938552740044,0.005633012815451588
2025-06-03,-0.0023488618294483787,-0.0047687030992896486,-0.0005780268184817361,-0.0005978680883230059,-0.0024084114542355815,-0.003428252724076851,0.005803056233485648,0.005783214963644379,-0.0023488618294483787,-0.004968703099289649,-0.0005780268184817361,-0.0005978680883230059,-0.008970117064674897,-0.010589958334516167,-0.00631183907952218,-0.00683168034936345,-0.0016270258771360676,-0.0034468671469773376,-0.0024686510956870578,-0.002488492365528328,-0.005822844507338143,-0.007842685777179413,-0.004753669768206903,-0.0047735110380481725,-5.5847649002449366e-05,-0.00367568891884372,0.0047565361717313015,0.003986694901890032,0.005702480290520562
2025-06-04,-0.0019764739716248035,-0.0019963152414660735,0.00811472473765601,0.008094883467814739,0.0015992490050705356,0.0015794077352292658,0.008897159678176975,0.008877318408335704,-0.0019764739716248035,-0.0019963152414660735,0.00811472473765601,0.008094883467814739,0.009032393391059223,0.009012552121217952,0.0031706249618987103,0.0031507836920574403,-0.00029799996112623846,-0.00031784123096750827,0.010930932272117944,0.010911091002276673,-0.00023906414422381083,-0.00025890541406508065,0.010196466911685409,0.010176625641844139,0.0024118710799074794,0.0023920298100662094,-0.007500543716757874,-0.007520384986599143,-0.00026834647256068767
2025-06-05,0.01370652397700357,0.0136866827071623,-0.000761899614678041,-0.0007817408845193108,0.006109542263746981,0.006089700993905711,-0.0032404325260890765,-0.0032602737959303465,0.01370652397700357,0.0136866827071623,-0.000761899614678041,-0.0007817408845193108,0.003631216586286046,0.0036113753164447758,-0.0015109377744351913,-0.0018641123776097944,0.01131509876891328,0.011295257499072009,-0.0022766768637505486,-0.0022965181335918186,0.011944495607172523,0.011924654337331253,-0.010681781993557293,-0.010701623263398564,0.004461303966751118,0.004441462696909849,0.0026488632911006076,0.0022956886879260045,-0.004832886576524031
2025-06-06,-0.0028184104360459705,-0.0028382517058872406,0.003724391734322152,0.003704550464480882,-0.0034419991949025015,-0.0034618404647437716,-0.006023610509355237,-0.006043451779196507,-0.0028184104360459705,-0.0028382517058872406,0.003724391734322152,0.003704550464480882,0.006097892538985206,0.006078051269143936,0.001879372908073865,0.0018595316382325952,0.008207330193388351,0.00818748892354708,0.004192711657857062,0.004172870388015793,0.0018875198294647892,0.0018676785596235194,-0.00782221002348038,-0.007842051293321651,-0.0015874102104218683,-0.0016072514802631381,-0.00016770797556261118,-0.00018754924540388102,0.010269002220969492
2025-06-09,-0.00028231961442160003,-0.00030216088426286984,-0.0006211248051449236,-0.0006409660749861934,0.002321259096629236,0.002301417826787966,0.006834579628177925,0.0064814050250033214,-0.00028231961442160003,-0.00030216088426286984,-0.0006211248051449236,-0.0006409660749861934,0.0014388721584950633,0.0014190308886537935,-0.00038960651181600236,-0.0004094477816572722,0.00454025160944641,0.004520410339605141,-0.005671910078295261,-0.005691751348136531,0.0027606942333440743,0.0027408529635028042,-0.00234866920784893,-0.0023685104776902,0.006182715744028045,0.006162874474186775,-0.008953868898516126,-0.009973710168357396,0.0009011883528189379
2025-06-10,-0.005507265894199498,-0.005527107164040768,0.011953105666802633,0.011933264396961362,-0.0006447118539447015,-0.0006645531237859713,0.004905102393686671,0.004885261123845401,-0.005507265894199498,-0.005527107164040768,0.011953105666802633,0.011933264396961362,-0.0054299398959066335,-0.005449781165747903,0.0038322200336982455,0.0038123787638569754,0.005359302672195521,0.005339461402354252,-0.00014803670211516184,-0.00016787797195643169,-0.0029518812417550604,-0.0029717225115963304,0.016902524974545696,0.016882683704704426,0.001610243903727349,0.0015904026338860791,0.008501080162296523,0.008481238892455252,0.005669725968590722
2025-06-11,0.015098833512042366,0.015078992242201095,9.133830639423968e-05,7.149703655296984e-05,-0.006976699936654628,-0.006996541206495898,-0.004722328664405177,-0.004742169934246447,0.015098833512042366,0.015078992242201095,9.133830639423968e-05,7.149703655296984e-05,-0.0005197147785881871,-0.0005395560484294569,0.0032473352516288285,0.0032274939817875585,-0.0006254381698223454,-0.0006452794396636152,-0.02446724938065692,-0.02448709065049819,0.004707957933289254,0.004688116663447984,-0.01258396919765492,-0.012603810467496191,-0.003953897318577981,-0.003973738588419251,-0.015693688235548436,-0.015713529505389706,-0.0028519580667510924
2025-06-12,0.01598579472642385,0.01596595345658258,0.0128576481326943,0.012837806862853029,-0.005872490261225105,-0.005892331531066375,0.0006010761979916013,0.0005812349281503315,0.01598579472642385,0.01596595345658258,0.0128576481326943,0.012837806862853029,-0.0008802491382220889,-0.0009000904080633587,-0.0010396591539394056,-0.0010595004237806754,0.019077481770632298,0.019057640500791027,0.02181819107378391,0.02179834980394264,0.00250904496386517,0.0024892036940239,0.011615678413159247,0.011595837143317977,0.005332604219353155,0.005312762949511885,0.008348258209460502,0.008328416939619231,0.003974239154726611
2025-06-13,0.02259636567213046,0.02257652440228919,0.08594292651958901,0.08492308524974775,0.007294549186313937,0.007274707916472668,0.00414136516062108,0.00412152389077981,0.02259636567213046,0.02257652440228919,0.08594292651958901,0.08492308524974775,0.003882392299472492,0.003862551029631222,-0.015801463684830014,-0.016071304954671285,0.022285536428658503,0.022265695158817232,0.04473527274757971,0.044215431477738446,0.009612459315328859,0.009592618045487588,0.0028857696911827047,0.0028659284213414346,-0.0025740335137245827,-0.0025938747835658527,0.03974901578988799,0.03922917452004672,-0.011179971791603127
2025-06-16,-0.015648447494277195,-0.015668288764118465,-0.006256275005702028,-0.006776116275543298,0.001114469187271894,0.0010946279174306242,0.026913531389906653,0.025393690120065385,-0.015648447494277195,-0.015668288764118465,-0.006256275005702028,-0.006776116275543298,0.003069996223018223,0.003050154953176953,0.010542733132525961,0.010189558529351357,-0.0012318539907403502,-0.00125169526058162,-0.028657233584859387,-0.02967707485470066,-0.005845603156228584,-0.005865444426069854,0.016144683573455332,0.015124842303614062,0.0022243630446022954,0.0022045217747610254,-0.018020787762995167,-0.02037396236616977,0.009514064635483432
2025-06-17,-0.0005438198202652005,-0.0005636610901064703,-0.022081071678704434,-0.022100912948545704,0.0035718822659023715,0.0035520409960611015,-0.01554707404049016,-0.015566915310331431,-0.0005438198202652005,-0.0005636610901064703,-0.022081071678704434,-0.022100912948545704,0.0016066157403745729,0.001586774470533303,0.0018854139421463998,0.00186557267230513,0.007175723133809608,0.007155881863968338,-0.00528727078320268,-0.0053071120530439496,-0.0008625334629075773,-0.0008823747327488471,-0.03887487257420619,-0.038894713844047454,-0.004389436378866073,-0.004409277648707343,-0.020984555339994587,-0.021004396609835857,-0.008545080602244903
2025-06-18,-0.011689176070092643,-0.011709017339933913,0.0005488532978117355,0.0005290120279704657,0.0012137899367385629,0.001193948666897293,0.0026065327864973065,0.0025866915166560364,-0.011689176070092643,-0.011709017339933913,0.0005488532978117355,0.0005290120279704657,-0.0009034491829908786,-0.0009232904528321484,-0.0059308845124707394,-0.005950725782312009,0.0027258574617088248,0.0027060161918675547,0.013072110279465532,0.013052269009624261,-0.0006779356393038061,-0.000697776909145076,-0.011974403683842061,-0.011994244953683331,-0.004654143773792463,-0.004673985043633732,-0.010843601905537717,-0.010863443175378988,-0.00015056814553315867
2025-06-20,0.0018970890870935507,0.001877247817252281,-0.01264825081015375,-0.01266809207999502,-0.008424730431002236,-0.008444571700843506,-0.01261213988117793,-0.0136319811510192,0.0018970890870935507,0.001877247817252281,-0.01264825081015375,-0.01266809207999502,-0.008254053835291686,-0.008273895105132956,0.01676911088537969,0.01624926961553842,-0.009326349496374143,-0.009346190766215413,-0.02468235494568327,-0.024702196215524542,-0.0013151513103248913,-0.0013349925801661611,-0.0006141466746242275,-0.0006339879444654973,-7.425450140980945e-05,-9.409577125107929e-05,-0.003792383985077641,-0.004312225254918911,-0.002348489797368125
2025-06-23,-0.007278519798297211,-0.007298361068138481,-0.0010752861233569444,-0.0010951273931982142,-0.0014071558064912447,-0.0014269970763325145,-0.019319162591317274,-0.019339003861158544,-0.007278519798297211,-0.007298361068138481,-0.0010752861233569444,-0.0010951273931982142,0.005618181207465501,0.005598339937624232,0.004207882903508708,0.004188041633667439,-0.0031844417410180504,-0.0032042830108593204,-0.0007630477907984989,-0.0007828890606397688,0.0036471775010357586,0.0036273362311944886,-0.0013875244559153899,-0.0014073657257566597,-0.00025784569190326866,-0.00027768696174453847,0.0065774318928619735,0.006557590623020704,0.009877340797457723
2025-06-24,-0.006362293704984191,-0.00638213497482546,0.011748242456047775,0.011728401186206504,0.00963915833044323,0.00961931706060196,0.018404760024016142,0.018384918754174872,-0.006362293704984191,-0.00638213497482546,0.011748242456047775,0.011728401186206504,0.005574129339227019,0.005554288069385749,-0.021764158874983064,-0.021784000144824334,0.005291409631474975,0.0052715683616337055,0.028703522838738893,0.028683681568897623,-0.0032818431957594603,-0.0033016844656007303,-0.005207037926643343,-0.005226879196484613,0.003940772726265996,0.003920931456424726,-0.00307655245517946,-0.00309639372502073,0.011047302183246677
2025-06-25,0.000231570973055561,0.00021172970321429115,-0.004315165405840704,-0.004335006675681974,0.004996790032631338,0.004976948762790068,0.04383382924733081,0.043813987977489546,0.000231570973055561,0.00021172970321429115,-0.004315165405840704,-0.004335006675681974,0.014277953178714099,0.014258111908872828,-0.01054158228169838,-0.010561423551539651,0.012964760171313861,0.01294491890147259,-0.02169657509800016,-0.02171641636784143,0.01742907244016818,0.01740923117032691,0.013066244286318751,0.01304640301647748,0.0007450157246335354,0.0007251744547922656,-0.047094905067237625,-0.04711474633707889,0.0005603485498484329
2025-06-26,0.0051610537900282916,0.005141212520187022,-0.006195100146201171,-0.006214941416042441,0.008457047615607883,0.008437206345766612,0.0026258955440789933,0.0026060542742377233,0.0051610537900282916,0.005141212520187022,-0.006195100146201171,-0.006214941416042441,0.005258468203214562,0.005238626933373292,0.0005400987794162981,0.0005202575095750283,0.007494634179725545,0.007474792909884276,0.0021422217120932174,0.0021223804422519474,0.0019334492253586522,0.0019136079555173823,-0.01453242200449556,-0.01455226327433683,0.010628952527303726,0.010609111257462455,-0.0029726808752753575,-0.0029925221451166275,0.007823673022863797
2025-06-27,-0.010454593173078829,-0.0104744344429201,-0.00988691501135558,-0.00990675628119685,0.008901801615215865,0.008881960345374595,0.007679367153600514,0.007659525883759244,-0.010454593173078829,-0.0104744344429201,-0.00988691501135558,-0.00990675628119685,-0.019309267716744336,-0.019329108986585606,0.002224601813419824,0.002204760543578554,-0.025328450833857454,-0.025348292103698725,-0.017091348400881556,-0.017111189670722827,-0.028691931869670163,-0.028711773139511433,-0.002682481621829602,-0.002702322891670872,-0.0027782445983805526,-0.0027980858682218226,-0.022529059785397487,-0.022548901055238758,0.0049684261271674135
2025-06-30,0.0061676409501499555,0.006147799680308686,0.03519511877633241,0.034175277506491145,-0.003463610033837583,-0.003483451303678853,-0.0021509602271096995,-0.003170801496950969,0.0061676409501499555,0.006147799680308686,0.03519511877633241,0.034175277506491145,0.007548759685654128,0.007528918415812858,-0.008231649404535413,-0.009251490674376682,0.003766573012114038,0.003746731742272768,0.05378774256372221,0.05276790129388094,0.003966509867933321,0.003946668598092051,0.016602494988942618,0.015582653719101348,-0.0015080403920249338,-0.0015278816618662036,0.03519511877633241,0.033175277506491144,0.004781180241128613
2025-07-01,-0.0013704840840411785,-0.0013903253538824483,-0.025860564474260994,-0.025880405744102265,-0.008855279247216529,-0.0088751205170578,0.01381617566709159,0.01379633439725032,-0.0013704840840411785,-0.0013903253538824483,-0.025860564474260994,-0.025880405744102265,-0.01721686736376746,-0.01723670863360873,-0.017759097847145577,-0.017778939116986848,-0.014341036378996088,-0.014360877648837358,-0.031852137845645334,-0.0318719791154866,-0.010382751522334909,-0.01040259279217618,-0.019868991102876654,-0.019888832372717925,0.00896026571269105,0.00894042444284978,-0.025860564474260994,-0.025880405744102265,-0.00032361685086557124
2025-07-02,0.013378095057621454,0.013358253787780184,-0.03281005498350764,-0.03282989625334891,0.008277547510110705,0.008257706240269435,-0.039294856848795634,-0.0393146981186369,0.013378095057621454,0.013358253787780184,-0.03281005498350764,-0.03282989625334891,0.001543252182610855,0.0015234109127695852,-0.040927959268728054,-0.04094780053856932,0.003872001538262215,0.003852160268420945,0.00973513743367227,0.009715296163830999,0.01017165586268872,0.01015181459284745,-0.07535524740068755,-0.07537508867052882,0.009569055037780706,0.009549213767939435,-0.03281005498350764,-0.03282989625334891,0.004533304513562708
2025-07-03,0.0013091067108292882,0.0012892654409880184,0.017067639690956926,0.017047798421115656,0.0007701218036967883,0.0007502805338555185,-0.005661975112059459,-0.005681816381900728,0.0013091067108292882,0.0012892654409880184,0.017067639690956926,0.017047798421115656,0.004027938410650999,0.00400809714080973,-0.00807648524428195,-0.00809632651412322,0.010831455163038474,0.010811613893197203,0.031915826492170174,0.03189598522232891,0.0031062966577698916,0.0030864553879286216,0.0022194528897436783,0.0021996116199024082,-0.0022425155218449453,-0.0022623567916862154,0.017067639690956926,0.017047798421115656,0.007881428001803137
2025-07-07,0.005226698031091137,0.005206856761249867,-0.01563077916350808,-0.01565062043334935,0.0016211055636798696,0.0016012642938385997,0.0011776101103545544,0.0011577688405132846,0.005226698031091137,0.005206856761249867,-0.01563077916350808,-0.01565062043334935,0.0007787119200474354,0.0007588706502061656,0.0022921961283444148,0.0022723548585031447,0.0025982920349422733,0.0025784507651010033,-0.023154243043810085,-0.023174084313651356,0.004306941086720738,0.0042870998168794685,-0.008107315283206074,-0.008127156553047344,0.000491043593747886,0.00047120232390661615,-0.01563077916350808,-0.01565062043334935,-0.007452174182304261
2025-07-08,0.004884076014300997,0.004864234744459728,0.02321540470774064,0.022695563437899368,-0.0027490026426108647,-0.0027688439124521347,0.01463499089705489,0.014615149627213619,0.004884076014300997,0.004864234744459728,0.02321540470774064,0.022695563437899368,-0.0173174308608393,-0.01733727213068057,0.011682397985934512,0.011662556716093241,-0.0019643976291535913,-0.0019842388989948613,0.04374872020129339,0.04372887893145212,-0.014418180499962829,-0.0144380217698041,0.025436919098911992,0.02491707782907072,0.003937815199152051,0.003917973929310781,0.02321540470774064,0.022695563437899368,-0.0005475007482909078
2025-07-09,0.0023656941119666428,0.0023458528421253727,-0.008600945056279563,-0.008620786326120834,-0.0018193797318417637,-0.0018392210016830335,-0.029175704067953112,-0.029195545337794383,0.0023656941119666428,0.0023458528421253727,-0.008600945056279563,-0.008620786326120834,0.0033578064095565745,0.0033379651397153045,0.0056384120052394016,0.005618570735398132,0.004097005990279835,0.004077164720438565,0.010456266287967919,0.010436425018126649,0.005201072896221248,0.005181231626379979,-0.022983657659628398,-0.02300349892946967,-0.0009104470267161991,-0.0009302882965574689,-0.008600945056279563,-0.008620786326120834,0.0059965873404492775
2025-07-10,-0.0030240611712526013,-0.0030439024410938713,-0.021963779338966982,-0.021983620608808253,0.0015196177164372715,0.0014997764465960017,-0.008042817138879221,-0.008062658408720492,-0.0030240611712526013,-0.0030439024410938713,-0.021963779338966982,-0.021983620608808253,-0.010148965862962767,-0.010168807132804037,-0.0037260167477407014,-0.0037458580175819714,-0.005233608915318288,-0.005253450185159558,-0.015727273909102002,-0.015747115178943272,-0.0008464249448921109,-0.0008662662147333807,-0.023916377805001443,-0.023936219074842714,0.008801466662592194,0.008781625392750923,-0.021963779338966982,-0.021983620608808253,0.002820223048327186
2025-07-11,0.0009015740843810851,0.0008817328145398152,-0.0004509234146036767,-0.0004707646844449465,0.007390455378851091,0.007370614109009821,-0.018238386778621885,-0.018258228048463155,0.0009015740843810851,0.0008817328145398152,-0.0004509234146036767,-0.0004707646844449465,0.006368040718937173,0.006348199449095903,0.01926574881265508,0.01924590754281381,0.005303148371110954,0.005283307101269685,0.007774906842849871,0.007755065573008602,0.0026566175983403495,0.0026367763284990795,-0.0018809691082995461,-0.001900810378140816,-0.0026715004961154415,-0.0026913417659567116,-0.0004509234146036767,-0.0004707646844449465,-0.003515339984414667
2025-07-14,0.00026158561455430496,0.00024174434471303512,0.007265258439267841,0.007245417169426571,0.0036724134744513083,0.0036525722046100383,0.008109684566905306,0.008089843297064036,0.00026158561455430496,0.00024174434471303512,0.007265258439267841,0.007245417169426571,0.008725422340783195,0.008705581070941925,0.0072998831552917864,0.007280041885450517,0.007316485265458649,0.0072966439956173796,-0.000319721627873748,-0.00033956289771501784,0.011240643072986757,0.011220801803145487,0.015049972707334824,0.015030131437493554,-0.0035611229619590627,-0.0035809642318003327,0.007265258439267841,0.007245417169426571,0.0019081606779420834
2025-07-15,0.008466045944954393,0.008446204675113122,0.003332454691048925,0.0023126134212076554,0.006673309560517626,0.006653468290676356,-0.003383550108809197,-0.003403391378650467,0.008466045944954393,0.008446204675113122,0.003332454691048925,0.0023126134212076554,-0.0025677297284066765,-0.0025875709982479465,-0.0006746444524410311,-0.001694485722282301,0.0010943364424782377,0.0010744951726369678,-0.0006746444524410311,-0.0006944857222823009,-0.0017371575493990484,-0.0017569988192403182,0.003332454691048925,0.003312613421207655,0.0004999554343347312,0.0004801141644934614,0.003332454691048925,0.0023126134212076554,-0.004273327826197049
2025-07-16,0.007517301354370553,0.007497460084529284,-0.008660497876270656,-0.008680339146111927,-0.003474360227092921,-0.003494201496934191,0.0,0.0,0.007517301354370553,0.007497460084529284,-0.008660497876270656,-0.008680339146111927,-0.0027934267754290976,-0.0028132680452703676,0.0038531264480936023,0.0033332851782523322,-0.000318880569143842,-0.0003387218389851118,0.001815392400499105,0.0017955511306578353,0.000855866083157142,0.0008360248133158722,-0.008660497876270656,-0.008680339146111927,-0.0023223744159062924,-0.0023422156857475624,-0.006620264981896107,-0.008140106251737377,0.0033433222651619854
2025-07-17,0.001794676476801438,0.0017748352069601682,-0.019177612816019596,-0.020197454085860867,-0.010921925266564981,-0.010941766536406251,-0.019123044469470885,-0.020142885739312156,0.001794676476801438,0.0017748352069601682,-0.019177612816019596,-0.020197454085860867,-0.0074803231085128095,-0.007500164378354079,-0.007120481375704868,-0.0071403226455461375,-0.004427172706527371,-0.004447013976368641,-0.0060858788655497875,-0.006105720135391057,-0.0071472438854918935,-0.007167085155333163,-0.002134418148052708,-0.002154259417893978,0.004811033210098925,0.004791191940257656,-0.007971181501851388,-0.008324356105025991,0.006119571230611909
2025-07-18,-0.006467532332471482,-0.006487373602312752,0.013502279792798444,0.013482438522957173,-0.0058240031949347675,-0.005843844464776037,0.016522323072495515,0.015502481802654245,-0.006467532332471482,-0.006487373602312752,0.013502279792798444,0.013482438522957173,0.00509032335282793,0.00507048208298666,0.005064077692809217,0.004710903089634614,0.003912353596135887,0.0038925123262946166,0.006256102622705484,0.006236261352864214,0.008627959372361738,0.008608118102520467,0.008352252928919113,0.008332411659077842,0.007169732391215456,0.007149891121374186,0.010505551721760847,0.010235710451919577,-0.0007322815495487411
2025-07-21,0.00034376386963241856,0.00032392259979114875,0.012908446295987863,0.012388605026146594,0.01135105556259236,0.01133121429275109,0.014323331132541051,0.01370348986269978,0.00034376386963241856,0.00032392259979114875,0.012908446295987863,0.012388605026146594,0.004733038743990725,0.0047131974741494555,0.02151309004800131,0.020243248778160042,-0.0017072275010501237,-0.0017270687708913935,-0.0375596579593408,-0.038579499229182065,-0.0016380810402868095,-0.0016579223101280793,0.020828520118894023,0.01980867884905275,-0.004592747098857219,-0.004612588368698488,0.0033333569853391345,0.0029801823821645314,0.0018962187902900052
2025-07-22,-0.0075238233313105075,-0.007543664601151777,-0.016113769733794598,-0.0164669443369692,-0.010555616980266025,-0.010575458250107295,-0.03017575011825213,-0.030195591388093402,-0.0075238233313105075,-0.007543664601151777,-0.016113769733794598,-0.0164669443369692,-0.016345292060764505,-0.016365133330605776,-0.04814882958990223,-0.0483686708597435,-0.015798960765292813,-0.015818802035134083,-0.014646920744941783,-0.014666762014783053,-0.009922712671548994,-0.009942553941390264,-0.05038814620162824,-0.050407987471469504,0.0017658309229160018,0.001745989653074732,-0.003899020499597545,-0.004061718912295958,0.00014305905318323653
2025-07-23,-0.011505555013619849,-0.01152539628346112,-0.014082986328647032,-0.014702827598488302,-0.004366551664643614,-0.004386392934484884,0.0049898251243824295,0.00421998385454116,-0.011505555013619849,-0.01152539628346112,-0.014082986328647032,-0.014702827598488302,0.0009965720527934652,0.0009767307829521954,-0.02193203902196171,-0.022237594577517266,0.0006692519674311725,0.0006494106975899027,0.00842788111361666,0.007741373177108723,-0.004407787675534081,-0.00442762894537535,-0.027656570415984016,-0.028176411685825287,-0.0008313120677816083,-0.0008511533376228781,-0.004933771421375451,-0.0055536126912167205,0.008507352960706926
2025-07-24,0.005288575581065946,0.005268734311224676,0.004628050722055123,0.004191542785547187,0.0023328662972891376,0.0023130250274478676,0.004368064669326199,0.0043482233994849295,0.005288575581065946,0.005268734311224676,0.008521601367649604,0.008335093431141668,0.014282793503998359,0.014262952234157088,0.007218180957466276,0.007198339687625006,0.008384326331708769,0.008364485061867499,0.0022186137327914746,0.0016987724629502047,0.0168433551248079,0.01682351385496663,0.008645636219207109,0.008625794949365839,-0.0027927050450142986,-0.0028125463148555687,0.0057598698372687855,0.005573361900760849,0.0003312664298054102
2025-07-25,0.0014763049409945881,0.0014564636711533183,-0.003731873590933358,-0.003951714860774628,0.0052943305125936705,0.005274489242752401,0.00848763616646733,0.008182080610911774,0.0014763049409945881,0.0014564636711533183,-0.005470821374662852,-0.005490662644504121,0.006824228741681959,0.006804387471840689,0.006716824785994613,0.006071983516153343,-0.0001413229185340593,-0.00016116418837532913,0.0008428428271819808,0.0004896682240073776,0.005424711897097345,0.005404870627256075,0.0001288111834510386,-0.00039103008639023123,-0.0025869689753471037,-0.0026068102451883737,-0.0017759447838438893,-0.0019207860536851592,0.004224198566099124
2025-07-28,0.004006997828038927,0.003987156558197658,-0.005251707982286521,-0.00527154925212779,0.0036564187519090405,0.0036365774820677705,0.00885936663764435,0.008839525367803079,0.004006997828038927,0.003987156558197658,-0.0077524667059447605,-0.00777230797578603,-0.004418567311263355,-0.004438408581104625,0.007873494673384378,0.007742542292431997,0.004001779102049696,0.003981937832208427,-0.008245876568113559,-0.00826571783795483,-0.005557139336060712,-0.005576980605901982,-0.00867505589888995,-0.00869489716873122,0.0009020648246498061,0.0008822235548085363,-0.002205243621068566,-0.002336196002020947,-0.0002511098453120697
2025-07-29,0.019072825064940416,0.019052983795099145,0.003927609026367307,0.0037077677565260374,-0.003327382954969138,-0.003347224224810408,-0.008497956730368988,-0.008517798000210259,0.019072825064940416,0.019052983795099145,0.0008779158892459876,0.0006580746194047176,-0.008905089140591793,-0.008924930410433064,-0.012546065308211549,-0.01269090657805282,-0.005199809527395604,-0.005219650797236874,-0.004700556891654754,-0.005220398161496024,0.010102489146630932,0.010082647876789662,0.0011158360749756362,0.000762661471801033,0.005262617414934157,0.0052427761450928876,-0.002342869837998836,-0.002562711107840106,-0.0026375098876267877
2025-07-30,-0.0009557407090500895,-0.0009755819788913594,0.021373893946406177,0.020979052676564906,-0.002413050465762446,-0.002432891735603716,0.0035903369036635402,0.00357049563382227,-0.0009557407090500895,-0.0009755819788913594,0.023991617411641516,0.023596776141800245,0.00235484302163298,0.00233500175179171,0.015847944536090897,0.015628103266249627,0.005282960939945857,0.005263119670104587,0.01273169231417089,0.012378517710996286,0.002873092931331744,0.002853251661490474,0.018506746412810204,0.018086905142968932,-0.018359166881678657,-0.018379008151519927,0.023169280902008406,0.022967621450348953,-0.001259380470896465
2025-07-31,0.011100504721062885,0.011080663451221615,-0.001819352547170772,-0.0018391938170120418,-0.0061272283051806205,-0.00614706957502189,0.0010894823248312376,0.0008696410549899676,0.011100504721062885,0.011080663451221615,-0.0016051953716308964,-0.0016250366414721662,0.008964047567671484,0.008944206297830213,-0.0003976543361659396,-0.0005084046969163003,0.017253495176151615,0.017233653906310344,0.004554499431075526,0.004284658161234256,0.01035938263026991,0.010339541360428639,-0.0036161170999381605,-0.003802625036446097,0.008290393853549294,0.008270552583708023,-0.02683901251832636,-0.02685885378816763,-0.003751313061954642
2025-08-01,0.014174023534071666,0.014154182264230396,0.00267401041576711,0.0024875024792591735,-0.00870723675271694,-0.00872707802255821,-0.01838663637278134,-0.018573144309289275,0.014174023534071666,0.014154182264230396,0.01084764848551914,0.01057780721567787,-0.007905303878286975,-0.007925145148128246,0.005442563417818413,0.005422722147977143,-0.01397702256978569,-0.01399686383962696,-0.016313997093053284,-0.016583838362894555,0.009235553954698073,0.009215712684856802,-0.007314220912117014,-0.007667395515291617,0.0022402633802530167,0.0022204221104117467,-0.023601516580321513,-0.023704691183496114,-0.016390403691366795
2025-08-04,0.0012533162682014983,0.0012334749983602285,0.004238357760671137,0.004107405379718756,-0.0013869241259497067,-0.0014067653957909765,-0.004522831215633618,-0.004667672485474888,0.0012533162682014983,0.0012334749983602285,0.0024383316322565893,0.0023073792513042084,0.0042664631358619535,0.004246621866020684,-0.0005727340927265331,-0.000592575362567803,0.007483704817313197,0.0074638635474719274,0.0031348072675081214,0.0029149659976668517,0.0027818747099641935,0.0027620334401229235,0.00753355223121451,0.00751371096137324,0.0016324864253641656,0.0016126451555228958,-0.002215554312111725,-0.0024789853255427386,0.015199896036428573
2025-08-05,-0.0031876826442549184,-0.0032075239140961884,-0.01235069213992536,-0.01249553340976663,-0.0021472453105037762,-0.0021670865803450463,-0.0002617292026864393,-0.0002815704725277091,-0.0031876826442549184,-0.0032075239140961884,-0.015330534507883117,-0.015475375777724388,-0.0020706202609285466,-0.0020904615307698166,-0.017169531261050766,-0.017189372530892037,-0.0025979632617694317,-0.0026178045316107017,-0.012304185447837745,-0.012324026717679015,-0.004017434071621551,-0.004037275341462821,-0.03009634063110847,-0.03031618190094974,0.005036913231346562,0.005017071961505293,0.0020073687317473613,0.0017875274619060914,-0.005069969618996528
2025-08-06,-0.007199610764390607,-0.007219452034231876,-0.0047551793962409645,-0.0049178778089393775,0.006064223157741021,0.006044381887899752,0.005483671751617995,0.0054638304817767255,-0.007199610764390607,-0.007219452034231876,-0.006008464315035858,-0.0062283055848771285,-0.001320946889067154,-0.0013407881589084238,0.021452312952195605,0.02127862552850818,-0.0027780744883016185,-0.0027979157581428885,-3.600837462460187e-05,-5.5849644465871714e-05,-0.008430551208955283,-0.008450392478796554,0.01683521568051083,0.016648707744002893,-0.0031616491767593844,-0.0031814904466006544,-0.007263809702370068,-0.007416984305544671,0.007659667282124971
2025-08-07,0.005005723405515328,0.0049858821356740584,0.00824537218996846,0.00822553092012719,-0.0032624305572766747,-0.0032822718271179447,-0.0071571349610169725,-0.007288087341969353,0.005005723405515328,0.0049858821356740584,0.00647839597788261,0.00645855470804134,-0.013954487656725788,-0.013974328926567059,-0.0027415957148637263,-0.0027614369847049963,-0.01838950931407496,-0.01840935058391623,-0.002165321572203149,-0.0023851628420444187,-0.00848191025021754,-0.00850175152005881,0.0012311085544143288,0.001211267284573059,0.016818659559824513,0.016798818289983242,-0.0026150302612516644,-0.0026348715310929344,-0.0008376633299287395
2025-08-08,-0.0029647472598356758,-0.002984588529676946,-0.00032064430943516686,-0.0004654855792764367,0.0014944574377859232,0.0014746161679446534,0.002443942328052332,0.0022812439153539195,-0.0029647472598356758,-0.002984588529676946,-0.001966251572765333,-0.0021527595092732696,0.005560882805511725,0.005541041535670455,-0.004692027724957044,-0.005045202328131647,0.0046830075020759965,0.004663166232234727,-0.004737284337529579,-0.0049237922740375155,0.0014181026131919738,0.001398261343350704,0.0020595255170015314,0.0017896842471602616,-0.0038517172056053654,-0.0038715584754466354,0.001401944249069552,0.0011529363125616153,0.007797543710129862
2025-08-11,-0.002376882603277353,-0.002396723873118623,0.0017972098910920414,0.0017773686212507716,-0.0032295424444173768,-0.003249383714258647,-0.00573250622871544,-0.0057523474985567095,-0.002376882603277353,-0.002396723873118623,0.0031264159542136183,0.0031065746843723483,0.0017945505929046312,0.0017747093230633614,0.0013909923183975685,0.0013711510485562987,0.002540644259328484,0.002520802989487214,0.0009198682665497318,0.000900026996708462,0.002028962668099477,0.002009121398258207,0.006747458674229831,0.006727617404388562,-0.0026179844180091562,-0.0026378256878504262,0.0027085990490613907,0.0026887577792201207,-0.001977460235009665
2025-08-12,-0.014160383416005161,-0.014180224685846432,-0.010034577980419734,-0.010054419250261005,-0.0026753769009519087,-0.0026952181707931787,-0.00270544638514009,-0.0027252876549813602,-0.014160383416005161,-0.014180224685846432,-0.01002045419021716,-0.01004029546005843,0.0024439744355979065,0.0024241331657566365,-0.01257131232511938,-0.012591153594960651,0.008380028764921133,0.008360187495079862,-0.0027159157822096913,-0.0027357570520509613,-0.002853350204849104,-0.002873191474690374,-0.007046228624463986,-0.007066069894305255,0.0004418233088314691,0.0004219820389901993,0.0019351263224140578,0.001915285052572788,0.010645956381075239
2025-08-13,-0.0048788732332317505,-0.00489871450307302,-0.006312540560537677,-0.006332381830378947,-0.006175519502605574,-0.006195360772446844,-0.003075920316759762,-0.003095761586601032,-0.0048788732332317505,-0.00489871450307302,-0.0032715948643196966,-0.0032914361341609666,-0.013142129961782755,-0.013161971231624025,-0.0042880780715075315,-0.004391252674682135,-0.01715859548116775,-0.01717843675100902,-0.0031978583862644584,-0.0032176996561057284,-0.009980669411640388,-0.010000510681481658,-0.020856442830344064,-0.020876284100185334,0.0037040182658927504,0.0036841769960514804,0.0009860373552562692,0.0008233389425578565,0.0034231622233515946
2025-08-14,-0.0002474953363323482,-0.000267336606173618,0.0161442530476605,0.01598155463496209,0.01260882881201083,0.01258898754216956,0.01464578724849638,0.014340231692940825,-0.0002474953363323482,-0.000267336606173618,0.019402377997147675,0.019182536727306406,0.015159126454038973,0.015139285184197703,0.014499317058293956,0.014479475788452685,0.013815840927584677,0.013795999657743406,0.014955456518009828,0.014935615248168558,0.009475040734940397,0.009455199465099127,0.020006753404220274,0.019986912134379003,0.0008551100507231846,0.0008352687808819148,0.016084549342345072,0.015987784995580727,9.314861703568766e-05
2025-08-15,-0.00514212422180671,-0.005161965491647979,-0.001546799635923874,-0.001677752016876255,0.0005976466533670014,0.0005778053835257316,-0.0005368179115391289,-0.0008423734670946844,-0.00514212422180671,-0.005161965491647979,-0.004969049188367318,-0.005100001569319699,-0.002074102463906846,-0.002093943733748116,-0.000542762281089959,-0.0007292702175978956,-0.0019937953335360747,-0.0020136366033773447,0.009028638841796204,0.008842130905288268,-0.012893171805432679,-0.01291301307527395,-0.0052379781762942335,-0.005400676588992646,-0.016049126936485702,-0.016068968206326972,0.012140456885293369,0.011966769461605945,-0.0023413520331988513
2025-08-18,-0.0020537001105860432,-0.0020735413804273133,0.0010118514049670187,0.0008253434684590822,-1.6044770789769292e-05,-3.588604063103913e-05,-0.0002529417822217701,-0.0010227830520630398,-0.0020537001105860432,-0.0020735413804273133,0.00027790392381920855,8.06265397793873e-06,0.0013071627222791316,0.0012873214524378618,-0.0036501717407686333,-0.004260922101518994,-0.0032486365644567748,-0.003268477834298045,-0.0005698678829883545,-0.0007897091528296244,-0.0029178196787773888,-0.002937660948618659,-0.009963965390659711,-0.010317139993834315,-0.008363992598843795,-0.008383833868685065,0.005085002194005721,0.004883342742346269,-0.00021748402328902738
2025-08-19,-0.016420130240642115,-0.016439971510483386,-0.0024515448670072936,-0.0026713861368485633,-0.0033387794059644093,-0.0033586206758056793,-0.0005952766196981754,-0.0006151178895394452,-0.016420130240642115,-0.016439971510483386,-0.0005714304112456698,-0.000924605014420273,-0.01946763786379364,-0.01948747913363491,0.0015380465647081391,0.0014182052948668693,-0.016265975741865578,-0.01628581701170685,-0.005853294471505388,-0.0058731357413466575,-0.009439269892830204,-0.009459111162671474,-0.007565710793420515,-0.0075855520632617844,0.0007680740830004473,0.0007482328131591775,0.0036154547374521095,0.0034956134676108397,-0.00542520451503492
2025-08-20,0.01218262746805716,0.01216278619821589,0.002397844665283773,0.0018780033954425032,0.00036144632374828233,0.00034160505390701246,0.00011023976236890784,-0.000709601507472362,0.01218262746805716,0.01216278619821589,0.008145796693429,0.00762595542358773,0.006188155706737308,0.006168314436896039,0.01683598244893303,0.016482807845758427,-0.0005377659262946422,-0.000557607196135912,0.0007396167025455593,0.00021977543270428946,0.009895485793971802,0.009875644524130532,-0.0008405052687867915,-0.0012603465386280613,-0.0009716421564064934,-0.0009914834262477632,-0.01026690206046214,-0.01128674333030341,-0.0026570069796351126
2025-08-21,0.0080449424840224,0.00802510121418113,0.00961344369848105,0.00914360242863978,0.0034314697689610263,0.0034116284991197563,0.005194973365938732,0.005175132096097462,0.0080449424840224,0.00802510121418113,0.010913036877502669,0.0106931956076614,0.0031306976202996935,0.0031108563504584235,0.006602670613836471,0.006582829343995201,0.0034454211204036243,0.0034255798505623543,0.01068566682327407,0.0104158255534328,0.003421988078252092,0.0034021468084108218,0.007661397471541487,0.007641556201700217,0.006036854911729672,0.0060170136418884025,0.007628101215532712,0.007108259945691442,-0.004011882563847102
2025-08-22,-0.0057403313596895884,-0.005760172629530858,-0.012554479996637469,-0.013074321266478738,0.009479602823985224,0.009459761554143954,0.0004975705054002244,-0.0005222707644410454,-0.0057403313596895884,-0.005760172629530858,-0.012554479996637469,-0.012824321266478738,-0.0038489627067017085,-0.0038688039765429785,-0.018182379168556966,-0.019424442660620458,0.005658569590942766,0.005638728321101496,-0.008725194127971292,-0.009078368731145895,-0.005271819534271194,-0.005291660804112463,-0.016502150898676904,-0.017021992168518175,0.015183975933406002,0.015164134663564732,-0.0005141433895812456,-0.0007339846594225155,0.015356808979611891
2025-08-25,0.004158814364044438,0.0041389730942031685,-0.0063525324401819076,-0.006372373710023177,0.011207088184685389,0.011187246914844119,0.006271268627389748,0.006251427357548478,0.004158814364044438,0.0041389730942031685,-0.0063525324401819076,-0.006372373710023177,0.0028616768442207407,0.0028418355743794707,-0.010376695189693239,-0.01052153645953451,0.007040613586578203,0.007020772316736933,0.0060916418005804995,0.00607180053073923,0.0022267056096434423,0.0022068643398021723,0.00030778850786898973,0.0002879472380277199,-0.001668537667158354,-0.0016883789369996239,-0.015960437046907718,-0.0160913894278601,-0.004401019577044973
2025-08-26,-0.0028139505913470477,-0.0028337918611883177,0.0154981517074678,0.015478310437626529,0.0016251350811287814,0.0016052938112875116,0.0028851581211481237,0.0028653168513068537,-0.0028139505913470477,-0.0028337918611883177,0.0154981517074678,0.015478310437626529,0.012633441597539007,0.012613600327697736,0.06016004059366589,0.060140199323824625,0.008327812816215363,0.008307971546374093,0.01386306603833411,0.01384322476849284,0.010566364921037907,0.010546523651196637,0.029237281759095346,0.029217440489254076,-0.005038677756572174,-0.0050585190264134435,0.007379969584540464,0.007360128314699194,0.004186869919697411
2025-08-27,-0.006923620646141737,-0.006943461915983006,-0.005681958819542116,-0.007201800089383386,-0.004892986360748108,-0.004912827630589377,-0.010043172994539763,-0.010063014264381033,-0.006923620646141737,-0.006943461915983006,-0.005681958819542116,-0.007201800089383386,-0.005142337947707076,-0.005162179217548346,-0.0077507717861810725,-0.008103946389355675,-0.002895649426179814,-0.002915490696021084,-0.0074754654813433685,-0.007828640084517972,-0.00597238980135647,-0.005992231071197739,-0.005271419729456809,-0.005957927665964745,-0.007375508494951488,-0.007395349764792758,-0.002678465623516083,-0.0029840211790716385,0.0022786450217604504
2025-08-28,0.00199973678674098,0.00197989551689971,-0.003286427660346397,-0.003306268930187667,0.004676758231222411,0.004656916961381141,0.005160366091951446,0.004890524822110176,0.00199973678674098,0.00197989551689971,-0.003286427660346397,-0.003306268930187667,0.0031432802677824113,0.0031234389979411413,-0.0009373903898269422,-0.001157231659668212,0.007267433452598248,0.007247592182756979,0.003992842365980668,0.0034730010961393984,-0.00040167996696768295,-0.00042152123680895277,0.0004307545150902814,-8.908675475098843e-05,0.002716439729066089,0.002696598459224819,-0.00407507428339535,-0.00409491555323662,0.0035412203347215954
2025-08-29,-0.006047435960929904,-0.006067277230771173,0.0128149564755074,0.01229511520566613,0.001221267969325579,0.0012014266994843092,-0.005937242655179882,-0.006623750591687819,-0.006047435960929904,-0.006067277230771173,0.022493519771365267,0.022140345168190665,0.002996968054603844,0.002977126784762574,0.011681611014601167,0.011661769744759897,-0.0027089029045039847,-0.0027287441743452548,0.0076353047896303705,0.006948796853122434,0.005999544322032213,0.005979703052190944,0.015068386529523026,0.014048545259681756,-0.0003908268827290007,-0.00041066815257027054,-0.00041907949706253863,-0.0007246350526180942,-0.005963576555748085
2025-09-02,0.0020146174355018197,0.0019947761656605497,0.004360826909062143,0.0033409856392208736,-0.004471973552690389,-0.0044918148225316585,-0.001756111745588577,-0.002275953015429847,0.0020146174355018197,0.0019947761656605497,0.011025722659728749,0.01000588138988748,-0.0038556931535812526,-0.0038755344234225227,0.005178733282459413,0.0051588920126181435,-0.0021345383386254576,-0.0021543796084667276,0.0028329658750658364,0.0018131246052245666,0.001403192561719424,0.0013833512918781541,-0.0024678533627067734,-0.0024876946325480434,-0.003710829579788599,-0.0037306708496298692,-0.003813765823300915,-0.005000273759808852,-0.007410335051375783
2025-09-03,0.0009134046683820229,-0.0013064366014592477,0.01805153162460421,0.01803169035476294,0.017531184521326106,0.016711343251484836,0.019070669703282157,0.019050828433440886,-0.0011027483834888385,-0.003122589653330109,0.019305265439213404,0.019285424169372133,0.015023722782619452,0.01280388151277818,0.00378430621657333,0.00376446494673206,0.010874236062667453,0.009054394792826184,0.01677694872399808,0.01675710745415681,0.01967666021271498,0.01745681894287371,0.010058268337661103,0.010038427067819832,0.0006079925278676731,-0.0030118487419735977,0.04487277261590977,0.044852931346068506,0.005419476820332614
2025-09-04,0.000873404705312053,0.0008535634354707832,-0.0021372020151294944,-0.0024903766183040975,0.00845465523119161,0.008434813961350339,-0.008931559542578701,-0.008951400812419972,-0.0003322735647123044,-0.0003521148345535742,-0.0005241702237644974,-0.0010440114936057672,-0.0009357381763445026,-0.0009555794461857724,-0.00709271723323098,-0.007779225169738916,0.004274610474226993,0.004254769204385723,-0.006499741499203922,-0.006519582769045192,-0.0030133573404402597,-0.0030331986102815297,-0.004968460334264568,-0.005988301604105838,-0.0030205476573000323,-0.0030403889271413023,-0.003659786026320666,-0.004179627296161936,0.008357605492113285
2025-09-05,-0.0025805247934841957,-0.0026003660633254658,-0.01398811565353138,-0.014007956923372651,-0.004444406205286943,-0.004464247475128213,-0.021942110246500317,-0.02296195151634159,0.001778143908641072,0.0017583026387998021,-0.00919379185324859,-0.00921363312308986,-0.01035498918867971,-0.01037483045852098,-0.024473041356159724,-0.024492882626000995,0.0013955769434900846,0.0013757356736488148,-0.02062820964348555,-0.021148050913326822,-0.008610593147206202,-0.008630434417047472,-0.02062820964348555,-0.02064805091332682,0.002040879728948664,0.0020210384591073938,0.012356383033002016,0.012336541763160746,-0.002896333007960439
2025-09-08,0.0013618371804781093,0.0013419959106368395,-0.004765392869015894,-0.005285234138857164,0.0071161267855784135,0.007096285515737144,-0.0021739480036693237,-0.0026937892735105938,-0.001770372600117487,-0.0017902138699587569,0.00017780849876736227,-0.0008420327710739076,0.0010073179885064067,0.0009874767186651369,-0.010011862351319753,-0.010031703621161023,0.0047320268560970165,0.004712185586255747,-0.00970859423679915,-0.01072843550664042,0.003885722774231581,0.003865881504390311,-0.00970859423679915,-0.01072843550664042,-0.0029762794445969075,-0.0029961207144381776,0.005888341673703409,0.005535167070528806,0.002456656294075321
2025-09-09,0.008069955900224978,0.008050114630383708,0.019600990141813268,0.019581148871971998,0.009285961546028943,0.009266120276187673,0.026170373614825992,0.026150532344984722,0.007110080541667851,0.007090239271826581,0.012371704088784963,0.012351862818943692,-0.011269880816993805,-0.011289722086835076,0.010021813950134534,0.010001972680293264,0.007589058833826745,0.007569217563985475,0.026830276194841574,0.026810434925000303,0.0006000072954147617,0.0005801660255734919,0.026830276194841574,0.026810434925000303,0.012853834160233214,0.012833992890391943,0.0048655859068769125,0.004845744637035643,0.00231180914368867
2025-09-10,0.03519960235395865,0.035179761084117384,0.018984123243432238,0.018964281973590968,-0.0013251275107589056,-0.0013449687806001754,0.04548315047713347,0.045463309207292205,0.03092045115047304,0.030900609880631768,-0.009442953212776994,-0.009462794482618265,-0.04660193405003764,-0.046621775319878905,0.01368930021128012,0.01366945894143885,0.04448476316575697,0.0444649218959157,0.04741119969964147,0.047391358429800204,0.00120546585676774,0.0011856245869264702,0.04741119969964147,0.047391358429800204,-0.010923359059308801,-0.010943200329150072,0.007718311137554204,0.007698469867712935,0.002890849205147372
2025-09-11,-0.012905417472352276,-0.012925258742193546,-0.024468973189884245,-0.024822147793058847,-0.006453977838195846,-0.006473819108037115,-0.018596289099384378,-0.018616130369225648,-0.011380888496860274,-0.011400729766701544,-0.030859856849857814,-0.03137969811969908,-0.0031327023683122017,-0.0031525436381534717,0.009444451936700737,0.009174610666859467,-0.010280751484733498,-0.010300592754574768,-0.04243709972417298,-0.042956940994014245,-0.011005719220029464,-0.011025560489870734,-0.0116872058699371,-0.011707047139778371,-0.001317453967109472,-0.0013372952369507419,-0.0033088281687775334,-0.0033286694386188034,0.00831024825646609
2025-09-12,-0.0008805092037677317,-0.0009003504736090015,-0.0005388720369907674,-0.0005587133068320372,0.0010255729486086437,0.0010057316787673738,0.010774912965357764,0.010755071695516493,-0.0019953125140592335,-0.0020151537839005035,-0.00888669423723859,-0.008906535507079861,0.004725522652908576,0.004705681383067307,0.01390566006402899,0.01388581879418772,0.00404153543659993,0.00402169416675866,-0.01114380181350022,-0.01116364308334149,0.000778657218177525,0.0007588159483362552,0.01615677236350488,0.01613693109366361,0.0011345218283437038,0.001114680558502434,-0.001427024176250698,-0.001446865446091968,-0.00033461472176832263
2025-09-15,0.004532839443491532,0.004512998173650262,0.0019656739678843016,0.0016958326980430318,0.004971469371549343,0.004951628101708073,-0.00044106179938829815,-0.001460903069229568,0.003249681984019137,0.003229840714177867,0.00452679979561584,0.004173625192441237,-0.0015010935682007393,-0.001520934838042009,-0.006698893055373597,-0.007052067658548201,0.012774718656121963,0.012754877386280693,0.0037513719023883896,0.0033981972992137865,0.007545392659340666,0.007525551389499396,-0.0087553125052528,-0.009275153775094068,-0.0029705733496039445,-0.0029904146194452146,-0.004554561675469138,-0.005074402945310408,0.005324008789658441
2025-09-16,0.0048466758309345884,0.004826834561093319,0.004476092914510399,0.004456251644669129,0.0018644769333761133,0.0018446356635348435,-0.013165574413010916,-0.013185415682852187,0.00761974950987887,0.007599908240037601,0.010891243257561042,0.010871401987719772,0.003682247786956361,0.0036624065171150908,-0.0044909629163794405,-0.00451080418622071,0.0007818099444886651,0.0007619686746473953,0.006377118592085784,0.006357277322244515,0.00030160786079458385,0.000281766590953314,0.0014138496036363302,0.0013940083337950604,0.0036976954276978337,0.0036778541578565637,-0.007998171116428643,-0.008018012386269913,-0.001376934061145807
2025-09-17,0.0034014500984875687,0.0033816088286462986,-0.0009167454383899321,-0.0009365867082312019,0.002172355927220015,0.002152514657378745,-0.015687843547713243,-0.015707684817554513,0.007304800378282673,0.007284959108441403,0.007112431752401467,0.007092590482560198,0.006282718316483848,0.006262877046642579,0.005233553027461387,0.005213711757620117,-0.0045355442253779184,-0.004555385495219188,-0.004376083485824818,-0.004395924755666088,0.003484904200847627,0.003465062931006357,0.0013586219328867721,0.0013387806630455023,0.0070177700719337485,0.006997928802092479,-0.007771504153424702,-0.007791345423265972,-0.0012423553760646522
2025-09-18,0.0031800026156338147,0.0031601613457925446,0.0022049871757804096,0.0021851459059391396,0.007706340002944822,0.007686498733103553,0.03026818837116818,0.03024834710132691,-0.00243858491591421,-0.00245842618575548,-0.00714941322268218,-0.00716925449252345,-0.0033685662067516773,-0.0033884074765929474,0.015831224590422466,0.015311383320581197,0.026851561792188495,0.026831720522347224,0.006639314453172895,0.006619473183331626,-0.0008145290642783357,-0.0008343703341196055,0.020241198941983285,0.020221357672142014,0.027229996321964333,0.027210155052123063,0.009585096857385567,0.009565255587544296,0.004672370490589994
2025-09-19,0.008041551014687853,0.008021709744846582,0.001678681563683615,0.0016588402938423452,0.001806592185803313,0.0017867509159620431,-0.002513173512777689,-0.002533014782618959,0.007942625444894802,0.007922784175053531,0.003075966589170717,0.003056125319329447,0.002060087182792913,0.002040245912951643,-0.009213091781120397,-0.009232933050961668,0.003925592599936889,0.0039057513300956186,0.007975432865687507,0.007955591595846237,0.0047171989083383044,0.004697357638497035,-0.005855728653753167,-0.005875569923594437,0.0007034703267055241,0.0006836290568642542,-0.009862372927552876,-0.009882214197394146,0.004952930300824665
2025-09-22,0.007435353086924979,0.007415511817083709,0.027752990812328147,0.027399816209153546,0.003846380282321715,0.003826539012480445,0.034551211851345576,0.03453137058150431,0.003455404278243912,0.003435563008402642,0.02435388029281943,0.02383403902297816,-0.005879597839071915,-0.005899439108913184,-0.05841290247153563,-0.0594327437413769,0.009349822351115101,0.00932998108127383,0.027752990812328147,0.027733149542486877,-0.0008259817942633859,-0.0008458230641046557,0.012423034982724401,0.01240319371288313,-0.0053876155766451545,-0.005407456846486424,0.034551211851345576,0.03353137058150431,0.004731085163901749
2025-09-23,-0.011886622422772098,-0.011906463692613369,-0.02061239743657946,-0.02063223870642073,-0.007883216084199375,-0.007903057354040646,-0.022768389619208462,-0.022788230889049733,-0.00851162682296035,-0.008531468092801621,-0.019534401345264962,-0.019554242615106233,-0.005164618901096973,-0.005184460170938243,0.03819511575596657,0.0381752744861253,-0.007332817727858065,-0.007352658997699334,-0.02061239743657946,-0.02063223870642073,-0.009383486053435586,-0.009403327323276856,-0.011821038276885909,-0.01184087954672718,-0.004196226158632143,-0.0042160674284734126,-0.022768389619208462,-0.022788230889049733,-0.005443572672652719
2025-09-24,0.010486370354833586,0.010466529084992316,-0.013090428261669323,-0.013110269531510593,-0.007225829898122982,-0.007245671167964251,-0.005000833347468703,-0.005020674617309972,0.0106097450847358,0.01058990381489453,-0.01713522571876963,-0.0171550669886109,-0.018660093617949805,-0.018679934887791075,0.013929499720136462,0.013909658450295192,0.007896667441066619,0.007876826171225348,-0.013090428261669323,-0.013110269531510593,-0.019637437879280552,-0.019657279149121822,-0.012670892532435751,-0.012690733802277022,0.018592787099047915,0.018572945829206645,-0.005000833347468703,-0.005020674617309972,-0.0031816581403536492
2025-09-25,0.005365607489809842,0.005345766219968572,-0.011701978176088201,-0.011721819445929472,0.005175867035074322,0.005156025765233052,0.008681833067552325,0.008661991797711054,0.005363065306041281,0.0053432240362000115,-0.021893883797908464,-0.021913725067749735,0.004765157451586843,0.004745316181745574,0.05092057421587548,0.05090073294603421,0.008482213854685372,0.008462372584844101,-0.011701978176088201,-0.011721819445929472,-0.002103690168878047,-0.002123531438719317,0.007907319843805438,0.007887478573964168,0.008574712782034298,0.008554871512193028,0.008681833067552325,0.008661991797711054,-0.0046134455757694814
2025-09-26,0.0016695458680102138,0.001649704598168944,-0.007950946867665695,-0.007970788137506965,0.009604613374521453,0.009584772104680183,-0.002915014744408584,-0.002934856014249854,0.0016772187773079206,0.0016573775074666508,-0.01046891292929425,-0.01048875419913552,0.008457468650147081,0.00843762738030581,0.032743145336190715,0.03272330406634945,0.005253865958677929,0.005234024688836659,-0.007950946867665695,-0.007970788137506965,0.005378908915014424,0.005359067645173155,0.004445152366596816,0.004425311096755547,0.007250777087701454,0.007230935817860184,-0.002915014744408584,-0.002934856014249854,0.005729103921045642
2025-09-29,-0.0054943540371955035,-0.005514195307036773,-0.005363180286104718,-0.0058830215559459885,-0.0011152192867093901,-0.00113506055655066,0.0,0.0,-0.007404187749304481,-0.0074240290191457505,-0.005363180286104718,-0.005383021555945988,0.000504898295725309,0.00048505702588403916,0.00527979769554876,0.005259956425707491,-0.0055978744400439154,-0.005617715709885185,-0.005363180286104718,-0.0058830215559459885,-0.0020225733068134242,-0.0020424145766546943,-0.005446562876660677,-0.006466404146501946,-0.0034235227835496596,-0.0034433640533909297,0.0,0.0,0.002810434169152165
2025-09-30,0.012879432331418863,0.012859591061577592,-0.01573340577345822,-0.01575324704329949,-0.0046022099747078824,-0.004622051244549152,0.0,0.0,0.010003550411152485,0.009983709141311215,-0.01573340577345822,-0.01575324704329949,0.008507813768011374,0.008487972498170104,0.009142391828416474,0.009122550558575204,-0.0037201720274667952,-0.0037400132973080653,-0.01573340577345822,-0.01575324704329949,0.01876214303115694,0.01874230176131567,-0.022324419718499966,-0.022344260988341236,0.013403285292226709,0.013383444022385439,0.0,0.0,0.0037667067961630885
2025-10-01,0.013813034351252017,0.013793193081410747,-0.0023932574011318875,-0.0024130986709731575,-0.0006347793245823907,-0.0006546205944236605,0.0,0.0,0.013979261311163416,0.013959420041322146,-0.0023932574011318875,-0.0024130986709731575,-0.0017195590034797315,-0.0017394002733210014,-0.02422004726235616,-0.02423988853219743,0.016141744076102117,0.016121902806260847,-0.0023932574011318875,-0.0024130986709731575,0.006617670989593095,0.006597829719751825,-0.029006562064619934,-0.029026403334461204,0.02889388061789773,0.02887403934805646,0.0,0.0,0.0034076994727081367
2025-10-02,-0.008091211337837679,-0.00811105260767895,0.009738707181107364,0.009718865911266094,-0.0015992968326169366,-0.0016191381024582064,0.0038350274750702518,0.002815186205228982,-0.0100845805545134,-0.01010442182435467,0.009738707181107364,0.009718865911266094,-0.007183493609363056,-0.007203334879204325,-0.0009437684516752087,-0.0014636097215164786,-0.0021949464710267594,-0.0022147877408680294,0.009738707181107364,0.009718865911266094,-0.011599179016067829,-0.0116190202859091,0.01758987745886431,0.01657003618902304,0.0026291141507640784,0.0026092728809228084,0.0038350274750702518,0.002815186205228982,0.0011516391661055003
2025-10-03,-0.00311541717183671,-0.00313525844167798,-0.01129911419834606,-0.011318955468187331,-0.003497348467055783,-0.003517189736897053,-0.03538833414400011,-0.03540817541384138,-0.0029452218118438903,-0.0029650630816851604,-0.01129911419834606,-0.011318955468187331,0.0016728137903664897,0.0016529725205252199,0.02225771128168652,0.02223787001184525,0.004012984215657866,0.003993142945816597,-0.01129911419834606,-0.011318955468187331,0.0013495731413137313,0.0013297318714724615,0.02191719416668092,0.02189735289683965,-0.0025102880087791934,-0.0025301292786204634,-0.03538833414400011,-0.03540817541384138,-1.4749984535544769e-05
2025-10-06,-0.002786304628319447,-0.002806145898160717,0.010839822726337989,0.010819981456496718,0.011853446201315142,0.011833604931473871,-0.014152038870000938,-0.014171880139842209,-0.004117100139196384,-0.0041369414090376535,0.010839822726337989,0.010819981456496718,0.009042508281360795,0.009022667011519525,-0.0006541225585853239,-0.0006739638284265937,0.02269089472763248,0.02267105345779121,0.010839822726337989,0.010819981456496718,0.013022427497573642,0.013002586227732371,0.02037140033550533,0.02035155906566406,-0.010383290647437081,-0.010403131917278352,-0.014152038870000938,-0.014171880139842209,0.0035863272632872256
2025-10-07,-0.0012800820238943022,-0.001299923293735572,-0.026685288855557432,-0.027705130125398703,-0.005367426711681455,-0.0053872679815227245,-0.02804727668570184,-0.02806711795554311,-0.0002561585842582037,-0.0002759998540994735,-0.026685288855557432,-0.027705130125398703,0.007821822569164272,0.0078019812993230025,0.02477320836903346,0.02475336709919219,-0.0014587996684800484,-0.0014786409383213182,-0.011509021690821575,-0.011528862960662845,0.004855069783857624,0.004835228514016354,0.0049166014312049255,0.0043967601613636555,0.003905432473083059,0.003885591203241789,-0.043223543850437696,-0.044243385120278964,-0.003707626096903671
2025-10-08,-0.0023877829179691835,-0.0024076241878104535,0.015211644760242393,0.015191803490401123,0.009105019494477829,0.009085178224636559,-0.003351109541820163,-0.003370950811661433,-0.005325410773022521,-0.005345252042863791,0.015211644760242393,0.015191803490401123,0.005322988619489799,0.005303147349648529,-0.0030653234909153726,-0.0030851647607566426,0.009308166098539461,0.00928832482869819,0.0024196418823088095,0.0023998006124675395,0.0031277539250238796,0.0031079126551826096,0.003429083450843584,0.003409242181002314,-0.006894600149202034,-0.006914441419043304,0.00944089333611342,0.00942105206627215,0.005963110863889121
2025-10-09,0.010939116886263723,0.010919275616422452,-0.0013488166369154397,-0.0023686579067567094,-0.001267729621567959,-0.0012875708914092288,-0.012011175141656283,-0.012031016411497553,0.008964024960641304,0.008944183690800033,-0.0013488166369154397,-0.0023686579067567094,0.005436351776601111,0.005416510506759842,0.012011175141656283,0.010991333871815013,0.01017505357352393,0.01015521230368266,-0.0008304221530645028,-0.0018502634229057727,0.01135204756097341,0.01133220629113214,0.00491596817583817,0.0048961269059969005,0.0122645515465973,0.01224471027675603,-0.01252956962550722,-0.01254941089534849,-0.002896927773588187
2025-10-10,0.004250457577180369,0.004230616307339099,-0.02784064781522011,-0.02786048908506138,-0.01861305137230026,-0.01863289264214153,-0.07883650058094782,-0.07985634185078909,0.00987084754226173,0.00985100627242046,-0.02784064781522011,-0.02786048908506138,-0.007642376448366649,-0.007662217718207918,-0.024718366744142684,-0.025238208013983954,-0.005077174447016806,-0.005097015716858075,-0.0016364462407422176,-0.0016562875105834874,-0.0033877470816677663,-0.0034075883515090363,-0.00738860525481555,-0.00740844652465682,0.006766051005736851,0.006746209735895581,-0.04090408512080912,-0.040923926390650386,-0.02702787419005037
2025-10-13,0.0003020640738866428,0.000282222804045373,0.01621167604374585,0.016191834773904578,0.012372632321748012,0.012352791051906741,0.04104765595371018,0.041027814683868916,-0.004379300461069724,-0.004399141730910994,0.01621167604374585,0.016191834773904578,-0.007524021723197039,-0.007543862993038309,0.002749343858943598,0.002729502589102328,0.012882458122658825,0.012862616852817555,0.0,0.0,0.002024453810894033,0.002004612541052763,-0.0007814040370828224,-0.0008012453069240922,-0.013562097560305597,-0.013581938830146868,0.03398616016165734,0.033966318891816075,0.01534405245669701
2025-10-14,-0.009748816289100758,-0.009768657558942028,0.0038587240368289644,0.0038388827669876943,-0.011376070542399775,-0.011395911812241045,-0.013939616529623944,-0.013959457799465214,-0.0035399626091136447,-0.0035598038789549148,0.0038587240368289644,0.0038388827669876943,-0.010337667924021266,-0.010357509193862536,-0.012050135985981147,-0.012069977255822418,-0.020108617708751265,-0.020128458978592535,0.0,0.0,-0.016071368475345394,-0.016091209745186665,-0.0006108018421701056,-0.0006306431120113754,0.0061656386058899,0.0061457973360486305,0.00893905175799814,0.00891921048815687,-0.0012216093756775015
2025-10-15,0.004927782902936639,0.004907941633095369,0.010022202125302138,0.010002360855460867,0.009911505104576534,0.009891663834735264,0.015212586175344933,0.014692744905503664,0.006926182927878155,0.006906341658036885,0.010022202125302138,0.010002360855460867,-0.009299726933516628,-0.009319568203357899,-0.006255344175367586,-0.00660851877854219,0.01544326293523759,0.01542342166539632,0.007511200363665038,0.0064913590938237686,0.0008313225199313989,0.0008114812500901291,0.001169400684460975,0.0011495594146197052,0.010106882692134656,0.010087041422293386,0.014075941060549713,0.013556099790708443,0.004439561180749063
2025-10-16,-0.0001951075326535823,-0.00021494880249485213,-0.009683601685692156,-0.009703442955533426,-0.0031142050569633595,-0.0031340463268046295,-0.016183010712562857,-0.016869518649070794,-0.0005383658883374554,-0.0005582071581787252,-0.009683601685692156,-0.009703442955533426,-0.0042438194036475314,-0.004263660673488801,-0.002127526847450323,-0.0031473681172915925,-0.0009793777794166682,-0.000999219049257938,-0.01810791656800807,-0.018794424504516006,-0.004830809780163337,-0.0048506510500046065,-0.015287304720819295,-0.016307145990660566,0.0005942657358656515,0.0005744244660243817,-0.027584827625916297,-0.027604668895757568,-0.00681025770778676
2025-10-17,-0.00588934292493023,-0.0059091841947715,-0.006224780516759232,-0.006244621786600501,4.9778094192987066e-05,2.9936824351717224e-05,0.009258255602268875,0.009238414332427605,-0.006758902449711768,-0.006778743719553037,-0.006224780516759232,-0.006244621786600501,0.009129714002315725,0.009109872732474454,-0.010493146930486493,-0.010512988200327764,-0.0030110453801209247,-0.0030308866499621947,-0.004031536170110169,-0.004051377439951438,0.0009866438784538632,0.0009668026086125934,-0.005806784754393224,-0.005826626024234493,0.0014510144352022246,0.0014311731653609547,-0.0008838096696537345,-0.0009036509394950043,0.005676293099704743
2025-10-20,-0.00534146491941242,-0.00536130618925369,-0.0025950940426455738,-0.0036149353124868434,0.013707994347579801,0.01368815307773853,0.008321858179855847,0.007902016910014577,-0.004089147545051398,-0.004108988814892667,-0.0025950940426455738,-0.0036149353124868434,0.014144612909538102,0.014124771639696831,0.0056294579083492335,0.005359616638507964,-0.0028942204935330394,-0.0029140617633743094,-0.009517146334483473,-0.010786987604324743,0.005301515219897134,0.0052816739500558645,0.0073446237204303575,0.006991449117255754,0.005821361072904985,0.005801519803063715,-0.0007359945919586108,-0.0012558358617998807,0.010400419493367341
2025-10-21,-0.0034006987220664086,-0.0034205399919076786,0.01931147594961158,0.019291634679770308,-0.0028970379957632742,-0.0029168792656045443,0.005097017598783604,0.005077176328942334,-0.002958092985270888,-0.002977934255112158,0.01931147594961158,0.019291634679770308,0.01217682254924397,0.0121569812794027,-0.015915200675070462,-0.015935041944911733,-0.013359333134737483,-0.013379174404578753,-0.009670580568087644,-0.009690421837928915,-0.0037455872930681868,-0.003765428562909457,-0.0075230268959695454,-0.007542868165810815,0.000682981943184624,0.0006631406733433542,0.019876512505111466,0.019856671235270195,-1.4888084340025642e-05
2025-10-22,-0.00840355956956793,-0.008423400839409201,0.004768848231631817,0.004249006961790547,-0.00874710703928001,-0.00876694830912128,0.01703269484404991,0.01701285357420864,-0.008531191150264194,-0.008551032420105464,0.004768848231631817,0.004249006961790547,-0.009622430260254177,-0.009642271530095448,-0.014074983515464101,-0.01429482478530537,0.0009075017363682661,0.0008876604665269963,-0.04897746041925255,-0.04919730168909382,-0.003489067360235987,-0.003508908630077257,-0.007473108044964002,-0.007492949314805272,-0.0029589385041839614,-0.0029787797740252315,0.0008162158695387833,0.0002963745996975135,-0.005198959693403782
2025-10-23,-0.001370216328792806,-0.0013900575986340758,0.006976257193971103,0.006956415924129833,0.0026925784114413378,0.0026727371416000677,0.009553286245770435,0.009366778309262499,-0.002878553172608622,-0.002898394442449892,0.006976257193971103,0.006956415924129833,-0.004731345127915044,-0.004751186397756313,0.001384176089639662,0.0011976681531317254,0.011766037235548477,0.011746195965707206,-0.026870935256913586,-0.027057443193421522,0.00019062532316799197,0.00017078405332672213,0.0061859481293031395,0.00616610685946187,-0.0043916111251986025,-0.004411452395039872,0.003916667399040239,0.0035634927958656357,0.005930091802329507
2025-10-24,0.0009021263747096108,0.000882285104868341,-0.00012789578259769785,-0.0006477370524389677,0.006441946902275975,0.006422105632434705,-0.02033121497574168,-0.02035105624558295,-0.000707530030917236,-0.0007273713007585059,-0.00012789578259769785,-0.0006477370524389677,-0.004809292263816112,-0.0048291335336573815,0.01015404901799423,0.00938420774815296,0.005756168794848571,0.005736327525007302,0.013210163128048106,0.013190321858206835,0.0023550596688249547,0.0023352183989836846,0.019181251809200273,0.01882807720602567,0.003725619323780816,0.003705778053939546,0.007254979857608155,0.007235138587766885,0.008172460057694897
2025-10-27,-0.0007527343523738629,-0.0007725756222151327,0.010467923963557113,0.010448082693715843,0.007474216937462086,0.007454375667620816,-0.002229605309605605,-0.002249446579446875,-0.004495279575988187,-0.004515120845829457,0.010467923963557113,0.010448082693715843,0.004237775467958293,0.004217934198117023,0.01007123707185911,0.009940284690906728,0.008425604402846343,0.008405763133005072,-0.0011173978685928478,-0.0011372391384341176,0.0023187055209324178,0.0022988642510911477,0.015703973498075695,0.015684132228234424,0.005372614769235262,0.005352773499393992,0.0015887775602222726,0.0013689362903810027,0.011797628449856656
2025-10-28,-0.008335644238180874,-0.008355485508022144,-0.0018325601128615365,-0.0018524013827028063,0.0038306568768006087,0.0038108156069593386,0.0010092776850866847,0.0009894364152454149,-0.017012351036304996,-0.017032192306146266,-0.0018325601128615365,-0.0018524013827028063,0.009629001459600672,0.009609160189759401,0.0007397717718856667,0.0007199305020443969,-0.001226521175820272,-0.0012463624456615417,0.00819874476509519,0.008178903495253919,-0.00356112808189879,-0.00358096935174006,0.002626697543992695,0.002606856274151425,-0.0012232169942656523,-0.001243058264106922,-0.0002055705082644561,-0.00022541177810572594,0.002656129300611987
2025-10-29,0.004473226600631064,0.004453385330789795,-0.022816417073538903,-0.023336258343380174,0.008094510061699133,0.008074668791857862,0.014374187504376024,0.01402101290120142,-0.0005084890441018793,-0.0005283303139431491,-0.022816417073538903,-0.023336258343380174,-0.008175060375299614,-0.008194901645140884,0.0013277546757652246,0.0012079134059239547,0.0053613843635700875,0.005341543093728818,-0.025012975637344392,-0.025675674050042806,-0.0008563983584763733,-0.0008762396283176432,-0.0012639175997582273,-0.001283758869599497,-0.0027324723135197064,-0.0027523135833609764,-0.011979370955222043,-0.012443656669507757,0.00048021656797447854
2025-10-30,0.0001596882096186027,0.00013984693977733286,-0.0037214929172555236,-0.004074667520430127,-0.0010916703337015888,-0.0011115116035428586,-0.00018560105426446713,-0.0006554423241057369,0.0023707377927406625,0.0023508965228993925,-0.0037214929172555236,-0.004074667520430127,0.008978991246701474,0.008959149976860203,0.014184870675257932,0.013965029405416662,0.0009541384311253171,0.0009342971612840473,0.027487068529768184,0.027133893926593582,0.007408559685575522,0.007388718415734252,0.004622195543473299,0.004102354273632029,-0.0005646370222046282,-0.000584478292045898,0.0012816680232518472,0.0007368267534105774,-0.010998035359931269
2025-10-31,0.00872504086461432,0.008705199594773049,0.0215144972648334,0.021161322661658797,0.017298628329849554,0.017278787060008283,0.004613521015136379,0.004227013078628442,0.008660272575411543,0.008640431305570273,0.022334053111878926,0.022114211842037657,0.01559045066483964,0.01557060939499837,0.005821346194850058,0.005634838258342122,0.004425873054145202,0.004406031784303932,-0.003883984735121241,-0.00420382600496251,0.010115971860830464,0.010096130590989193,0.027067420740903087,0.026214246137728485,0.00018603292080590086,0.00016619165096463102,0.0025786178080847793,0.0025587765382435092,0.0032802000099823037
2025-11-03,0.011189911919759788,0.011170070649918517,0.014269980848755583,0.01410728243605717,0.00817747652616343,0.00815763525632216,0.010094943448873853,0.00993224503617544,0.007714497074511217,0.007694655804669948,0.012264873231750628,0.012078365295242692,0.01103671972798388,0.01101687845814261,0.000550645441054376,0.0004538810942900292,0.016119993516229326,0.016100152246388055,0.008869156713644424,0.008508406352894064,0.013875358569772567,0.013855517299931296,0.021231265931406895,0.021211424661565625,0.004571619337754717,0.004551778067913448,0.00804830229857692,0.007589067089341711,0.001876696652084675
2025-11-04,-0.0003502286969497056,-0.0003700699667909754,0.04313665914800157,0.0426168178781603,-0.009930399454780959,-0.00995024072462223,-0.004461856591492097,-0.004481697861333366,0.005708922209509737,0.005689080939668467,0.047034276636042205,0.04651443536620094,0.007036346170816076,0.007016504900974807,0.021221552552140865,0.021201711282299595,-0.014422329631003272,-0.014442170900844542,0.003305048602487683,0.003285207332646413,-0.0037790563044319166,-0.0037988975742731866,0.026972137127411217,0.026452295857569946,0.000678148869626494,0.0006583075997852242,0.010759595760452562,0.010539754490611293,-0.011853550232820531
2025-11-05,0.005475869151026181,0.005456027881184911,-0.024966385669478508,-0.02511122693931978,0.00808774823001095,0.00806790696016968,0.001370661794066124,0.0013508205242248543,0.006717202821852897,0.006697361552011627,-0.027772525922550275,-0.027935224335248688,-0.00247104550368904,-0.00249088677353031,-0.01152971834982125,-0.01154955961966252,0.004469741731072407,0.004449900461231137,-0.002794477216083873,-0.002814318485925143,0.0041336440192794475,0.004113802749438178,-0.025147848657286493,-0.025167689927127763,0.01212085864459772,0.01210101737475645,-0.013626650113003829,-0.0136464913828451,0.0034654021681033154
2025-11-06,0.0017124848276632186,0.0016926435578219488,0.01870711081654905,0.01868726954670778,-0.0035996781649225706,-0.0036195194347638407,-0.006501357002907271,-0.006646198272748541,0.004618162084771238,0.0045983208149299685,0.018466339504031752,0.01844649823419048,-0.004873217494778249,-0.004893058764619518,0.008243340590626293,0.008223499320785022,-0.012571057545794595,-0.012590898815635866,-0.003390010420607081,-0.003409851690448351,-0.006548595476050845,-0.006568436745892115,0.023286951873612367,0.023267110603771096,0.007869969606445393,0.007850128336604123,-0.006481911915685359,-0.006501753185526629,-0.010729420496934372
2025-11-07,-0.008561674953040855,-0.008581516222882125,-0.012202266379371255,-0.012333218760323636,-0.004576644508028649,-0.004596485777869919,-0.010178496425399253,-0.010598337695240522,-0.008677498296905806,-0.008697339566747076,-0.00998570453465121,-0.01013054580449248,0.009041869700641192,0.009022028430799921,-0.001140826697101101,-0.001244001300275704,-0.008820636647798563,-0.008840477917639833,-0.016864280430150702,-0.016884121699991973,-0.003497139604764432,-0.003516980874605702,-0.04134326669050462,-0.04136310796034589,-0.0034631563859370386,-0.0034829976557783087,0.005863708047313873,0.00576053344413927,0.0009847090759453891
2025-11-10,0.014787906271602192,0.014768065001760922,-0.011756472625438021,-0.011776313895279292,0.014372119558356121,0.01435227828851485,0.0034636173661461876,0.0034437760963049176,0.00998928630439845,0.009969445034557179,-0.01562845003365082,-0.01564829130349209,0.01455409491312094,0.01453425364327967,0.009200280671984026,0.009103516325219678,0.020175177936149858,0.020155336666308588,0.021360681314578793,0.021340840044737523,0.02412151949158864,0.02410167822174737,0.011939461364319299,0.011919620094478028,0.00045236520247347,0.0004325239326322002,-0.008979320563435126,-0.008999161833276396,0.01560422430016195
2025-11-11,-0.002032090324975023,-0.002051931594816293,0.022637309461057742,0.02261746819121647,-0.004781352032994357,-0.004801193302835627,-0.008822885500797177,-0.008842726770638448,0.0037480268076666053,0.0037281855378253352,0.024809035349362518,0.024789194079521248,0.004403347809775037,0.0043835065399337675,-0.00337255809080831,-0.00339239936064958,-0.01737186472593786,-0.01739170599577913,-0.00948819383679715,-0.00950803510663842,-0.002968325938409167,-0.002988167208250437,-0.003701646813781415,-0.003721488083622685,0.004662286541410763,0.004642445271569494,0.0042401466042864145,0.004220305334445145,0.0022892485351109215
2025-11-12,-0.0008165757123691723,-0.0008364169822104421,-0.004557255402078249,-0.004577096671919518,-0.002617394339048229,-0.002637235608889499,-0.005092537153733728,-0.005362378423574998,-0.0019271600016622092,-0.001947001271503479,-0.0014667661886062222,-0.001486607458447492,0.00030812845290426657,0.00028828718306299675,0.007042516224420638,0.0069393416212460346,-0.00751032234242186,-0.007530163612263129,0.009851987703747307,0.009732146433906037,-4.146108310645359e-05,-6.130235294772343e-05,-0.004688703418290993,-0.004708544688132262,0.0067110275543647005,0.006691186284523431,0.0008860396870464713,0.0006161984172052015,0.0005564170786802602
2025-11-13,-0.0023600491436694855,-0.0023798904135107555,0.023048840543375797,0.023028999273534526,-0.008325681042088117,-0.008345522311929388,-0.0031546424143805707,-0.0035078170175551738,1.0164933570677367e-05,-9.676336270592474e-06,0.02545671625186255,0.02543687498202128,0.0042320152431777995,0.00421217397333653,0.0014779713752294341,0.0004581301053881643,-0.019998262627389195,-0.020018103897230466,-0.015950861930505544,-0.016220703200346815,-0.00473783729645888,-0.0047576785663001496,0.004807376502387106,0.004287535232545836,-0.0005353946263583096,-0.0005552358961995795,-0.005488507660064914,-0.005508348929906184,-0.016594035637111593
2025-11-14,0.004766729330803087,0.0047468880609618175,0.0011932390837999301,0.0011733978139586603,-0.0066534113625796865,-0.006673252632420956,-0.0068515734726735025,-0.006871414742514772,0.004353489400731613,0.0043336481308903435,0.0017799956778552506,0.0017601544080139808,0.0008992332269768706,0.0008793919571356008,0.012079646453262594,0.012059805183421323,0.006741622280373216,0.006721781010531946,-0.002795896684600097,-0.002926849065552478,0.0032303436329595547,0.0032105023631182846,0.008011986359986678,0.007992145090145408,0.0008279984272647751,0.0008081571574235053,0.002779696017819744,0.002759854747978474,-0.00016358859396425895
2025-11-17,0.0060317205961844655,0.006011879326343196,0.016869100385454694,0.016724259115613423,-0.0029673000741795123,-0.0029871413440207824,0.0037456696262803957,0.0032258283564391256,0.00620954302289255,0.006189701753051281,0.012510624314193204,0.012347925901494791,-0.006682880823125714,-0.0067027220929669834,-0.002302317160993111,-0.002413067521743472,0.0035553398686355995,0.0035354985987943294,0.004952119720174277,0.004473945116999674,0.001954197835845095,0.0019343565660038251,0.028332259626777007,0.027979085023602406,0.010348231830850051,0.010328390561008781,0.0003404060183670758,0.00022965565761671504,-0.009316434859877543
2025-11-18,0.004219404451387543,0.004199563181546274,-0.0052261280524716625,-0.005245969322312932,0.005821748997907372,0.0058019077280661024,-0.006728946693805721,-0.00674878796364699,0.007626015605948522,0.0076061743361072525,-0.004439259275152128,-0.004459100544993397,0.011033271980113078,0.011013430710271808,0.0032728542422193474,0.0032530129723780774,-0.008748359309657805,-0.008768200579499076,0.0007147868793284848,0.000694945609487215,0.013651379101570526,0.013631537831729256,-0.017809481544620104,-0.017829322814461375,0.008252377601563176,0.008232536331721906,-0.01512796204298604,-0.01514780331282731,-0.00839755294033906
2025-11-19,-0.003357728954689443,-0.003377570224530713,-0.014620255728910923,-0.01511628747494267,0.003990906245722881,0.0039710649758816115,-0.012562714526371116,-0.012582555796212386,-0.006781251190061332,-0.006801092459902602,-0.020015828929633307,-0.020535670199474578,-0.0032611285006237,-0.00328096977046497,0.005056800192688131,0.004855140741028679,0.009998050548289106,0.009978209278447836,0.00636031532607658,0.0059476169133781676,0.0003782648837650005,0.0003584236139237306,0.0019706367812303647,0.0016174621780557616,-0.005280419538025404,-0.005300260807866674,0.006371818510465286,0.005929755018401794,0.0038631427043962496
2025-11-20,-0.006316613083877375,-0.006336454353718645,0.011245553387528015,0.011225712117686745,-0.01064519438653394,-0.010665035656375211,0.0011630485087143856,0.0008098739055397824,-0.003928702121897275,-0.003948543391738545,0.011797324676174538,0.011777483406333267,-0.0023217113568562275,-0.0023415526266974975,0.009373459217897274,0.009253617948056004,-0.007189195229400813,-0.007209036499242083,-0.0060833773763023236,-0.00626988531281026,-0.003497270397355556,-0.003517111667196826,0.008263151953545248,0.008243310683703977,0.003934493578607668,0.003914652308766398,0.0018051568343424185,0.0015353155645011487,-0.015242276237766972
2025-11-21,-0.015572245144526077,-0.015592086414367348,-0.00469018116690921,-0.00533502243675048,0.0034666264997421647,0.0034467852299008947,-0.009673970483139477,-0.009943811752980748,-0.014352287973475354,-0.014372129243316625,-0.0037107731781107316,-0.004230614447952002,0.005922835277584592,0.005902994007743322,-0.008343566143151682,-0.008613407412992952,-0.017207247340629152,-0.017227088610470422,-0.01618049996275087,-0.016343198375449283,-0.012419717646742389,-0.01243955891658366,-0.025960762458179465,-0.026730603728020736,0.006526221202983818,0.006506379933142548,0.006642943033283263,0.006623101763441994,0.00996129221104658
2025-11-24,0.006599752865829356,0.006579911595988086,0.008091930727636741,0.00796097834668436,0.019739763143165147,0.019719921873323876,0.021058407692648568,0.0208385664228073,0.004553672060204439,0.004533830790363169,-0.001971341657133807,-0.0021340400698322197,0.012287885548640722,0.012268044278799451,0.011606069593147188,0.011443371180448775,0.019356612236898718,0.019336770967057448,0.03488781724627559,0.034867975976434325,0.01955635350951268,0.01953651223967141,0.045967890899324515,0.04594804962948325,0.00359805350166954,0.00357821223182827,0.00417583165368722,0.004030990383845951,0.014718458129947765
2025-11-25,-0.00679051986942163,-0.0068103611392629,-0.016949166221033287,-0.016969007490874558,-0.0071894277736328956,-0.007209269043474165,0.003836665650756372,0.003816824380915102,-0.004093653089824968,-0.004113494359666237,-0.012329937164586349,-0.01234977843442762,-0.007515924417966212,-0.007535765687807482,-0.013528622628671192,-0.013548463898512463,-0.01041272683207356,-0.01043256810191483,-0.00872384744656415,-0.00874368871640542,-0.010285502312311635,-0.010305343582152906,-0.028738024756619074,-0.028757866026460344,0.007870790950947757,0.007850949681106487,-0.0063932098740426685,-0.006413051143883938,0.009405944613086525
2025-11-26,0.006157714988575624,0.0061378737187343544,-0.011879584196799433,-0.012185139752354988,0.0012130666761732021,0.0011932254063319323,-0.0005941523245630645,-0.0009473269277376677,0.00560888095490415,0.00558903968506288,-0.012197909044198508,-0.012617750314039777,-0.00040565079168568535,-0.00042549206152695516,0.00019111436982133245,4.60643331339595e-06,0.012426368833190994,0.012406527563349723,-0.004894880247443685,-0.005414721517284955,0.006147185604989202,0.006127344335147933,-0.0069325303076429035,-0.006952371577484173,-0.005506174280383858,-0.005526015550225127,-0.013343453714700526,-0.014363294984541796,0.006903451122352244
2025-11-28,-0.005229769738267165,-0.0052496110081084344,0.002132568947929284,0.0011127276780880143,0.0002290416893274026,0.00020920041948613275,0.002782727658490754,0.0020962197219828176,-0.0034047346354980188,-0.003424575905339289,0.004984622835637631,0.003964781565796362,0.003663705755636226,0.003643864485794956,-0.0015147059772112987,-0.0018678805803859018,0.0050235426709781435,0.005003701401136874,-0.005163694222486211,-0.005683535492327481,0.00016635067508868895,0.0001465094052474191,-0.006644229371937436,-0.00699740397511204,0.002610197991429265,0.002590356721587995,0.0030919291366175994,0.0020720878667763298,0.005458464350335035
2025-12-01,0.004034542848365208,0.004014701578523939,-0.0017120865293614785,-0.0021319277992027483,0.006401352789898628,0.006381511520057359,-0.0107623906139995,-0.01153223188384077,-0.00037348103929873977,-0.0003933223091400096,-0.005146618647024953,-0.005416459916866223,0.009316110783068465,0.009296269513227194,-0.0010739719322938046,-0.0015938132021350744,-0.002443746339827779,-0.002463587609669049,0.0058438840564566195,0.00482404278661535,0.005322769623491387,0.005302928353650117,0.01202604194129242,0.00850620067145115,-0.005287808140401185,-0.005307649410242455,-0.004887240059973846,-0.004907081329815116,-0.004565522877085559
2025-12-02,-0.00264138261824991,-0.00426122388809118,0.0037453738706384743,0.0034755326007972044,0.004798762801814649,0.003178921531973379,0.006616263647880335,0.006263089044705732,-0.0040663320043295755,-0.0062861732741708466,0.0009717585461596254,0.0006185839429850222,0.002916636983255649,0.0004967957134143783,0.007116262353095075,0.006763087749920471,0.005648688046905126,0.0030288467770638564,0.018972555703458904,0.017452714433617636,0.0031767219095208635,0.0013568806396795933,0.012066219844075021,0.01204637857423375,-0.005032473262350001,-0.008452314532191273,-0.0015114668200152392,-0.005531308089856509,0.0018522513914331906
2025-12-03,-0.00070786019143948,-0.0007277014612807498,-0.005880792926854894,-0.005900634196696164,-0.008711595507544667,-0.008731436777385937,-0.01737078944349505,-0.01739063071333632,0.004260106850780909,0.004240265580939639,0.0019217413161120751,0.0019019000462708053,-0.005837404233417677,-0.005857245503258946,-0.006212596080620561,-0.006232437350461831,-0.010619716249153179,-0.010639557518994449,-0.010388366973556273,-0.010408208243397544,-0.016592082793925645,-0.016611924063766915,-0.029288395655755806,-0.029308236925597076,0.01365264927433324,0.013632808004491969,0.017262858753681387,0.017243017483840117,0.0034628390228845785
2025-12-04,0.014670476836463565,0.014650635566622295,0.01804970909267104,0.01769653448949644,0.00588031347050073,0.005860472200659461,0.0008153778746474351,0.0007955366048061653,0.005220115627906174,0.0052002743580649045,0.014000740317779092,0.013480899047937823,-0.013747385337119679,-0.013767226606960949,0.00588249655894731,0.005862655289106041,0.006154197025911534,0.006134355756070265,0.023130231152923342,0.02311038988308207,0.01292766846887371,0.01290782719903244,0.026147646642454947,0.026127805372613676,-0.003006521719626687,-0.003026362989467957,0.026754410287009422,0.026734569017168152,0.000731151162097321
2025-12-05,0.008729174507951454,0.008709333238110184,0.0043612379705759334,0.004341396700734664,-0.0009732929816166803,-0.00099313425145795,0.0036685425660371584,0.0031487012961958884,0.003694527210613097,0.0036746859407718268,0.007536451845719494,0.007516610575878224,0.0004306914091069536,0.00041085013926568377,0.008196651235159298,0.008176809965318027,0.00306265027175,0.00304280900190873,-0.01109034631075706,-0.01111018758059833,0.006919643414275789,0.006899802144434519,-0.001989189779711187,-0.002009031049552457,-0.0036279830648447307,-0.0036478243346860007,-0.00367477808013561,-0.00369461934997688,0.0018993336917458858
2025-12-08,0.013350500409082366,0.013330659139241096,0.017720129058315215,0.017200287788473944,-0.007032520463487201,-0.007052361733328471,0.020311962748097045,0.019292121478255774,-0.0019515651975732795,-0.0019714064674145495,0.0023804259934145366,0.0013605847235732668,-0.0004190347390597652,-0.000438876008901035,0.01127878912664774,0.01125894785680647,0.002829158495246142,0.002809317225404872,0.02756837985367655,0.02754853858383528,0.012138543528733892,0.012118702258892621,0.03305983212321589,0.033039990853374626,-0.0006790749966929417,-0.0006989162665342115,0.010249971695669546,0.010230130425828276,-0.0030041115903878257
2025-12-09,0.0006427128489624124,0.0006228715791211426,0.015413791946834066,0.015393950676992795,0.008005210602365443,0.007985369332524172,0.012525388404767579,0.012505547134926309,8.865045735645394e-05,6.88091875151841e-05,0.023581156670190173,0.023561315400348903,-0.0008994131401675928,-0.0009192544100088626,0.009508989519137423,0.008989148249296154,0.0043313834165392695,0.004311542146698,0.015818922421389714,0.015799081151548443,0.002831277713188685,0.002811436443347415,0.007246427223477958,0.0072265859536366885,0.0035547755784422147,0.0035349343086009447,0.01239739306120391,0.01237755179136264,-0.0008631857374462593
2025-12-10,-0.01121993914483862,-0.01123978041467989,-0.02639724475665567,-0.02641708602649694,-0.007875524706973523,-0.007895365976814794,-0.024435751201999645,-0.024455592471840915,-0.002662736792412612,-0.002682578062253882,-0.03135010789377346,-0.03136994916361473,-0.009433708318141356,-0.009453549587982626,-0.008378539042941946,-0.008398380312783216,-0.01431557419969116,-0.014335415469532431,-0.015535596702529464,-0.015555437972370734,-0.022482387505247635,-0.022502228775088905,-0.021444381619537878,-0.02146422288937915,0.009979430898296181,0.009959589628454911,-0.01034003259759797,-0.01035987386743924,0.00663226596624833
2025-12-11,-0.018279506262558264,-0.018299347532399535,-0.01393708087530482,-0.01395692214514609,-0.001098234257477182,-0.0011180755273184518,-0.012430278668067396,-0.012450119937908666,0.0011217061674862923,0.0011018648976450225,0.0041542657264418414,0.004134424456600572,-0.0016570395770466372,-0.001676880846887907,-0.014193826109493712,-0.014213667379334983,-0.002321833842965493,-0.002341675112806763,-0.03188730651029942,-0.031907147780140685,-0.008796995256771455,-0.008816836526612725,-0.03202842747705148,-0.03204826874689275,0.012898344391755079,0.012878503121913808,-0.015700628316731136,-0.015720469586572406,0.002326892036534245
2025-12-12,-0.002751367175662367,-0.002771208445503637,-0.022566399786443758,-0.02258624105628503,-0.0068660041305321886,-0.006885845400373458,-0.019705285443235836,-0.020058460046410438,0.005844742864795793,0.0058249015949545235,-9.722489947594504e-05,-0.00011706616931721488,0.005876842107653136,0.005857000837811866,-0.010053820503841487,-0.010573661773682757,-0.0031898999180495994,-0.0032097411878908694,-0.0380817052914089,-0.0384348798945835,-0.003611511928257272,-0.003631353198098542,-0.04503557467341157,-0.04505541594325284,0.00631902872162855,0.006299187451787281,-0.003615851592193982,-0.004302359528701919,-0.01075200956203659
2025-12-15,0.0021118849919752546,0.0020920437221339846,0.004401143938950525,0.004381302669109255,-0.0017704234071185489,-0.0017902646769598187,-0.00888340569200563,-0.0089032469618469,0.008149720126136639,0.008129878856295368,0.0011586916957806448,0.001138850425939375,0.004554854495131577,0.004535013225290307,0.009032140872835964,0.009012299602994694,0.0007958891530734813,0.0007760478832322115,-0.002267327981734235,-0.002787169251575505,0.0030923970769682675,0.0030725558071269974,0.007643596182120405,0.007623754912279135,0.009165777329112479,0.009145936059271208,0.014753566204155726,0.014733724934314456,-0.0015107595125137818
2025-12-16,-0.009225933789791918,-0.009245775059633188,0.006860272209784635,0.006840430939943365,0.003333997325823278,0.003314156055982008,0.0009654515779520994,0.0009456103081108295,-0.011241699432229536,-0.011261540702070806,-0.003060807638696428,-0.003080648908537698,-0.012788152063848212,-0.012807993333689482,-0.0011193096622841014,-0.0011391509321253713,0.004001082229099073,0.003981240959257803,0.02621435249465387,0.0261945112248126,0.005127610944669669,0.0051077696748284,0.016781352058265697,0.016761510788424427,-0.007740970043115825,-0.0077608113129570945,-0.0023370601296469617,-0.0023569013994882318,-0.002732363256316539
2025-12-17,-0.0006164150278318513,-0.0006362562976731212,-0.019232134003582313,-0.019251975273423583,-0.012409670961851338,-0.012429512231692608,0.003609568897236959,0.003589727627395689,0.0037600890301733416,0.0037402477603320715,0.0008825234167159635,0.0008626821468746936,0.010531863170580226,0.010512021900738956,-0.0029632536165355994,-0.0029830948863768694,-0.013333569244555709,-0.01335341051439698,-0.05762278707586138,-0.05764262834570265,-0.011494982767445448,-0.011514824037286719,-0.03934679142388059,-0.039366632693721856,0.007959398738489077,0.007939557468647806,-0.0033319187877852707,-0.0033517600576265408,-0.01100356428531768
2025-12-18,-0.007436808003405394,-0.007456649273246663,0.018141948978345535,0.017122107708504263,0.0030702260973458407,0.0030503848275045707,0.017298849166375845,0.017279007896534575,-0.008411214824544587,-0.008431056094385858,0.005193809929482152,0.004173968659640882,-0.009400292761132235,-0.009420134030973505,0.007661229461058146,0.0073080548578835424,0.001416607596590025,0.0013967663267487552,0.0062075257790463745,0.006187684509205105,0.0007356539447197163,0.0007158126748784464,0.031090088027208918,0.030070246757367646,-0.010386699344280503,-0.010406540614121773,0.0015311934633398527,0.001011352193498583,0.0075511768241409705
2025-12-19,0.02148481802708212,0.02146497675724085,0.027052187611583622,0.027032346341742352,-0.00391862404935559,-0.003938465319196859,0.02122514005729681,0.02120529878745554,0.0011101021516271572,0.0010902608817858874,0.005337615891822023,0.005317774621980753,0.009027080898582196,0.009007239628740926,-0.009947181339140077,-0.009967022608981347,0.010159823803716328,0.010139982533875058,0.04376569575433731,0.04374585448449604,0.02610691147358076,0.02608707020373949,0.04876675933134522,0.048746918061503955,-0.013093960816239958,-0.013113802086081228,-0.02416783856302629,-0.02418767983286756,0.009063578290348762
2025-12-22,0.010476534488101097,0.010456693218259826,-0.011564915571590895,-0.012584756841432164,-0.003336271927678014,-0.003356113197519284,-0.008200211140820554,-0.00888671907732849,0.0007006526078554226,0.0006808113380141528,-0.011564915571590895,-0.011584756841432165,0.005737470834585246,0.0057176295647439765,0.004010032219565529,0.0037401909497242593,-0.0013211145058241395,-0.0013409557756654093,0.027160764317639252,0.02614092304779798,0.012565331845426908,0.012545490575585638,0.0208319394116252,0.02031209814178393,-0.004506638371750116,-0.004526479641591386,-0.012811874972494142,-0.012831716242335412,0.006229909040435855
2025-12-23,-0.004563605278262206,-0.0045834465481034755,0.010031619502257283,0.010011778232416012,0.006711735205268788,0.006691893935427518,-0.0006364838168186338,-0.0011563250866599036,-0.004264778214191567,-0.004284619484032836,0.010031619502257283,0.010011778232416012,0.0019513117703444218,0.001931470500503152,0.012815632767653351,0.01279579149781208,0.003186574323050373,0.003166733053209103,-0.019894704930204288,-0.019914546200045558,0.008379992400337044,0.008360151130495774,0.006252463031580946,0.006232621761739676,0.004761740243753454,0.004741898973912184,0.019378802503725756,0.019358961233884486,0.004570434077165064
2025-12-24,-0.005573231689066992,-0.005593072958908262,0.0008793465314000937,0.0008595052615588239,0.004693626682184426,0.004673785412343157,0.01901305858267377,0.0184932173128325,-0.0015384734506249222,-0.001558314720466192,0.0008793465314000937,0.0008595052615588239,-0.0036967926677112795,-0.0037166339375525495,-0.011888328617248756,-0.011908169887090026,0.00045824612785686555,0.00043840485801559573,0.007488938499532916,0.007469097229691646,-0.005053982814368174,-0.0050738240842094435,-0.02099650839092071,-0.02101634966076198,0.001699144034142664,0.0016793027643013942,-0.003119083184689453,-0.003472257787864056,0.0035176469336466454
2025-12-26,-0.004391350736527866,-0.004411192006369136,-0.0032890022279337128,-0.003308843497774983,-0.000693377793921246,-0.0007132190637625158,0.006200511591828994,0.006180670321987725,0.00014960580744981505,0.0001297645376085452,-0.0032890022279337128,-0.003308843497774983,-0.005600632591725374,-0.0056204738615666435,-0.005986978336907478,-0.006006819606748748,-0.002144520739632394,-0.002164362009473664,0.002633171483863883,0.002613330214022613,-0.00484687458141968,-0.0048667158512609495,-0.009445167830339884,-0.009465009100181155,0.00152654325373619,0.0015067019838949202,-0.002464430637063586,-0.002484271906904856,-0.00010139418790333643
2025-12-29,0.004631420260471331,0.004611578990630061,0.0,0.0,-0.0019676653577820336,-0.0019875066276233036,0.002811983996593048,0.0017921427267517784,0.008558739786607417,0.008538898516766147,0.0,0.0,0.005960966306566495,0.0059411250367252255,-9.833885356595263e-05,-0.0004515134567405558,0.00042730545874081205,0.00040746418889954224,-0.009618891373237237,-0.009638732643078508,2.661350310792683e-07,-1.9575134810190573e-05,-0.008159113760447423,-0.009178955030288692,0.005187170700678201,0.005167329430836931,0.0019063757431250217,0.0018865344732837519,-0.0035636809822511273
2025-12-30,0.0018839796357014381,0.0018641383658601683,0.0,0.0,-0.0007629226687031697,-0.0007827639385444396,0.002620299525838532,0.002600458255997262,0.0020454891055877943,0.0020256478357465243,0.0,0.0,-0.0005152502397166578,-0.0005350915095579277,-0.003620909497149216,-0.003640750766990486,-0.004090403037683432,-0.004110244307524702,0.010587637689596474,0.010567796419755204,-0.003158531606051107,-0.003178372875892377,-0.0008943934170336787,-0.0009142346868749485,0.00030801475255547443,0.0002881734827142046,-0.0024951936498336753,-0.0025150349196749453,-0.0012212056239845337
2025-12-31,-0.003891704286715058,-0.003911545556556328,0.0,0.0,0.0040934029495061745,0.004073561679664905,0.023484909321084657,0.023465068051243387,0.0011063974461894997,0.0010865561763482299,0.0,0.0,-0.0025751034908576107,-0.0025949447606988807,-0.014866137653831268,-0.014885978923672539,-0.0010362307215890931,-0.001056071991430363,-0.004253815391342619,-0.004273656661183889,-0.004088397974532931,-0.0041082392443742,-0.048592121241465724,-0.04861196251130699,0.002924691917183053,0.002904850647341783,0.0010175011415461208,0.000997659871704851,-0.0074088956888227475
2026-01-02,-0.0035444522787477445,-0.0035642935485890146,0.0,0.0,-0.0046159048609909934,-0.004635746130832263,-0.03126768030513766,-0.031287521574978924,-0.0018629700307578496,-0.0018828113005991195,0.0,0.0,0.012389524714082145,0.012369683444240874,0.018610314516270782,0.018590473246429512,-0.013583938556528573,-0.013603779826369844,0.002271508743544759,0.002251667473703489,-0.007736591272733428,-0.007756432542574698,0.008582332574537332,0.008562491304696062,0.004974969441258114,0.004955128171416845,0.015010718938438639,0.014990877668597368,0.0018330346379591411
2026-01-05,-0.01508490364487628,-0.01510474491471755,0.0,0.0,0.0020490517252493186,0.0020292104554080486,-0.019331408973358277,-0.019351250243199548,-0.005988115804708694,-0.006007957074549964,0.0,0.0,-0.008591051186466891,-0.008610892456308162,0.007129886877683789,0.007110045607842519,-0.01172166541127868,-0.011741506681119951,-0.02260229654807755,-0.02262213781791882,-0.013861247319003133,-0.013881088588844404,-0.013093307321155434,-0.013113148590996705,0.0028768949838703147,0.0028570537140290447,0.004848413674445144,0.0048285724046038744,0.006660178462529753
2026-01-06,-0.007807287220666825,-0.007827128490508095,0.0,0.0,-0.0034972081108921686,-0.0035170493807334387,-0.006111465309767028,-0.0061313065796082976,-0.0021136118085420368,-0.002133453078383307,0.0,0.0,-0.010133906858678722,-0.010153748128519992,-0.004749938656180452,-0.004769779926021722,-0.0002863945333023473,-0.0003062358031436171,7.602143457097199e-05,5.618016472970215e-05,-0.008382943921213415,-0.008402785191054685,-0.006759993241931772,-0.006779834511773042,0.007446436320854855,0.007426595051013585,-0.006896061767787268,-0.006915903037628538,0.005947257666825578
2026-01-07,0.00977053493036226,0.00975069366052099,0.0,0.0,0.004016017403521366,0.003996176133680096,0.013338657973579027,0.013318816703737756,0.0018641144770909605,0.0018442732072496907,0.0,0.0,0.019658632735656066,0.019638791465814796,0.007113359180319153,0.007093517910477884,0.0010530750434635024,0.0010332337736222326,-0.0014733492975776974,-0.0014931905674189672,0.011433076549238152,0.011413235279396881,0.029370227459670994,0.029350386189829724,-0.012060613763288206,-0.012080455033129477,0.00508062405885179,0.005060782789010521,-0.0032235029947706995
2026-01-08,-0.015301012830604376,-0.015320854100445647,0.0,0.0,-0.006500314557533183,-0.0065201558273744525,-0.011196046466330212,-0.011215887736171482,-0.004305538793934882,-0.004325380063776151,0.0,0.0,-0.0013860301993868004,-0.0014058714692280702,-0.0062703070842156094,-0.006290148354056879,-0.011020622043206805,-0.011040463313048076,-0.016440731643681428,-0.016460572913522698,-0.0187191667664355,-0.01873900803627677,-0.03236989137231994,-0.032389732642161204,0.012288551493890286,0.012268710224049016,-0.0050876342649404105,-0.00510747553478168,-0.00010151182144413351
2026-01-09,-0.010126397500699658,-0.010146238770540928,0.024683327995461246,0.023663486725619975,-0.0034487813309111437,-0.0034686226007524137,-0.012876652477861683,-0.012896493747702954,-0.012143423928032936,-0.012163265197874206,0.024683327995461246,0.023663486725619975,0.0026662741536710773,0.0026464328838298073,-0.008265780612659404,-0.008285621882500675,-0.015841748072890783,-0.015861589342732053,0.04292404474316758,0.04290420347332631,-0.011174048801575687,-0.011193890071416957,0.010591792301145042,0.010071951031303773,-0.006277239914724031,-0.006297081184565301,-0.00010689286865320224,-0.00037673413849447206,0.0066134796584182975
2026-01-12,-0.005952299472213041,-0.00597214074205431,0.001752175135037004,0.0017323338651957342,-0.010832320701650622,-0.010852161971491893,-0.017439326600871607,-0.017459167870712878,-0.006788147742249495,-0.0068079890120907646,0.001752175135037004,0.0017323338651957342,-0.009154068852869113,-0.009173910122710384,-0.0010686349782352091,-0.001088476248076479,-0.004373852232420771,-0.004393693502262041,0.029459197590268937,0.029439356320427667,-0.006526600225648671,-0.006546441495489941,0.003784984836840033,0.003765143566998763,-0.011051589043563615,-0.011071430313404886,-0.0028960511528504096,-0.0029158924226916796,0.0015703444104990805
2026-01-13,-0.008618076421748454,-0.008637917691589725,-0.005226356775892782,-0.005246198045734052,-0.0005395262226470243,-0.0005593674924882941,0.002001212701653765,0.0009813714318124952,-0.005973553469947124,-0.005993394739788394,-0.005226356775892782,-0.005246198045734052,0.004438662605882615,0.004418821336041346,-0.01205431249653599,-0.014074153766377261,-0.00704655327966246,-0.00706639454950373,0.0,0.0,-0.012980509894434177,-0.013000351164275448,-0.008640334636214386,-0.008660175906055657,0.0007005739143800985,0.0006807326445388286,-0.007639728285387504,-0.008659569555228773,-0.001999516689819014
2026-01-14,-0.0019890086146324374,-0.0020088498844737074,-0.010079423381321506,-0.010099264651162777,-0.0181447383099419,-0.01816457957978317,-0.02413600417725248,-0.02415584544709375,0.009980943235254346,0.009961101965413076,-0.010079423381321506,-0.010099264651162777,0.012456422163470038,0.012436580893628767,0.00609533051466693,0.0060754892448256605,-0.016173301185124122,-0.016193142454965392,0.0,0.0,-0.015603516102705306,-0.015623357372546576,-0.001992046433327288,-0.002011887703168558,0.01255784727129473,0.01253800600145346,-0.014060048521953528,-0.014079889791794798,-0.004915311552799784
2026-01-15,-0.009646249995175027,-0.009666091265016297,0.025887876025167955,0.025868034755326685,0.0017015197340102262,0.0016816784641689563,-0.02423984004891455,-0.024259681318755822,-0.005932754965360243,-0.005952596235201513,0.025887876025167955,0.025868034755326685,-0.0008843100809282078,-0.0009041513507694777,0.017669104429579585,0.017649263159738315,0.00441582015350569,0.00439597888366442,0.0,0.0,0.0014973505584333748,0.001477509288592105,0.02177849022737377,0.0217586489575325,-0.0012187046140417215,-0.0012385458838829913,0.009658570202916494,0.009638728933075224,0.0027232884465351326
2026-01-16,0.005131090369776059,0.00511124909993479,0.002278220080050408,0.002258378810209138,0.006316257195101349,0.006296415925260079,-0.02357505319524933,-0.0235948944650906,0.0011850480033545273,0.0011652067335132575,0.002278220080050408,0.002258378810209138,-0.002651278153181047,-0.002671119423022317,0.0024135552177745323,0.0023937139479332623,0.008229902580029235,0.008210061310187965,0.0,0.0,0.006885600693323713,0.0068657594234824435,0.0023458876489124703,0.0023260463790712002,-0.0007887417050245981,-0.0008085829748658679,-0.0013781309489333537,-0.0023979722187746234,-0.0008377644449499844
2026-01-20,-0.014553507524548037,-0.014573348794389308,-0.018910572098949308,-0.018930413368790578,-0.016607983636031463,-0.016627824905872734,0.007878977903744033,0.007359136633902763,0.0012236840263036945,0.0012038427564624247,-0.018910572098949308,-0.018930413368790578,-0.0009955266033716548,-0.0010153678732129246,-0.004849114678913469,-0.005368955948754739,-0.02145930815454894,-0.02147914942439021,-0.016609682053112973,-0.017629523322954244,-0.022524364567253173,-0.022544205837094444,-0.030418640268574992,-0.03143848153841626,0.004721925807082561,0.004702084537241291,-0.005855783122699965,-0.005875624392541234,-0.020356834003122604
2026-01-21,-0.008362813611727672,-0.008382654881568943,0.0016832684256335995,0.0016634271557923296,0.001513045472446628,0.0014932042026053582,0.013333172882719513,0.013313331612878242,0.005316690729578067,0.005296849459736797,0.0016832684256335995,0.0016634271557923296,0.017039981746946774,0.017020140477105504,-0.007555307314903836,-0.007575148584745106,-0.004996754070558473,-0.005016595340399743,-0.004841517768986892,-0.004861359038828161,-0.009634875588246595,-0.009654716858087865,-0.012216438636326488,-0.012236279906167758,0.014918803340409282,0.014898962070568011,-0.015036523120458778,-0.015056364390300048,0.011541171372927428
2026-01-22,0.01207433286722932,0.01205449159738805,-0.0038447914146182427,-0.0038646326844595127,0.010855822263000924,0.010835980993159654,-0.042634213146426125,-0.044654054416267394,0.012362673288814675,0.012342832018973404,-0.0038447914146182427,-0.0038646326844595127,-0.006652701046647436,-0.006672542316488706,0.02140540557968329,0.02038556430984202,0.007336857170946653,0.0073170159011053835,-0.006695884464942736,-0.006715725734784006,0.015659789597198336,0.015639948327357066,-0.010540675879560979,-0.011560517149402249,0.0026520234051486515,0.0026321821353073815,-0.019233780178929405,-0.019753621448770676,0.005223034841890906
2026-01-23,-0.0026635358927026174,-0.0026833771625438874,-0.004909735088022504,-0.004929576357863774,5.9843929597413765e-05,4.0002659756143924e-05,0.024950475761827517,0.024930634491986247,-0.0009897377241805281,-0.001009578994021798,-0.004909735088022504,-0.004929576357863774,-0.025077978139820944,-0.025097819409662214,0.002753428944351044,0.002400254341176441,-0.006826267298545585,-0.006846108568386855,-0.022487909892139446,-0.022507751161980716,-0.005010045843546173,-0.005029887113387443,-0.02739764498016195,-0.02741748625000322,-0.002450094283574966,-0.002469935553416236,0.014281385897581897,0.013928211294407293,0.00036283245729173963
2026-01-26,0.00363847034681356,0.00361862907697229,0.023329159036299212,0.022642651099791276,-0.001281322686582864,-0.0013011639564241338,0.015896640068485124,0.014876798798643854,-0.007387465174289331,-0.007407306444130601,0.023329159036299212,0.022642651099791276,-0.008524454928275194,-0.008544296198116464,0.013197328203945391,0.012777486934104122,0.0027360232439159636,0.0027161819740746935,0.02048491405102426,0.01946507278118299,0.004248056372901798,0.0042282151030605284,0.014843713096568567,0.014323871826727298,-0.011172443448638492,-0.011192284718479762,0.022752400638935133,0.02173255936909386,0.005078168996109245
2026-01-27,-0.0018732905488748732,-0.001893131818716143,-0.009519368571708245,-0.009539209841549516,-0.004312055405754944,-0.0043318966755962135,0.0028383325042687924,0.0023184912344275223,-0.026086592991717283,-0.026106434261558554,-0.009519368571708245,-0.009539209841549516,0.024478819074153012,0.024458977804311742,-0.010842848900177912,-0.011029356836685848,-0.00833471086302856,-0.008354552132869831,0.01198144220797226,0.011961600938130989,0.01691920516935702,0.01689936389951575,0.0009782618358700201,0.0009584205660287503,-0.01876118462718036,-0.01878102589702163,-0.003745440729811717,-0.0037652819996529872,0.0039842915730679
2026-01-28,-0.0015148115193112316,-0.0015346527891525014,-0.02682465855262169,-0.02684449982246296,-0.013922333449955037,-0.013942174719796308,-0.0827807209309836,-0.08280056220082486,0.002349433258071065,0.002329591988229795,-0.02682465855262169,-0.02684449982246296,0.003524444827710082,0.003504603557868812,-0.012741213463633253,-0.012761054733474523,0.007227194338082554,0.007207353068241285,0.01831583265476881,0.017629324718260873,0.004014791994246469,0.0039949507244052,0.013363493135091942,0.013343651865250671,0.00024812963485260076,0.00022828836501133091,-0.028655981539633925,-0.028675822809475195,-0.00010064921396324422
2026-01-29,-0.0064957153665584294,-0.006515556636399699,-0.009638919103023391,-0.009658760372864662,0.015086116606496825,0.015066275336655555,0.008066499810877648,0.008046658541036377,0.0028131594909124097,0.0027933182210711396,-0.009638919103023391,-0.009658760372864662,-0.005858931199321371,-0.005878772469162641,-0.00960504650812642,-0.009767744920824833,-0.003360151311464954,-0.003379992581306224,-0.011190634111551245,-0.011960475381392515,-0.007225784740118291,-0.007245626009959561,-0.012382784296916083,-0.012402625566757353,0.020981046631314303,0.020961205361473032,0.00539112449438901,0.004971283224547741,-0.001984439728138443
2026-01-30,0.013170952397376545,0.013151111127535274,0.025753154594819676,0.024733313324978405,-0.013776954863794866,-0.013796796133636137,0.019347537060263625,0.018827695790422354,0.012532409863094828,0.012512568593253557,0.025753154594819676,0.024733313324978405,0.01892691661089976,0.01890707534105849,0.016352651483159786,0.016032810213318517,-0.013723059858251263,-0.013742901128092533,-0.006395343812426781,-0.007081851748934717,0.0090729289459078,0.009053087676066529,-0.01193326657001953,-0.012453107839860799,-0.009679285621773236,-0.009699126891614507,-0.011744676609287758,-0.012014517879129029,-0.0029825340247910948
2026-02-02,-0.013692792102480433,-0.013712633372321703,-0.02102822992984839,-0.021048071199689662,0.0024694550154961024,0.0024496137456548324,-0.015439734613811784,-0.015659575883653055,-0.014594541494457504,-0.014614382764298774,-0.02102822992984839,-0.021048071199689662,0.00844820435834196,0.008428363088500689,-0.00463688354281494,-0.00465672481265621,-0.005058164217769601,-0.005078005487610871,-0.008912537756465213,-0.009275236169163627,-0.007876273316408267,-0.007896114586249538,0.0017856532917384094,0.0014324786885638063,-0.0018303490708194703,-0.00185019034066074,0.003579487138945403,0.0033596458691041334,0.004971211279279464
2026-02-03,-0.030423831155116588,-0.03044367242495786,-0.01983902608970019,-0.01985886735954146,-0.027568763635258387,-0.027588604905099658,0.01409819929610522,0.013745024692930617,-0.0239636433612591,-0.02398348463110037,-0.01983902608970019,-0.01985886735954146,-0.006086384440465365,-0.0061062257103066345,-0.024376455175522147,-0.024487205536272507,-0.036872550055330855,-0.03689239132517212,-0.016385747173017197,-0.016405588442858467,-0.04113822189573417,-0.04115806316557544,-0.02116859840658658,-0.02118843967642785,-0.00055677073615501,-0.0005766120059962799,0.00921834621617057,0.008865171612995966,-0.00845533075035465
2026-02-04,-0.009105249663091286,-0.009125090932932556,-0.02688571060924102,-0.02690555187908229,-0.010666733665969829,-0.0106865749358111,0.013883388597307865,0.013696880660799928,-0.0004643177949575795,-0.0004841590647988493,-0.02688571060924102,-0.02690555187908229,0.024057994920971115,0.024038153651129844,-0.0013341866793572825,-0.0013540279491985523,-0.011026538121044939,-0.011046379390886209,-0.017580640418241096,-0.017767148354749032,-0.012138331852497297,-0.012158173122338568,0.01988403386610449,0.01986419259626322,0.0020160532255452113,0.0019962119557039412,-0.004311083537502462,-0.004664258140677066,-0.00484383887388995
2026-02-05,-0.011415965951483186,-0.011435807221324456,0.00649017418242126,0.00647033291257999,0.005006122210236675,0.004986280940395406,0.007088799486589489,0.007068958216748219,-0.006183553318067704,-0.006203394587908973,0.00649017418242126,0.00647033291257999,0.008756792522517374,0.008736951252676104,0.0004223406761775742,0.0004024994063363044,-0.0036582715043458874,-0.0036781127741871574,-0.007543177947973203,-0.007563019217814473,-0.009261533264931777,-0.009281374534773047,-0.03500650072886036,-0.035026341998701624,0.006981274127730819,0.006961432857889549,-0.01192874658497879,-0.01194858785482006,-0.012489370624430896
2026-02-06,0.004158434824575185,0.004138593554733915,0.005981217185707693,0.005461375915866423,-0.004455535527504793,-0.004475376797346063,-0.014278595601844394,-0.014548436871685663,-0.0008746844552441208,-0.0008945257250853906,-0.0004883880559095229,-0.0005082293257507927,-0.003256929492220062,-0.003276770762061332,-0.0040780145148820585,-0.004097855784723328,0.005842517337794784,0.005822676067953514,0.0013612873622432797,0.0011192238701797877,-0.0009016659893060323,-0.0009215072591473022,0.0005001475569711197,8.030628712984978e-05,-0.0032822405728198494,-0.0033020818426611194,0.008839086836540208,0.008426388423841795,0.019184951600759614
2026-02-09,0.005444193466631142,0.005424352196789872,0.01465034961082623,0.01413050834098496,-0.009661606003014578,-0.009681447272855848,-0.0031813371078089347,-0.0032011783776502048,-0.007975502993885376,-0.007995344263726646,0.03282866881108171,0.03230882754124044,-0.016580689189833474,-0.016600530459674745,-0.004102338387892706,-0.004122179657733976,0.003450662876188182,0.003430821606346912,0.01106863271266268,0.010948791442821411,0.010177877357417963,0.010158036087576693,0.016447265891712238,0.015427424621870968,-0.015172443933282298,-0.015192285203123568,0.018216842381792168,0.01803033444528423,0.004821764563112119
2026-02-10,-0.0070767283281707675,-0.007096569598012037,0.009136809970119897,0.009116968700278626,-0.0027545705789460587,-0.0027744118487873287,0.01819675624961376,0.01817691497977249,-0.006396405388163972,-0.006416246658005242,0.011712692636131616,0.011692851366290346,-0.010577253135648801,-0.010597094405490072,0.0025147872070074347,0.0024949459371661647,-0.010810877849026356,-0.010830719118867627,-0.01805110942052078,-0.01807095069036205,-0.011783676474660687,-0.011803517744501958,-0.0241645635003644,-0.02418440477020567,-0.005583247735817254,-0.0056030890056585235,0.00521963052594125,0.00519978925609998,-0.0026371350560441265
2026-02-11,-0.016921528171309052,-0.016941369441150322,-0.02065662811800212,-0.02067646938784339,-0.020493830868649157,-0.020513672138490428,-0.008076135479616792,-0.008207087860569173,-0.005381902043088383,-0.005401743312929652,-0.01656398038090534,-0.01658382165074661,-0.005562819886208404,-0.005582661156049673,-0.017811487390962444,-0.017914661994137045,-0.03308088348482187,-0.033100724754663136,-0.015579712055107116,-0.015599553324948386,-0.027204791640116598,-0.027224632909957868,-0.016814714882636084,-0.016834556152477354,0.002006305689543808,0.0019864644197025378,-0.001807908346098318,-0.0019046726928626646,-0.00023116280847257364
2026-02-12,0.028400672662085916,0.028380831392244645,0.03325990123163608,0.03324005996179481,-0.006259725549434492,-0.006279566819275761,-0.013468877723115422,-0.013488718992956693,0.03365514163196895,0.03363530036212768,0.028845522533872237,0.028825681264030966,0.013725507878058561,0.01370566660821729,0.00156553767941724,0.0015456964095759702,-0.007740937707635098,-0.0077607789774763675,-0.016067293125389653,-0.016087134395230924,0.013821203312162456,0.013801362042321186,-0.025285585440873292,-0.025305426710714563,0.011913738113416884,0.011893896843575613,-0.016177320173230807,-0.016197161443072077,-0.015448908452140975
2026-02-13,-0.0001816912945077475,-0.00020153256434901734,0.013753564445626532,0.013733723175785261,0.004153667954630536,0.004133826684789266,-0.003736501627783501,-0.004006342897624771,0.006174003553187324,0.006154162283346054,0.023968195070588838,0.023948353800747568,-0.0027142538636696243,-0.0027340951335108944,-0.005457045987869447,-0.005553810334633793,0.0033121825999946394,0.0032923413301533693,-0.003308972254423851,-0.0033288135242651212,-0.005654054686488397,-0.0056738959563296665,0.004487823826167747,0.004467982556326478,0.0035951700415617575,0.0035753287717204874,0.008233780625965076,0.008213939356123806,0.0007046233276368774
2026-02-17,-0.007895830741130185,-0.007915672010971455,0.003945319778248968,0.003925478508407698,0.011937125630738555,0.011917284360897284,0.009850232978363963,0.009830391708522693,-0.0035588681679510127,-0.0035787094377922827,0.003545789451374348,0.003525948181533078,0.0007785759509399632,0.0007587346810986933,0.00515045809679803,0.00513061682695676,0.012564394605295482,0.012544553335454211,0.010835136303577223,0.010815295033735952,0.005344766853123961,0.0053249255832826916,0.004635250642719235,0.0046154093728779655,0.012362570003654892,0.012342728733813622,-0.0005804247150491279,-0.0007669326515570645,0.0016134293041962788
2026-02-18,-0.0020234858052884607,-0.0020433270751297307,0.008927019259595825,0.008907177989754555,0.002671863626835646,0.002652022356994376,0.005267924144893091,0.005123082875051821,-0.005424078140498545,-0.005443919410339814,0.016579564980488293,0.016559723710647022,-0.004588062478416855,-0.004607903748258125,0.0059202362264986945,0.005817061623324091,-0.005167469806325164,-0.005187311076166433,0.0006568238933690986,0.0005258715124167176,-0.0029156862043241086,-0.0029355274741653787,0.016377835478808334,0.016107994208967063,-0.004810522399661288,-0.004830363669502557,0.002413750254892542,0.002393908985051272,0.005037695790158558
2026-02-19,-0.017400076321555658,-0.017419917591396928,0.017973169992188398,0.017953328722347128,-0.015495426608049666,-0.015515267877890936,-2.6088336855509264e-05,-4.5929606696779106e-05,-0.011996915514964956,-0.012016756784806227,0.029519887668207512,0.02950004639836624,-0.021680975593112203,-0.021700816862953474,-0.005460455031480441,-0.005480296301321711,-0.002414987373993738,-0.002434828643835008,0.004999476190359021,0.004979634920517752,-0.013478010735419498,-0.013497852005260769,-0.01429131355153429,-0.01431115482137556,-0.0030613934020759957,-0.0030812346719172657,-0.0012862599162850995,-0.0013061011861263694,-0.002637440014283343
2026-02-20,-0.01957562527960488,-0.01959546654944615,-0.009627817227383928,-0.009980991830558531,0.0018100984311427704,0.0017902571613015005,-0.0014923626860972778,-0.001956648400382992,-0.012421185030445935,-0.012441026300287206,-0.007104402185021008,-0.007624243454862278,-0.0008326026163041232,-0.000852443886145393,0.0009100267779135101,0.0007235188414055735,0.0027119969117685994,0.0026921556419273293,0.0024511364419637447,0.0024312951721224747,-0.001570555421675457,-0.001590396691516727,-0.004269131443572827,-0.004288972713414096,0.005975813743451741,0.0059559724736104715,0.0009800578195594233,0.0006268832163848201,0.007231834702975171
2026-02-23,0.003150568059948799,0.003130726790107529,0.0013020234842507916,0.0012821822144095218,-0.014855157700288056,-0.014874998970129326,-0.0003415303595786139,-0.0006113716294198837,0.006577047845352058,0.006557206575510789,-0.01823013841466331,-0.01824997968450458,0.01768485066638382,0.01766500939654255,-0.002223850631718139,-0.0023346009924685,-0.02700285636942564,-0.027022697639266912,-0.006173282796100009,-0.006193124065941279,-0.007202407662204823,-0.007222248932046093,-0.024448839604766265,-0.024468680874607535,0.0010876124107131128,0.001067771140871843,-0.0030771838119298305,-0.003368453653199672,-0.010211295817177612
2026-02-24,-0.004416073967318202,-0.004435915237159471,-0.011698862761359969,-0.01171870403120124,1.6008532889620966e-05,-3.832736951648875e-06,-0.0018640252909383065,-0.002008866560779576,-0.007836193578615236,-0.007856034848456506,-0.006162887114625981,-0.006182728384467251,-0.0025840826483378033,-0.0026039239181790733,0.0039729647117240485,0.0037309012196605562,-0.00355013726498351,-0.00356997853482478,0.01001843817389868,0.00979859690405741,-0.0036579190576187864,-0.0036777603274600564,-0.0030742615460935263,-0.0030941028159347963,-0.013760538003736845,-0.013780379273578116,0.0015105405389161698,0.0013240326024082333,0.007268586321031556
2026-02-25,5.3849703528207823e-05,3.400843368693798e-05,-0.03201630006311673,-0.032036141332958,0.01314203567842237,0.0131221944085811,0.005568419219794479,0.005215244616619876,-0.0035808148659766336,-0.0036006561358179036,-0.037414749111558454,-0.03743459038139972,-0.007567631429467158,-0.007587472699308428,0.006166274107803337,0.005924210615739845,0.013256531989752407,0.013236690719911137,0.010322477761918216,0.01013596982541028,0.007851758000392816,0.007831916730551546,-0.0006502756506032159,-0.0006701169204444857,-0.01126451089917353,-0.0112843521690148,-0.014672643675280308,-0.014859151611788244,0.008438139639442843
2026-02-26,0.0026476495380149956,0.0026278082681737256,-0.021311126214014726,-0.022330967483855997,0.0022564118697918634,0.0022365705999505933,0.008927841861611736,0.008908000591770465,-0.0002517063739755354,-0.00027154764381680523,-0.02172480081038558,-0.022744642080226852,-0.0033594997696858252,-0.0033793410395270953,-0.0024452575992531195,-0.0024650988690943895,0.009921903563797107,0.009902062293955837,-0.010025046808270282,-0.01054488807811155,-0.004289691584186362,-0.004309532854027631,-0.0009786961081655887,-0.0009985373780068585,0.007492480997456053,0.007472639727614783,-0.0021997111676381525,-0.0022964755144024994,-0.005554395000458845
2026-02-27,0.008067360622489793,0.008047519352648523,-0.029559472247496804,-0.029829313517338075,-0.004862524074119778,-0.004882365343961048,-0.029852743043792387,-0.030122584313633658,0.023056600865984635,0.023036759596143364,-0.015932748141676556,-0.015952589411517826,0.013144065828042319,0.013124224558201048,-0.0122528510667652,-0.01239769233660647,-0.0017234633126645311,-0.001743304582505801,-0.014673040121211782,-0.015248436946608608,-0.015817412977316637,-0.015837254247157907,-0.0057095058551725145,-0.005929347125013785,-0.011306817864368955,-0.011326659134210226,-7.621762699963272e-06,-0.00020928121435941495,-0.004801907270092998
2026-03-02,0.01046742980884995,0.010447588539008679,0.008443399993986985,0.008090225390812382,-0.0020313885121144514,-0.0020512297819557214,-0.006748546842189239,-0.007101721445363842,0.004096838242650292,0.004076996972809022,0.01050991815783986,0.00949007688799859,-0.0067046167317789005,-0.00672445800162017,0.0049496335008224705,0.004329792230981201,0.0038627791110564576,0.0038429378412151876,0.013767048652520358,0.012947207382679089,0.008118504236018132,0.008098662966176862,-0.004880527267777907,-0.005150368537619176,-0.0008832970119434622,-0.000903138281784732,0.012760162830307467,0.012540321560466198,0.0005685897092166936
2026-03-03,0.015390634297908034,0.013370793028066763,-0.014215379431958016,-0.014235220701799287,0.0013908927727749772,-0.00022894849706629294,0.006579969631590637,0.006360128361749367,0.010611379933704713,0.0075915386638634435,-0.01874481941812267,-0.018764660687963942,0.01303781296673583,0.010817971696894559,-0.005118960927056637,-0.0051388021968979064,0.011750051460882672,0.0089302101910414,0.004495275022502521,0.003725433752661251,0.016330957422034078,0.014311116152192807,-0.0021747282269860193,-0.0025279028301606224,-0.005904040138882661,-0.009323881408723932,-0.0023241290386582843,-0.002593970308499554,-0.008814360718000014
2026-03-04,0.002189476801606882,0.002169635531765612,-0.001519988116529351,-0.0015398293863706208,-0.004648420223510464,-0.0046682614933517335,0.013693294399437072,0.013340119796262468,-0.014613617099930698,-0.014633458369771968,-0.011256430940264295,-0.011276272210105565,-0.007759301848291178,-0.007779143118132448,0.0007512576546533922,0.0004814163848121224,0.012568898305584254,0.012549057035742984,0.012456020783528143,0.012436179513686873,0.002096808484688395,0.0020769672148471248,-0.0033900003720835534,-0.0034098416419248235,-0.0006254649315496691,-0.0006453062013909389,0.0030551553556827558,0.0026019807525081524,0.007055426061514547
2026-03-05,0.0076617026295902856,0.007641861359749016,-0.0023132703730658725,-0.0023331116429071426,0.002196146734057247,0.0021763054642159768,-0.0010333127117869243,-0.0013031539816281941,0.009005361067345318,0.008985519797504048,-0.021464910569018447,-0.021484751838859718,0.00455707160319373,0.004537230333352461,0.012133803258855158,0.012113961989013888,0.017845555212227505,0.017825713942386235,0.016068573430946087,0.015048732161104817,0.004801786346914661,0.004781945077073391,-0.0030981306626418625,-0.0031179719324831326,-0.010937740994573264,-0.010957582264414534,-0.014342413886875585,-0.014790826585288283,-0.0055756895160732345
2026-03-06,0.01612935788556029,0.016109516615719018,-0.013221269320483139,-0.01324111059032441,-0.0014536937267171195,-0.0014735349965583893,-0.005858349779221561,-0.005878191049062831,0.01653309333503418,0.01651325206519291,-0.006620363668789708,-0.006640204938630978,0.015002146730356259,0.014982305460514989,-0.007528494523455692,-0.007548335793296962,0.005726021114928182,0.005706179845086912,-0.0038373007486769417,-0.0038571420185182117,0.005706116363425717,0.005686275093584448,0.002853267785808522,0.002833426515967252,-0.013409761828864896,-0.013429603098706167,-0.004981105902055513,-0.005000947171896783,-0.013106994348447198
2026-03-09,-0.0001297981739140086,-0.00014963944375527845,0.03215297675868034,0.03163313548883907,-0.003177832521063807,-0.003197673790905077,0.00012751153833023832,-0.0008923297315110315,-0.013267284597735884,-0.013287125867577155,0.026803838689626658,0.026783997419785387,-0.0014900132550640488,-0.0015098545249053186,0.018093543805025425,0.018073702535184154,0.005365912532558137,0.005346071262716867,0.026419348554386435,0.025399507284545163,0.00709744107520286,0.00707759980536159,0.018402371862558997,0.01638253059271773,-0.0013567807745409662,-0.001376622044382236,0.0008410895358263171,-0.00042875173401495277,0.008759848345474275
2026-03-10,-0.008657653604277272,-0.008677494874118542,0.002951438461820499,0.002931597191979229,-0.0015316601167177034,-0.0015515013865589733,0.00820222695795586,0.00818238568811459,-0.011543015709625737,-0.011562856979467007,-0.008490216286422325,-0.008510057556263596,-0.009628131274924224,-0.009647972544765494,-0.00356327062763806,-0.00358311189747933,-0.0005660292017072189,-0.0005858704715484887,0.0014529817497375141,0.0004331404798962443,-0.001535126596623615,-0.0015549678664648848,0.013214091896585067,0.013194250626743797,0.0055582305557349216,0.005538389285893652,-0.0020662411500099913,-0.0024194157531845944,-0.0016071064194473905
2026-03-11,0.003906620562832774,0.003886779292991504,0.02211960211103048,0.022099760841189208,-0.004887861573017516,-0.004907702842858785,-0.0043345692971032785,-0.004354410566944548,-0.002483908301708848,-0.002503749571550118,0.01979621463552117,0.0197763733656799,-0.005648139982317269,-0.005667981252158539,0.0006626768068047351,0.0006428355369634652,0.017430845985281173,0.017411004715439903,0.024541312482631805,0.024521471212790535,0.0006329081537603033,0.0006130668839190335,0.00812877886359753,0.00810893759375626,-0.010625321486634276,-0.010645162756475547,0.00354861335625036,0.00352877208640909,-0.0012550721328115078
2026-03-12,0.01710364689985403,0.01708380563001276,-0.0015251597776508134,-0.0018783343808254165,-0.00017275381092616247,-0.00019259508076743232,0.012276333414814858,0.011256492144973589,0.010880130100261844,0.010860288830420574,-0.0026962771151254894,-0.0032161183849667594,0.006856856063940852,0.006837014794099583,0.0023638519026255855,0.0018440106327843157,0.004042347088801145,0.004022505818959876,0.0075828362788558645,0.0070629950090145945,0.0014966851960931706,0.0014768439262519007,-0.00035019106985700876,-0.0003700323396982786,-0.004853450316784091,-0.00487329158662536,-0.021135741269794468,-0.02198891587296907,-0.015184929448649576
2026-03-13,-0.0024050612284087667,-0.0024249024982500368,-0.0437792240849398,-0.043799065354781064,-0.004534960592613746,-0.004554801862455015,0.014748310711277543,0.014728469441436272,-0.0036453998800099916,-0.0036652411498512617,-0.04513007066057617,-0.04514991193041744,0.002924991674104504,0.002905150404263234,0.002285091550213114,0.002265250280371844,-0.013353822209407507,-0.013373663479248777,-0.020908265622044564,-0.020928106891885834,-0.0056811739561785524,-0.005701015226019822,-0.010120032115040534,-0.010139873384881804,-0.01143195128877391,-0.01145179255861518,-0.030519543791297808,-0.03053938506113908,-0.005660153274538393
2026-03-16,-0.005601682872700875,-0.005621524142542145,0.002816050628907478,0.0027962093590662078,0.007211334008371272,0.007191492738530003,0.014836661926817818,0.014316820656976549,-0.007995168265059381,-0.008015009534900652,-0.0032009894541475403,-0.0032208307239888104,-0.006800814421102553,-0.006820655690943822,0.007735818089489125,0.007382643486314521,-0.0005318254433023693,-0.0005516667131436391,0.0005396613308636944,0.0005198200610224246,-0.00036032048576619714,-0.00038016175560746696,0.006300246255168007,0.006280404985326738,-5.4226757229547395e-06,-2.526394556422458e-05,-0.00010090887898132417,-0.00045408348215592736,0.01017678036768932
2026-03-17,-0.0061700545658088255,-0.006189895835650095,-0.0059950631133661725,-0.006014904383207442,0.008666850383936987,0.008647009114095716,-0.01024109583802979,-0.01026093710787106,0.0027412853596952445,0.0027214440898539745,-0.004497728267313206,-0.004517569537154475,0.003159930914924425,0.003140089645083155,0.005448705729444966,0.0054288644596036965,-0.007834741522415634,-0.007854582792256905,-0.004266793101687483,-0.004286634371528752,-0.0017612958589436566,-0.0017811371287849264,-0.00967130424005791,-0.00969114550989918,0.0006520944920768267,0.0006322532222355569,-0.004157104837851182,-0.004176946107692451,0.002630641382033616
2026-03-18,0.014214539962803217,0.014194698692961947,0.015125568093418695,0.015105726823577425,-0.005476412121014228,-0.005496253390855498,-0.010954914860551612,-0.010974756130392883,0.010933764267495216,0.010913922997653945,0.015059910037242497,0.015040068767401226,0.02040505416642424,0.02038521289658297,0.0020352644631478727,0.0020154231933066026,0.00868594642601993,0.008666105156178659,0.020762223064586693,0.020742381794745423,0.015490292554092677,0.015470451284251407,0.005543753505180327,0.005523912235339057,0.0014183983516777542,0.0013985570818364843,0.01091406741929235,0.01089422614945108,-0.013953630828001051
2026-03-19,-0.0016208845478216881,-0.001640725817662958,-0.011152189739567553,-0.011172031009408823,-0.0026795802988223813,-0.0026994215686636513,-0.002723663453238323,-0.002743504723079593,0.003567566400364019,0.003547725130522749,-0.005900446941092818,-0.005920288210934088,-0.002205171555456964,-0.002225012825298234,-0.003428355003700978,-0.003448196273542248,0.00864491395790975,0.00862507268806848,0.011687193312579669,0.011667352042738399,0.0015781736629287167,0.0015583323930874469,-0.007735258777171183,-0.007755100047012453,-0.009757809727365896,-0.009777650997207166,-0.0004090341632440413,-0.0004288754330853111,-0.0024643625774001254
2026-03-20,0.013063491514481485,0.013043650244640215,-0.0025190074310411092,-0.0030388487008823793,0.0039837369927572235,0.003963895722915954,-0.009611904925871606,-0.009631746195712877,0.021395316507841423,0.021375475238000152,-0.0048857777587061335,-0.005905619028547403,0.018158291525687997,0.018138450255846726,0.015804605274730155,0.015284764004888885,-0.004718906097860676,-0.004738747367701946,-0.01245537782945122,-0.01247521909929249,0.012951820837835614,0.012931979567994344,-0.018482138697958228,-0.0185019799677995,0.011772938526106525,0.011753097256265254,-0.017152969159755282,-0.017672810429596553,-0.014335866992629342
2026-03-23,-0.00886146223151596,-0.00888130350135723,0.02571884868036467,0.0256990074105234,0.0036112673310964467,0.0035914260612551767,0.006523646622507595,0.0055038053526663255,-0.0022323677077883183,-0.0022522089776295883,0.03277355352996569,0.032753712260124426,-0.013012448616095764,-0.013032289885937035,-0.02088878478250833,-0.0209086260523496,-0.0001640514528381421,-0.00018389272267941195,-0.007566161771198399,-0.007586003041039668,-0.0057587696999503064,-0.005778610969791576,0.006523646622507595,0.0065038053526663255,0.014083557776203138,0.014063716506361868,0.033236654257466414,0.032716812987625146,0.010500055284356824
2026-03-24,0.00020247893473296363,0.0001826376648916938,0.010047773616153943,0.010027932346312673,-0.0011315132886484446,-0.0011513545584897144,0.0008517024101881709,0.0008318611403469011,0.010870055324229366,0.010850214054388095,-0.01218678432516096,-0.01220662559500223,-0.0043289299315448,-0.00434877120138607,0.02011513326209946,0.02009529199225819,-0.013142543632446036,-0.013162384902287307,-0.024770002479369446,-0.024789843749210717,-0.005082475453570013,-0.005102316723411282,0.0008517024101881709,0.0008318611403469011,0.01770928947244832,0.01768944820260705,0.011628935657010009,0.011609094387168738,-0.0033568197458091475
2026-03-25,0.0010320498545987149,0.001012208584757445,0.024432418024729396,0.024412576754888126,-0.0039892273511911705,-0.00400906862103244,0.014290184676970075,0.014270343407128804,-0.0020331891059912188,-0.002053030375832489,0.010863751624181628,0.010843910354340357,0.0053292109828914636,0.005309369713050194,0.012847148124125463,0.011827306854284193,0.0012252602492052733,0.0012054189793640035,0.000721518276422306,0.0007016770065810362,0.007164692424928376,0.007144851155087106,0.014290184676970075,0.014270343407128804,0.0028339413694280723,0.0028141000995868023,0.005185664791874489,0.0041658235220332195,0.005572814791767078
2026-03-26,0.0067619077860260005,0.006742066516184731,-0.013952311415496799,-0.013972152685338069,-0.0011276229208148861,-0.001147464190656156,-0.023779897916141213,-0.023799739185982483,0.024943903320064742,0.02492406205022347,-0.004124724914852385,-0.004144566184693654,0.011604985792109335,0.011585144522268064,0.004124724914852385,0.004104883645011115,-0.011004059505012409,-0.01102390077485368,-0.013952311415496799,-0.013972152685338069,-0.012558639617551682,-0.012578480887392952,-0.023779897916141213,-0.023799739185982483,0.006499117936621357,0.006479276666780088,-0.037283773861118585,-0.03830361513095985,-0.017858712243157604
2026-03-27,-0.005513756515921864,-0.005533597785763134,-0.005005286886582749,-0.006025128156424019,0.0025347697903793202,0.00251492852053805,0.0,0.0,0.003965509161241775,0.003945667891400505,-0.005005286886582749,-0.005025128156424019,0.0025823199513183674,0.0025624786814770974,0.005005286886582749,0.00498544561674148,-0.015318736615480045,-0.015338577885321315,-0.005005286886582749,-0.006025128156424019,-0.011770468438526093,-0.011790309708367364,0.0,0.0,0.0027871109252025957,0.0027672696553613257,0.0030175552909920134,0.0029977140211507433,-0.01705191879256185
2026-03-30,0.0021506482773493985,0.0021308070075081284,-0.002814333285683479,-0.002834174555524749,0.002640509353758691,0.002620668083917421,0.0,0.0,-0.0021482584144753235,-0.0021680996843165936,-0.002814333285683479,-0.002834174555524749,0.010354995081208785,0.010335153811367515,0.002814333285683479,0.002794492015842209,-0.007930409030680919,-0.00795025030052219,-0.002814333285683479,-0.002834174555524749,0.004734143623531518,0.004714302353690248,0.0,0.0,-0.013514989360734819,-0.013534830630576089,-0.032942033098164125,-0.03296187436800539,-0.003343469515220132
2026-03-31,-0.00428608238745648,-0.00430592365729775,0.030802370221666875,0.030782528951825604,-0.0019521044217831636,-0.0019719456916244336,0.0,0.0,-0.02612553175762078,-0.02614537302746205,0.030802370221666875,0.030782528951825604,-0.01319737744512716,-0.013217218714968431,-0.030802370221666875,-0.030822211491508145,0.021307271438320063,0.021287430168478793,0.030802370221666875,0.030782528951825604,0.008317481478729696,0.008297640208888426,0.0,0.0,0.0034745713804612867,0.0034547301106200167,0.05178338437425767,0.0517635431044164,0.02906792539862124
2026-04-01,0.010893843559561855,0.010874002289720585,-0.02031396136483965,-0.02033380263468092,-0.0245231147904129,-0.02454295606025417,0.0,0.0,-0.02437882301027583,-0.0243986642801171,-0.02031396136483965,-0.02033380263468092,0.008959026008269765,0.008939184738428495,0.02031396136483965,0.02029412009499838,0.021552917330697707,0.021533076060856436,-0.02031396136483965,-0.02033380263468092,0.020039429618281424,0.020019588348440153,0.0,0.0,-0.004068754695741128,-0.0040885959655823974,-0.005744783046086721,-0.005764624315927991,0.00753442967227369
2026-04-02,0.0028669501810953406,0.0028471089112540706,0.017777393209857717,0.016757551940016446,-0.00720867519401358,-0.007228516463854849,-0.010759431200017655,-0.011779272469858925,-0.0017773140478915643,-0.0017971553177328341,0.017777393209857717,0.016757551940016446,0.007121809081314323,0.0071019678114730535,0.0018707345950887966,0.0013508933252475268,0.0026171708535276173,0.0025973295836863473,0.017777393209857717,0.016757551940016446,0.0026999485168469842,0.002680107247005714,0.010759431200017655,0.009739589930176385,-0.0031498396979838805,-0.0031696809678251506,0.009637104227167015,0.009117262957325746,0.0009005422726844348
2026-04-06,0.006212362005834737,0.0061925207359934675,-0.002117896036950895,-0.002137737306792165,-0.0012224719057795982,-0.001242313175620868,-0.008347458304325706,-0.008367299574166976,0.002161897446279926,0.002142056176438656,-0.002117896036950895,-0.002137737306792165,-0.001861244101038162,-0.0018810853708794318,0.009406406322801153,0.009386565052959882,0.00606197920004582,0.00604213793020455,-0.002117896036950895,-0.002137737306792165,0.0012788457698473586,0.0012590045000060888,0.008347458304325706,0.008327617034484435,-0.001565638911637901,-0.0015854801814791709,-0.006892217361724073,-0.006912058631565343,0.004726703240241825
2026-04-07,-0.0011776428697242267,-0.0011974841395654965,-0.00029306522899386067,-0.0008129064988351305,-0.0049295817320378025,-0.004949423001879072,-0.03087385502773854,-0.03089369629757981,-0.005711366053453182,-0.005731207323294451,-0.00029306522899386067,-0.0008129064988351305,-0.010459203836692809,-0.01047904510653408,0.023798994792007255,0.023779153522165985,-0.0013002088216938711,-0.001320050091535141,0.014149720471462568,0.014129879201621297,0.0009657506059059906,0.0009459093360647207,0.01643106932728211,0.01591122805744084,-0.004146266652582364,-0.004166107922423634,0.00013313710061069184,-0.00022003750256391135,0.0004400691374961685
2026-04-08,-0.01703985131499011,-0.01705969258483138,-0.014378168207029196,-0.014398009476870467,-0.007120394010231547,-0.0071402352800728165,-0.015162597543555423,-0.015182438813396693,-0.03227852662108274,-0.03229836789092401,-0.014378168207029196,-0.014398009476870467,-0.01667429636464024,-0.01669413763448151,0.018604844986251923,0.018585003716410652,-0.004144409537716529,-0.004164250807557799,-0.006884494885393,-0.0069043361552342695,9.975536555224818e-05,7.991409571097834e-05,0.007668924221919227,0.007649082952077957,0.016889954844547295,0.016870113574706025,-0.007292499814552341,-0.007312341084393611,0.0254696046172882
2026-04-09,-0.005916295544712014,-0.005936136814553283,-0.04902136808963942,-0.049041209359480684,-0.004179365929334867,-0.0041992071991761365,0.01440239115045805,0.014382549880616779,-0.014256246770030689,-0.01427608803987196,-0.04902136808963942,-0.049041209359480684,0.0009353950529149002,0.0009155537830736304,0.014194130757241352,0.014174289487400082,-0.009011355858103965,-0.009031197127945235,-0.0571930438153988,-0.05721288508524007,-0.0017132392893444036,-0.0017330805591856734,-0.006230715424698663,-0.0062505566945399325,0.005688810109638064,0.0056689688397967945,-0.031970025728067175,-0.03198986699790844,0.005769096571727417
2026-04-10,-0.004507257637032613,-0.004527098906873883,0.025519060306600505,0.025499219036759235,-0.003230508630484642,-0.003250349900325912,-0.030701859083731353,-0.030721700353572624,-0.010602579294918136,-0.010622420564759406,0.025519060306600505,0.025499219036759235,0.0008029600813046819,0.0007831188114634121,0.030701859083731353,0.029682017813890082,0.005580185558760631,0.005560344288919362,0.030701859083731353,0.030682017813890083,0.0030016600928810754,0.0029818188230398054,0.025519060306600505,0.025499219036759235,0.0018727463305512333,0.0018529050607099635,0.02344601298090676,0.02342617171106549,-0.0006617946789001516
2026-04-13,-0.002135193718502915,-0.002155034988344185,0.00990483619218735,0.009884994922346079,0.006862145741036595,0.006842304471195325,-0.002967987669315386,-0.002987828939156656,-0.005669078948022011,-0.0056889202178632805,0.00990483619218735,0.009884994922346079,-0.007125547916833763,-0.0071453891866750325,0.002967987669315386,0.002948146399474116,0.01629554817634744,0.01627570690650617,0.002967987669315386,0.002948146399474116,-0.01236108278864394,-0.012380924058485211,0.00990483619218735,0.009884994922346079,-0.008537737577486104,-0.008557578847327375,-0.011972026094955141,-0.011991867364796412,0.009772337225445238
2026-04-14,-0.00269069376978649,-0.00271053503962776,-0.012024581239827192,-0.012044422509668463,0.00863611322035882,0.00861627195051755,0.017877958607662947,0.017858117337821677,-0.0160892977558754,-0.01610913902571667,-0.012024581239827192,-0.012044422509668463,-0.01159815199540317,-0.011617993265244441,-0.017877958607662947,-0.017897799877504218,0.008441837223639748,0.008421995953798478,-0.017877958607662947,-0.017897799877504218,0.006616877302578627,0.006597036032737358,-0.012024581239827192,-0.012044422509668463,-0.0046687946289028955,-0.004688635898744165,-0.012024581239827192,-0.012544422509668461,0.012184915010662545
2026-04-15,-0.005068822229567371,-0.0050886634994086405,-0.019719299121986944,-0.020739140391828215,0.012812960538138064,0.012793119268296793,0.020163262307987484,0.020143421038146214,-0.006629952032249453,-0.006649793302090722,-0.019719299121986944,-0.020739140391828215,0.01047512820256906,0.01045528693272779,0.009852862321939382,0.009166354385431445,0.018665701399428837,0.018645860129587567,-0.04473589599789296,-0.04575573726773423,0.006625095882776366,0.006605254612935096,-0.005872359194766752,-0.0058922004646080215,-0.003328562826489379,-0.003348404096330649,-0.009378774195764642,-0.010731948798939244,0.00789104262604634
2026-04-16,-0.013958963961963666,-0.013978805231804937,-0.021532647234179803,-0.021552488504021073,-0.011118724246983968,-0.011138565516825238,-0.010816520113972883,-0.011336361383814152,-0.007833002250649312,-0.007852843520490583,-0.021532647234179803,-0.021552488504021073,-0.007638254082400831,-0.0076580953522421,-0.007815565444124909,-0.00783540671396618,-0.004141861730867901,-0.004161703000709171,-0.013792374041736796,-0.014478881978244732,-0.011140035147582461,-0.011159876417423732,-0.02666862093618716,-0.02768846220602843,-0.00969885146204339,-0.00971869273188466,-0.018679675323854478,-0.01894951659369575,0.0024573146961406334
2026-04-17,-0.02120379648336118,-0.021223637753202452,-0.0036859637939509193,-0.0037058050637921894,0.006949975758869687,0.006930134489028418,0.016428891103091904,0.015075716499917301,-0.02882200801197584,-0.02884184928181711,-0.0036859637939509193,-0.0037058050637921894,-0.027259059108263196,-0.027278900378104466,0.008656636041804333,0.008636794771963063,-0.009565855616922424,-0.009585696886763695,-0.0016943376013869305,-0.0017141788712282003,-0.003535430265774287,-0.003555271535615557,0.0058566453620391146,0.005836804092197845,-0.010229112368496572,-0.010248953638337843,-0.004971544525634308,-0.004991385795475578,0.012085709684531931
2026-04-20,-0.0010158610961510158,-0.0010357023659922856,-0.00858567772159663,-0.0086055189914379,0.008426066675626188,0.008406225405784918,0.002753984465378806,0.002484143195537536,0.0025446077159683167,0.0025247664461270467,-0.00858567772159663,-0.0086055189914379,-0.005057827122548453,-0.005077668392389723,-0.014749044688370497,-0.014768885958211768,-0.0028097365374931903,-0.0028295778073344604,0.0009874658042599016,0.0009676245344186318,-0.0018333575468070795,-0.0018531988166483493,0.016273899179749363,0.016254057909908092,-0.001639389271789304,-0.0016592305416305738,-0.013649553981420842,-0.013669395251262113,-0.0019997769579219726
2026-04-21,0.006180447744715909,0.0061606064748746395,-0.022129341122360924,-0.022149182392202194,-0.0021236624989455777,-0.0021435037687868477,-0.0004133193402384161,-0.0004331606100796859,0.006764342322297646,0.006744501052456376,-0.022129341122360924,-0.022149182392202194,-0.007275122934458844,-0.007294964204300113,2.249674010079694e-06,-1.7591595831190147e-05,-0.002225587183237698,-0.002245428453078968,-0.007592921655553067,-0.007612762925394337,-0.006445281279837989,-0.006465122549679259,-0.009781598450536666,-0.009801439720377936,-0.012228802236547709,-0.01224864350638898,-0.01742415596189542,-0.01744399723173669,-0.006546877598048839
2026-04-22,8.069316157491844e-05,6.0851891733648596e-05,0.029633893022805946,0.029114051752964675,0.008849385981473801,0.00882954471163253,0.006667113657794432,0.006647272387953163,-0.006540167662607988,-0.0065600089324492575,0.029633893022805946,0.029114051752964675,-0.0070923746898355015,-0.007112215959676771,0.019171919824714778,0.019152078554873508,0.01452368559831414,0.014503844328472869,-0.002358625433440472,-0.0028784667032817415,0.0040602471983606885,0.004040405928519419,0.028105566446062547,0.028085725176221276,-0.010033871620657086,-0.010053712890498357,0.024833305981514675,0.024313464711673404,0.010126679110719516
2026-04-23,-0.010777210288833206,-0.010797051558674477,0.020261653903585808,0.020241812633744537,-0.010576592581208123,-0.010596433851049393,-0.019985490055579563,-0.020005331325420834,0.0010378574007008923,0.0010180161308596225,0.020261653903585808,0.020241812633744537,0.005633831160619796,0.005613989890778526,0.004392519300272698,0.004372678030431429,-0.02933449624594241,-0.02935433751578368,-0.0013022235414235448,-0.0013220648112648146,0.0032327972477640965,0.0032129559779228265,-0.0038333171701682156,-0.0038531584400094856,-0.01711953271914557,-0.01713937398898684,0.019173467969107544,0.019153626699266273,-0.0038807172806204493
2026-04-24,-0.036022831506349134,-0.0360426727761904,-0.0011707385336070242,-0.0020239131367816273,-0.00871952649836023,-0.0087393677682015,-0.0014151198631478842,-0.002134961132989154,-0.03732043306605892,-0.03734027433590019,8.164407690677833e-05,-0.0004381971929344915,1.6294664268220321e-06,-1.821180341444781e-05,0.020614353759874304,0.020194512490033033,-0.0022956672306335356,-0.0023155085004748057,-0.00574864119627462,-0.006501815799449223,0.004138823146772408,0.004118981876931139,0.009673925132442474,0.009154083862601204,-0.010381417783131307,-0.010401259052972577,0.0039303159548357,0.003077141351661097,0.0077492429694283604
2026-04-27,0.0033561136854004746,0.0033362724155592046,-0.0008485143168324161,-0.0012016889200070192,-0.0027328333103870065,-0.0027526745802282765,-0.003222988769496442,-0.003576163372671045,-0.0009110299727366098,-0.0009308712425778797,-0.0034202524327330286,-0.0036400937025742983,0.0037913054854857076,0.0037714642156444376,-3.89122673172418e-05,-0.00034446782287279735,0.004303173949700434,0.0042833326798591646,0.013769478904572122,0.013332970968064186,0.009912810828385642,0.009892969558544372,0.0154323056790171,0.01521246440917583,0.006069777489132145,0.006049936219290875,0.0021116767909696884,0.0017307244100173075,0.0017229416659827468
2026-04-28,0.010794543780624378,0.010774702510783107,0.020219074271012456,0.019949233001171185,-0.004799715168050268,-0.004819556437891537,-0.0022925699294421716,-0.0023124111992834416,0.012503080389886867,0.012483239120045597,0.022065813267479785,0.021712638664305183,0.01315353268347299,0.01313369141363172,-0.0020687113125295664,-0.0020885525823708365,-0.00394565208811809,-0.00396549335795936,-0.008068034178837955,-0.008087875448679225,0.005923294420556846,0.005903453150715577,0.007804485616300561,0.007784644346459291,-0.008772531160867503,-0.008792372430708774,0.015031354833485796,0.014811513563644527,-0.004865980739709008
2026-04-29,-0.007505492453525408,-0.007525333723366678,-0.00472019444459723,-0.005082892857295643,-0.028102359392205366,-0.028122200662046636,-0.031223748611383238,-0.031493589881224505,-0.001133350446936909,-0.0011531917167781787,0.0056665212174393294,0.00539667994759806,-0.004252039424318177,-0.0042718806941594465,0.0043722379035514075,0.004130174411487915,0.0029045331632528313,0.0028846918934115613,0.01390894590254523,0.013460533204132532,0.00260460327685803,0.00258476200701676,-0.020048126388001113,-0.02023463432450905,0.0006040610262364357,0.0005842197563951659,0.017153252298973774,0.016966744362465837,-0.0001546344034137892
2026-04-30,0.008924939013827581,0.00890509774398631,0.003495087577707605,0.0031895320221520494,0.008123227867428641,0.00810338659758737,0.007818510589792882,0.007598669319951612,-0.005658540457178994,-0.005678381727020264,0.001993988153541175,0.0016408135503665718,-0.01196374086116735,-0.01198358213100862,-0.003756794295424736,-0.003776635565266006,-0.011945496807157775,-0.011965338076999045,0.0015939983023376247,0.001431299889639212,-0.01084865558536724,-0.01086849685520851,0.006165369260538494,0.006145527990697224,-0.00021383745590120018,-0.00023367872574247002,0.0004885231352791536,0.00021868186543788377,0.009949685183250345
2026-05-01,-0.004437339632048054,-0.0044571809018893235,0.014059349128845306,0.013453793573289751,-0.0004472347437834423,-0.0004670760136247121,-0.010374863087806985,-0.011080418643362542,-0.01692022520223048,-0.01694006647207175,0.016893776597243948,0.01622393532740268,-0.004974414445381992,-0.004994255715223261,0.004774632132999177,0.0033381241964912404,0.018219165399630345,0.018199324129789075,0.015778060363421983,0.015227916063277683,0.008973177307085722,0.008953336037244452,0.024648424782098315,0.023678583512257045,-0.01967970590833351,-0.019699547178174782,0.018689791799122616,0.01811439497372579,0.00276905737155686
2026-05-04,0.02507238037486198,0.02505253910502071,0.022097873946569455,0.022078032676728185,-0.002785688204480375,-0.002805529474321645,-0.0026745713439628588,-0.002986079280470795,0.0031414263457773314,0.0031215850759360613,0.005736378001575382,0.005716536731734112,0.0006152603657914703,0.0005954190959502005,0.007576893457772118,0.007480129111007772,0.028505202299496935,0.028485361029655664,0.017478801707675712,0.01737562710450111,0.00639203185543078,0.006372190585589511,0.019984472603974644,0.019764631334133375,-0.01398853253801663,-0.0140083738078579,0.00041901465485826624,0.00021735520319881457,-0.0036633809509297732
2026-05-05,-0.02277612153037777,-0.02279596280021904,-0.010379531222207613,-0.010566039158715549,-0.008010706994087081,-0.008030548263928352,-0.014906675110868864,-0.014926516380710134,-0.02671456059024242,-0.02673440186008369,-0.010854891233549283,-0.011124732503390553,-0.012516641531670814,-0.012536482801512084,0.005821778561230459,0.00580193729138919,0.0003440355305931895,0.0003241942607519197,0.0182625477298294,0.01824270645998813,-0.003543929371164112,-0.003563770641005382,0.0013007152069806124,0.0010308739371393425,7.59462126989404e-05,5.610494285767056e-05,0.005642631017360874,0.0055227897475196045,0.008022242913074518
2026-05-06,-0.014192693105807652,-0.014212534375648922,-0.010996602798047836,-0.011016444067889106,-0.0028157351392250497,-0.0028355764090663197,0.0065166057927522805,0.006496764522911011,-0.02603932699192242,-0.02605916826176369,-0.015749676107735935,-0.015769517377577206,-0.01142484304580943,-0.0114446843156507,0.020401093228603846,0.020247918625429243,-0.0006922005990549832,-0.000712041868896253,0.000934940176927624,0.0009150989070863542,-0.009164388356752831,-0.009184229626594102,-0.004909910618754194,-0.004929751888595463,0.006660251912026903,0.006640410642185633,0.006145013470269765,0.006125172200428496,0.013899418730159985
2026-05-07,-0.0003566306443478001,-0.0003764719141890699,0.00496105262797932,0.0049412113581380505,0.010687459887504858,0.010667618617663587,0.00395057093110511,0.0039307296612638406,-0.004728525758856028,-0.004748367028697298,0.005200684644756884,0.005180843374915614,-0.003858606765904082,-0.003878448035745352,0.014232703161343951,0.014212861891502681,-0.00032085634661108706,-0.0003406976164523569,-0.0034027743922462605,-0.0034226156620875306,0.0008058801119253277,0.0007860388420840578,0.008790362788470002,0.008770521518628732,-0.006858132290060838,-0.006877973559902107,0.004939923126369813,0.004920081856528543,-0.0030660889376450395
2026-05-08,-0.02429185503339428,-0.024311696303235552,-0.003949456883721573,-0.003969298153562843,-0.010662926161545572,-0.010682767431386842,-0.01212025509764224,-0.012282953510340653,-0.024973040294330486,-0.024992881564171756,-0.0027440603143494696,-0.0027639015841907397,-0.016530151876709233,-0.016549993146550503,0.014892925871385873,0.014873084601544602,-0.00045424854762076143,-0.00047408981746203125,0.0068390389986964974,0.006819197728855228,-0.0020389352839373155,-0.0020587765537785855,-0.003932525430173433,-0.003952366700014703,-0.004062269200081026,-0.004082110469922295,0.019117988964894268,0.019098147695052997,0.008256054754597786
2026-05-11,-0.00038460810374865186,-0.00040444937358992167,-0.010634124133670549,-0.010653965403511819,-0.015835531010980654,-0.015855372280821924,-0.015531237489089508,-0.015551078758930779,0.0022098015647314395,0.0021899602948901695,-0.012125258275184597,-0.012145099545025868,-0.011238128111003354,-0.011257969380844625,-0.03906416808326505,-0.03908400935310632,0.015535845674604122,0.015516004404762852,-0.004822121993874329,-0.004841963263715598,-0.0015511332753950669,-0.0015709745452363367,-0.025375943264855892,-0.025395784534697163,0.00978792359059756,0.009768082320756289,-0.007415759705903898,-0.0074356009757451675,0.0022775635209937306
2026-05-12,0.018829261439158106,0.018809420169316835,0.004427950737200189,0.004408109467358919,0.0012812971551202758,0.001261455885279006,0.008799659730876479,0.008779818461035208,0.015841967368518763,0.015822126098677492,0.004817809707297477,0.004797968437456207,0.008810316425175213,0.008790475155333943,-0.012493436521908766,-0.012513277791750037,-0.002953521520323865,-0.002973362790165135,-0.009137192077844877,-0.009157033347686147,0.005334978605637597,0.0053151373357963275,-0.006085467522573146,-0.006105308792414416,0.002139990273703629,0.0021201490038623588,-0.007131791418149435,-0.007151632687990705,-0.0015148976832113359
2026-05-13,0.009507206947253564,0.009487365677412294,0.0033079811253918356,0.0031770287444394547,0.007773347469097979,0.0077535061992567095,0.013022457322533841,0.01300261605269257,-0.009985006591137557,-0.010004847860978827,0.0006050439205858888,0.0004423455078874761,-0.004348478469054428,-0.004368319738895698,0.04045279485666682,0.0402791074329794,0.017173567476594487,0.017153726206753216,0.012240845663892197,0.012130095303141835,0.019324215949802014,0.019304374679960743,0.014024488184935478,0.014004646915094208,-0.014195106632356468,-0.014214947902197739,0.006319158933745339,0.006097297461883867,0.005594852718878274
2026-05-14,0.007935247956391722,0.007915406686550452,-0.003779579210465474,-0.003799420480306744,0.005599348373167068,0.0055795071033257985,-0.0002326168443062271,-0.0004191247808141636,0.003962020099485053,0.0039421788296437835,-0.0032181200839101315,-0.0032379613537514016,-0.016905654081687618,-0.016925495351528888,-0.0037456167418450114,-0.0037654580116862815,0.006822064366427416,0.006802223096586147,-0.004622948972121905,-0.004865012464185397,0.003197327631835723,0.003177486361994453,0.0008385366221941026,0.0005686953523528328,0.0016916669863937918,0.001671825716552522,-0.008487029016069935,-0.008631870285911206,0.007894249484761584
2026-05-15,0.0072931324625274616,0.007273291192686192,-0.0009060384030759846,-0.0009258796729172544,-8.145262414568314e-05,-0.00010129389398695298,-0.0007518189764643532,-0.001114517389162766,0.021095666896125,0.02107582562628373,0.005119239665790092,0.005099398395948822,0.016144263965263018,0.016124422695421747,-0.005267217133133844,-0.0053584869744036845,0.0013269264116822603,0.0013070851418409905,0.0028731545087656366,0.0027533132389243667,0.010516731433421043,0.010496890163579773,0.02094171569089409,0.02092187442105282,-0.003911428949592321,-0.003931270219433591,-0.015109659678987523,-0.015129500948828794,-0.012029288059682064
2026-05-18,0.0036309304894896147,0.0036110892196483447,-0.004427741996512302,-0.004447583266353572,0.008794219777080826,0.008774378507239555,-0.0026958455744827536,-0.0029656868443240234,0.024122551877156905,0.024102710607315635,0.0034265565042245327,0.0034067152343832626,0.014707665866313469,0.014687824596472198,-0.004884236580637437,-0.004904077850478706,-0.014330712189083196,-0.014350553458924466,-0.01894734717054645,-0.01896718844038772,-0.0003132750072592505,-0.0003331162771005203,-0.004584439430602133,-0.004604280700443403,0.00767755962377864,0.007657718353937371,-0.013730291039003048,-0.013750132308844318,-0.0007035134425675826
2026-05-19,-0.00013388546247979907,-0.0001537267323210689,0.01619117703091136,0.01617133576107009,-0.00815401438702198,-0.00817385565686325,-0.014107564368397203,-0.014127405638238473,0.004180418251904838,0.0041605769820635685,0.024834935730272404,0.024815094460431134,0.005424119110949399,0.005404277841108129,-0.027666421342188614,-0.027686262612029885,-0.0035865477215310192,-0.0036063889913722893,-0.004143643152505383,-0.004163484422346653,-0.0010507121770859445,-0.0010705534469272143,0.00641497746972991,0.00639513619988864,-0.005002283522242923,-0.005022124792084193,0.01271879097273647,0.0126989497028952,-0.006660884222331576
2026-05-20,-0.024311147136742595,-0.024330988406583865,-0.010261034340800978,-0.010405875610642249,-0.0053672451056118176,-0.005387086375453087,-0.00776703695249816,-0.0077868782223394295,-0.02210168701592089,-0.022121528285762162,-0.008005652559745021,-0.008192160496252958,-0.009466937954199638,-0.009486779224040908,0.0006168511838305839,0.0005303432473226473,-0.0006318143992662395,-0.0006516556691075093,-0.0027177078203785305,-0.0030708824235531336,-0.0051471784730418475,-0.005167019742883117,-0.009729690516124184,-0.009749531785965455,0.008107960452794837,0.008088119182953567,0.012982089426966135,0.012862248157124865,0.010249029332388027
2026-05-21,-0.012662754601192283,-0.012682595871033554,0.0027630526558779745,0.0027432113860367045,-0.004045302462391165,-0.004065143732232435,0.007946056357695566,0.007926215087854295,-0.010379271441193893,-0.010399112711035163,-0.00392925647580412,-0.0039490977456453896,-0.0023830215146103287,-0.0024028627844515987,-0.01011592652428847,-0.01013576779412974,0.00224599141402374,0.00222615014418247,0.005165252965126251,0.005145411695284981,0.0012931208728742538,0.001273279603032984,0.0021103199372980996,0.0020904786674568296,0.006305962607182547,0.006286121337341278,0.003586414520612244,0.003566573250770974,0.0019831294549137457
2026-05-22,-0.0025345216113435093,-0.0025543628811847793,-0.0026068931707832754,-0.0033767344406245453,-0.005910635944624442,-0.005930477214465712,-0.008047450884455663,-0.008953006440011218,0.005079445042738773,0.005059603772897503,0.009514556127467932,0.008494714857626663,-0.0016507592398496418,-0.0016706005096909116,-0.022559626360390026,-0.02279375334451701,-0.005103343813329719,-0.005123185083170989,-0.0024262874742287943,-0.003112795410736731,0.002509167527255064,0.002489326257413794,-0.01384007921708461,-0.01505992048692588,0.002061170679046609,0.002041329409205339,0.010318633192175582,0.0091876808112232,0.003931565762728351
2026-05-26,-0.012658603087820262,-0.012678444357661533,0.005476574381612628,0.004456733111771359,0.005455767739296146,0.005435926469454877,0.010496893438706922,0.010310385502198986,-0.013887720600582975,-0.013907561870424245,0.025344181709883267,0.024324340440041996,-0.008472403315571152,-0.008492244585412423,0.022819283693111186,0.02263277575660325,0.001884723225410256,0.0018648819555689862,-0.006876797941039256,-0.007221639210880525,-0.006449618409037471,-0.006469459678878741,-0.008334121061314126,-0.009353962331155395,0.007947210519010917,0.007927369249169647,0.0198407128495781,0.019445871579736828,0.006638589859918387
2026-05-27,-0.012998130072788616,-0.013017971342629886,0.0015169355008277175,0.0013542370881293047,-0.004058500732462178,-0.004078342002303448,0.0012235353844462764,0.0012036941146050066,-0.010566410340303211,-0.010586251610144481,0.02014974590658807,0.0199299046367468,-0.010055696100628942,-0.010075537370470213,-0.00632319476992423,-0.0063430360397655,-0.013816030006025914,-0.013835871275867185,-0.0027631880121650014,-0.0027830292820062714,-0.004463714109011096,-0.0044835553788523655,-0.023212182083398147,-0.023232023353239418,-0.009191712552337172,-0.009211553822178442,0.02372332582505035,0.023560627412351938,-0.000173263723814987
2026-05-28,0.0053959436300127,0.005376102360171431,0.010391392253474593,0.009204884316966656,-0.0026219374419536373,-0.0026417787117949073,-0.009965255822917162,-0.010185097092758432,-0.008924541980832978,-0.008944383250674249,0.01106160858785843,0.010791767318017158,-0.005161450948420021,-0.005181292218261291,0.002840506277838917,0.002620665007997647,0.02028207602692349,0.02026223475708222,-0.0046438909052853306,-0.006163732175126601,0.0011744156339796655,0.0011545743641383957,0.012816475512323944,0.012796634242482674,-0.0047604602017217385,-0.004780301471563008,0.004380871052209875,0.004194363115701939,0.005516626676954184
2026-05-29,0.007289907107042282,0.0072700658372010125,-0.005187709807877888,-0.005707551077719158,-0.002804107492486141,-0.002823948762327411,-0.026158149640826654,-0.026427990910667925,0.00833069149505421,0.00831085022521294,-0.005769521465161298,-0.006789362735002568,0.003445172312629474,0.003425331042788204,-0.016569343702046036,-0.016589184971887307,0.023331328835585686,0.023311487565744415,0.0029275895631238414,0.002764891150425429,0.0009953697024145168,0.000975528432573247,-0.0036805764330342773,-0.0037004177028755474,0.0021895101267643937,0.0021696688569231236,-0.007044701439397116,-0.007564542709238386,0.002491413132097442
2026-06-01,0.00863592397588141,0.00861608270604014,0.05988941229892708,0.05686957102908581,0.011341773497261131,0.01132193222741986,0.0007963927903348045,-0.00047344847950646536,0.013283615358746968,0.013263774088905698,0.0,0.0,-0.005425024913890186,-0.005444866183731456,0.010788947358050397,0.01010243942154246,0.012475670400126149,0.012455829130284878,0.020205225865417648,0.01893538459557638,-0.002013633510732293,-0.002033474780573563,0.01937018515266037,0.0178503438828191,0.0028948008286858954,0.0028749595588446254,-0.01304157280778832,-0.013394747410962924,0.0027230637662387647
2026-06-02,-0.017635963869955695,-0.020055805139796965,-0.00822201401608258,-0.00824185528592385,-0.014994614502017223,-0.016014455771858494,-0.07208242816047712,-0.07343560276365173,-0.006049124893478974,-0.009268966163320244,0.0,0.0,0.010209929424839049,0.007390088154997778,-0.008861038081111517,-0.009080879350952786,-0.0064630736534374905,-0.00808291492327876,-0.016363910074042438,-0.01671708467721704,-0.009930566528366724,-0.011750407798207994,-0.00822201401608258,-0.009241855285923849,-0.008931999226651355,-0.012751840496492625,-0.06652162428396657,-0.06854146555380784,0.0013579961566574372
2026-06-03,-0.009662793381959444,-0.009682634651800715,-0.02920038568224048,-0.029220226952081752,-0.007802510796700812,-0.007822352066542082,-0.02008985607729345,-0.02010969734713472,0.00014173396253879238,0.00012189269269752254,0.0,0.0,-0.00976260203523922,-0.00978244330508049,-0.010653093335555707,-0.010672934605396978,-0.0061750986044511345,-0.006194939874292404,-0.0234685274521537,-0.02348836872199497,-0.009680456145252281,-0.009700297415093552,-0.02920038568224048,-0.029220226952081752,0.006422308094968409,0.006402466825127139,-0.022623574927820855,-0.022643416197662126,-0.00701716271996522
2026-06-04,0.023958252749808385,0.023938411479967114,0.015615302089612593,0.015595460819771322,0.018017508281194583,0.017997667011353313,0.002311832599536304,0.002291991329695034,0.022264101809040218,0.022244260539198948,0.0,0.0,-0.004968073554467057,-0.004987914824308327,-0.0071275816770714675,-0.007814089613579404,-0.0027655607736657203,-0.0027854020435069903,0.017502958427029702,0.017483117157188432,0.018032588403319484,0.018012747133478214,0.015615302089612593,0.015595460819771322,0.009572981320578822,0.009553140050737551,-0.0021028728667258356,-0.0021227141365671057,0.003778634283035931
2026-06-05,0.00848278107219552,0.00846293980235425,-0.03620472349954018,-0.03622456476938145,0.0073628408295153495,0.00734299955967408,0.005301630704753165,0.005281789434911896,0.0008002304705921892,0.0007803892007509194,0.0,0.0,0.00126280607218353,0.0012429648023422602,-0.008493504019734033,-0.008513345289575303,-0.009020270498726668,-0.009040111768567938,-0.036589153012699695,-0.03660899428254096,-0.00039521013858376773,-0.00041505140842503755,-0.03620472349954018,-0.03622456476938145,-0.0016064278687951232,-0.001626269138636393,-0.011766254067306692,-0.011786095337147962,-0.025809369612244448
2026-06-08,-0.0023629661831932602,-0.0023828074530345303,0.014995640768985297,0.014975799499144026,-0.004609385747306738,-0.0046292270171480075,0.029388259044918152,0.02886841777507688,0.0006228601788839886,0.0006030189090427188,0.0,0.0,-0.0016601072027011554,-0.0016799484725424252,-0.0061301531009420405,-0.00614999437078331,0.009222411028103207,0.009202569758261937,0.02372211515469863,0.02370227388485736,-0.002134014227024972,-0.002153855496866242,0.014995640768985297,0.014975799499144026,0.0035082044517033895,0.0034883631818621195,0.019026892217863023,0.019007050948021752,0.002264222440912178
2026-06-09,-0.005858825888321073,-0.005878667158162342,0.0007786292748597212,0.0007587880050184514,0.00558863157579944,0.005568790305958171,-0.011439895751326257,-0.011459737021167527,-0.0019154295877704007,-0.0019352708576116705,0.0,0.0,0.0007145860698953618,0.000694744800054092,-0.00262320391839177,-0.00264304518823304,-0.018160846421924372,-0.018180687691765642,-0.03495953604742948,-0.03497937731727075,-0.014402331149650394,-0.014422172419491664,0.0007786292748597212,0.0007587880050184514,-0.0020139098502427897,-0.0020337511200840598,-0.009332948674143249,-0.00935278994398452,-0.002935437064612745
2026-06-10,0.012929378703121198,0.012909537433279928,-0.021556115903074713,-0.021575957172915983,-0.006021046560745847,-0.0060408878305871164,0.018462235646592773,0.018442394376751502,0.0053104282249608285,0.005290586955119559,0.0,0.0,-0.004715351839086479,-0.004735193108927748,-0.013739999325810678,-0.013759840595651949,0.012654798893547325,0.012634957623706054,0.007040960609719352,0.007021119339878082,-0.004107408948010559,-0.004127250217851828,-0.021556115903074713,-0.021575957172915983,0.012433971925259092,0.012414130655417821,0.014165364802825708,0.014145523532984438,-0.015765592933211114
2026-06-11,-0.029400439605023674,-0.029420280874864944,0.005206498020746242,0.005186656750904972,-0.002917658085996566,-0.002937499355837836,-0.004609445760283548,-0.004629287030124818,-0.018753231616949105,-0.018773072886790376,0.0,0.0,0.012580988255515626,0.012561146985674355,0.001333537059441097,0.0013136957895998273,-0.004872668208162623,-0.004892509478003892,-0.005485099870141711,-0.00550494113998298,-0.011164645322336355,-0.011184486592177625,0.005206498020746242,0.005186656750904972,-0.0107976081438249,-0.01081744941366617,0.0016588894814457689,0.001639048211604499,0.016996857394830034
2026-06-12,-0.0017425273420280667,-0.0017623686118693365,-0.004545723434736804,-0.005065564704578074,-0.010239705577429847,-0.010259546847271117,-0.013477071457590029,-0.013830246060764632,-0.0035407976250436896,-0.0035606388948849596,-0.005245274344384487,-0.006265115614225757,0.005820315423777089,0.00580047415393582,0.003478266074319336,0.003458424804478066,0.0072314639985479375,0.007211622728706668,-0.010783414970471417,-0.011053256240312687,-0.0006290239213179172,-0.000648865191159187,-0.00384617252508912,-0.00386601379493039,0.01099009026033585,0.010970248990494579,-0.010137632717225564,-0.010157473987066835,0.005408207317551872
2026-06-15,-0.00034141077482818805,-0.00036125204466945786,0.013388858876718073,0.01303568427354347,0.011906355926509104,0.011886514656667834,0.030074551283050588,0.030054710013209317,-0.00034704245403973646,-0.0003668837238810063,0.011209393862968042,0.010689552593126773,0.013482813927179106,0.013462972657337835,0.016365533012673128,0.015845691742831857,0.011047070812302062,0.011027229542460791,0.022092221811501028,0.021572380541659757,0.018028188151044934,0.018008346881203664,0.01774778890421813,0.01772794763437686,0.00024267786421746653,0.0002228365943761967,0.014950138042931993,0.013930296773090723,0.017634009390668393
2026-06-16,-0.012926095881890264,-0.012945937151731535,-0.007853244719137805,-0.007873085988979076,0.004389015881428737,0.004369174611587467,-0.03185047697140353,-0.0318703182412448,-0.007885180297149942,-0.007905021566991213,-0.0028990494689805635,-0.0029188907388218335,2.3430185777928263e-05,3.5889159366584214e-06,-0.01785175630704605,-0.017871597576887322,-0.006388647145667659,-0.006408488415508929,-0.02806898970690372,-0.02808883097674499,-0.0010909599954688322,-0.001110801265310102,-0.017761635219452288,-0.017781476489293558,-0.017060016148274137,-0.017079857418115407,-0.012412227141375576,-0.012432068411216846,-0.005961575485861181
2026-06-17,0.004686911249652636,0.004667069979811366,-0.018193854526859215,-0.018213695796700485,-0.004114112324789521,-0.004133953594630791,-0.026351738779087103,-0.026371580048928374,0.005814317763677001,0.005794476493835732,-0.026881211177784192,-0.026901052447625463,0.00855577610534679,0.00853593483550552,0.013746920489310421,0.01372707921946915,0.020094934110567966,0.020075092840726696,-0.016817344324519506,-0.016837185594360777,0.011168536514828452,0.011148695244987182,-0.0008191412250092567,-0.0008389824948505265,0.0009110259113693352,0.0008911846415280654,-0.05868439156874894,-0.058704232838590206,-0.01248789492983049
2026-06-18,0.0013994467832646896,0.0013796055134234198,-0.0010807378835753587,-0.0011005791534166285,-0.008521479793741639,-0.008541321063582909,0.007229149671603263,0.007209308401761994,0.0026560753020276936,0.0026362340321864236,-0.011179556765647025,-0.011199398035488296,0.013477313067569552,0.013457471797728281,0.01843896664255329,0.017419125372712018,0.012543116641024,0.012523275371182729,0.0020177411578190807,0.0009978998879778109,0.009479821688654988,0.009459980418813718,0.019116899880567972,0.019097058610726702,0.015541485857088512,0.015521644587247242,-0.007014575644367471,-0.007034416914208741,0.010396979807429707
2026-06-22,0.010566879117816352,0.010547037847975081,-0.017201268702195478,-0.017221109972036748,-0.016703211179528964,-0.016723052449370234,-0.03577203672221345,-0.035791877992054716,0.007359517099636315,0.0073396758297950455,-0.022534095429173173,-0.022553936699014444,0.0055214196966229204,0.005501578426781651,-0.0031469282666526377,-0.0031667695364939077,0.005980054250811673,0.005960212980970403,-0.031155379194362703,-0.031175220464203974,0.008705951935438671,0.0086861106655974,-0.00653561524824009,-0.006555456518081359,0.007072804802985489,0.0070529635331442195,-0.01720022672300403,-0.0172200679928453,-0.0031469282666526377
2026-06-23,0.0162162662885298,0.01619642501868853,-0.007290483438605555,-0.007810324708446825,-0.0019843547435258843,-0.0020041960133671544,-0.04208398915110456,-0.04410383042094583,0.017616976048753664,0.017597134778912393,-0.007290483438605555,-0.007310324708446825,-0.0007705022195978236,-0.0007903434894390934,0.0,0.0,0.002412785519878836,0.002392944250037566,0.002198268930605521,0.0018450943274309181,0.004419041304754289,0.004399200034913019,0.0,0.0,0.010983362433434595,0.010963521163593325,0.02750302227389345,0.02748318100405218,-0.014522012225013592
2026-06-24,-0.003485028765170905,-0.0035048700350121752,-0.024813259361992135,-0.024833100631833405,-0.00943875185937596,-0.00945859312921723,-0.04573411885641898,-0.04575396012626025,0.004977973061785868,0.004958131791944599,-0.024813259361992135,-0.024833100631833405,0.010265910244725007,0.010246068974883737,0.0,0.0,-0.0025325427975445235,-0.0025523840673857935,-0.015200771430537885,-0.015220612700379155,0.0036898464865217306,0.0036700052166804605,0.0,0.0,0.002725860057772001,0.0027060187879307308,-0.0038923998675652882,-0.003912241137406558,-0.0004635003677893046
2026-06-25,-0.006467738460627804,-0.0064875797304690735,-0.025575639915552673,-0.025595481185393943,-0.013900819262253415,-0.013920660532094686,-0.028537259284905914,-0.029057100554747185,0.009107722547963448,0.009087881278122177,-0.025575639915552673,-0.025595481185393943,-0.0034795693151267963,-0.0034994105849680663,0.0,0.0,-0.024257385055190372,-0.024277226325031643,-0.024070039254691904,-0.024089880524533175,-0.012316857758274147,-0.012336699028115418,0.0,0.0,-0.006122396185287326,-0.0061422374551285954,-0.020482972453698456,-0.021002813723539727,0.0014456368287247834
2026-06-26,0.026849708726745015,0.026829867456903744,0.018436556712557783,0.018416715442716513,-0.00744882642416037,-0.00746866769400164,-0.0074910637495418375,-0.007510905019383107,0.01965623259885643,0.01963639132901516,0.018436556712557783,0.018416715442716513,-0.0030455630786657252,-0.0030654043485069953,0.0,0.0,-0.003380947836325299,-0.003400789106166569,0.018345295874918434,0.018325454605077163,0.0089335038400986,0.00891366257025733,0.0,0.0,0.014329492417114675,0.014309651147273405,0.02949145733633418,0.02947161606649291,-0.007231332133985857
2026-06-29,0.0012078723161446535,0.0011880310463033836,-0.009941463091535874,-0.009961304361377144,0.01176220017270201,0.011742358902860739,-0.010109858596035637,-0.010129699865876907,0.003875540314676561,0.003855699044835291,-0.009941463091535874,-0.009961304361377144,0.0024534170716838497,0.0024335758018425796,0.0,0.0,0.00333066923977432,0.00331082796993305,-0.014169907384683636,-0.014189748654524907,0.009806354904617553,0.009786513634776282,0.0,0.0,0.003718895525053234,0.0036990542552119638,0.0016076526166382,0.00158781134679693,0.01647481275894025
2026-06-30,-0.015092487138751942,-0.015112328408593213,-0.015296433041909974,-0.015316274311751244,-0.0035326970576149753,-0.0035525383274562453,-0.017064493857810337,-0.017084335127651607,-0.006819004274793184,-0.0068388455446344535,-0.015296433041909974,-0.015316274311751244,0.006114065177284178,0.006094223907442908,0.0,0.0,0.0065709883594955555,0.006551147089654286,-0.015296433041909974,-0.015816274311751245,0.006141963050213917,0.006122121780372647,0.0,0.0,-0.005932959486135004,-0.005952800755976273,-0.019225874165393196,-0.019579048768567798,0.007786815227913024
2026-07-01,-0.0025593826344342263,-0.0025792239042754963,0.0020698204540861576,0.0020499791842448875,0.016854249305770154,0.016834408035928883,0.012017030511484117,0.011997189241642846,-0.015596392486090883,-0.015616233755932154,0.0020698204540861576,0.0020499791842448875,-0.0020686520085153037,-0.0020884932783565738,0.0,0.0,-0.006497957738482785,-0.0065177990083240545,0.0020698204540861576,0.0020499791842448875,-0.0006608798108630798,-0.0006807210807043496,0.0,0.0,-0.015943081444617913,-0.015962922714459184,0.024163358132317958,0.024143516862476688,-0.0013525036475483532
2026-07-02,-0.005963524995494128,-0.005983366265335397,0.014202399240447416,0.014182557970606146,0.009255840459063313,0.009235999189222042,0.012044431469403186,0.011691256866228582,-0.006767703626859713,-0.006787544896700983,0.014202399240447416,0.014182557970606146,0.0028845794850424385,0.0028647382152011684,0.0,0.0,-0.0008114361337209003,-0.0008312774035621701,-0.011031751311204374,-0.012051592581045644,-0.003512241452044861,-0.003532082721886131,-0.02523415055165179,-0.026253991821493062,-0.015374256267887132,-0.015394097537728402,0.010052758174266652,0.009032916904425382,-0.0013140507435593918
2026-07-06,-0.007513341528404504,-0.0075331827982457735,-4.190175444784838e-05,-6.174302428911822e-05,0.0043646759870833544,0.004344834717242085,-0.01177431306611069,-0.01179415433595196,-0.006410385424080578,-0.006430226693921848,-4.190175444784838e-05,-6.174302428911822e-05,0.014479484211099302,0.014459642941258032,0.0,0.0,0.011873989815554552,0.011854148545713282,0.02569612710155811,0.025676285831716838,0.01113616801977705,0.01111632674993578,0.025738028856005957,0.025718187586164686,-0.0062153118278526764,-0.006235153097693946,0.010751440295682091,0.01073159902584082,0.008727392224116226
2026-07-07,0.016307815629322552,0.016287974359481282,0.005195497438341412,0.0051756561685001425,0.009401445610666626,0.009381604340825356,-0.0022561491330819567,-0.0022759904029232268,0.002173020826839067,0.002153179556997797,0.005195497438341412,0.0051756561685001425,-0.0018214059739362519,-0.0018412472437775217,0.0,0.0,-0.002670650374615302,-0.002690491644456572,0.0034431449950877435,0.0034233037252464735,0.001459537862477278,0.0014396965926360083,-0.0017523524432536686,-0.0017721937130949384,0.005324561973150177,0.005304720703308907,-0.0015349152424760648,-0.0015547565123173346,-0.004751890339538711
2026-07-08,0.007460259853562401,0.007440418583721131,0.0022268384977479627,0.0012069972279066929,-0.0010252636648146471,-0.001045104934655917,-0.004460712973464213,-0.004480554243305483,0.0032854443754772415,0.0032656031056359715,0.0022268384977479627,0.0012069972279066929,-0.0006092253067591421,-0.0006290665766004119,0.0,0.0,0.007847271975329518,0.007827430705488247,0.0021321456286450546,0.0021123043588037846,0.004885645209216205,0.004865803939374936,0.004363670011429732,0.003843828741588462,0.0023791651136769072,0.002359323843835637,-0.0028648753678877648,-0.003384716637729035,-0.0030894091522385425
2026-07-09,0.00044866525419762194,0.0004288239843563521,0.02834200388211816,0.02832216261227689,0.002656594868395612,0.002636753598554342,-0.001325099681023012,-0.0013449409508642818,-0.004826460286351985,-0.0048463015561932546,0.02834200388211816,0.02832216261227689,0.0034229216240974194,0.0034030803542561493,0.0,0.0,-0.003351342209915598,-0.003371183479756868,0.019709417394687456,0.019689576124846186,-0.001983039106620255,-0.002002880376461525,0.015346236124724022,0.015326394854882752,0.0016847717320927378,0.001664930462251468,0.013234740995023881,0.01321489972518261,0.008465256756416295
2026-07-10,-0.013353102188531817,-0.013372943458373088,-0.0011693719253790258,-0.0011892131952202956,0.005687693747462008,0.005667852477620738,0.02111623665471285,0.02009639538487158,-0.015486314232088993,-0.015506155501930264,-0.0011693719253790258,-0.0011892131952202956,-0.00545857180897138,-0.00547841307881265,0.0077919359874489835,0.006772094717607714,-0.006561890229596035,-0.006581731499437304,-0.04565896755246912,-0.04567880882231039,-0.008874360884444054,-0.008894202154285324,-0.010611998267038847,-0.010631839536880117,-0.007911506192030028,-0.007931347461871298,0.003424889063161296,0.003405047793320026,0.004310118179872147
2026-07-13,-0.0014106956655603907,-0.0014305369354016605,-0.01644655635483011,-0.01646639762467138,-0.0063134448026918475,-0.006333286072533117,-0.038813247617591265,-0.03883308888743253,-0.009333130445576066,-0.009352971715417336,-0.01644655635483011,-0.01646639762467138,-0.001644931765444546,-0.0016647730352858158,-0.015735913664667645,-0.015755754934508915,-0.000509430557717727,-0.0005292718275589968,-0.003020958439682586,-0.003040799709523856,-0.005921225775895367,-0.005941067045736636,-0.000620854226373091,-0.0006406954962143608,-0.015332806407224153,-0.015352647677065423,0.006702292144451338,0.006682450874610069,-0.007656140611366324
2026-07-14,-0.008460778679896863,-0.008480619949738134,-0.029642244998934086,-0.030662086268775358,0.004688793820186532,0.004668952550345262,0.0013844585249388475,0.0008646172550975776,-0.008878077075103753,-0.008897918344945023,-0.029642244998934086,-0.030662086268775358,0.01967774779557957,0.0196579065257383,0.02550172624519631,0.02548188497535504,0.012758773070290864,0.012738931800449594,-0.022059456684603185,-0.023079297954444456,0.005802836725321624,0.005782995455480355,0.020325873563092012,0.02030603229325074,0.00409040613773517,0.0040705648678939005,-0.003644087790305856,-0.0036639290601471262,0.0035506379166867497
2026-07-15,0.001750861072747234,0.0017310198029059642,0.014515160518842829,0.012995319249001559,0.0029043741092964924,0.0028845328394552223,-0.0026012424176689772,-0.0034544170208435803,-0.003622916518808961,-0.003642757788650231,-0.000397601521768598,-0.0004174427916098678,-0.00015814048325618613,-0.00017798175309745597,0.016370446396238414,0.015350605126397144,0.004524279848967516,0.0045044385791262465,0.014870892664868665,0.013517718061694063,0.00582606277988631,0.00580622151004504,0.01495478774361847,0.0139349464737772,-0.002573305258433978,-0.002593146528275248,0.007962183942513329,0.0071923426726720596,0.003963630921285599
2026-07-16,-0.0035318664349638824,-0.0035517077048051525,-0.03961117730392486,-0.03996435190709947,-0.0033514594069670722,-0.0033713006768083423,0.016884702394415863,0.016614861124574592,-0.00983620012072657,-0.00985604139056784,-0.030169828398448395,-0.031189669668289666,-0.005859264309809409,-0.005879105579650679,-0.052846291397420475,-0.05336613266726174,-0.017732875937385716,-0.017752717207226987,-0.06261885148889317,-0.06263869275873443,-0.016027899688954926,-0.016047740958796197,-0.05673219925955949,-0.057085373862734094,-0.011915262669286763,-0.011935103939128033,-0.028771938474212,-0.02879177974405327,-0.005418616825605738
2026-07-17,0.00519328912143816,0.0051734478515968905,0.001194315224867848,0.0009244739550265781,-0.012783742445909109,-0.01280358371575038,0.01360905398147875,0.013255879378304147,0.002028004330814948,0.002008163060973678,0.00894801710116111,0.00842817583131984,-0.009883574134145413,-0.009903415403986683,0.008207149602458608,0.008187308332617337,-0.007227291745897346,-0.0072471330157386155,-0.006499124906666395,-0.007018966176507665,-0.0036790861986769627,-0.0036989274685182327,0.001494186401273745,0.001474345131432475,-0.003233800237709739,-0.003253641507551009,-0.00018327080464705658,-0.00020311207448832643,-0.009897199757215702
2026-07-20,-0.006918960273439712,-0.0069388015432809815,-0.007476861034920956,-0.007496702304762226,-0.007456526883113146,-0.007476368152954415,-0.0015364918747325217,-0.0016991902874309345,-0.010386584056168479,-0.010406425326009749,-0.00930441987128311,-0.00932426114112438,0.008438392267047047,0.008418550997205777,-0.005410485753023331,-0.0054303270228646,0.011828175596998457,0.011808334327157187,-0.0013512901462172464,-0.0013711314160585162,0.0032397176179242764,0.0032198763480830064,-0.008055386083988758,-0.008075227353830029,-0.007474529341049773,-0.007494370610891043,0.004815866357307361,0.0044626917541327575,-0.0016143534967409945
2026-07-21,0.003795615294024635,0.003775774024183365,0.008616012410481544,0.008596171140640273,-0.008670054193491539,-0.00868989546333281,-8.439137551538925e-05,-0.00010423264535665909,0.0023964205654086745,0.0023765792955674045,0.010416401175703305,0.010396559905862034,0.0016286410774770665,0.0016087998076357967,0.022958228921281076,0.022938387651439806,0.00762340341373715,0.007603562143895881,0.008627364008874927,0.008607522739033657,0.0009014522782404555,0.0008816110083991857,0.01889156018836441,0.01887171891852314,0.007405217136563236,0.007385375866721966,0.004966082923923393,0.004946241654082123,0.008341327043244195
2026-07-22,-0.00871481325330594,-0.008734654523147211,0.011450270336647667,0.011430429066806396,-0.009150182798537698,-0.009170024068378968,-0.017531659657456764,-0.017551500927298035,-0.0027186024929031216,-0.0027384437627443916,0.015173583879119157,0.015153742609277886,0.002925823874601152,0.002905982604759882,0.0033042174196831198,0.0032843761498418497,-0.007517410028158854,-0.007537251298000124,0.023440755688723725,0.023420914418882454,-0.012231228949286653,-0.012251070219127923,0.02111242257647226,0.02109258130663099,-0.0048894330579237755,-0.004909274327765045,0.007579939991844522,0.007560098722003253,-0.001162766737217713
2026-07-23,-0.010179840588951628,-0.010199681858792898,-0.014675692499945353,-0.014695533769786624,-0.015895259370638362,-0.015915100640479633,0.0021332570240255675,0.0021134157541842975,-0.005295602611116912,-0.005315443880958182,-0.01615599652089561,-0.01617583779073688,-0.005729760505398817,-0.0057496017752400866,-0.005195796332152225,-0.0052156376019934945,0.0013228541681883366,0.0013030128983470668,0.01608748234648638,0.01606764107664511,-0.010946310629122403,-0.010966151898963673,0.0030289221500196346,0.0030090808801783646,-0.015363863595669226,-0.015383704865510496,0.010691278003530582,0.010671436733689312,-0.012349253784127878
2026-07-24,-0.01458065504087751,-0.01460049631071878,-0.0005443387501104617,-0.0007641800199517316,0.0055988712898888075,0.005579030020047538,0.012830226444534909,0.01231038517469364,0.0035370972730453974,0.0035172560032041274,0.00180675108773376,0.001453576484559157,-9.693143509500492e-05,-0.00011677270493627476,-0.0065178953233219206,-0.007037736593163191,-0.023454855321371672,-0.023474696591212943,0.00278143734143561,0.0023615960715943404,-0.015179885109145051,-0.015199726378986322,-0.006579892096915618,-0.006849733366756888,-0.010467243143230854,-0.010487084413072124,-0.013916463191721054,-0.014650590175848039,0.0010159657563921787
2026-07-27,0.004968169753811969,0.0049483284839706996,0.014818619638949272,0.014354333924663558,0.004366741760065262,0.004346900490223992,-0.0075997133152393955,-0.007762411727937808,0.00994066375530146,0.009920822485460189,0.018723336431457693,0.01830349516161642,-0.004655191519027358,-0.0046750327888686275,-0.010200852705088748,-0.010887360641596684,0.0013708656565661113,0.0013510243867248415,0.0015353280747118364,0.0011404868048705665,0.003971703396346993,0.003951862126505723,0.006538048386516615,0.006407096005564234,-4.438993990904007e-05,-6.423120975030991e-05,-0.00018471646030021236,-0.0005045577301414822,0.00021661654234961247
2026-07-28,0.017253278501001456,0.017233437231160185,-0.024595475236237705,-0.024615316506078976,0.003219247993696616,0.003199406723855346,0.000616364388199263,0.0005965231183579932,0.016369092271685315,0.016349251001844044,-0.01368898764630302,-0.01370882891614429,0.001012342878668793,0.0009925016088275231,-0.02467871288103533,-0.0246985541508766,-0.010185626871214225,-0.010205468141055496,-0.027754305921996666,-0.027774147191837937,0.007738031340862062,0.007718190071020792,-0.02202687283320823,-0.0220467141030495,-0.0033921567703146032,-0.0034119980401558733,-0.03548313010891989,-0.035502971378761156,0.0023947666975516757
2026-07-29,0.00824592672132678,0.00822608545148551,-0.015315519163024153,-0.01564305274055773,0.0026471600745054053,0.0026273188046641353,0.0003219252333506971,5.208396350942727e-05,-0.0032191553514779765,-0.0032389966213192465,-0.0074870226870520605,-0.007951308401337774,-0.01134915783875683,-0.0113689991085981,-0.0453388680440892,-0.04560870931393047,-0.006429674265908625,-0.006449515535749894,-0.009949270895069764,-0.010302445498244368,-0.006120043138660446,-0.006139884408501716,-0.026271237944726238,-0.026291079214567508,-0.002417047258992766,-0.002436888528834036,-0.029259759044491553,-0.029612933647666154,-0.015387445003102407
2026-07-30,-0.004455012112476131,-0.004474853382317401,0.025310488308073645,0.024790647038232375,-0.02500433798001214,-0.02502417924985341,-0.00033931172798943535,-0.00035915299783070517,-0.006504489942912017,-0.006524331212753287,0.012401174182270245,0.011881332912428976,0.0035505062983882114,0.0035306650285469414,0.06375203177612652,0.06353219050628525,0.03559722145831005,0.03557738018846878,0.03031645142300146,0.03029661015316019,0.016968646462848194,0.016948805193006924,0.033885037985815256,0.03386519671597399,-0.00038045415369548636,-0.0004002954235367562,0.035840747159167366,0.0358209058893261,0.01676574369337569
2026-07-31,0.0011065416079334201,0.0010867003380921503,-0.006568792415552595,-0.00699339559015577,-0.0010539463232050017,-0.0010737875930462715,0.0004485329854997345,6.202504899179798e-05,-0.004646318483244649,-0.004666159753085919,-0.0069762039254575945,-0.007429378528632197,-0.002051588212424604,-0.002071429482265874,-0.00855661983983027,-0.008862175395385825,0.003314536075634822,0.003294694805793552,0.022309253489044122,0.021589412219202853,0.003977730909860943,0.003957889640019674,0.036434767770011645,0.03523310831835219,-0.0023385732757827847,-0.0023584145456240547,0.004016252996684186,0.0033297450601762497,0.007199869193782904
2026-08-03,-0.007486248513906556,-0.007506089783747826,0.002737475055755033,0.002467633785913763,0.004631047008131595,0.004611205738290326,0.010109175458028941,0.009946477045330528,-0.003572433843126677,-0.003592275112967947,0.0031644752070519085,0.0028946339372106387,-0.011998081170989062,-0.012017922440830333,-0.00045178228833711587,-0.0008466235581783857,-0.0074992887567695175,-0.007519130026610787,0.005975973830668215,0.005456132560826945,-0.0027584289426205826,-0.0027782702124618526,0.033791194369398675,0.03368801976622407,0.0002608093151063133,0.00024096804526504346,-0.017962749116502398,-0.01837544752920081,0.014242990614400597
2026-08-04,-0.01053888439296282,-0.01055872566280409,0.01168319086022591,0.011663349590384639,-0.012289218566890803,-0.012309059836732073,-0.008670836680292877,-0.008690677950134148,-0.0018938557775922682,-0.001913697047433538,0.0034640776678165116,0.0034442363979752416,0.0019337916728777507,0.001913950403036481,0.02122067301251014,0.02120083174266887,0.006883663053241274,0.006863821783400005,0.02132847915049112,0.02130863788064985,0.001136593254333084,0.0011167519844918143,0.01770234171095434,0.01768250044111307,0.007978076549777648,0.007958235279936377,0.026527478034910717,0.026507636765069446,0.01802895214665101
2026-08-05,0.0096777181447385,0.00965787687489723,-0.0025994786849436813,-0.0031193199547849514,0.014136618272050561,0.01411677700220929,0.0007923268471241888,0.000647485577282919,0.002307722575549287,0.002287881305708017,-0.0031558620291019246,-0.0036757032989431946,0.007237535848243592,0.007217694578402323,0.002540775507923122,0.002209823126970741,0.0016160909685402627,0.0015962496986989929,-0.014082868684012846,-0.014429633030777194,0.007752438356065361,0.007732597086224091,0.0009706046662712252,0.0008738403195068784,-0.003658449881954751,-0.003678291151796021,0.0023396612047031622,0.0016531532681952257,-0.0019965624761277834
2026-08-06,0.004786735893748461,0.004766894623907191,-0.005421569435540122,-0.005508077372048059,-0.005352126044974958,-0.005371967314816228,0.004238085069104969,0.004051577132597033,0.005686648576741804,0.005666807306900535,-0.005427073679782635,-0.0054469149496239044,-0.005908880556515272,-0.005928721826356542,-0.01362668120622183,-0.0136465224760631,0.003103331108746343,0.003083489838905073,-0.0009228919002576275,-0.0010141617415274687,-0.0009146937132099909,-0.0009345349830512607,-0.0038715395460037537,-0.0039628093872735946,0.002475286512284658,0.002455445242443388,-0.004074204965316826,-0.004260712901824762,-0.0015978064697251826
2026-08-07,0.0017654131150398496,0.0017455718451985798,0.004104315570853275,0.0040844743010120055,-0.005265466564281496,-0.005285307834122766,-0.003970239544659031,-0.0043234141478336345,-0.000741198574087598,-0.0007610398439288678,0.005029723085000793,0.005009881815159523,-0.0012407356658435623,-0.0012605769356848321,0.005748408463896465,0.005603567194055195,0.0006266962860568938,0.000606855016215624,0.00023153292574547486,0.00021169165590420502,-0.003041513552612507,-0.003061354822453777,-0.005076558202503039,-0.005096399472344308,0.0015774482424877768,0.001557606972646507,0.005430463388376411,0.005348122118535141,0.0061153280785064545
2026-08-10,-0.005994883418113172,-0.006014724687954442,-0.009218313617545059,-0.00923815488738633,0.0014265418652332107,0.001406700595391941,0.0016764819053957745,0.0016566406355545047,-0.004595922522226092,-0.0046157637920673615,-0.01025882416383228,-0.010278665433673551,-0.01605222467169927,-0.01607206594154054,-0.0072918108620323744,-0.007311652131873644,-0.007033204283935335,-0.007053045553776604,-0.00420286560803111,-0.0042227068778723795,-0.01136771484137591,-0.01138755611121718,0.005383971977575833,0.005364130707734564,-0.013493838008651983,-0.013513679278493253,-0.006139832284298943,-0.006159673554140213,-0.0002974431285415191
2026-08-11,0.0014665273450302331,0.0014466860751889633,-0.0006189719016000961,-0.0006388131714413659,-0.009677673154278666,-0.009697514424119936,0.00027048279995505863,0.0002506415301137888,0.005223410637904114,0.005203569368062844,-0.001099263381640503,-0.0011191046514817727,-0.0006246414842711271,-0.0006444827541123969,-0.0018400232233322681,-0.001859864493173538,0.00338218413381014,0.00336234286396887,-0.002869661897152887,-0.002889503166994157,-0.0010332317888884332,-0.001053073058729703,-7.771457482389334e-05,-9.755584466516318e-05,0.009429731629070992,0.009409890359229721,0.0044556107428537425,0.004435769473012473,-0.003195199981383512
2026-08-12,0.015766759097463834,0.015746917827622563,0.012892445948142076,0.012718758524454652,-0.0015141996092977285,-0.0015340408791389983,-0.013149415940500942,-0.013512114353199356,0.010077214927423894,0.010057373657582623,0.010882357583229234,0.010862516313387964,0.005292632229585925,0.0052727909597446556,0.01656335155159991,0.016293510281758638,0.015127963324411898,0.015108122054570627,0.003424863853229553,0.0031322953106610106,0.011044081461864497,0.011024240192023227,0.0019470387751486127,0.001527197505307343,0.004310686722227131,0.004290845452385861,0.007459232990335931,0.007296534577637518,0.0025046088948632583
2026-08-13,0.015015428347329572,0.014995587077488302,-0.008114259018876746,-0.00821743362205135,0.004195046691553794,0.004175205421712525,0.0073827993169850005,0.007196291380477064,0.007299385331272057,0.007279544061430787,-0.00929944700008705,-0.009430399381039432,-0.006355518384619974,-0.006375359654461244,-0.002399555978863316,-0.0027527305820379193,0.00678843462486769,0.00676859335502642,0.00773922233542949,0.007719381065588221,0.003306058994268146,0.003286217724426876,-0.006760128046087013,-0.007029969315928283,0.019733607029618606,0.019713765759777336,-0.013476319409402943,-0.013496160679244213,0.006977515074108265
2026-08-14,-0.008418552153419611,-0.008438393423260882,-0.001161046154950903,-0.0013475540914588396,-0.0015226042201389014,-0.0015424454899801712,0.006218218703495754,0.005698377433654484,-0.005016282774394964,-0.005036124044236234,0.004003612414341495,0.0038587711445002256,0.0030939787559537747,0.0030741374861125046,-0.008020882114002101,-0.008040723383843372,-0.0006984786329374381,-0.0007183199027787079,-0.006728108321709114,-0.0071646162582170506,-0.005440539137616951,-0.005460380407458221,-0.0008894979065557796,-0.0010204502875081605,-0.006968981592110679,-0.006988822861951949,0.008812423310703935,0.008792582040862664,-0.0019797506799419384
2026-08-17,0.0024294515015705013,0.0024096102317292313,0.0029700011523522045,0.0029501598825109345,-0.00740867848503558,-0.00742851975487685,-0.008049766784498522,-0.008402941387673125,-0.0009444142132901566,-0.0009642554831314264,-0.0035849682841204433,-0.0036048095539617134,0.006761858603256832,0.006742017333415562,0.024821672298387353,0.024801831028546082,0.0035928772889847753,0.0035730360191435053,0.010389543296814371,0.0103697020269731,0.0023475024985398995,0.0023276612286986294,0.00084348458468665,0.0008236433148453802,0.00499772299561445,0.00497788172577318,0.0016349619260453278,0.0014151206562040579,-0.004727362317670902
2026-08-18,0.004038844130764596,0.004019002860923326,0.002436458166442658,0.002416616896601388,0.012173649202717705,0.012153807932876435,-0.014319795557714395,-0.014339636827555666,-0.0015389594573128051,-0.001558800727154075,0.007082632854600923,0.007062791584759654,-0.008487011543501677,-0.008506852813342947,-0.03562273799683555,-0.03564257926667682,-0.0013684098190493883,-0.0013882510888906581,-0.007768543830870334,-0.007788385100711603,0.001123301792123621,0.0011034605222823512,0.007629830075953636,0.007609988806112367,-0.014596066669446517,-0.014615907939287787,0.012723182471641956,0.012703341201800685,-0.00675574496080833
2026-08-19,0.016408065570673147,0.016388224300831877,-0.038028440539686376,-0.03804828180952764,0.007567514680247144,0.007547673410405875,0.004427680643006293,0.004407839373165023,0.008905745092475338,0.008885903822634067,-0.035440986903476426,-0.03546082817331769,-0.011160184843930342,-0.011180026113771613,-0.03660751645113575,-0.03673846883208814,-0.021055532084619542,-0.021075373354460813,-0.013202576838774505,-0.013222418108615776,-0.007894729808259737,-0.007914571078101007,-0.0021702257862544266,-0.0021900670560956966,0.01139889308937795,0.01137905181953668,-0.02946822400505424,-0.02948806527489551,0.0020977847370853286
2026-08-20,-0.014412767431955565,-0.014432608701796835,0.00038611739744318953,0.0003662761276019197,-0.021630466182222374,-0.021650307452063644,-0.0014482844481123356,-0.0014681257179536055,-0.00960950595601211,-0.009629347225853381,0.001507833224361918,0.0014879919545206482,0.010217341031829565,0.010197499761988294,-0.0015083853376004971,-0.001528226607441767,-0.017941811543613007,-0.017961652813454278,-0.01045664491047667,-0.010476486180317941,-0.011596985011057714,-0.011616826280898985,-0.006790042609182725,-0.006809883879023994,-0.01092517274499305,-0.01094501401483432,0.011918862117468034,0.011899020847626764,-0.008399827926766523
2026-08-21,0.00022530129104629884,0.000205460021205029,-0.010725931688395529,-0.010912439624903465,0.004940138192144795,0.0049202969223035254,-0.009236124950829261,-0.00975596622067053,0.004288554687063096,0.004268713417221826,-0.007115907203311414,-0.007385748473152684,0.0003594007979205952,0.0003395595280793254,-0.014129815798183721,-0.014274657068024992,-0.014098500553011296,-0.014118341822852567,0.001650951420791913,0.001431110150950643,-0.006635769948526471,-0.00665561121836774,0.007316391117703103,0.007010835562147547,-0.005103954268169418,-0.005123795538010688,-0.006157911436805566,-0.006677752706646836,0.004091229991858514
2026-08-24,-0.004105947356609097,-0.004125788626450366,0.0021183400099297617,0.0015984987400884919,0.006777069640580969,0.006757228370739699,0.016462494658976035,0.016109320055801433,-0.0023921618614447418,-0.002412003131286012,0.006481839182555441,0.006128664579380837,-0.0009460281530900506,-0.0009658694229313204,-0.010842557432474784,-0.011505255845173198,-0.006538272722955918,-0.006558113992797187,0.0006381815367277783,0.0001897688383150799,-0.00491782145705495,-0.004937662726896219,-0.00022472769029248862,-0.0004112356268004251,-0.0015948938820437688,-0.0016147351518850386,0.0034803744459901025,0.0031271998428154995,-0.0029384361156037375
2026-08-25,0.010629267218500682,0.010609425948659412,-0.013404892785892478,-0.013424734055733748,0.0050657239227191115,0.005045882652877842,0.00027670616516807,0.0002568648953268002,0.0026013698978883835,0.0025815286280471135,-0.01286526592882232,-0.01288510719866359,0.0011038237644332648,0.001083982494591995,-0.009699519497308398,-0.009719360767149668,0.0035267022412490356,0.0035068609714077655,0.005011566654613083,0.004991725384771813,0.005399719234313705,0.005379877964472435,-0.004997471159374896,-0.0050173124292161655,0.015522132336958195,0.015502291067116925,-0.012585784597243214,-0.012605625867084485,0.003195939766817757
2026-08-26,-0.0048639378247951615,-0.004883779094636431,0.003919688329008714,0.002899847059167444,-0.014676788210870251,-0.014696629480711522,0.000721433241472595,0.0003682586382979918,-9.262298659369335e-05,-0.00011246425643496319,0.014060401187858507,0.012040559918017236,0.0015407367489759683,0.0015208954791346985,0.006154607296717167,0.005968099360209231,0.005194191125115299,0.0051743498552740295,0.005989273239544298,0.005469431969703028,-0.003988080785777736,-0.004007922055619006,0.005651621695798988,0.005631780425957718,0.00045736909387896765,0.00043752782403769783,0.0012696325120542381,0.0007497912422129683,0.00022200767959623668
2026-08-27,0.00335081995794575,0.00333097868810448,0.006493124351417735,0.006139949748243131,0.0016814675539464031,0.0016616262841051333,-0.008899106049695129,-0.008918947319536399,-0.004580407233834738,-0.0046002485036760075,0.00282644313193749,0.002473268528762887,0.00628127992862727,0.006261438658786001,-0.0020643876792110546,-0.0022842289490523243,0.01548345209238907,0.0154636108225478,0.010434847820606281,0.010415006550765011,0.008723705449226593,0.008703864179385323,-0.00809998164817046,-0.00811982291801173,-0.005288234599386587,-0.005308075869227857,0.0018250746019791379,0.001805233332137868,0.006552844629756693
2026-08-28,-0.009321270404185233,-0.009341111674026504,0.0036236824489013593,0.002770507845726756,0.00399898489135736,0.00397914362151609,0.0017828660016584175,0.0010130247318171476,-0.003998736027019822,-0.004018577296861092,0.013632378505412213,0.012112537235570943,-0.006867722931795738,-0.006887564201637008,0.019674172267544948,0.018904330997703677,-0.007401803276907837,-0.007421644546749107,-0.019954013623883177,-0.02047385489372445,-0.0069433714786913845,-0.006963212748532654,-0.011938022502249446,-0.012557863772090717,-0.005725512272804345,-0.005745353542645615,0.0030525927490535343,0.0027827514792122645,-0.0022694869107554583
2026-08-31,-0.009871146858438363,-0.009890988128279633,0.006356686410703971,0.0053368451408627015,-0.005289618863776402,-0.005309460133617672,0.008270490146505235,0.007917315543330632,-0.005975337467979381,-0.00599517873782065,0.02124367836763008,0.02022383709778881,-0.006806325987968965,-0.006826167257810234,-0.004714821937640464,-0.006067996540815067,-0.003334371899513744,-0.003354213169355014,0.005820689832411768,0.004300848562570498,-0.014941575588443034,-0.014961416858284305,0.003300876835643146,0.0030310355658018763,-0.006555732161706452,-0.0065755734315477215,0.030198200820099535,0.029345026216924933,-0.002989548034258882
2026-09-01,0.012607605637960161,0.01258776436811889,-0.012195213109133149,-0.012215054378974419,-0.009821078695148555,-0.009840919964989826,-0.017808170415282893,-0.017828011685124164,0.005201011018704127,0.005181169748862857,-0.004199989150927008,-0.004219830420768278,0.005720689939782364,0.0057008486699410945,-0.014459538352987114,-0.014479379622828385,0.013514207753700358,0.013494366483859087,-0.008333927025990506,-0.008353768295831777,0.006641342392161476,0.006621501122320206,-0.003641890462687092,-0.003661731732528362,0.006111330617162602,0.0060914893473213326,0.020330204529816875,0.020310363259975605,-0.006870413937474118
2026-09-02,-0.0035916288592143355,-0.006011470129055606,-0.00472945960629545,-0.004749300876136719,0.010614662683321795,0.008994821413480526,0.013087381541772247,0.012567540271930978,-0.010412795644191397,-0.013432636914032667,-0.002831948794970174,-0.002851790064811444,-0.00033192992319927,-0.0033517711930405405,-0.009620344712459428,-0.010140185982300697,-0.0031356275605032733,-0.004955468830344543,0.00542048200244194,0.005067307399267336,-0.006517407823822907,-0.008937249093664177,0.00542048200244194,0.005067307399267336,-0.0076746608274543375,-0.011294502097295609,0.013927909471610045,0.011574734868435441,0.004436916429827686
2026-09-03,0.010719671265241737,0.010699829995400466,-0.00336982997107671,-0.00388967124091798,0.01360195998595839,0.01358211871611712,0.030769756336392118,0.029749915066550846,0.008393044555285155,0.008373203285443885,0.011494084758847611,0.011474243489006341,0.008260623209134432,0.008240781939293161,-0.001521773013305805,-0.0015416142831470748,0.017736700913429593,0.017716859643588323,-0.005349717446284652,-0.005869558716125922,0.008071002190546328,0.008051160920705057,-0.005349717446284652,-0.005869558716125922,-0.001134276428659554,-0.0011541176985008239,-0.00863343676677423,-0.008653278036615501,0.010468417941536634
2026-09-04,-0.00638661037856244,-0.00640645164840371,0.0006673783391536459,0.000647537069312376,-0.0008294056419148928,-0.0008492469117561627,0.0021316186647325486,0.0021117773948912785,-0.0006984961350134829,-0.0007183374048547527,-0.007951696543767595,-0.007971537813608865,0.00938861581684578,0.00936877454700451,-0.012719055667236079,-0.01273889693707735,0.00564046271311569,0.005620621443274421,0.010750693547653789,0.010730852277812519,0.006693422754089373,0.006673581484248103,0.010750693547653789,0.010730852277812519,0.0023165446316911423,0.0022967033618498723,-0.0026822932787707865,-0.0032021345486120565,-0.0038542322600894074
2026-09-08,0.0035723765795561023,0.0035525353097148322,0.00026803016253101886,0.00024818889268974904,-0.0013143362645642977,-0.0013341775344055675,-0.00964410964232515,-0.00966395091216642,0.004652298055176429,0.00463245678533516,-0.004681391576799698,-0.004701232846640968,0.010913879088454138,0.010894037818612867,0.01600410193976659,0.01598426066992532,0.007325044159525174,0.007305202889683904,-0.004694687902994432,-0.004714529172835702,0.0016375945373243057,0.001617753267483036,-0.004694687902994432,-0.004714529172835702,0.018334514745928388,0.018314673476087118,-0.008822803567755666,-0.008842644837596936,-0.005492178930014524
2026-09-09,-0.011688056200586418,-0.011707897470427688,0.004801264381080916,0.004781423111239647,-0.0036974632784823715,-0.0037173045483236415,-0.000952499532131057,-0.0009723408019723268,-0.012742485995503917,-0.012762327265345187,0.002573212829926952,0.002553371560085682,-0.002338194954937178,-0.002358036224778448,0.005095355407091995,0.005075514137250725,-0.0005573105607242553,-0.0005771518305655251,0.0012755520190229075,0.0012557107491816377,-0.003710329994933515,-0.003730171264774785,0.0012755520190229075,0.0012557107491816377,-0.005953417122597338,-0.005973258392438607,0.001025022722946689,0.0010051814531054192,-0.004647717444469568
2026-09-10,-0.0007860824395490183,-0.0008059237093902881,-0.0035707083014056007,-0.0035905495712468707,-0.009389001238534977,-0.009408842508376248,-0.0058021313686670295,-0.005821972638508299,-0.00838158725384912,-0.00840142852369039,0.005049378487252065,0.005029537217410796,-0.003420216710121638,-0.003440057979962908,0.01299598905539373,0.01297614778555246,-0.01396809086098043,-0.0139879321308217,-0.014422218157324695,-0.014442059427165966,0.004183466282778936,0.004163625012937666,-0.014422218157324695,-0.014442059427165966,-0.0094131844862392,-0.00943302575608047,0.006060810083421464,0.006040968813580194,-0.005994275703456675
2026-09-11,-0.0022982443887142657,-0.0023180856585555357,0.02001701481446916,0.019997173544627888,-0.0012908597449836964,-0.0013107010148249662,-0.0019693948624447954,-0.0019892361322860655,-0.006827855727154342,-0.006847696996995611,0.004906116810521777,0.004886275540680507,0.0030652188640804545,0.0030453775942391845,0.0036959099477389956,0.0036760686778977256,9.504970531206683e-05,7.520843547079698e-05,0.013141503141502586,0.013121661871661316,0.0030451386233292348,0.0030252973534879647,0.013141503141502586,0.013121661871661316,0.0009075775838073164,0.0008877363139660466,-0.003431655130737621,-0.003451496400578891,0.008524301461116268
2026-09-14,0.0025057918878940363,0.0024859506180527663,0.02247378860100313,0.02145394733116186,-0.006914964140632151,-0.0069348054104734205,-0.003321840544188104,-0.003341681814029374,0.006321828393703932,0.0063019871238626625,0.02247378860100313,0.02245394733116186,-0.028935796472850796,-0.028955637742692067,0.008878395648098725,0.008858554378257454,-0.021712478533910496,-0.021732319803751766,-0.02911746968937934,-0.03013731095922061,-0.015502053038932373,-0.015521894308773643,-0.02911746968937934,-0.03013731095922061,-0.0014215813330574756,-0.0014414226028987454,0.01770010089230456,0.01768025962246329,-0.004461653484890693
2026-09-15,-0.007283001345705508,-0.007302842615546778,-0.004489205388312101,-0.00450904665815337,-0.008276788456573436,-0.008296629726414706,0.0029165954116479598,0.0028967541418066897,-0.0063710577721036495,-0.006390899041944919,-0.004489205388312101,-0.00450904665815337,0.0016503856156148025,0.0016305443457735327,0.0012146189464876112,0.0011947776766463413,-0.01231071897209286,-0.01233056024193413,0.01032239621160802,0.01030255494176675,0.0027650718634611663,0.0027452305936198963,0.01032239621160802,0.01030255494176675,0.003418685270738575,0.003398844000897305,0.0019417639334149972,0.0019219226635737274,-0.004586752409134642
2026-09-16,-0.001475307544344306,-0.001495148814185576,-0.0010485001043546438,-0.0010683413741959136,0.005041978077189167,0.005022136807347898,0.005757599608296415,0.005737758338455146,-0.0016242423582851434,-0.0016440836281264133,-0.0010485001043546438,-0.0010683413741959136,-0.0011580733607150949,-0.0011779146305563647,-0.003560101318714426,-0.003579942588555696,0.018530156585915013,0.018510315316073743,0.012563699320947475,0.012543858051106204,-0.004254604059795865,-0.004274445329637134,0.012563699320947475,0.012543858051106204,-0.005859438858802623,-0.005879280128643893,-0.008969290119484274,-0.008989131389325545,-0.0044098804847823025
2026-09-17,-0.00030284836081496697,-0.0003226896306562368,-0.017943396352210317,-0.017963237622051587,0.004505551903446037,0.004485710633604767,-0.0019248464254499331,-0.001944687695291203,0.0003488235020623568,0.000328982232221087,-0.017943396352210317,-0.017963237622051587,0.011410265539051445,0.011390424269210175,-0.01409370350131045,-0.01511354477115172,0.011712300182837145,0.011692458912995874,0.01409370350131045,0.01407386223146918,0.00502363153577844,0.00500379026593717,0.01409370350131045,0.01407386223146918,0.001337548756661422,0.0013177074868201521,-0.0025717861911907502,-0.0025916274610320203,0.011338753705953053
2026-09-18,0.0036123527178738013,0.0035925114480325313,-0.001848786546912784,-0.0018686278167540538,-0.0032128189128572734,-0.0032326601826985434,0.005111273692928964,0.005091432423087694,0.0005111546698716605,0.0004913134000303907,-0.001848786546912784,-0.0018686278167540538,0.008248737871126533,0.008228896601285262,-0.012071333932770711,-0.012091175202611982,0.0004456442489905177,0.0004258029791492479,0.012071333932770711,0.012051492662929441,0.009076807328765446,0.009056966058924176,0.012071333932770711,0.012051492662929441,0.004848027780545616,0.004828186510704347,-0.0027638623132768547,-0.0027837035831181248,0.0012869590529585029
2026-09-21,-0.014846019602284564,-0.014865860872125835,,,0.015110857162223011,0.01509101589238174,0.007485067226141728,0.006465225956300459,-0.022101018072792723,-0.022120859342633994,,,0.005491896730651036,0.005472055460809766,-0.007485067226141728,-0.007504908495982998,0.029839866626733477,0.029820025356892207,0.007485067226141728,0.007465225956300459,-0.006541187935064063,-0.006561029204905333,0.007485067226141728,0.007465225956300459,-0.010760206466454448,-0.010780047736295718,,,0.015504992215651825
2026-09-22,-0.01319534639432598,-0.01321518766416725,,,-0.001015626459061747,-0.001035467728903017,0.006707996604733868,0.006688155334892598,0.0010825190031072628,0.001062677733265993,,,-0.01085342181635187,-0.01087326308619314,-0.006707996604733868,-0.0067278378745751375,-0.01649309799825943,-0.016512939268100702,0.006707996604733868,0.006688155334892598,-0.02294234172544618,-0.02296218299528745,0.006707996604733868,0.006688155334892598,0.0007365201318514259,0.0007166788620101561,,,-0.00015513266604716414
2026-09-23,0.0029197416424197155,0.0028999003725784455,,,-0.01307675525095009,-0.01309659652079136,-0.007478665135509988,-0.007498506405351257,0.0010511457327184726,0.0010313044628772027,,,0.0011607225742604642,0.0011408813044191943,0.007478665135509988,0.007458823865668718,-0.006718462114207268,-0.006738303384048538,-0.007478665135509988,-0.007498506405351257,-0.00044818537774813337,-0.0004680266475894032,-0.007478665135509988,-0.007498506405351257,0.0007462588623190604,0.0007264175924777906,,,-0.007202161019229769
2026-09-24,-0.008114402256703868,-0.008134243526545138,,,-0.007939495957637321,-0.007959337227478592,-0.0033034314004304344,-0.0033232726702717044,-0.015116877114948458,-0.015136718384789728,,,-0.00387453465152241,-0.00389437592136368,0.0033034314004304344,0.0032835901305891643,0.0037397085816350596,0.0037198673117937895,-0.0033034314004304344,-0.0033232726702717044,-0.0013774037326191534,-0.0013972450024604232,-0.0033034314004304344,-0.0033232726702717044,-0.011173232355387941,-0.011193073625229212,,,-0.000820521854125067
2026-09-25,0.004238832535026249,0.004218991265184979,,,-0.00555195716540482,-0.005571798435246089,-0.003253593787332365,-0.003273435057173635,0.0034030966949825216,0.0033832554251412516,,,0.0009743430559355781,0.0009545017860943083,0.003253593787332365,0.003233752517491095,-9.010357818504131e-05,-0.00010994484802631115,-0.003253593787332365,-0.003273435057173635,0.01137574367515004,0.01135590240530877,-0.003253593787332365,-0.003273435057173635,0.0017160329827961562,0.0016961917129548864,,,0.005435468794763754
2026-09-28,-0.0027439049958674524,-0.0027637462657087225,,,-0.004034278736036245,-0.004054120005877514,,,0.00411676641509956,0.00409692514525829,,,-0.00783673888365497,-0.00785658015349624,,,-0.020359299601783697,-0.020379140871624967,,,-0.0032064524104678093,-0.0032262936803090793,,,-0.0023171810267920033,-0.0023370222966332733,,,-0.007441486246259066
2026-09-29,-0.0020400958664748893,-0.0020599371363161593,,,-0.0005154466676503876,-0.0005352879374916574,,,-0.002209489843495771,-0.002229331113337041,,,-0.0059135538635918476,-0.005933395133433117,,,0.008965964085011902,0.008946122815170631,,,-0.0049182704131011225,-0.004938111682942392,,,-0.00660132349484156,-0.00662116476468283,,,-0.0018416336927525867
2026-09-30,0.007061467342580241,0.007041626072738972,,,-0.005319944885388082,-0.005339786155229352,,,0.0034367302371887346,0.0034168889673474646,,,0.004162013965398781,0.004142172695557511,,,0.00906683590738303,0.00904699463754176,,,0.009304204781466052,0.009284363511624781,,,0.00667030995306389,0.0066504686832226205,,,-0.002054445562863161
2026-10-01,0.0034428173425905652,0.003422976072749295,,,-0.006498073880451571,-0.006517915150292841,,,0.003909240741444598,0.003889399471603328,,,0.00921825444435188,0.00919841317451061,,,0.0008535058095500592,0.0008336645397087894,,,0.006393413258673264,0.006373571988831994,,,0.006112624751929463,0.006092783482088193,,,0.0017832832997064507
2026-10-02,-0.002050865435272198,-0.002070706705113468,,,-0.002071736881076291,-0.002091578150917561,,,-0.005889007910601284,-0.005908849180442554,,,-0.0039046430771485733,-0.003924484346989843,,,0.003041300881494646,0.003021459611653376,,,0.009569598543017,0.00954975727317573,,,-0.0009324268551157533,-0.0009522681249570231,,,0.0073954168068735004
2026-10-05,-0.0008141241625254092,-0.000833965432366679,,,0.005226763307440441,0.005206922037599171,,,0.0017448574922051766,0.0017250162223639068,,,-0.002597182779597529,-0.002617024049438799,,,-0.0037714197006976868,-0.0037912609705389568,,,0.0032707232772816617,0.0032508820074403917,,,0.0018678123035305472,0.0018479710336892774,,,0.00674341554834168
2026-10-06,-0.0027576486471954428,-0.002777489917036713,,,-0.0019317120674192103,-0.0019515533372604801,,,-0.0016964817847917816,-0.0017163230546330514,,,-0.005781467993055922,-0.005801309262897192,,,-0.002401508344788128,-0.002421349614629398,,,-0.0007499903065638306,-0.0007698315764051004,,,-0.0125512403393783,-0.01257108160921957,,,0.005497992684414754
2026-10-07,-0.00279887681953882,-0.00281871808938009,,,-0.0011399764327000624,-0.0011598177025413322,,,-0.0030325326485835516,-0.0030523739184248216,,,-0.0042126158479870324,-0.004232457117828302,,,-0.00048270882337213446,-0.0005025500932134043,,,-0.002651882229752622,-0.002671723499593892,,,-0.00618908361690661,-0.006208924886747879,,,-0.0024003081645026514
2026-10-08,-0.007960240065962864,-0.007980081335804134,,,-0.004448562405009548,-0.004468403674850818,,,0.0023217620758739232,0.002301920806032653,,,-0.016972388398473162,-0.016992229668314433,,,-0.024745914218678312,-0.024765755488519583,,,-0.012640940874617711,-0.012660782144458982,,,0.011883000652664821,0.01186315938282355,,,-0.004233007580038639
2026-10-09,-0.0042537027034233454,-0.004273543973264615,,,0.002053502977877264,0.002033661708035994,,,0.012331859175721029,0.012312017905879758,,,-0.003155740937268281,-0.003175582207109551,,,0.0054221573609191,0.00540231609107783,,,0.006827054907488694,0.006807213637647425,,,-0.0023178350730541754,-0.0023376763428954454,,,0.005995393242733904
